timestamp,road_id,latitude,longitude,traffic_volume,average_speed,free_flow_speed,occupancy_rate,congestion_level,congestion_name,road_type,district
2025-09-17 00:56:15.549655,road_0000,51.14858964026895,71.43899067721357,257,45.0,45,24.145776314691883,0,FREE_FLOW,collector,City Center
2025-09-17 00:56:15.549655,road_0001,51.19558998501542,71.45756838173378,726,54.786582578551716,60,22.284282460730754,0,FREE_FLOW,arterial,City Center
2025-09-17 00:56:15.549655,road_0002,51.21222340415979,71.47718542988797,99,35.0,35,8.30707304809891,0,FREE_FLOW,local,Right Bank
2025-09-17 00:56:15.549655,road_0003,51.147142431523605,71.42424835420817,294,45.0,45,25.083867419641592,0,FREE_FLOW,collector,Left Bank
2025-09-17 00:56:15.549655,road_0004,51.194896034828155,71.42672451599276,209,41.36875565409942,45,20.941702261395122,0,FREE_FLOW,collector,City Center
2025-09-17 00:56:15.549655,road_0005,51.13145373025382,71.42743582937553,213,41.461547992392724,45,22.749233268508156,0,FREE_FLOW,collector,Left Bank
2025-09-17 00:56:15.549655,road_0006,51.14525858091126,71.40871681129984,174,41.69011756992552,45,5.711115882169533,0,FREE_FLOW,collector,Left Bank
2025-09-17 00:56:15.549655,road_0007,51.13560924762398,71.46282559050066,119,43.894885496851415,45,2.3858510363960335,0,FREE_FLOW,collector,Right Bank
2025-09-17 00:56:15.549655,road_0008,51.106594323500836,71.4923767530675,151,45.0,45,16.592214310077246,0,FREE_FLOW,collector,Esil District
2025-09-17 00:56:15.549655,road_0009,51.1749541456762,71.45018304431642,604,60.0,60,23.607243803975052,0,FREE_FLOW,arterial,City Center
2025-09-17 00:56:15.549655,road_0010,51.204215781196154,71.42542980013923,101,43.09253462135353,45,0.0,0,FREE_FLOW,collector,Right Bank
2025-09-17 00:56:15.549655,road_0011,51.14911362341584,71.45849757916488,668,56.67961958843127,60,29.15713513992923,0,FREE_FLOW,arterial,City Center
2025-09-17 00:56:15.549655,road_0012,51.14285817159553,71.49500780438362,216,57.0318826718273,60,17.935891937272256,0,FREE_FLOW,arterial,Esil District
2025-09-17 00:56:15.549655,road_0013,51.178395080248016,71.44450085336713,199,40.5858588932647,45,6.7025039381674025,0,FREE_FLOW,collector,Esil District
2025-09-17 00:56:15.549655,road_0014,51.22329556186777,71.40648282801608,244,45.0,45,9.352054642519601,0,FREE_FLOW,collector,Right Bank
2025-09-17 00:56:15.549655,road_0015,51.20247308795898,71.43455351818268,208,45.0,45,22.80313460079683,0,FREE_FLOW,collector,Right Bank
2025-09-17 00:56:15.549655,road_0016,51.16488352763151,71.45530260780878,226,41.65209776826523,45,24.12221939098374,0,FREE_FLOW,collector,City Center
2025-09-17 00:56:15.549655,road_0017,51.1949632883288,71.44123238931239,140,35.0,35,7.606918894911736,0,FREE_FLOW,local,City Center
2025-09-17 00:56:15.549655,road_0018,51.15447620767163,71.43400349958901,165,45.0,45,13.833317237257205,0,FREE_FLOW,collector,City Center
2025-09-17 00:56:15.549655,road_0019,51.117113160490625,71.37143752439205,167,34.8404197572825,35,19.714736806821428,0,FREE_FLOW,local,Left Bank
2025-09-17 01:01:15.549655,road_0000,51.14858964026895,71.43899067721357,138,45.0,45,16.41702158603979,0,FREE_FLOW,collector,City Center
2025-09-17 01:01:15.549655,road_0001,51.19558998501542,71.45756838173378,220,60.0,60,16.06457041656366,0,FREE_FLOW,arterial,City Center
2025-09-17 01:01:15.549655,road_0002,51.21222340415979,71.47718542988797,85,35.0,35,18.007946050175235,0,FREE_FLOW,local,Right Bank
2025-09-17 01:01:15.549655,road_0003,51.147142431523605,71.42424835420817,247,45.0,45,13.546289863942961,0,FREE_FLOW,collector,Left Bank
2025-09-17 01:01:15.549655,road_0004,51.194896034828155,71.42672451599276,143,45.0,45,15.760109199700564,0,FREE_FLOW,collector,City Center
2025-09-17 01:01:15.549655,road_0005,51.13145373025382,71.42743582937553,172,45.0,45,21.025068891467434,0,FREE_FLOW,collector,Left Bank
2025-09-17 01:01:15.549655,road_0006,51.14525858091126,71.40871681129984,190,45.0,45,14.951300789774933,0,FREE_FLOW,collector,Left Bank
2025-09-17 01:01:15.549655,road_0007,51.13560924762398,71.46282559050066,142,42.544189780062894,45,12.030435406924195,0,FREE_FLOW,collector,Right Bank
2025-09-17 01:01:15.549655,road_0008,51.106594323500836,71.4923767530675,95,45.0,45,12.492643913314643,0,FREE_FLOW,collector,Esil District
2025-09-17 01:01:15.549655,road_0009,51.1749541456762,71.45018304431642,582,55.717413472874874,60,31.958545644983595,0,FREE_FLOW,arterial,City Center
2025-09-17 01:01:15.549655,road_0010,51.204215781196154,71.42542980013923,109,40.63316121333383,45,13.04563765229853,0,FREE_FLOW,collector,Right Bank
2025-09-17 01:01:15.549655,road_0011,51.14911362341584,71.45849757916488,495,60.0,60,22.42212469276059,0,FREE_FLOW,arterial,City Center
2025-09-17 01:01:15.549655,road_0012,51.14285817159553,71.49500780438362,210,60.0,60,8.0902343542195,0,FREE_FLOW,arterial,Esil District
2025-09-17 01:01:15.549655,road_0013,51.178395080248016,71.44450085336713,130,42.29078754341439,45,0.0,0,FREE_FLOW,collector,Esil District
2025-09-17 01:01:15.549655,road_0014,51.22329556186777,71.40648282801608,83,45.0,45,0.0,0,FREE_FLOW,collector,Right Bank
2025-09-17 01:01:15.549655,road_0015,51.20247308795898,71.43455351818268,117,43.31697750029946,45,16.430492188493165,0,FREE_FLOW,collector,Right Bank
2025-09-17 01:01:15.549655,road_0016,51.16488352763151,71.45530260780878,178,45.0,45,7.763483197109193,0,FREE_FLOW,collector,City Center
2025-09-17 01:01:15.549655,road_0017,51.1949632883288,71.44123238931239,85,35.0,35,6.882625639121633,0,FREE_FLOW,local,City Center
2025-09-17 01:01:15.549655,road_0018,51.15447620767163,71.43400349958901,161,43.50533234594361,45,10.192420692051343,0,FREE_FLOW,collector,City Center
2025-09-17 01:01:15.549655,road_0019,51.117113160490625,71.37143752439205,82,34.98727268778205,35,17.87340296035887,0,FREE_FLOW,local,Left Bank
2025-09-17 01:06:15.549655,road_0000,51.14858964026895,71.43899067721357,192,41.806516626771376,45,11.668929412053748,0,FREE_FLOW,collector,City Center
2025-09-17 01:06:15.549655,road_0001,51.19558998501542,71.45756838173378,437,60.0,60,21.664677765286562,0,FREE_FLOW,arterial,City Center
2025-09-17 01:06:15.549655,road_0002,51.21222340415979,71.47718542988797,49,34.87726653493914,35,4.856159778635043,0,FREE_FLOW,local,Right Bank
2025-09-17 01:06:15.549655,road_0003,51.147142431523605,71.42424835420817,218,45.0,45,17.6510122106284,0,FREE_FLOW,collector,Left Bank
2025-09-17 01:06:15.549655,road_0004,51.194896034828155,71.42672451599276,259,45.0,45,24.772883908962353,0,FREE_FLOW,collector,City Center
2025-09-17 01:06:15.549655,road_0005,51.13145373025382,71.42743582937553,221,40.799480643438976,45,15.055786104734107,0,FREE_FLOW,collector,Left Bank
2025-09-17 01:06:15.549655,road_0006,51.14525858091126,71.40871681129984,263,44.05616278587505,45,18.314131411494586,0,FREE_FLOW,collector,Left Bank
2025-09-17 01:06:15.549655,road_0007,51.13560924762398,71.46282559050066,96,43.235074580802234,45,4.957785958616215,0,FREE_FLOW,collector,Right Bank
2025-09-17 01:06:15.549655,road_0008,51.106594323500836,71.4923767530675,118,45.0,45,11.74939993697718,0,FREE_FLOW,collector,Esil District
2025-09-17 01:06:15.549655,road_0009,51.1749541456762,71.45018304431642,459,55.04712300126176,60,21.159461463344268,0,FREE_FLOW,arterial,City Center
2025-09-17 01:06:15.549655,road_0010,51.204215781196154,71.42542980013923,156,45.0,45,16.052338986810348,0,FREE_FLOW,collector,Right Bank
2025-09-17 01:06:15.549655,road_0011,51.14911362341584,71.45849757916488,199,60.0,60,12.245232191990866,0,FREE_FLOW,arterial,City Center
2025-09-17 01:06:15.549655,road_0012,51.14285817159553,71.49500780438362,81,60.0,60,9.045730115436031,0,FREE_FLOW,arterial,Esil District
2025-09-17 01:06:15.549655,road_0013,51.178395080248016,71.44450085336713,86,45.0,45,2.158600371752251,0,FREE_FLOW,collector,Esil District
2025-09-17 01:06:15.549655,road_0014,51.22329556186777,71.40648282801608,105,45.0,45,3.1683857909796904,0,FREE_FLOW,collector,Right Bank
2025-09-17 01:06:15.549655,road_0015,51.20247308795898,71.43455351818268,101,45.0,45,14.83431879952971,0,FREE_FLOW,collector,Right Bank
2025-09-17 01:06:15.549655,road_0016,51.16488352763151,71.45530260780878,246,43.23370224374503,45,11.262922244594579,0,FREE_FLOW,collector,City Center
2025-09-17 01:06:15.549655,road_0017,51.1949632883288,71.44123238931239,71,35.0,35,3.994792372116512,0,FREE_FLOW,local,City Center
2025-09-17 01:06:15.549655,road_0018,51.15447620767163,71.43400349958901,229,45.0,45,9.200017186649681,0,FREE_FLOW,collector,City Center
2025-09-17 01:06:15.549655,road_0019,51.117113160490625,71.37143752439205,56,35.0,35,4.667335517608343,0,FREE_FLOW,local,Left Bank
2025-09-17 01:11:15.549655,road_0000,51.14858964026895,71.43899067721357,289,45.0,45,16.83570389250889,0,FREE_FLOW,collector,City Center
2025-09-17 01:11:15.549655,road_0001,51.19558998501542,71.45756838173378,273,60.0,60,13.225558964326913,0,FREE_FLOW,arterial,City Center
2025-09-17 01:11:15.549655,road_0002,51.21222340415979,71.47718542988797,34,35.0,35,0.0,0,FREE_FLOW,local,Right Bank
2025-09-17 01:11:15.549655,road_0003,51.147142431523605,71.42424835420817,158,45.0,45,13.667351089940315,0,FREE_FLOW,collector,Left Bank
2025-09-17 01:11:15.549655,road_0004,51.194896034828155,71.42672451599276,135,45.0,45,15.999442572437385,0,FREE_FLOW,collector,City Center
2025-09-17 01:11:15.549655,road_0005,51.13145373025382,71.42743582937553,167,43.282883018466975,45,18.878684046755303,0,FREE_FLOW,collector,Left Bank
2025-09-17 01:11:15.549655,road_0006,51.14525858091126,71.40871681129984,181,45.0,45,3.240324635146685,0,FREE_FLOW,collector,Left Bank
2025-09-17 01:11:15.549655,road_0007,51.13560924762398,71.46282559050066,138,43.07979759823227,45,14.80566521012792,0,FREE_FLOW,collector,Right Bank
2025-09-17 01:11:15.549655,road_0008,51.106594323500836,71.4923767530675,110,43.757462240240464,45,2.7523880553928057,0,FREE_FLOW,collector,Esil District
2025-09-17 01:11:15.549655,road_0009,51.1749541456762,71.45018304431642,189,59.960720752090744,60,9.764407057386952,0,FREE_FLOW,arterial,City Center
2025-09-17 01:11:15.549655,road_0010,51.204215781196154,71.42542980013923,69,45.0,45,0.0,0,FREE_FLOW,collector,Right Bank
2025-09-17 01:11:15.549655,road_0011,51.14911362341584,71.45849757916488,224,60.0,60,3.7357805805396254,0,FREE_FLOW,arterial,City Center
2025-09-17 01:11:15.549655,road_0012,51.14285817159553,71.49500780438362,198,60.0,60,13.377601489387889,0,FREE_FLOW,arterial,Esil District
2025-09-17 01:11:15.549655,road_0013,51.178395080248016,71.44450085336713,116,40.86941974694299,45,15.634864817040924,0,FREE_FLOW,collector,Esil District
2025-09-17 01:11:15.549655,road_0014,51.22329556186777,71.40648282801608,150,45.0,45,14.100322103192893,0,FREE_FLOW,collector,Right Bank
2025-09-17 01:11:15.549655,road_0015,51.20247308795898,71.43455351818268,94,45.0,45,14.797849993770615,0,FREE_FLOW,collector,Right Bank
2025-09-17 01:11:15.549655,road_0016,51.16488352763151,71.45530260780878,156,45.0,45,7.282896854704777,0,FREE_FLOW,collector,City Center
2025-09-17 01:11:15.549655,road_0017,51.1949632883288,71.44123238931239,117,33.39481524465066,35,17.365302056154107,0,FREE_FLOW,local,City Center
2025-09-17 01:11:15.549655,road_0018,51.15447620767163,71.43400349958901,221,45.0,45,12.225888821635092,0,FREE_FLOW,collector,City Center
2025-09-17 01:11:15.549655,road_0019,51.117113160490625,71.37143752439205,64,33.33302746831584,35,0.0,0,FREE_FLOW,local,Left Bank
2025-09-17 01:16:15.549655,road_0000,51.14858964026895,71.43899067721357,206,45.0,45,9.15695719116869,0,FREE_FLOW,collector,City Center
2025-09-17 01:16:15.549655,road_0001,51.19558998501542,71.45756838173378,361,60.0,60,24.287596233097517,0,FREE_FLOW,arterial,City Center
2025-09-17 01:16:15.549655,road_0002,51.21222340415979,71.47718542988797,52,35.0,35,7.498875074454663,0,FREE_FLOW,local,Right Bank
2025-09-17 01:16:15.549655,road_0003,51.147142431523605,71.42424835420817,285,45.0,45,14.825954753905375,0,FREE_FLOW,collector,Left Bank
2025-09-17 01:16:15.549655,road_0004,51.194896034828155,71.42672451599276,222,44.15264060764274,45,14.000758932351674,0,FREE_FLOW,collector,City Center
2025-09-17 01:16:15.549655,road_0005,51.13145373025382,71.42743582937553,292,40.579959789480206,45,10.094163502600788,0,FREE_FLOW,collector,Left Bank
2025-09-17 01:16:15.549655,road_0006,51.14525858091126,71.40871681129984,117,45.0,45,14.08959532138001,0,FREE_FLOW,collector,Left Bank
2025-09-17 01:16:15.549655,road_0007,51.13560924762398,71.46282559050066,114,42.81140026295263,45,6.785845729811621,0,FREE_FLOW,collector,Right Bank
2025-09-17 01:16:15.549655,road_0008,51.106594323500836,71.4923767530675,75,45.0,45,0.0,0,FREE_FLOW,collector,Esil District
2025-09-17 01:16:15.549655,road_0009,51.1749541456762,71.45018304431642,571,60.0,60,24.210221959859673,0,FREE_FLOW,arterial,City Center
2025-09-17 01:16:15.549655,road_0010,51.204215781196154,71.42542980013923,161,45.0,45,8.018836182099877,0,FREE_FLOW,collector,Right Bank
2025-09-17 01:16:15.549655,road_0011,51.14911362341584,71.45849757916488,473,57.71553772903599,60,15.859610073703879,0,FREE_FLOW,arterial,City Center
2025-09-17 01:16:15.549655,road_0012,51.14285817159553,71.49500780438362,152,56.92951215146005,60,0.0,0,FREE_FLOW,arterial,Esil District
2025-09-17 01:16:15.549655,road_0013,51.178395080248016,71.44450085336713,54,45.0,45,9.160175628681477,0,FREE_FLOW,collector,Esil District
2025-09-17 01:16:15.549655,road_0014,51.22329556186777,71.40648282801608,123,41.04073299368379,45,3.333839205135079,0,FREE_FLOW,collector,Right Bank
2025-09-17 01:16:15.549655,road_0015,51.20247308795898,71.43455351818268,151,45.0,45,1.873966833134844,0,FREE_FLOW,collector,Right Bank
2025-09-17 01:16:15.549655,road_0016,51.16488352763151,71.45530260780878,217,45.0,45,21.09703692092645,0,FREE_FLOW,collector,City Center
2025-09-17 01:16:15.549655,road_0017,51.1949632883288,71.44123238931239,122,31.94981490509581,35,6.522234492272538,0,FREE_FLOW,local,City Center
2025-09-17 01:16:15.549655,road_0018,51.15447620767163,71.43400349958901,301,45.0,45,29.686353964433657,0,FREE_FLOW,collector,City Center
2025-09-17 01:16:15.549655,road_0019,51.117113160490625,71.37143752439205,63,32.89768422903892,35,5.186992060005322,0,FREE_FLOW,local,Left Bank
2025-09-17 01:21:15.549655,road_0000,51.14858964026895,71.43899067721357,208,45.0,45,19.31687810288375,0,FREE_FLOW,collector,City Center
2025-09-17 01:21:15.549655,road_0001,51.19558998501542,71.45756838173378,534,60.0,60,24.37120093609603,0,FREE_FLOW,arterial,City Center
2025-09-17 01:21:15.549655,road_0002,51.21222340415979,71.47718542988797,48,34.95128775306433,35,0.3714578834494988,0,FREE_FLOW,local,Right Bank
2025-09-17 01:21:15.549655,road_0003,51.147142431523605,71.42424835420817,229,43.1700600942205,45,5.976806496566555,0,FREE_FLOW,collector,Left Bank
2025-09-17 01:21:15.549655,road_0004,51.194896034828155,71.42672451599276,163,41.064694940267515,45,6.434159028455854,0,FREE_FLOW,collector,City Center
2025-09-17 01:21:15.549655,road_0005,51.13145373025382,71.42743582937553,206,42.66037353042408,45,9.158757636419358,0,FREE_FLOW,collector,Left Bank
2025-09-17 01:21:15.549655,road_0006,51.14525858091126,71.40871681129984,91,40.8376698007741,45,12.363645491504322,0,FREE_FLOW,collector,Left Bank
2025-09-17 01:21:15.549655,road_0007,51.13560924762398,71.46282559050066,73,43.844173924175784,45,0.0,0,FREE_FLOW,collector,Right Bank
2025-09-17 01:21:15.549655,road_0008,51.106594323500836,71.4923767530675,51,45.0,45,0.0,0,FREE_FLOW,collector,Esil District
2025-09-17 01:21:15.549655,road_0009,51.1749541456762,71.45018304431642,397,60.0,60,24.597114225175392,0,FREE_FLOW,arterial,City Center
2025-09-17 01:21:15.549655,road_0010,51.204215781196154,71.42542980013923,141,43.39802659158372,45,19.206779892155012,0,FREE_FLOW,collector,Right Bank
2025-09-17 01:21:15.549655,road_0011,51.14911362341584,71.45849757916488,284,60.0,60,17.026033584820127,0,FREE_FLOW,arterial,City Center
2025-09-17 01:21:15.549655,road_0012,51.14285817159553,71.49500780438362,149,58.8643470688413,60,0.24108602217245068,0,FREE_FLOW,arterial,Esil District
2025-09-17 01:21:15.549655,road_0013,51.178395080248016,71.44450085336713,77,43.02096723586379,45,12.137897707243315,0,FREE_FLOW,collector,Esil District
2025-09-17 01:21:15.549655,road_0014,51.22329556186777,71.40648282801608,133,45.0,45,17.335870801661233,0,FREE_FLOW,collector,Right Bank
2025-09-17 01:21:15.549655,road_0015,51.20247308795898,71.43455351818268,110,41.317647167348156,45,3.7114639140862957,0,FREE_FLOW,collector,Right Bank
2025-09-17 01:21:15.549655,road_0016,51.16488352763151,71.45530260780878,251,45.0,45,24.916952336964126,0,FREE_FLOW,collector,City Center
2025-09-17 01:21:15.549655,road_0017,51.1949632883288,71.44123238931239,146,32.21721186916148,35,24.46649661216308,0,FREE_FLOW,local,City Center
2025-09-17 01:21:15.549655,road_0018,51.15447620767163,71.43400349958901,182,45.0,45,2.264851245703868,0,FREE_FLOW,collector,City Center
2025-09-17 01:21:15.549655,road_0019,51.117113160490625,71.37143752439205,61,35.0,35,14.962534275338534,0,FREE_FLOW,local,Left Bank
2025-09-17 01:26:15.549655,road_0000,51.14858964026895,71.43899067721357,218,41.00339666765001,45,14.83977683653971,0,FREE_FLOW,collector,City Center
2025-09-17 01:26:15.549655,road_0001,51.19558998501542,71.45756838173378,400,55.1282174561576,60,15.58400489841408,0,FREE_FLOW,arterial,City Center
2025-09-17 01:26:15.549655,road_0002,51.21222340415979,71.47718542988797,91,32.08177267403945,35,10.493726888857186,0,FREE_FLOW,local,Right Bank
2025-09-17 01:26:15.549655,road_0003,51.147142431523605,71.42424835420817,255,42.190558325166045,45,8.606789105699828,0,FREE_FLOW,collector,Left Bank
2025-09-17 01:26:15.549655,road_0004,51.194896034828155,71.42672451599276,128,45.0,45,1.6490584932854473,0,FREE_FLOW,collector,City Center
2025-09-17 01:26:15.549655,road_0005,51.13145373025382,71.42743582937553,133,45.0,45,13.464244744266187,0,FREE_FLOW,collector,Left Bank
2025-09-17 01:26:15.549655,road_0006,51.14525858091126,71.40871681129984,311,45.0,45,22.147223203930025,0,FREE_FLOW,collector,Left Bank
2025-09-17 01:26:15.549655,road_0007,51.13560924762398,71.46282559050066,107,45.0,45,0.0,0,FREE_FLOW,collector,Right Bank
2025-09-17 01:26:15.549655,road_0008,51.106594323500836,71.4923767530675,65,45.0,45,0.0,0,FREE_FLOW,collector,Esil District
2025-09-17 01:26:15.549655,road_0009,51.1749541456762,71.45018304431642,309,58.08815188297805,60,20.478400025119235,0,FREE_FLOW,arterial,City Center
2025-09-17 01:26:15.549655,road_0010,51.204215781196154,71.42542980013923,152,43.259823441517135,45,15.577667528706538,0,FREE_FLOW,collector,Right Bank
2025-09-17 01:26:15.549655,road_0011,51.14911362341584,71.45849757916488,617,56.35576398638839,60,22.40305853558482,0,FREE_FLOW,arterial,City Center
2025-09-17 01:26:15.549655,road_0012,51.14285817159553,71.49500780438362,199,60.0,60,17.789357222403574,0,FREE_FLOW,arterial,Esil District
2025-09-17 01:26:15.549655,road_0013,51.178395080248016,71.44450085336713,140,45.0,45,6.3491137895239085,0,FREE_FLOW,collector,Esil District
2025-09-17 01:26:15.549655,road_0014,51.22329556186777,71.40648282801608,115,43.23538923587166,45,1.5513635470154448,0,FREE_FLOW,collector,Right Bank
2025-09-17 01:26:15.549655,road_0015,51.20247308795898,71.43455351818268,72,44.12726349677958,45,6.909331684232325,0,FREE_FLOW,collector,Right Bank
2025-09-17 01:26:15.549655,road_0016,51.16488352763151,71.45530260780878,341,43.89073173992305,45,17.587657491725516,0,FREE_FLOW,collector,City Center
2025-09-17 01:26:15.549655,road_0017,51.1949632883288,71.44123238931239,122,33.24338498520319,35,10.762707200801145,0,FREE_FLOW,local,City Center
2025-09-17 01:26:15.549655,road_0018,51.15447620767163,71.43400349958901,215,43.864504583107085,45,11.523834993392699,0,FREE_FLOW,collector,City Center
2025-09-17 01:26:15.549655,road_0019,51.117113160490625,71.37143752439205,102,35.0,35,15.613263472851278,0,FREE_FLOW,local,Left Bank
2025-09-17 01:31:15.549655,road_0000,51.14858964026895,71.43899067721357,117,45.0,45,7.129820034453149,0,FREE_FLOW,collector,City Center
2025-09-17 01:31:15.549655,road_0001,51.19558998501542,71.45756838173378,516,60.0,60,27.66012772433148,0,FREE_FLOW,arterial,City Center
2025-09-17 01:31:15.549655,road_0002,51.21222340415979,71.47718542988797,85,34.0044866674718,35,15.446454682203415,0,FREE_FLOW,local,Right Bank
2025-09-17 01:31:15.549655,road_0003,51.147142431523605,71.42424835420817,151,43.76171795343287,45,9.970730359063127,0,FREE_FLOW,collector,Left Bank
2025-09-17 01:31:15.549655,road_0004,51.194896034828155,71.42672451599276,165,44.931949391264325,45,18.384205496512934,0,FREE_FLOW,collector,City Center
2025-09-17 01:31:15.549655,road_0005,51.13145373025382,71.42743582937553,155,45.0,45,15.448217632300278,0,FREE_FLOW,collector,Left Bank
2025-09-17 01:31:15.549655,road_0006,51.14525858091126,71.40871681129984,239,45.0,45,22.53859223734202,0,FREE_FLOW,collector,Left Bank
2025-09-17 01:31:15.549655,road_0007,51.13560924762398,71.46282559050066,130,45.0,45,0.46459181096258106,0,FREE_FLOW,collector,Right Bank
2025-09-17 01:31:15.549655,road_0008,51.106594323500836,71.4923767530675,76,45.0,45,3.184159391743565,0,FREE_FLOW,collector,Esil District
2025-09-17 01:31:15.549655,road_0009,51.1749541456762,71.45018304431642,370,54.73222575704211,60,12.071400049825296,0,FREE_FLOW,arterial,City Center
2025-09-17 01:31:15.549655,road_0010,51.204215781196154,71.42542980013923,69,45.0,45,12.622153344631263,0,FREE_FLOW,collector,Right Bank
2025-09-17 01:31:15.549655,road_0011,51.14911362341584,71.45849757916488,592,60.0,60,17.252334825418423,0,FREE_FLOW,arterial,City Center
2025-09-17 01:31:15.549655,road_0012,51.14285817159553,71.49500780438362,134,56.93577292744303,60,0.17807421341738738,0,FREE_FLOW,arterial,Esil District
2025-09-17 01:31:15.549655,road_0013,51.178395080248016,71.44450085336713,112,45.0,45,2.581352569275139,0,FREE_FLOW,collector,Esil District
2025-09-17 01:31:15.549655,road_0014,51.22329556186777,71.40648282801608,78,45.0,45,14.411134665191419,0,FREE_FLOW,collector,Right Bank
2025-09-17 01:31:15.549655,road_0015,51.20247308795898,71.43455351818268,106,43.75247367887626,45,7.12584288555919,0,FREE_FLOW,collector,Right Bank
2025-09-17 01:31:15.549655,road_0016,51.16488352763151,71.45530260780878,313,45.0,45,14.218715625111958,0,FREE_FLOW,collector,City Center
2025-09-17 01:31:15.549655,road_0017,51.1949632883288,71.44123238931239,165,35.0,35,20.24442138457369,0,FREE_FLOW,local,City Center
2025-09-17 01:31:15.549655,road_0018,51.15447620767163,71.43400349958901,283,45.0,45,12.522589400176043,0,FREE_FLOW,collector,City Center
2025-09-17 01:31:15.549655,road_0019,51.117113160490625,71.37143752439205,86,31.633672834603782,35,6.773740853569864,0,FREE_FLOW,local,Left Bank
2025-09-17 01:36:15.549655,road_0000,51.14858964026895,71.43899067721357,168,44.81319815547572,45,5.359823505888235,0,FREE_FLOW,collector,City Center
2025-09-17 01:36:15.549655,road_0001,51.19558998501542,71.45756838173378,175,59.55282782401006,60,0.10294962500357574,0,FREE_FLOW,arterial,City Center
2025-09-17 01:36:15.549655,road_0002,51.21222340415979,71.47718542988797,79,34.97901365425003,35,12.314205862138492,0,FREE_FLOW,local,Right Bank
2025-09-17 01:36:15.549655,road_0003,51.147142431523605,71.42424835420817,90,45.0,45,0.43672201748155803,0,FREE_FLOW,collector,Left Bank
2025-09-17 01:36:15.549655,road_0004,51.194896034828155,71.42672451599276,323,42.807973680840504,45,12.448778982945772,0,FREE_FLOW,collector,City Center
2025-09-17 01:36:15.549655,road_0005,51.13145373025382,71.42743582937553,209,42.10788067950197,45,15.978366277754148,0,FREE_FLOW,collector,Left Bank
2025-09-17 01:36:15.549655,road_0006,51.14525858091126,71.40871681129984,101,45.0,45,15.473100604687053,0,FREE_FLOW,collector,Left Bank
2025-09-17 01:36:15.549655,road_0007,51.13560924762398,71.46282559050066,71,40.97391871581825,45,4.596255191584521,0,FREE_FLOW,collector,Right Bank
2025-09-17 01:36:15.549655,road_0008,51.106594323500836,71.4923767530675,101,45.0,45,6.746603229677962,0,FREE_FLOW,collector,Esil District
2025-09-17 01:36:15.549655,road_0009,51.1749541456762,71.45018304431642,479,55.12725537613964,60,24.968082803655193,0,FREE_FLOW,arterial,City Center
2025-09-17 01:36:15.549655,road_0010,51.204215781196154,71.42542980013923,97,40.54200695543976,45,0.0,0,FREE_FLOW,collector,Right Bank
2025-09-17 01:36:15.549655,road_0011,51.14911362341584,71.45849757916488,379,60.0,60,24.776997605475643,0,FREE_FLOW,arterial,City Center
2025-09-17 01:36:15.549655,road_0012,51.14285817159553,71.49500780438362,264,58.846372576266646,60,4.5896414917426975,0,FREE_FLOW,arterial,Esil District
2025-09-17 01:36:15.549655,road_0013,51.178395080248016,71.44450085336713,94,45.0,45,2.5287478712802747,0,FREE_FLOW,collector,Esil District
2025-09-17 01:36:15.549655,road_0014,51.22329556186777,71.40648282801608,124,42.4775418962116,45,6.402203430771088,0,FREE_FLOW,collector,Right Bank
2025-09-17 01:36:15.549655,road_0015,51.20247308795898,71.43455351818268,97,42.63515566216958,45,3.8297032144987053,0,FREE_FLOW,collector,Right Bank
2025-09-17 01:36:15.549655,road_0016,51.16488352763151,71.45530260780878,253,45.0,45,23.786519371202566,0,FREE_FLOW,collector,City Center
2025-09-17 01:36:15.549655,road_0017,51.1949632883288,71.44123238931239,161,35.0,35,15.767087772724844,0,FREE_FLOW,local,City Center
2025-09-17 01:36:15.549655,road_0018,51.15447620767163,71.43400349958901,213,42.12662073977764,45,17.58766292202632,0,FREE_FLOW,collector,City Center
2025-09-17 01:36:15.549655,road_0019,51.117113160490625,71.37143752439205,144,31.864011008977457,35,10.532798046739691,0,FREE_FLOW,local,Left Bank
2025-09-17 01:41:15.549655,road_0000,51.14858964026895,71.43899067721357,341,41.27096545235867,45,21.415233234596215,0,FREE_FLOW,collector,City Center
2025-09-17 01:41:15.549655,road_0001,51.19558998501542,71.45756838173378,368,60.0,60,17.949881557920126,0,FREE_FLOW,arterial,City Center
2025-09-17 01:41:15.549655,road_0002,51.21222340415979,71.47718542988797,75,35.0,35,6.197664045836473,0,FREE_FLOW,local,Right Bank
2025-09-17 01:41:15.549655,road_0003,51.147142431523605,71.42424835420817,176,44.89912062875754,45,8.28736978099802,0,FREE_FLOW,collector,Left Bank
2025-09-17 01:41:15.549655,road_0004,51.194896034828155,71.42672451599276,110,43.59698541688808,45,0.0,0,FREE_FLOW,collector,City Center
2025-09-17 01:41:15.549655,road_0005,51.13145373025382,71.42743582937553,118,42.95185984021667,45,3.2497658001569567,0,FREE_FLOW,collector,Left Bank
2025-09-17 01:41:15.549655,road_0006,51.14525858091126,71.40871681129984,201,45.0,45,18.634605494506097,0,FREE_FLOW,collector,Left Bank
2025-09-17 01:41:15.549655,road_0007,51.13560924762398,71.46282559050066,143,41.577950794162184,45,13.383494939101224,0,FREE_FLOW,collector,Right Bank
2025-09-17 01:41:15.549655,road_0008,51.106594323500836,71.4923767530675,123,45.0,45,5.199111054315695,0,FREE_FLOW,collector,Esil District
2025-09-17 01:41:15.549655,road_0009,51.1749541456762,71.45018304431642,405,60.0,60,7.1373310055093455,0,FREE_FLOW,arterial,City Center
2025-09-17 01:41:15.549655,road_0010,51.204215781196154,71.42542980013923,86,40.71446810070002,45,14.225748667245405,0,FREE_FLOW,collector,Right Bank
2025-09-17 01:41:15.549655,road_0011,51.14911362341584,71.45849757916488,223,60.0,60,0.37666436573458917,0,FREE_FLOW,arterial,City Center
2025-09-17 01:41:15.549655,road_0012,51.14285817159553,71.49500780438362,197,56.480311533719174,60,5.59889543969122,0,FREE_FLOW,arterial,Esil District
2025-09-17 01:41:15.549655,road_0013,51.178395080248016,71.44450085336713,77,44.141085652784064,45,12.248619280743487,0,FREE_FLOW,collector,Esil District
2025-09-17 01:41:15.549655,road_0014,51.22329556186777,71.40648282801608,142,43.54760099886844,45,16.05087908390272,0,FREE_FLOW,collector,Right Bank
2025-09-17 01:41:15.549655,road_0015,51.20247308795898,71.43455351818268,192,43.693719700469615,45,16.80816866479028,0,FREE_FLOW,collector,Right Bank
2025-09-17 01:41:15.549655,road_0016,51.16488352763151,71.45530260780878,218,45.0,45,13.774931584910638,0,FREE_FLOW,collector,City Center
2025-09-17 01:41:15.549655,road_0017,51.1949632883288,71.44123238931239,119,34.042341811432074,35,7.9082375745368045,0,FREE_FLOW,local,City Center
2025-09-17 01:41:15.549655,road_0018,51.15447620767163,71.43400349958901,229,44.65508144390155,45,11.722454102788536,0,FREE_FLOW,collector,City Center
2025-09-17 01:41:15.549655,road_0019,51.117113160490625,71.37143752439205,124,34.01157764942668,35,21.592652570193017,0,FREE_FLOW,local,Left Bank
2025-09-17 01:46:15.549655,road_0000,51.14858964026895,71.43899067721357,313,43.152109056571476,45,21.313414807658354,0,FREE_FLOW,collector,City Center
2025-09-17 01:46:15.549655,road_0001,51.19558998501542,71.45756838173378,617,60.0,60,19.171824009183094,0,FREE_FLOW,arterial,City Center
2025-09-17 01:46:15.549655,road_0002,51.21222340415979,71.47718542988797,30,34.73775881952843,35,0.7814654652720261,0,FREE_FLOW,local,Right Bank
2025-09-17 01:46:15.549655,road_0003,51.147142431523605,71.42424835420817,184,43.60164295465387,45,4.84262477973042,0,FREE_FLOW,collector,Left Bank
2025-09-17 01:46:15.549655,road_0004,51.194896034828155,71.42672451599276,268,45.0,45,19.712738955369893,0,FREE_FLOW,collector,City Center
2025-09-17 01:46:15.549655,road_0005,51.13145373025382,71.42743582937553,223,45.0,45,7.380910219437874,0,FREE_FLOW,collector,Left Bank
2025-09-17 01:46:15.549655,road_0006,51.14525858091126,71.40871681129984,135,45.0,45,14.47556615697236,0,FREE_FLOW,collector,Left Bank
2025-09-17 01:46:15.549655,road_0007,51.13560924762398,71.46282559050066,136,45.0,45,16.556879652470233,0,FREE_FLOW,collector,Right Bank
2025-09-17 01:46:15.549655,road_0008,51.106594323500836,71.4923767530675,87,42.2454185732736,45,6.6998741162868,0,FREE_FLOW,collector,Esil District
2025-09-17 01:46:15.549655,road_0009,51.1749541456762,71.45018304431642,572,60.0,60,24.80472213121495,0,FREE_FLOW,arterial,City Center
2025-09-17 01:46:15.549655,road_0010,51.204215781196154,71.42542980013923,104,45.0,45,2.113924865078306,0,FREE_FLOW,collector,Right Bank
2025-09-17 01:46:15.549655,road_0011,51.14911362341584,71.45849757916488,573,56.95240488778901,60,14.87662022701808,0,FREE_FLOW,arterial,City Center
2025-09-17 01:46:15.549655,road_0012,51.14285817159553,71.49500780438362,112,58.92059722829234,60,0.0,0,FREE_FLOW,arterial,Esil District
2025-09-17 01:46:15.549655,road_0013,51.178395080248016,71.44450085336713,91,45.0,45,8.234270657677143,0,FREE_FLOW,collector,Esil District
2025-09-17 01:46:15.549655,road_0014,51.22329556186777,71.40648282801608,141,42.65050330696733,45,7.05826353451226,0,FREE_FLOW,collector,Right Bank
2025-09-17 01:46:15.549655,road_0015,51.20247308795898,71.43455351818268,97,44.30296174645042,45,10.291191666493974,0,FREE_FLOW,collector,Right Bank
2025-09-17 01:46:15.549655,road_0016,51.16488352763151,71.45530260780878,258,44.307029912313276,45,12.531101952990548,0,FREE_FLOW,collector,City Center
2025-09-17 01:46:15.549655,road_0017,51.1949632883288,71.44123238931239,99,31.94345062978022,35,5.418733104290873,0,FREE_FLOW,local,City Center
2025-09-17 01:46:15.549655,road_0018,51.15447620767163,71.43400349958901,251,45.0,45,15.185202737561259,0,FREE_FLOW,collector,City Center
2025-09-17 01:46:15.549655,road_0019,51.117113160490625,71.37143752439205,158,33.63246176548793,35,10.905991905931234,0,FREE_FLOW,local,Left Bank
2025-09-17 01:51:15.549655,road_0000,51.14858964026895,71.43899067721357,108,43.389561380779135,45,0.0,0,FREE_FLOW,collector,City Center
2025-09-17 01:51:15.549655,road_0001,51.19558998501542,71.45756838173378,264,60.0,60,17.000200061631695,0,FREE_FLOW,arterial,City Center
2025-09-17 01:51:15.549655,road_0002,51.21222340415979,71.47718542988797,60,34.20153684902076,35,4.953273564274832,0,FREE_FLOW,local,Right Bank
2025-09-17 01:51:15.549655,road_0003,51.147142431523605,71.42424835420817,205,41.53486028851053,45,14.651861982535365,0,FREE_FLOW,collector,Left Bank
2025-09-17 01:51:15.549655,road_0004,51.194896034828155,71.42672451599276,252,41.82033164142022,45,24.567431320367668,0,FREE_FLOW,collector,City Center
2025-09-17 01:51:15.549655,road_0005,51.13145373025382,71.42743582937553,169,42.815640822678674,45,19.36290682007492,0,FREE_FLOW,collector,Left Bank
2025-09-17 01:51:15.549655,road_0006,51.14525858091126,71.40871681129984,110,45.0,45,0.43092504971219814,0,FREE_FLOW,collector,Left Bank
2025-09-17 01:51:15.549655,road_0007,51.13560924762398,71.46282559050066,132,43.18187013157469,45,16.134758100679484,0,FREE_FLOW,collector,Right Bank
2025-09-17 01:51:15.549655,road_0008,51.106594323500836,71.4923767530675,151,44.66301076145025,45,0.4782545136498939,0,FREE_FLOW,collector,Esil District
2025-09-17 01:51:15.549655,road_0009,51.1749541456762,71.45018304431642,466,60.0,60,28.382874464109584,0,FREE_FLOW,arterial,City Center
2025-09-17 01:51:15.549655,road_0010,51.204215781196154,71.42542980013923,130,45.0,45,0.8239953139250931,0,FREE_FLOW,collector,Right Bank
2025-09-17 01:51:15.549655,road_0011,51.14911362341584,71.45849757916488,365,60.0,60,21.67930525156936,0,FREE_FLOW,arterial,City Center
2025-09-17 01:51:15.549655,road_0012,51.14285817159553,71.49500780438362,159,54.42781763127452,60,6.57471512161992,0,FREE_FLOW,arterial,Esil District
2025-09-17 01:51:15.549655,road_0013,51.178395080248016,71.44450085336713,69,45.0,45,4.366279605687861,0,FREE_FLOW,collector,Esil District
2025-09-17 01:51:15.549655,road_0014,51.22329556186777,71.40648282801608,129,45.0,45,0.0,0,FREE_FLOW,collector,Right Bank
2025-09-17 01:51:15.549655,road_0015,51.20247308795898,71.43455351818268,102,40.657558421754445,45,0.0,0,FREE_FLOW,collector,Right Bank
2025-09-17 01:51:15.549655,road_0016,51.16488352763151,71.45530260780878,110,42.724105553544774,45,1.9626542719410809,0,FREE_FLOW,collector,City Center
2025-09-17 01:51:15.549655,road_0017,51.1949632883288,71.44123238931239,119,35.0,35,18.354144009164852,0,FREE_FLOW,local,City Center
2025-09-17 01:51:15.549655,road_0018,51.15447620767163,71.43400349958901,216,43.44851694623798,45,6.482564081934383,0,FREE_FLOW,collector,City Center
2025-09-17 01:51:15.549655,road_0019,51.117113160490625,71.37143752439205,135,34.04271565868652,35,19.18605663614813,0,FREE_FLOW,local,Left Bank
2025-09-17 01:56:15.549655,road_0000,51.14858964026895,71.43899067721357,176,43.44168216420737,45,14.79132118269924,0,FREE_FLOW,collector,City Center
2025-09-17 01:56:15.549655,road_0001,51.19558998501542,71.45756838173378,398,60.0,60,10.675572643914462,0,FREE_FLOW,arterial,City Center
2025-09-17 01:56:15.549655,road_0002,51.21222340415979,71.47718542988797,93,32.29544495402269,35,2.102400191092272,0,FREE_FLOW,local,Right Bank
2025-09-17 01:56:15.549655,road_0003,51.147142431523605,71.42424835420817,223,41.99946826378035,45,14.624058799534728,0,FREE_FLOW,collector,Left Bank
2025-09-17 01:56:15.549655,road_0004,51.194896034828155,71.42672451599276,239,45.0,45,7.645669812620429,0,FREE_FLOW,collector,City Center
2025-09-17 01:56:15.549655,road_0005,51.13145373025382,71.42743582937553,150,45.0,45,13.695951510252511,0,FREE_FLOW,collector,Left Bank
2025-09-17 01:56:15.549655,road_0006,51.14525858091126,71.40871681129984,261,41.20000200638245,45,11.150336802520139,0,FREE_FLOW,collector,Left Bank
2025-09-17 01:56:15.549655,road_0007,51.13560924762398,71.46282559050066,166,42.320159440666615,45,18.07312399121592,0,FREE_FLOW,collector,Right Bank
2025-09-17 01:56:15.549655,road_0008,51.106594323500836,71.4923767530675,76,43.16699756440979,45,0.0,0,FREE_FLOW,collector,Esil District
2025-09-17 01:56:15.549655,road_0009,51.1749541456762,71.45018304431642,445,60.0,60,8.026574403336532,0,FREE_FLOW,arterial,City Center
2025-09-17 01:56:15.549655,road_0010,51.204215781196154,71.42542980013923,77,45.0,45,0.0,0,FREE_FLOW,collector,Right Bank
2025-09-17 01:56:15.549655,road_0011,51.14911362341584,71.45849757916488,328,59.88737117235977,60,4.128612776602219,0,FREE_FLOW,arterial,City Center
2025-09-17 01:56:15.549655,road_0012,51.14285817159553,71.49500780438362,244,60.0,60,1.263080130866955,0,FREE_FLOW,arterial,Esil District
2025-09-17 01:56:15.549655,road_0013,51.178395080248016,71.44450085336713,57,45.0,45,0.49542765057287763,0,FREE_FLOW,collector,Esil District
2025-09-17 01:56:15.549655,road_0014,51.22329556186777,71.40648282801608,110,40.99111834090976,45,15.889275784642088,0,FREE_FLOW,collector,Right Bank
2025-09-17 01:56:15.549655,road_0015,51.20247308795898,71.43455351818268,89,45.0,45,14.846380160787124,0,FREE_FLOW,collector,Right Bank
2025-09-17 01:56:15.549655,road_0016,51.16488352763151,71.45530260780878,108,45.0,45,7.22701072652716,0,FREE_FLOW,collector,City Center
2025-09-17 01:56:15.549655,road_0017,51.1949632883288,71.44123238931239,122,31.597353877499746,35,9.200272187637038,0,FREE_FLOW,local,City Center
2025-09-17 01:56:15.549655,road_0018,51.15447620767163,71.43400349958901,278,43.405671923967894,45,25.820149175213682,0,FREE_FLOW,collector,City Center
2025-09-17 01:56:15.549655,road_0019,51.117113160490625,71.37143752439205,101,35.0,35,18.8538150400316,0,FREE_FLOW,local,Left Bank
2025-09-17 02:01:15.549655,road_0000,51.14858964026895,71.43899067721357,100,45.0,45,0.5895636881311557,0,FREE_FLOW,collector,City Center
2025-09-17 02:01:15.549655,road_0001,51.19558998501542,71.45756838173378,177,60.0,60,16.657661232081715,0,FREE_FLOW,arterial,City Center
2025-09-17 02:01:15.549655,road_0002,51.21222340415979,71.47718542988797,62,35.0,35,5.230273260676209,0,FREE_FLOW,local,Right Bank
2025-09-17 02:01:15.549655,road_0003,51.147142431523605,71.42424835420817,142,45.0,45,5.988227944768031,0,FREE_FLOW,collector,Left Bank
2025-09-17 02:01:15.549655,road_0004,51.194896034828155,71.42672451599276,168,45.0,45,5.277542789978216,0,FREE_FLOW,collector,City Center
2025-09-17 02:01:15.549655,road_0005,51.13145373025382,71.42743582937553,65,42.34417746241712,45,4.983703968986939,0,FREE_FLOW,collector,Left Bank
2025-09-17 02:01:15.549655,road_0006,51.14525858091126,71.40871681129984,191,41.81532911152972,45,21.8702562775403,0,FREE_FLOW,collector,Left Bank
2025-09-17 02:01:15.549655,road_0007,51.13560924762398,71.46282559050066,52,43.11951540705141,45,9.315325289844864,0,FREE_FLOW,collector,Right Bank
2025-09-17 02:01:15.549655,road_0008,51.106594323500836,71.4923767530675,50,44.81594185490848,45,2.974452305689874,0,FREE_FLOW,collector,Esil District
2025-09-17 02:01:15.549655,road_0009,51.1749541456762,71.45018304431642,246,59.852941718413206,60,12.13381463873623,0,FREE_FLOW,arterial,City Center
2025-09-17 02:01:15.549655,road_0010,51.204215781196154,71.42542980013923,89,43.957427297502754,45,13.770068846532535,0,FREE_FLOW,collector,Right Bank
2025-09-17 02:01:15.549655,road_0011,51.14911362341584,71.45849757916488,212,57.22443822175522,60,3.888188121306941,0,FREE_FLOW,arterial,City Center
2025-09-17 02:01:15.549655,road_0012,51.14285817159553,71.49500780438362,71,60.0,60,11.094607292961495,0,FREE_FLOW,arterial,Esil District
2025-09-17 02:01:15.549655,road_0013,51.178395080248016,71.44450085336713,75,43.528402871791855,45,14.32901688228634,0,FREE_FLOW,collector,Esil District
2025-09-17 02:01:15.549655,road_0014,51.22329556186777,71.40648282801608,70,43.62680789895391,45,0.0,0,FREE_FLOW,collector,Right Bank
2025-09-17 02:01:15.549655,road_0015,51.20247308795898,71.43455351818268,57,43.23626916006163,45,8.112183875622765,0,FREE_FLOW,collector,Right Bank
2025-09-17 02:01:15.549655,road_0016,51.16488352763151,71.45530260780878,128,45.0,45,14.49397168200904,0,FREE_FLOW,collector,City Center
2025-09-17 02:01:15.549655,road_0017,51.1949632883288,71.44123238931239,50,32.12915511941309,35,13.876676214678561,0,FREE_FLOW,local,City Center
2025-09-17 02:01:15.549655,road_0018,51.15447620767163,71.43400349958901,166,45.0,45,4.540834546347161,0,FREE_FLOW,collector,City Center
2025-09-17 02:01:15.549655,road_0019,51.117113160490625,71.37143752439205,68,33.19104923291152,35,16.53606347615065,0,FREE_FLOW,local,Left Bank
2025-09-17 02:06:15.549655,road_0000,51.14858964026895,71.43899067721357,156,41.69460460869851,45,17.875579956872556,0,FREE_FLOW,collector,City Center
2025-09-17 02:06:15.549655,road_0001,51.19558998501542,71.45756838173378,183,60.0,60,8.864072237582226,0,FREE_FLOW,arterial,City Center
2025-09-17 02:06:15.549655,road_0002,51.21222340415979,71.47718542988797,42,35.0,35,9.131796926632244,0,FREE_FLOW,local,Right Bank
2025-09-17 02:06:15.549655,road_0003,51.147142431523605,71.42424835420817,68,41.00217572115989,45,4.997403059006709,0,FREE_FLOW,collector,Left Bank
2025-09-17 02:06:15.549655,road_0004,51.194896034828155,71.42672451599276,214,42.88961428335168,45,20.49538222801212,0,FREE_FLOW,collector,City Center
2025-09-17 02:06:15.549655,road_0005,51.13145373025382,71.42743582937553,165,45.0,45,3.388395292264402,0,FREE_FLOW,collector,Left Bank
2025-09-17 02:06:15.549655,road_0006,51.14525858091126,71.40871681129984,154,40.873401425478306,45,13.4488169916873,0,FREE_FLOW,collector,Left Bank
2025-09-17 02:06:15.549655,road_0007,51.13560924762398,71.46282559050066,94,45.0,45,8.439171392544942,0,FREE_FLOW,collector,Right Bank
2025-09-17 02:06:15.549655,road_0008,51.106594323500836,71.4923767530675,62,45.0,45,5.315573434625911,0,FREE_FLOW,collector,Esil District
2025-09-17 02:06:15.549655,road_0009,51.1749541456762,71.45018304431642,243,60.0,60,3.551476509701798,0,FREE_FLOW,arterial,City Center
2025-09-17 02:06:15.549655,road_0010,51.204215781196154,71.42542980013923,93,41.97774276166672,45,4.422926891922011,0,FREE_FLOW,collector,Right Bank
2025-09-17 02:06:15.549655,road_0011,51.14911362341584,71.45849757916488,232,56.52442334853751,60,9.296163992698467,0,FREE_FLOW,arterial,City Center
2025-09-17 02:06:15.549655,road_0012,51.14285817159553,71.49500780438362,66,60.0,60,0.0,0,FREE_FLOW,arterial,Esil District
2025-09-17 02:06:15.549655,road_0013,51.178395080248016,71.44450085336713,80,43.31977598220096,45,0.0,0,FREE_FLOW,collector,Esil District
2025-09-17 02:06:15.549655,road_0014,51.22329556186777,71.40648282801608,84,44.91423996068509,45,8.887965751558031,0,FREE_FLOW,collector,Right Bank
2025-09-17 02:06:15.549655,road_0015,51.20247308795898,71.43455351818268,74,45.0,45,12.699806262961566,0,FREE_FLOW,collector,Right Bank
2025-09-17 02:06:15.549655,road_0016,51.16488352763151,71.45530260780878,78,43.98837167073249,45,10.116136291871285,0,FREE_FLOW,collector,City Center
2025-09-17 02:06:15.549655,road_0017,51.1949632883288,71.44123238931239,89,33.64823877495954,35,19.279340607069127,0,FREE_FLOW,local,City Center
2025-09-17 02:06:15.549655,road_0018,51.15447620767163,71.43400349958901,116,43.4321649558323,45,13.832578213874392,0,FREE_FLOW,collector,City Center
2025-09-17 02:06:15.549655,road_0019,51.117113160490625,71.37143752439205,63,35.0,35,15.223665494342313,0,FREE_FLOW,local,Left Bank
2025-09-17 02:11:15.549655,road_0000,51.14858964026895,71.43899067721357,143,45.0,45,11.860645065929464,0,FREE_FLOW,collector,City Center
2025-09-17 02:11:15.549655,road_0001,51.19558998501542,71.45756838173378,216,59.02807992497297,60,9.9433840766036,0,FREE_FLOW,arterial,City Center
2025-09-17 02:11:15.549655,road_0002,51.21222340415979,71.47718542988797,50,35.0,35,14.739299382240258,0,FREE_FLOW,local,Right Bank
2025-09-17 02:11:15.549655,road_0003,51.147142431523605,71.42424835420817,98,41.39622534417735,45,6.889672562671808,0,FREE_FLOW,collector,Left Bank
2025-09-17 02:11:15.549655,road_0004,51.194896034828155,71.42672451599276,181,45.0,45,8.440782565291006,0,FREE_FLOW,collector,City Center
2025-09-17 02:11:15.549655,road_0005,51.13145373025382,71.42743582937553,92,43.45946060451369,45,0.0,0,FREE_FLOW,collector,Left Bank
2025-09-17 02:11:15.549655,road_0006,51.14525858091126,71.40871681129984,169,41.85708245723598,45,18.978694090581953,0,FREE_FLOW,collector,Left Bank
2025-09-17 02:11:15.549655,road_0007,51.13560924762398,71.46282559050066,42,41.298988228255,45,12.241050090645071,0,FREE_FLOW,collector,Right Bank
2025-09-17 02:11:15.549655,road_0008,51.106594323500836,71.4923767530675,73,43.14877738224305,45,12.082613262877953,0,FREE_FLOW,collector,Esil District
2025-09-17 02:11:15.549655,road_0009,51.1749541456762,71.45018304431642,155,59.21390569207517,60,7.975167855242366,0,FREE_FLOW,arterial,City Center
2025-09-17 02:11:15.549655,road_0010,51.204215781196154,71.42542980013923,80,41.77214129706082,45,0.0,0,FREE_FLOW,collector,Right Bank
2025-09-17 02:11:15.549655,road_0011,51.14911362341584,71.45849757916488,114,60.0,60,11.705641032289664,0,FREE_FLOW,arterial,City Center
2025-09-17 02:11:15.549655,road_0012,51.14285817159553,71.49500780438362,78,58.64981280356926,60,5.940987876924,0,FREE_FLOW,arterial,Esil District
2025-09-17 02:11:15.549655,road_0013,51.178395080248016,71.44450085336713,42,44.286381374892706,45,9.593515583861667,0,FREE_FLOW,collector,Esil District
2025-09-17 02:11:15.549655,road_0014,51.22329556186777,71.40648282801608,86,42.052149227752864,45,0.0,0,FREE_FLOW,collector,Right Bank
2025-09-17 02:11:15.549655,road_0015,51.20247308795898,71.43455351818268,103,43.50813444235234,45,15.109194011942037,0,FREE_FLOW,collector,Right Bank
2025-09-17 02:11:15.549655,road_0016,51.16488352763151,71.45530260780878,105,45.0,45,4.675806054876857,0,FREE_FLOW,collector,City Center
2025-09-17 02:11:15.549655,road_0017,51.1949632883288,71.44123238931239,106,34.61334922726433,35,11.49990309742401,0,FREE_FLOW,local,City Center
2025-09-17 02:11:15.549655,road_0018,51.15447620767163,71.43400349958901,183,45.0,45,7.958487552360358,0,FREE_FLOW,collector,City Center
2025-09-17 02:11:15.549655,road_0019,51.117113160490625,71.37143752439205,98,35.0,35,6.1430459929738115,0,FREE_FLOW,local,Left Bank
2025-09-17 02:16:15.549655,road_0000,51.14858964026895,71.43899067721357,230,40.54656652441046,45,10.21105746782715,0,FREE_FLOW,collector,City Center
2025-09-17 02:16:15.549655,road_0001,51.19558998501542,71.45756838173378,219,60.0,60,16.95308932337185,0,FREE_FLOW,arterial,City Center
2025-09-17 02:16:15.549655,road_0002,51.21222340415979,71.47718542988797,37,32.99399438248106,35,0.0,0,FREE_FLOW,local,Right Bank
2025-09-17 02:16:15.549655,road_0003,51.147142431523605,71.42424835420817,138,44.97042907360795,45,0.0,0,FREE_FLOW,collector,Left Bank
2025-09-17 02:16:15.549655,road_0004,51.194896034828155,71.42672451599276,189,44.31949997451459,45,8.720638119609509,0,FREE_FLOW,collector,City Center
2025-09-17 02:16:15.549655,road_0005,51.13145373025382,71.42743582937553,107,43.82311685944338,45,1.0862068636480684,0,FREE_FLOW,collector,Left Bank
2025-09-17 02:16:15.549655,road_0006,51.14525858091126,71.40871681129984,96,45.0,45,9.414663458698815,0,FREE_FLOW,collector,Left Bank
2025-09-17 02:16:15.549655,road_0007,51.13560924762398,71.46282559050066,108,41.579554173071045,45,3.0382405948351288,0,FREE_FLOW,collector,Right Bank
2025-09-17 02:16:15.549655,road_0008,51.106594323500836,71.4923767530675,65,45.0,45,0.7066391978148943,0,FREE_FLOW,collector,Esil District
2025-09-17 02:16:15.549655,road_0009,51.1749541456762,71.45018304431642,187,58.99819684203005,60,0.0,0,FREE_FLOW,arterial,City Center
2025-09-17 02:16:15.549655,road_0010,51.204215781196154,71.42542980013923,140,45.0,45,18.26521936154164,0,FREE_FLOW,collector,Right Bank
2025-09-17 02:16:15.549655,road_0011,51.14911362341584,71.45849757916488,189,55.170905195703185,60,1.6808886141540995,0,FREE_FLOW,arterial,City Center
2025-09-17 02:16:15.549655,road_0012,51.14285817159553,71.49500780438362,75,60.0,60,0.0,0,FREE_FLOW,arterial,Esil District
2025-09-17 02:16:15.549655,road_0013,51.178395080248016,71.44450085336713,60,43.88656446608454,45,2.3268127592330785,0,FREE_FLOW,collector,Esil District
2025-09-17 02:16:15.549655,road_0014,51.22329556186777,71.40648282801608,91,45.0,45,4.664079532002463,0,FREE_FLOW,collector,Right Bank
2025-09-17 02:16:15.549655,road_0015,51.20247308795898,71.43455351818268,68,45.0,45,1.3420996346376768,0,FREE_FLOW,collector,Right Bank
2025-09-17 02:16:15.549655,road_0016,51.16488352763151,71.45530260780878,110,43.37084890352192,45,0.0,0,FREE_FLOW,collector,City Center
2025-09-17 02:16:15.549655,road_0017,51.1949632883288,71.44123238931239,68,35.0,35,2.2534872915521404,0,FREE_FLOW,local,City Center
2025-09-17 02:16:15.549655,road_0018,51.15447620767163,71.43400349958901,146,42.22145705798318,45,12.031629389856738,0,FREE_FLOW,collector,City Center
2025-09-17 02:16:15.549655,road_0019,51.117113160490625,71.37143752439205,103,35.0,35,19.443089072982332,0,FREE_FLOW,local,Left Bank
2025-09-17 02:21:15.549655,road_0000,51.14858964026895,71.43899067721357,201,45.0,45,12.411098297159722,0,FREE_FLOW,collector,City Center
2025-09-17 02:21:15.549655,road_0001,51.19558998501542,71.45756838173378,216,59.157717674338116,60,18.580055903090162,0,FREE_FLOW,arterial,City Center
2025-09-17 02:21:15.549655,road_0002,51.21222340415979,71.47718542988797,45,35.0,35,0.0,0,FREE_FLOW,local,Right Bank
2025-09-17 02:21:15.549655,road_0003,51.147142431523605,71.42424835420817,163,45.0,45,10.54558947695086,0,FREE_FLOW,collector,Left Bank
2025-09-17 02:21:15.549655,road_0004,51.194896034828155,71.42672451599276,176,45.0,45,1.814796866999563,0,FREE_FLOW,collector,City Center
2025-09-17 02:21:15.549655,road_0005,51.13145373025382,71.42743582937553,101,45.0,45,9.099311054877472,0,FREE_FLOW,collector,Left Bank
2025-09-17 02:21:15.549655,road_0006,51.14525858091126,71.40871681129984,91,42.213050592795746,45,2.308505059813177,0,FREE_FLOW,collector,Left Bank
2025-09-17 02:21:15.549655,road_0007,51.13560924762398,71.46282559050066,83,45.0,45,5.772671823145615,0,FREE_FLOW,collector,Right Bank
2025-09-17 02:21:15.549655,road_0008,51.106594323500836,71.4923767530675,107,45.0,45,6.967108303586269,0,FREE_FLOW,collector,Esil District
2025-09-17 02:21:15.549655,road_0009,51.1749541456762,71.45018304431642,253,60.0,60,18.56274158065363,0,FREE_FLOW,arterial,City Center
2025-09-17 02:21:15.549655,road_0010,51.204215781196154,71.42542980013923,103,40.762415663832805,45,1.3619041450227378,0,FREE_FLOW,collector,Right Bank
2025-09-17 02:21:15.549655,road_0011,51.14911362341584,71.45849757916488,209,58.334915819154155,60,10.306303330744367,0,FREE_FLOW,arterial,City Center
2025-09-17 02:21:15.549655,road_0012,51.14285817159553,71.49500780438362,94,60.0,60,2.9173845098203786,0,FREE_FLOW,arterial,Esil District
2025-09-17 02:21:15.549655,road_0013,51.178395080248016,71.44450085336713,35,45.0,45,0.0,0,FREE_FLOW,collector,Esil District
2025-09-17 02:21:15.549655,road_0014,51.22329556186777,71.40648282801608,55,40.66205785436213,45,12.19454903488265,0,FREE_FLOW,collector,Right Bank
2025-09-17 02:21:15.549655,road_0015,51.20247308795898,71.43455351818268,53,45.0,45,9.98941214326346,0,FREE_FLOW,collector,Right Bank
2025-09-17 02:21:15.549655,road_0016,51.16488352763151,71.45530260780878,228,41.99816189137243,45,9.92637858210242,0,FREE_FLOW,collector,City Center
2025-09-17 02:21:15.549655,road_0017,51.1949632883288,71.44123238931239,113,35.0,35,22.358456768971934,0,FREE_FLOW,local,City Center
2025-09-17 02:21:15.549655,road_0018,51.15447620767163,71.43400349958901,200,41.54247487414849,45,18.049875353780884,0,FREE_FLOW,collector,City Center
2025-09-17 02:21:15.549655,road_0019,51.117113160490625,71.37143752439205,54,34.42366466557105,35,10.036461387691455,0,FREE_FLOW,local,Left Bank
2025-09-17 02:26:15.549655,road_0000,51.14858964026895,71.43899067721357,134,41.15247510907397,45,6.821910712300359,0,FREE_FLOW,collector,City Center
2025-09-17 02:26:15.549655,road_0001,51.19558998501542,71.45756838173378,413,60.0,60,7.300175388910381,0,FREE_FLOW,arterial,City Center
2025-09-17 02:26:15.549655,road_0002,51.21222340415979,71.47718542988797,54,35.0,35,3.8177327587656507,0,FREE_FLOW,local,Right Bank
2025-09-17 02:26:15.549655,road_0003,51.147142431523605,71.42424835420817,122,42.9717594666287,45,10.357987682800605,0,FREE_FLOW,collector,Left Bank
2025-09-17 02:26:15.549655,road_0004,51.194896034828155,71.42672451599276,178,43.041415587087094,45,7.917547650062137,0,FREE_FLOW,collector,City Center
2025-09-17 02:26:15.549655,road_0005,51.13145373025382,71.42743582937553,149,45.0,45,2.709344940628122,0,FREE_FLOW,collector,Left Bank
2025-09-17 02:26:15.549655,road_0006,51.14525858091126,71.40871681129984,141,43.783176387724644,45,11.883224946686566,0,FREE_FLOW,collector,Left Bank
2025-09-17 02:26:15.549655,road_0007,51.13560924762398,71.46282559050066,99,45.0,45,2.226905590838312,0,FREE_FLOW,collector,Right Bank
2025-09-17 02:26:15.549655,road_0008,51.106594323500836,71.4923767530675,47,45.0,45,5.713637737685962,0,FREE_FLOW,collector,Esil District
2025-09-17 02:26:15.549655,road_0009,51.1749541456762,71.45018304431642,296,60.0,60,10.52399224393151,0,FREE_FLOW,arterial,City Center
2025-09-17 02:26:15.549655,road_0010,51.204215781196154,71.42542980013923,109,41.48001740953934,45,0.0,0,FREE_FLOW,collector,Right Bank
2025-09-17 02:26:15.549655,road_0011,51.14911362341584,71.45849757916488,272,56.73165728364334,60,14.43461970030875,0,FREE_FLOW,arterial,City Center
2025-09-17 02:26:15.549655,road_0012,51.14285817159553,71.49500780438362,121,60.0,60,0.0,0,FREE_FLOW,arterial,Esil District
2025-09-17 02:26:15.549655,road_0013,51.178395080248016,71.44450085336713,92,40.69204788045007,45,10.071834736699136,0,FREE_FLOW,collector,Esil District
2025-09-17 02:26:15.549655,road_0014,51.22329556186777,71.40648282801608,91,45.0,45,0.4016470030980468,0,FREE_FLOW,collector,Right Bank
2025-09-17 02:26:15.549655,road_0015,51.20247308795898,71.43455351818268,126,43.288995455566614,45,9.352781810448862,0,FREE_FLOW,collector,Right Bank
2025-09-17 02:26:15.549655,road_0016,51.16488352763151,71.45530260780878,181,45.0,45,14.82206891488365,0,FREE_FLOW,collector,City Center
2025-09-17 02:26:15.549655,road_0017,51.1949632883288,71.44123238931239,63,32.12900968033159,35,8.84843186383962,0,FREE_FLOW,local,City Center
2025-09-17 02:26:15.549655,road_0018,51.15447620767163,71.43400349958901,96,42.60232443722221,45,0.0,0,FREE_FLOW,collector,City Center
2025-09-17 02:26:15.549655,road_0019,51.117113160490625,71.37143752439205,68,35.0,35,3.488543369130327,0,FREE_FLOW,local,Left Bank
2025-09-17 02:31:15.549655,road_0000,51.14858964026895,71.43899067721357,151,44.09196009493714,45,0.6739144149606933,0,FREE_FLOW,collector,City Center
2025-09-17 02:31:15.549655,road_0001,51.19558998501542,71.45756838173378,237,56.41307456754829,60,2.907439798404866,0,FREE_FLOW,arterial,City Center
2025-09-17 02:31:15.549655,road_0002,51.21222340415979,71.47718542988797,35,35.0,35,0.0,0,FREE_FLOW,local,Right Bank
2025-09-17 02:31:15.549655,road_0003,51.147142431523605,71.42424835420817,77,45.0,45,0.0,0,FREE_FLOW,collector,Left Bank
2025-09-17 02:31:15.549655,road_0004,51.194896034828155,71.42672451599276,90,45.0,45,6.221443607847679,0,FREE_FLOW,collector,City Center
2025-09-17 02:31:15.549655,road_0005,51.13145373025382,71.42743582937553,150,44.44067719380137,45,1.6940237174925503,0,FREE_FLOW,collector,Left Bank
2025-09-17 02:31:15.549655,road_0006,51.14525858091126,71.40871681129984,90,45.0,45,10.075498607644194,0,FREE_FLOW,collector,Left Bank
2025-09-17 02:31:15.549655,road_0007,51.13560924762398,71.46282559050066,82,41.9469376869746,45,5.4796185332732374,0,FREE_FLOW,collector,Right Bank
2025-09-17 02:31:15.549655,road_0008,51.106594323500836,71.4923767530675,76,41.06116840256964,45,8.876789792145628,0,FREE_FLOW,collector,Esil District
2025-09-17 02:31:15.549655,road_0009,51.1749541456762,71.45018304431642,250,60.0,60,7.8128915116548665,0,FREE_FLOW,arterial,City Center
2025-09-17 02:31:15.549655,road_0010,51.204215781196154,71.42542980013923,50,45.0,45,0.0,0,FREE_FLOW,collector,Right Bank
2025-09-17 02:31:15.549655,road_0011,51.14911362341584,71.45849757916488,170,60.0,60,2.3062978075746923,0,FREE_FLOW,arterial,City Center
2025-09-17 02:31:15.549655,road_0012,51.14285817159553,71.49500780438362,84,54.52110447974057,60,6.2222287574229895,0,FREE_FLOW,arterial,Esil District
2025-09-17 02:31:15.549655,road_0013,51.178395080248016,71.44450085336713,107,43.12675622479034,45,3.0888874744381596,0,FREE_FLOW,collector,Esil District
2025-09-17 02:31:15.549655,road_0014,51.22329556186777,71.40648282801608,86,45.0,45,1.5540520408898182,0,FREE_FLOW,collector,Right Bank
2025-09-17 02:31:15.549655,road_0015,51.20247308795898,71.43455351818268,48,45.0,45,4.316182558641647,0,FREE_FLOW,collector,Right Bank
2025-09-17 02:31:15.549655,road_0016,51.16488352763151,71.45530260780878,178,43.81307686444098,45,6.6879513223056515,0,FREE_FLOW,collector,City Center
2025-09-17 02:31:15.549655,road_0017,51.1949632883288,71.44123238931239,84,35.0,35,0.6514229447075977,0,FREE_FLOW,local,City Center
2025-09-17 02:31:15.549655,road_0018,51.15447620767163,71.43400349958901,127,45.0,45,4.813618117025429,0,FREE_FLOW,collector,City Center
2025-09-17 02:31:15.549655,road_0019,51.117113160490625,71.37143752439205,54,35.0,35,7.194618708381713,0,FREE_FLOW,local,Left Bank
2025-09-17 02:36:15.549655,road_0000,51.14858964026895,71.43899067721357,91,45.0,45,8.859407883377479,0,FREE_FLOW,collector,City Center
2025-09-17 02:36:15.549655,road_0001,51.19558998501542,71.45756838173378,359,60.0,60,6.241470927014609,0,FREE_FLOW,arterial,City Center
2025-09-17 02:36:15.549655,road_0002,51.21222340415979,71.47718542988797,35,32.554253650105096,35,6.9304752006027,0,FREE_FLOW,local,Right Bank
2025-09-17 02:36:15.549655,road_0003,51.147142431523605,71.42424835420817,126,41.249687006958844,45,1.125941089275102,0,FREE_FLOW,collector,Left Bank
2025-09-17 02:36:15.549655,road_0004,51.194896034828155,71.42672451599276,188,43.25000897928478,45,16.02916506233573,0,FREE_FLOW,collector,City Center
2025-09-17 02:36:15.549655,road_0005,51.13145373025382,71.42743582937553,79,42.7226968846029,45,0.0,0,FREE_FLOW,collector,Left Bank
2025-09-17 02:36:15.549655,road_0006,51.14525858091126,71.40871681129984,103,43.16837599484161,45,7.532540769608824,0,FREE_FLOW,collector,Left Bank
2025-09-17 02:36:15.549655,road_0007,51.13560924762398,71.46282559050066,83,45.0,45,0.0,0,FREE_FLOW,collector,Right Bank
2025-09-17 02:36:15.549655,road_0008,51.106594323500836,71.4923767530675,83,44.30639686816727,45,8.015183532510251,0,FREE_FLOW,collector,Esil District
2025-09-17 02:36:15.549655,road_0009,51.1749541456762,71.45018304431642,261,60.0,60,16.65725859473617,0,FREE_FLOW,arterial,City Center
2025-09-17 02:36:15.549655,road_0010,51.204215781196154,71.42542980013923,115,45.0,45,4.308887696674713,0,FREE_FLOW,collector,Right Bank
2025-09-17 02:36:15.549655,road_0011,51.14911362341584,71.45849757916488,195,60.0,60,10.769313033574853,0,FREE_FLOW,arterial,City Center
2025-09-17 02:36:15.549655,road_0012,51.14285817159553,71.49500780438362,58,60.0,60,0.0,0,FREE_FLOW,arterial,Esil District
2025-09-17 02:36:15.549655,road_0013,51.178395080248016,71.44450085336713,39,42.78197474936462,45,0.0,0,FREE_FLOW,collector,Esil District
2025-09-17 02:36:15.549655,road_0014,51.22329556186777,71.40648282801608,117,45.0,45,9.40576968869895,0,FREE_FLOW,collector,Right Bank
2025-09-17 02:36:15.549655,road_0015,51.20247308795898,71.43455351818268,97,45.0,45,9.367018048039933,0,FREE_FLOW,collector,Right Bank
2025-09-17 02:36:15.549655,road_0016,51.16488352763151,71.45530260780878,175,43.05891634649856,45,14.243298186944772,0,FREE_FLOW,collector,City Center
2025-09-17 02:36:15.549655,road_0017,51.1949632883288,71.44123238931239,95,32.16628219524532,35,14.374010937801726,0,FREE_FLOW,local,City Center
2025-09-17 02:36:15.549655,road_0018,51.15447620767163,71.43400349958901,110,42.43731139924515,45,5.958749275741519,0,FREE_FLOW,collector,City Center
2025-09-17 02:36:15.549655,road_0019,51.117113160490625,71.37143752439205,37,35.0,35,0.5289294470806496,0,FREE_FLOW,local,Left Bank
2025-09-17 02:41:15.549655,road_0000,51.14858964026895,71.43899067721357,161,45.0,45,15.702330281950163,0,FREE_FLOW,collector,City Center
2025-09-17 02:41:15.549655,road_0001,51.19558998501542,71.45756838173378,204,60.0,60,0.0,0,FREE_FLOW,arterial,City Center
2025-09-17 02:41:15.549655,road_0002,51.21222340415979,71.47718542988797,68,35.0,35,13.946813398007267,0,FREE_FLOW,local,Right Bank
2025-09-17 02:41:15.549655,road_0003,51.147142431523605,71.42424835420817,158,42.06691488573122,45,1.0572089256890873,0,FREE_FLOW,collector,Left Bank
2025-09-17 02:41:15.549655,road_0004,51.194896034828155,71.42672451599276,223,45.0,45,19.265310172528604,0,FREE_FLOW,collector,City Center
2025-09-17 02:41:15.549655,road_0005,51.13145373025382,71.42743582937553,103,44.901195078284175,45,9.86132303230335,0,FREE_FLOW,collector,Left Bank
2025-09-17 02:41:15.549655,road_0006,51.14525858091126,71.40871681129984,194,45.0,45,10.357029461182321,0,FREE_FLOW,collector,Left Bank
2025-09-17 02:41:15.549655,road_0007,51.13560924762398,71.46282559050066,63,45.0,45,0.0,0,FREE_FLOW,collector,Right Bank
2025-09-17 02:41:15.549655,road_0008,51.106594323500836,71.4923767530675,55,45.0,45,2.712791510546492,0,FREE_FLOW,collector,Esil District
2025-09-17 02:41:15.549655,road_0009,51.1749541456762,71.45018304431642,136,54.11307226079599,60,5.307867944124494,0,FREE_FLOW,arterial,City Center
2025-09-17 02:41:15.549655,road_0010,51.204215781196154,71.42542980013923,107,44.93264592810376,45,0.0,0,FREE_FLOW,collector,Right Bank
2025-09-17 02:41:15.549655,road_0011,51.14911362341584,71.45849757916488,163,54.70214868129974,60,0.0,0,FREE_FLOW,arterial,City Center
2025-09-17 02:41:15.549655,road_0012,51.14285817159553,71.49500780438362,142,60.0,60,0.0,0,FREE_FLOW,arterial,Esil District
2025-09-17 02:41:15.549655,road_0013,51.178395080248016,71.44450085336713,80,44.32031973481836,45,1.9759055111237025,0,FREE_FLOW,collector,Esil District
2025-09-17 02:41:15.549655,road_0014,51.22329556186777,71.40648282801608,118,45.0,45,5.807850582342716,0,FREE_FLOW,collector,Right Bank
2025-09-17 02:41:15.549655,road_0015,51.20247308795898,71.43455351818268,46,45.0,45,0.0,0,FREE_FLOW,collector,Right Bank
2025-09-17 02:41:15.549655,road_0016,51.16488352763151,71.45530260780878,179,42.06421188624597,45,10.468781428292944,0,FREE_FLOW,collector,City Center
2025-09-17 02:41:15.549655,road_0017,51.1949632883288,71.44123238931239,65,35.0,35,0.0,0,FREE_FLOW,local,City Center
2025-09-17 02:41:15.549655,road_0018,51.15447620767163,71.43400349958901,99,45.0,45,0.0,0,FREE_FLOW,collector,City Center
2025-09-17 02:41:15.549655,road_0019,51.117113160490625,71.37143752439205,34,34.69056552201869,35,1.553358634787143,0,FREE_FLOW,local,Left Bank
2025-09-17 02:46:15.549655,road_0000,51.14858964026895,71.43899067721357,187,45.0,45,16.8862289615612,0,FREE_FLOW,collector,City Center
2025-09-17 02:46:15.549655,road_0001,51.19558998501542,71.45756838173378,227,56.11767598127781,60,2.212735647763667,0,FREE_FLOW,arterial,City Center
2025-09-17 02:46:15.549655,road_0002,51.21222340415979,71.47718542988797,32,34.6206998931994,35,13.97161244208716,0,FREE_FLOW,local,Right Bank
2025-09-17 02:46:15.549655,road_0003,51.147142431523605,71.42424835420817,134,44.83535515013477,45,2.8490143750405466,0,FREE_FLOW,collector,Left Bank
2025-09-17 02:46:15.549655,road_0004,51.194896034828155,71.42672451599276,106,40.76680718221355,45,6.523181138459976,0,FREE_FLOW,collector,City Center
2025-09-17 02:46:15.549655,road_0005,51.13145373025382,71.42743582937553,113,45.0,45,13.332944091179934,0,FREE_FLOW,collector,Left Bank
2025-09-17 02:46:15.549655,road_0006,51.14525858091126,71.40871681129984,165,41.90131753494216,45,15.251676447597404,0,FREE_FLOW,collector,Left Bank
2025-09-17 02:46:15.549655,road_0007,51.13560924762398,71.46282559050066,57,45.0,45,7.703360717314811,0,FREE_FLOW,collector,Right Bank
2025-09-17 02:46:15.549655,road_0008,51.106594323500836,71.4923767530675,85,44.4770391591358,45,2.039630057514323,0,FREE_FLOW,collector,Esil District
2025-09-17 02:46:15.549655,road_0009,51.1749541456762,71.45018304431642,228,54.236207984332935,60,9.812227968804565,0,FREE_FLOW,arterial,City Center
2025-09-17 02:46:15.549655,road_0010,51.204215781196154,71.42542980013923,65,43.328447040279315,45,5.577670494304268,0,FREE_FLOW,collector,Right Bank
2025-09-17 02:46:15.549655,road_0011,51.14911362341584,71.45849757916488,287,60.0,60,8.29937794164794,0,FREE_FLOW,arterial,City Center
2025-09-17 02:46:15.549655,road_0012,51.14285817159553,71.49500780438362,147,54.67282814450973,60,2.5682275729396666,0,FREE_FLOW,arterial,Esil District
2025-09-17 02:46:15.549655,road_0013,51.178395080248016,71.44450085336713,89,45.0,45,0.0,0,FREE_FLOW,collector,Esil District
2025-09-17 02:46:15.549655,road_0014,51.22329556186777,71.40648282801608,59,45.0,45,9.04335451267517,0,FREE_FLOW,collector,Right Bank
2025-09-17 02:46:15.549655,road_0015,51.20247308795898,71.43455351818268,41,45.0,45,10.50319901929035,0,FREE_FLOW,collector,Right Bank
2025-09-17 02:46:15.549655,road_0016,51.16488352763151,71.45530260780878,166,43.10088755598643,45,15.970727691859281,0,FREE_FLOW,collector,City Center
2025-09-17 02:46:15.549655,road_0017,51.1949632883288,71.44123238931239,71,35.0,35,2.028035083195337,0,FREE_FLOW,local,City Center
2025-09-17 02:46:15.549655,road_0018,51.15447620767163,71.43400349958901,223,40.53779508661479,45,16.506128764216726,0,FREE_FLOW,collector,City Center
2025-09-17 02:46:15.549655,road_0019,51.117113160490625,71.37143752439205,82,32.70390951433085,35,14.9075126930044,0,FREE_FLOW,local,Left Bank
2025-09-17 02:51:15.549655,road_0000,51.14858964026895,71.43899067721357,157,45.0,45,13.524314980296003,0,FREE_FLOW,collector,City Center
2025-09-17 02:51:15.549655,road_0001,51.19558998501542,71.45756838173378,250,55.638189299165525,60,0.38061936161760634,0,FREE_FLOW,arterial,City Center
2025-09-17 02:51:15.549655,road_0002,51.21222340415979,71.47718542988797,24,31.551164364218376,35,0.0,0,FREE_FLOW,local,Right Bank
2025-09-17 02:51:15.549655,road_0003,51.147142431523605,71.42424835420817,73,45.0,45,13.66190230970669,0,FREE_FLOW,collector,Left Bank
2025-09-17 02:51:15.549655,road_0004,51.194896034828155,71.42672451599276,99,45.0,45,6.2051554814764645,0,FREE_FLOW,collector,City Center
2025-09-17 02:51:15.549655,road_0005,51.13145373025382,71.42743582937553,145,42.011206539303984,45,9.236363791954476,0,FREE_FLOW,collector,Left Bank
2025-09-17 02:51:15.549655,road_0006,51.14525858091126,71.40871681129984,156,44.653546866066634,45,2.741378660602532,0,FREE_FLOW,collector,Left Bank
2025-09-17 02:51:15.549655,road_0007,51.13560924762398,71.46282559050066,88,45.0,45,14.106134057648369,0,FREE_FLOW,collector,Right Bank
2025-09-17 02:51:15.549655,road_0008,51.106594323500836,71.4923767530675,57,44.24042929191145,45,5.465288214211847,0,FREE_FLOW,collector,Esil District
2025-09-17 02:51:15.549655,road_0009,51.1749541456762,71.45018304431642,270,60.0,60,12.915270467621172,0,FREE_FLOW,arterial,City Center
2025-09-17 02:51:15.549655,road_0010,51.204215781196154,71.42542980013923,71,45.0,45,4.5310425015963895,0,FREE_FLOW,collector,Right Bank
2025-09-17 02:51:15.549655,road_0011,51.14911362341584,71.45849757916488,338,60.0,60,16.317298311469294,0,FREE_FLOW,arterial,City Center
2025-09-17 02:51:15.549655,road_0012,51.14285817159553,71.49500780438362,69,60.0,60,7.547962565555684,0,FREE_FLOW,arterial,Esil District
2025-09-17 02:51:15.549655,road_0013,51.178395080248016,71.44450085336713,104,41.41359841406777,45,2.8748488441546014,0,FREE_FLOW,collector,Esil District
2025-09-17 02:51:15.549655,road_0014,51.22329556186777,71.40648282801608,58,41.81562064353359,45,9.49176175279841,0,FREE_FLOW,collector,Right Bank
2025-09-17 02:51:15.549655,road_0015,51.20247308795898,71.43455351818268,106,45.0,45,2.638742361064721,0,FREE_FLOW,collector,Right Bank
2025-09-17 02:51:15.549655,road_0016,51.16488352763151,71.45530260780878,175,45.0,45,8.430312198193286,0,FREE_FLOW,collector,City Center
2025-09-17 02:51:15.549655,road_0017,51.1949632883288,71.44123238931239,83,35.0,35,1.0723534046082683,0,FREE_FLOW,local,City Center
2025-09-17 02:51:15.549655,road_0018,51.15447620767163,71.43400349958901,164,45.0,45,8.390908802858355,0,FREE_FLOW,collector,City Center
2025-09-17 02:51:15.549655,road_0019,51.117113160490625,71.37143752439205,87,35.0,35,2.9903207412824937,0,FREE_FLOW,local,Left Bank
2025-09-17 02:56:15.549655,road_0000,51.14858964026895,71.43899067721357,144,45.0,45,15.156365607679907,0,FREE_FLOW,collector,City Center
2025-09-17 02:56:15.549655,road_0001,51.19558998501542,71.45756838173378,324,57.146166896265434,60,4.130220110351674,0,FREE_FLOW,arterial,City Center
2025-09-17 02:56:15.549655,road_0002,51.21222340415979,71.47718542988797,66,32.68360035833105,35,2.0219709372126253,0,FREE_FLOW,local,Right Bank
2025-09-17 02:56:15.549655,road_0003,51.147142431523605,71.42424835420817,163,45.0,45,18.073461777819823,0,FREE_FLOW,collector,Left Bank
2025-09-17 02:56:15.549655,road_0004,51.194896034828155,71.42672451599276,107,45.0,45,11.46280510857354,0,FREE_FLOW,collector,City Center
2025-09-17 02:56:15.549655,road_0005,51.13145373025382,71.42743582937553,127,45.0,45,10.455282851816287,0,FREE_FLOW,collector,Left Bank
2025-09-17 02:56:15.549655,road_0006,51.14525858091126,71.40871681129984,176,45.0,45,2.291226497389218,0,FREE_FLOW,collector,Left Bank
2025-09-17 02:56:15.549655,road_0007,51.13560924762398,71.46282559050066,57,45.0,45,3.531853086261113,0,FREE_FLOW,collector,Right Bank
2025-09-17 02:56:15.549655,road_0008,51.106594323500836,71.4923767530675,38,45.0,45,0.0,0,FREE_FLOW,collector,Esil District
2025-09-17 02:56:15.549655,road_0009,51.1749541456762,71.45018304431642,253,54.61767406731995,60,7.312811890159917,0,FREE_FLOW,arterial,City Center
2025-09-17 02:56:15.549655,road_0010,51.204215781196154,71.42542980013923,60,45.0,45,8.05544596297724,0,FREE_FLOW,collector,Right Bank
2025-09-17 02:56:15.549655,road_0011,51.14911362341584,71.45849757916488,133,60.0,60,0.0,0,FREE_FLOW,arterial,City Center
2025-09-17 02:56:15.549655,road_0012,51.14285817159553,71.49500780438362,92,60.0,60,0.6124421393530959,0,FREE_FLOW,arterial,Esil District
2025-09-17 02:56:15.549655,road_0013,51.178395080248016,71.44450085336713,86,40.769992113327575,45,8.561109080573925,0,FREE_FLOW,collector,Esil District
2025-09-17 02:56:15.549655,road_0014,51.22329556186777,71.40648282801608,74,43.883847632813584,45,6.231535787197954,0,FREE_FLOW,collector,Right Bank
2025-09-17 02:56:15.549655,road_0015,51.20247308795898,71.43455351818268,65,45.0,45,1.9628976179122546,0,FREE_FLOW,collector,Right Bank
2025-09-17 02:56:15.549655,road_0016,51.16488352763151,71.45530260780878,95,42.690577295423395,45,13.072917224551842,0,FREE_FLOW,collector,City Center
2025-09-17 02:56:15.549655,road_0017,51.1949632883288,71.44123238931239,43,34.523047754822706,35,11.755898007581532,0,FREE_FLOW,local,City Center
2025-09-17 02:56:15.549655,road_0018,51.15447620767163,71.43400349958901,118,43.59311838693231,45,12.087669627800807,0,FREE_FLOW,collector,City Center
2025-09-17 02:56:15.549655,road_0019,51.117113160490625,71.37143752439205,76,35.0,35,10.037857131437693,0,FREE_FLOW,local,Left Bank
2025-09-17 03:01:15.549655,road_0000,51.14858964026895,71.43899067721357,98,45.0,45,8.244709975505167,0,FREE_FLOW,collector,City Center
2025-09-17 03:01:15.549655,road_0001,51.19558998501542,71.45756838173378,354,60.0,60,5.638250064126067,0,FREE_FLOW,arterial,City Center
2025-09-17 03:01:15.549655,road_0002,51.21222340415979,71.47718542988797,34,33.463580231711404,35,13.694040027253095,0,FREE_FLOW,local,Right Bank
2025-09-17 03:01:15.549655,road_0003,51.147142431523605,71.42424835420817,121,45.0,45,12.45792555802906,0,FREE_FLOW,collector,Left Bank
2025-09-17 03:01:15.549655,road_0004,51.194896034828155,71.42672451599276,181,45.0,45,17.44080196497926,0,FREE_FLOW,collector,City Center
2025-09-17 03:01:15.549655,road_0005,51.13145373025382,71.42743582937553,147,43.57570710211013,45,7.8349338107127995,0,FREE_FLOW,collector,Left Bank
2025-09-17 03:01:15.549655,road_0006,51.14525858091126,71.40871681129984,172,45.0,45,6.452692073736707,0,FREE_FLOW,collector,Left Bank
2025-09-17 03:01:15.549655,road_0007,51.13560924762398,71.46282559050066,43,45.0,45,5.068145858005941,0,FREE_FLOW,collector,Right Bank
2025-09-17 03:01:15.549655,road_0008,51.106594323500836,71.4923767530675,94,44.138045108740236,45,12.440494957182931,0,FREE_FLOW,collector,Esil District
2025-09-17 03:01:15.549655,road_0009,51.1749541456762,71.45018304431642,368,60.0,60,10.890558091147577,0,FREE_FLOW,arterial,City Center
2025-09-17 03:01:15.549655,road_0010,51.204215781196154,71.42542980013923,41,40.58778452012568,45,11.666387602516298,0,FREE_FLOW,collector,Right Bank
2025-09-17 03:01:15.549655,road_0011,51.14911362341584,71.45849757916488,154,55.26821302424887,60,10.135373220938611,0,FREE_FLOW,arterial,City Center
2025-09-17 03:01:15.549655,road_0012,51.14285817159553,71.49500780438362,72,58.301379261958964,60,10.335188254778608,0,FREE_FLOW,arterial,Esil District
2025-09-17 03:01:15.549655,road_0013,51.178395080248016,71.44450085336713,45,45.0,45,10.662321061775053,0,FREE_FLOW,collector,Esil District
2025-09-17 03:01:15.549655,road_0014,51.22329556186777,71.40648282801608,56,41.9107409662869,45,2.344353885166114,0,FREE_FLOW,collector,Right Bank
2025-09-17 03:01:15.549655,road_0015,51.20247308795898,71.43455351818268,117,41.26957525002368,45,17.092968573426308,0,FREE_FLOW,collector,Right Bank
2025-09-17 03:01:15.549655,road_0016,51.16488352763151,71.45530260780878,128,44.78305409740277,45,6.441864443449943,0,FREE_FLOW,collector,City Center
2025-09-17 03:01:15.549655,road_0017,51.1949632883288,71.44123238931239,84,35.0,35,1.207942790689259,0,FREE_FLOW,local,City Center
2025-09-17 03:01:15.549655,road_0018,51.15447620767163,71.43400349958901,132,45.0,45,12.606512911508883,0,FREE_FLOW,collector,City Center
2025-09-17 03:01:15.549655,road_0019,51.117113160490625,71.37143752439205,76,35.0,35,2.4738501686000562,0,FREE_FLOW,local,Left Bank
2025-09-17 03:06:15.549655,road_0000,51.14858964026895,71.43899067721357,160,44.58853925590823,45,19.57116096730072,0,FREE_FLOW,collector,City Center
2025-09-17 03:06:15.549655,road_0001,51.19558998501542,71.45756838173378,275,60.0,60,6.790655866478634,0,FREE_FLOW,arterial,City Center
2025-09-17 03:06:15.549655,road_0002,51.21222340415979,71.47718542988797,31,32.711216306848144,35,1.0465715634929644,0,FREE_FLOW,local,Right Bank
2025-09-17 03:06:15.549655,road_0003,51.147142431523605,71.42424835420817,127,42.06399611099645,45,7.212811819261924,0,FREE_FLOW,collector,Left Bank
2025-09-17 03:06:15.549655,road_0004,51.194896034828155,71.42672451599276,81,43.15384927839199,45,0.0,0,FREE_FLOW,collector,City Center
2025-09-17 03:06:15.549655,road_0005,51.13145373025382,71.42743582937553,55,42.14420464818783,45,3.0755544093491562,0,FREE_FLOW,collector,Left Bank
2025-09-17 03:06:15.549655,road_0006,51.14525858091126,71.40871681129984,91,42.48010901772503,45,0.0,0,FREE_FLOW,collector,Left Bank
2025-09-17 03:06:15.549655,road_0007,51.13560924762398,71.46282559050066,96,42.2795941702531,45,0.12319188441259588,0,FREE_FLOW,collector,Right Bank
2025-09-17 03:06:15.549655,road_0008,51.106594323500836,71.4923767530675,81,41.22485076786001,45,13.50836436424718,0,FREE_FLOW,collector,Esil District
2025-09-17 03:06:15.549655,road_0009,51.1749541456762,71.45018304431642,332,56.948523447109224,60,15.454107440745934,0,FREE_FLOW,arterial,City Center
2025-09-17 03:06:15.549655,road_0010,51.204215781196154,71.42542980013923,116,45.0,45,11.247334460090634,0,FREE_FLOW,collector,Right Bank
2025-09-17 03:06:15.549655,road_0011,51.14911362341584,71.45849757916488,185,57.50311767395073,60,1.0717027989010193,0,FREE_FLOW,arterial,City Center
2025-09-17 03:06:15.549655,road_0012,51.14285817159553,71.49500780438362,106,55.48950411979882,60,12.908084305408005,0,FREE_FLOW,arterial,Esil District
2025-09-17 03:06:15.549655,road_0013,51.178395080248016,71.44450085336713,80,44.400067358546266,45,9.293942459240604,0,FREE_FLOW,collector,Esil District
2025-09-17 03:06:15.549655,road_0014,51.22329556186777,71.40648282801608,87,44.86891661812532,45,12.143169674946797,0,FREE_FLOW,collector,Right Bank
2025-09-17 03:06:15.549655,road_0015,51.20247308795898,71.43455351818268,67,41.72193568345103,45,7.441655394577445,0,FREE_FLOW,collector,Right Bank
2025-09-17 03:06:15.549655,road_0016,51.16488352763151,71.45530260780878,107,44.183368084667414,45,7.207006084043629,0,FREE_FLOW,collector,City Center
2025-09-17 03:06:15.549655,road_0017,51.1949632883288,71.44123238931239,64,34.94874427579189,35,3.109318779454062,0,FREE_FLOW,local,City Center
2025-09-17 03:06:15.549655,road_0018,51.15447620767163,71.43400349958901,84,42.071771689287736,45,0.0,0,FREE_FLOW,collector,City Center
2025-09-17 03:06:15.549655,road_0019,51.117113160490625,71.37143752439205,38,34.11890448965107,35,0.0,0,FREE_FLOW,local,Left Bank
2025-09-17 03:11:15.549655,road_0000,51.14858964026895,71.43899067721357,109,45.0,45,7.224989174313334,0,FREE_FLOW,collector,City Center
2025-09-17 03:11:15.549655,road_0001,51.19558998501542,71.45756838173378,209,54.41055394438014,60,14.92262142428217,0,FREE_FLOW,arterial,City Center
2025-09-17 03:11:15.549655,road_0002,51.21222340415979,71.47718542988797,46,35.0,35,6.8623368876594135,0,FREE_FLOW,local,Right Bank
2025-09-17 03:11:15.549655,road_0003,51.147142431523605,71.42424835420817,150,41.12562772411356,45,18.79152049077339,0,FREE_FLOW,collector,Left Bank
2025-09-17 03:11:15.549655,road_0004,51.194896034828155,71.42672451599276,225,43.79199058273799,45,23.276496025858766,0,FREE_FLOW,collector,City Center
2025-09-17 03:11:15.549655,road_0005,51.13145373025382,71.42743582937553,195,43.54854180782828,45,9.566450419316112,0,FREE_FLOW,collector,Left Bank
2025-09-17 03:11:15.549655,road_0006,51.14525858091126,71.40871681129984,111,44.40129925063885,45,1.03798534909415,0,FREE_FLOW,collector,Left Bank
2025-09-17 03:11:15.549655,road_0007,51.13560924762398,71.46282559050066,47,45.0,45,6.467994291180412,0,FREE_FLOW,collector,Right Bank
2025-09-17 03:11:15.549655,road_0008,51.106594323500836,71.4923767530675,49,41.12592087683427,45,0.0,0,FREE_FLOW,collector,Esil District
2025-09-17 03:11:15.549655,road_0009,51.1749541456762,71.45018304431642,209,55.65835876520691,60,1.9349736944856737,0,FREE_FLOW,arterial,City Center
2025-09-17 03:11:15.549655,road_0010,51.204215781196154,71.42542980013923,97,44.66723140093734,45,1.4887507460479705,0,FREE_FLOW,collector,Right Bank
2025-09-17 03:11:15.549655,road_0011,51.14911362341584,71.45849757916488,210,60.0,60,9.522791194935879,0,FREE_FLOW,arterial,City Center
2025-09-17 03:11:15.549655,road_0012,51.14285817159553,71.49500780438362,125,60.0,60,14.831845178725256,0,FREE_FLOW,arterial,Esil District
2025-09-17 03:11:15.549655,road_0013,51.178395080248016,71.44450085336713,99,45.0,45,7.176117931352901,0,FREE_FLOW,collector,Esil District
2025-09-17 03:11:15.549655,road_0014,51.22329556186777,71.40648282801608,140,44.867192623379175,45,14.516859273698964,0,FREE_FLOW,collector,Right Bank
2025-09-17 03:11:15.549655,road_0015,51.20247308795898,71.43455351818268,68,40.74139538462299,45,10.083922471974507,0,FREE_FLOW,collector,Right Bank
2025-09-17 03:11:15.549655,road_0016,51.16488352763151,71.45530260780878,110,45.0,45,12.932288303562977,0,FREE_FLOW,collector,City Center
2025-09-17 03:11:15.549655,road_0017,51.1949632883288,71.44123238931239,86,35.0,35,11.512924881338131,0,FREE_FLOW,local,City Center
2025-09-17 03:11:15.549655,road_0018,51.15447620767163,71.43400349958901,193,45.0,45,19.114239096352215,0,FREE_FLOW,collector,City Center
2025-09-17 03:11:15.549655,road_0019,51.117113160490625,71.37143752439205,50,35.0,35,11.44635195663789,0,FREE_FLOW,local,Left Bank
2025-09-17 03:16:15.549655,road_0000,51.14858964026895,71.43899067721357,82,45.0,45,11.61054790743273,0,FREE_FLOW,collector,City Center
2025-09-17 03:16:15.549655,road_0001,51.19558998501542,71.45756838173378,310,60.0,60,10.036781981350188,0,FREE_FLOW,arterial,City Center
2025-09-17 03:16:15.549655,road_0002,51.21222340415979,71.47718542988797,46,32.836015733363254,35,10.446884995997726,0,FREE_FLOW,local,Right Bank
2025-09-17 03:16:15.549655,road_0003,51.147142431523605,71.42424835420817,122,45.0,45,0.0,0,FREE_FLOW,collector,Left Bank
2025-09-17 03:16:15.549655,road_0004,51.194896034828155,71.42672451599276,168,40.59074509863344,45,11.203325066045606,0,FREE_FLOW,collector,City Center
2025-09-17 03:16:15.549655,road_0005,51.13145373025382,71.42743582937553,98,44.512069516750614,45,14.95491009164024,0,FREE_FLOW,collector,Left Bank
2025-09-17 03:16:15.549655,road_0006,51.14525858091126,71.40871681129984,118,41.24489256878596,45,8.311151521171073,0,FREE_FLOW,collector,Left Bank
2025-09-17 03:16:15.549655,road_0007,51.13560924762398,71.46282559050066,84,44.033941806853555,45,3.045088362548525,0,FREE_FLOW,collector,Right Bank
2025-09-17 03:16:15.549655,road_0008,51.106594323500836,71.4923767530675,87,43.17127639620024,45,7.552966429775667,0,FREE_FLOW,collector,Esil District
2025-09-17 03:16:15.549655,road_0009,51.1749541456762,71.45018304431642,200,60.0,60,6.605938673954476,0,FREE_FLOW,arterial,City Center
2025-09-17 03:16:15.549655,road_0010,51.204215781196154,71.42542980013923,63,40.743536390628684,45,1.6843126238891513,0,FREE_FLOW,collector,Right Bank
2025-09-17 03:16:15.549655,road_0011,51.14911362341584,71.45849757916488,304,59.76677368261871,60,8.855368744574992,0,FREE_FLOW,arterial,City Center
2025-09-17 03:16:15.549655,road_0012,51.14285817159553,71.49500780438362,159,60.0,60,14.46681840950555,0,FREE_FLOW,arterial,Esil District
2025-09-17 03:16:15.549655,road_0013,51.178395080248016,71.44450085336713,49,41.55352295296522,45,0.0,0,FREE_FLOW,collector,Esil District
2025-09-17 03:16:15.549655,road_0014,51.22329556186777,71.40648282801608,43,43.676805511040925,45,0.0,0,FREE_FLOW,collector,Right Bank
2025-09-17 03:16:15.549655,road_0015,51.20247308795898,71.43455351818268,40,45.0,45,0.0,0,FREE_FLOW,collector,Right Bank
2025-09-17 03:16:15.549655,road_0016,51.16488352763151,71.45530260780878,148,45.0,45,9.609812352922688,0,FREE_FLOW,collector,City Center
2025-09-17 03:16:15.549655,road_0017,51.1949632883288,71.44123238931239,52,35.0,35,13.184467504308692,0,FREE_FLOW,local,City Center
2025-09-17 03:16:15.549655,road_0018,51.15447620767163,71.43400349958901,171,45.0,45,17.917726773626867,0,FREE_FLOW,collector,City Center
2025-09-17 03:16:15.549655,road_0019,51.117113160490625,71.37143752439205,74,35.0,35,1.6289214730649766,0,FREE_FLOW,local,Left Bank
2025-09-17 03:21:15.549655,road_0000,51.14858964026895,71.43899067721357,111,44.48300164322355,45,1.5051220784553623,0,FREE_FLOW,collector,City Center
2025-09-17 03:21:15.549655,road_0001,51.19558998501542,71.45756838173378,348,60.0,60,6.915567319280428,0,FREE_FLOW,arterial,City Center
2025-09-17 03:21:15.549655,road_0002,51.21222340415979,71.47718542988797,21,32.14944848345021,35,2.0994966954319416,0,FREE_FLOW,local,Right Bank
2025-09-17 03:21:15.549655,road_0003,51.147142431523605,71.42424835420817,113,41.558777419948726,45,10.550482371535088,0,FREE_FLOW,collector,Left Bank
2025-09-17 03:21:15.549655,road_0004,51.194896034828155,71.42672451599276,208,41.1134808328317,45,22.37472987512912,0,FREE_FLOW,collector,City Center
2025-09-17 03:21:15.549655,road_0005,51.13145373025382,71.42743582937553,140,44.837975096791325,45,17.386623157643555,0,FREE_FLOW,collector,Left Bank
2025-09-17 03:21:15.549655,road_0006,51.14525858091126,71.40871681129984,148,42.777939981575294,45,8.531251095973655,0,FREE_FLOW,collector,Left Bank
2025-09-17 03:21:15.549655,road_0007,51.13560924762398,71.46282559050066,51,44.848813263535945,45,6.694361591738657,0,FREE_FLOW,collector,Right Bank
2025-09-17 03:21:15.549655,road_0008,51.106594323500836,71.4923767530675,38,43.32722174441324,45,11.003328544839372,0,FREE_FLOW,collector,Esil District
2025-09-17 03:21:15.549655,road_0009,51.1749541456762,71.45018304431642,140,56.769661381755235,60,0.6685183593466943,0,FREE_FLOW,arterial,City Center
2025-09-17 03:21:15.549655,road_0010,51.204215781196154,71.42542980013923,58,45.0,45,2.479600760948411,0,FREE_FLOW,collector,Right Bank
2025-09-17 03:21:15.549655,road_0011,51.14911362341584,71.45849757916488,123,55.78651465221851,60,9.159719963801837,0,FREE_FLOW,arterial,City Center
2025-09-17 03:21:15.549655,road_0012,51.14285817159553,71.49500780438362,134,54.12185275269553,60,12.992298051317796,0,FREE_FLOW,arterial,Esil District
2025-09-17 03:21:15.549655,road_0013,51.178395080248016,71.44450085336713,85,41.81141234027987,45,5.0442388231088575,0,FREE_FLOW,collector,Esil District
2025-09-17 03:21:15.549655,road_0014,51.22329556186777,71.40648282801608,69,45.0,45,0.0,0,FREE_FLOW,collector,Right Bank
2025-09-17 03:21:15.549655,road_0015,51.20247308795898,71.43455351818268,60,43.65998762684617,45,0.0,0,FREE_FLOW,collector,Right Bank
2025-09-17 03:21:15.549655,road_0016,51.16488352763151,71.45530260780878,154,43.373714173146055,45,18.752627828327434,0,FREE_FLOW,collector,City Center
2025-09-17 03:21:15.549655,road_0017,51.1949632883288,71.44123238931239,76,34.71723320152921,35,6.674702878890349,0,FREE_FLOW,local,City Center
2025-09-17 03:21:15.549655,road_0018,51.15447620767163,71.43400349958901,199,43.53105828141085,45,20.589255349360567,0,FREE_FLOW,collector,City Center
2025-09-17 03:21:15.549655,road_0019,51.117113160490625,71.37143752439205,48,35.0,35,0.0,0,FREE_FLOW,local,Left Bank
2025-09-17 03:26:15.549655,road_0000,51.14858964026895,71.43899067721357,100,40.652872435638116,45,0.0,0,FREE_FLOW,collector,City Center
2025-09-17 03:26:15.549655,road_0001,51.19558998501542,71.45756838173378,266,60.0,60,7.695624719251475,0,FREE_FLOW,arterial,City Center
2025-09-17 03:26:15.549655,road_0002,51.21222340415979,71.47718542988797,64,32.613936893053214,35,15.681575884708579,0,FREE_FLOW,local,Right Bank
2025-09-17 03:26:15.549655,road_0003,51.147142431523605,71.42424835420817,96,41.466161626804684,45,10.873387855568803,0,FREE_FLOW,collector,Left Bank
2025-09-17 03:26:15.549655,road_0004,51.194896034828155,71.42672451599276,122,44.11584841647561,45,0.0,0,FREE_FLOW,collector,City Center
2025-09-17 03:26:15.549655,road_0005,51.13145373025382,71.42743582937553,101,42.72278096464498,45,14.005046098181607,0,FREE_FLOW,collector,Left Bank
2025-09-17 03:26:15.549655,road_0006,51.14525858091126,71.40871681129984,152,45.0,45,12.103446519392072,0,FREE_FLOW,collector,Left Bank
2025-09-17 03:26:15.549655,road_0007,51.13560924762398,71.46282559050066,80,43.196598500856,45,14.540021414212744,0,FREE_FLOW,collector,Right Bank
2025-09-17 03:26:15.549655,road_0008,51.106594323500836,71.4923767530675,56,45.0,45,0.0,0,FREE_FLOW,collector,Esil District
2025-09-17 03:26:15.549655,road_0009,51.1749541456762,71.45018304431642,301,55.474593048156244,60,10.55418514250147,0,FREE_FLOW,arterial,City Center
2025-09-17 03:26:15.549655,road_0010,51.204215781196154,71.42542980013923,71,41.60210363069587,45,4.924699893134243,0,FREE_FLOW,collector,Right Bank
2025-09-17 03:26:15.549655,road_0011,51.14911362341584,71.45849757916488,237,60.0,60,9.482853617288994,0,FREE_FLOW,arterial,City Center
2025-09-17 03:26:15.549655,road_0012,51.14285817159553,71.49500780438362,174,56.57587382398492,60,0.0,0,FREE_FLOW,arterial,Esil District
2025-09-17 03:26:15.549655,road_0013,51.178395080248016,71.44450085336713,40,40.79119629546179,45,7.142674982806686,0,FREE_FLOW,collector,Esil District
2025-09-17 03:26:15.549655,road_0014,51.22329556186777,71.40648282801608,54,45.0,45,1.8021600346914362,0,FREE_FLOW,collector,Right Bank
2025-09-17 03:26:15.549655,road_0015,51.20247308795898,71.43455351818268,80,45.0,45,3.073836661809814,0,FREE_FLOW,collector,Right Bank
2025-09-17 03:26:15.549655,road_0016,51.16488352763151,71.45530260780878,155,43.9764251638704,45,13.397434413086053,0,FREE_FLOW,collector,City Center
2025-09-17 03:26:15.549655,road_0017,51.1949632883288,71.44123238931239,90,35.0,35,19.1986584977317,0,FREE_FLOW,local,City Center
2025-09-17 03:26:15.549655,road_0018,51.15447620767163,71.43400349958901,107,45.0,45,0.0,0,FREE_FLOW,collector,City Center
2025-09-17 03:26:15.549655,road_0019,51.117113160490625,71.37143752439205,57,33.94341407694347,35,14.184275265902937,0,FREE_FLOW,local,Left Bank
2025-09-17 03:31:15.549655,road_0000,51.14858964026895,71.43899067721357,106,45.0,45,15.737993685554823,0,FREE_FLOW,collector,City Center
2025-09-17 03:31:15.549655,road_0001,51.19558998501542,71.45756838173378,249,60.0,60,8.132926514211356,0,FREE_FLOW,arterial,City Center
2025-09-17 03:31:15.549655,road_0002,51.21222340415979,71.47718542988797,58,35.0,35,16.2444171633872,0,FREE_FLOW,local,Right Bank
2025-09-17 03:31:15.549655,road_0003,51.147142431523605,71.42424835420817,116,45.0,45,15.119427754804956,0,FREE_FLOW,collector,Left Bank
2025-09-17 03:31:15.549655,road_0004,51.194896034828155,71.42672451599276,134,42.38009421899136,45,5.617983876329445,0,FREE_FLOW,collector,City Center
2025-09-17 03:31:15.549655,road_0005,51.13145373025382,71.42743582937553,157,44.284456350315466,45,16.75023167986879,0,FREE_FLOW,collector,Left Bank
2025-09-17 03:31:15.549655,road_0006,51.14525858091126,71.40871681129984,71,45.0,45,0.0,0,FREE_FLOW,collector,Left Bank
2025-09-17 03:31:15.549655,road_0007,51.13560924762398,71.46282559050066,71,45.0,45,3.24569967448429,0,FREE_FLOW,collector,Right Bank
2025-09-17 03:31:15.549655,road_0008,51.106594323500836,71.4923767530675,42,45.0,45,8.9709587470735,0,FREE_FLOW,collector,Esil District
2025-09-17 03:31:15.549655,road_0009,51.1749541456762,71.45018304431642,174,56.05766549447433,60,8.912812993473283,0,FREE_FLOW,arterial,City Center
2025-09-17 03:31:15.549655,road_0010,51.204215781196154,71.42542980013923,115,42.10749522410918,45,7.80305036467888,0,FREE_FLOW,collector,Right Bank
2025-09-17 03:31:15.549655,road_0011,51.14911362341584,71.45849757916488,221,56.89559700952799,60,2.51904478873863,0,FREE_FLOW,arterial,City Center
2025-09-17 03:31:15.549655,road_0012,51.14285817159553,71.49500780438362,134,60.0,60,0.0,0,FREE_FLOW,arterial,Esil District
2025-09-17 03:31:15.549655,road_0013,51.178395080248016,71.44450085336713,44,45.0,45,8.506632033324918,0,FREE_FLOW,collector,Esil District
2025-09-17 03:31:15.549655,road_0014,51.22329556186777,71.40648282801608,75,44.909273146591836,45,13.486336103111178,0,FREE_FLOW,collector,Right Bank
2025-09-17 03:31:15.549655,road_0015,51.20247308795898,71.43455351818268,47,45.0,45,0.0,0,FREE_FLOW,collector,Right Bank
2025-09-17 03:31:15.549655,road_0016,51.16488352763151,71.45530260780878,236,44.0433858298329,45,12.178507777333227,0,FREE_FLOW,collector,City Center
2025-09-17 03:31:15.549655,road_0017,51.1949632883288,71.44123238931239,93,32.02085597571636,35,19.428260656340655,0,FREE_FLOW,local,City Center
2025-09-17 03:31:15.549655,road_0018,51.15447620767163,71.43400349958901,150,45.0,45,7.9013378481005825,0,FREE_FLOW,collector,City Center
2025-09-17 03:31:15.549655,road_0019,51.117113160490625,71.37143752439205,68,35.0,35,1.9187567261878238,0,FREE_FLOW,local,Left Bank
2025-09-17 03:36:15.549655,road_0000,51.14858964026895,71.43899067721357,188,44.02448494841155,45,3.8723138499584984,0,FREE_FLOW,collector,City Center
2025-09-17 03:36:15.549655,road_0001,51.19558998501542,71.45756838173378,186,59.25083472097978,60,8.86951170333584,0,FREE_FLOW,arterial,City Center
2025-09-17 03:36:15.549655,road_0002,51.21222340415979,71.47718542988797,55,35.0,35,16.58826239107031,0,FREE_FLOW,local,Right Bank
2025-09-17 03:36:15.549655,road_0003,51.147142431523605,71.42424835420817,124,45.0,45,15.601678834978568,0,FREE_FLOW,collector,Left Bank
2025-09-17 03:36:15.549655,road_0004,51.194896034828155,71.42672451599276,153,45.0,45,8.4069397237034,0,FREE_FLOW,collector,City Center
2025-09-17 03:36:15.549655,road_0005,51.13145373025382,71.42743582937553,163,44.34291349596919,45,18.32435190343503,0,FREE_FLOW,collector,Left Bank
2025-09-17 03:36:15.549655,road_0006,51.14525858091126,71.40871681129984,85,42.54007526591489,45,3.8192261991697567,0,FREE_FLOW,collector,Left Bank
2025-09-17 03:36:15.549655,road_0007,51.13560924762398,71.46282559050066,39,45.0,45,1.6602302350855198,0,FREE_FLOW,collector,Right Bank
2025-09-17 03:36:15.549655,road_0008,51.106594323500836,71.4923767530675,53,43.8207631763688,45,1.2147897211932848,0,FREE_FLOW,collector,Esil District
2025-09-17 03:36:15.549655,road_0009,51.1749541456762,71.45018304431642,298,60.0,60,10.088856796977371,0,FREE_FLOW,arterial,City Center
2025-09-17 03:36:15.549655,road_0010,51.204215781196154,71.42542980013923,74,44.475160064145804,45,5.233450050760039,0,FREE_FLOW,collector,Right Bank
2025-09-17 03:36:15.549655,road_0011,51.14911362341584,71.45849757916488,170,60.0,60,2.2132496064772846,0,FREE_FLOW,arterial,City Center
2025-09-17 03:36:15.549655,road_0012,51.14285817159553,71.49500780438362,149,58.0820750176443,60,8.773354298720463,0,FREE_FLOW,arterial,Esil District
2025-09-17 03:36:15.549655,road_0013,51.178395080248016,71.44450085336713,84,45.0,45,4.495721610800778,0,FREE_FLOW,collector,Esil District
2025-09-17 03:36:15.549655,road_0014,51.22329556186777,71.40648282801608,68,44.50396130052566,45,7.988163431328303,0,FREE_FLOW,collector,Right Bank
2025-09-17 03:36:15.549655,road_0015,51.20247308795898,71.43455351818268,71,41.01379580556114,45,9.81587689812396,0,FREE_FLOW,collector,Right Bank
2025-09-17 03:36:15.549655,road_0016,51.16488352763151,71.45530260780878,123,44.299851903531206,45,4.591255165991447,0,FREE_FLOW,collector,City Center
2025-09-17 03:36:15.549655,road_0017,51.1949632883288,71.44123238931239,55,34.55864261667411,35,10.999423951226728,0,FREE_FLOW,local,City Center
2025-09-17 03:36:15.549655,road_0018,51.15447620767163,71.43400349958901,108,45.0,45,9.048135964465434,0,FREE_FLOW,collector,City Center
2025-09-17 03:36:15.549655,road_0019,51.117113160490625,71.37143752439205,76,35.0,35,19.1911194056239,0,FREE_FLOW,local,Left Bank
2025-09-17 03:41:15.549655,road_0000,51.14858964026895,71.43899067721357,115,45.0,45,14.913792752881912,0,FREE_FLOW,collector,City Center
2025-09-17 03:41:15.549655,road_0001,51.19558998501542,71.45756838173378,317,60.0,60,9.348611113487287,0,FREE_FLOW,arterial,City Center
2025-09-17 03:41:15.549655,road_0002,51.21222340415979,71.47718542988797,53,35.0,35,1.715125892326709,0,FREE_FLOW,local,Right Bank
2025-09-17 03:41:15.549655,road_0003,51.147142431523605,71.42424835420817,153,44.16604288118273,45,6.337592762684642,0,FREE_FLOW,collector,Left Bank
2025-09-17 03:41:15.549655,road_0004,51.194896034828155,71.42672451599276,80,41.16949044938993,45,2.9752059284088856,0,FREE_FLOW,collector,City Center
2025-09-17 03:41:15.549655,road_0005,51.13145373025382,71.42743582937553,97,45.0,45,13.756878882855352,0,FREE_FLOW,collector,Left Bank
2025-09-17 03:41:15.549655,road_0006,51.14525858091126,71.40871681129984,148,43.68580376391754,45,1.499817503601248,0,FREE_FLOW,collector,Left Bank
2025-09-17 03:41:15.549655,road_0007,51.13560924762398,71.46282559050066,56,41.769640339422814,45,0.0,0,FREE_FLOW,collector,Right Bank
2025-09-17 03:41:15.549655,road_0008,51.106594323500836,71.4923767530675,90,45.0,45,0.0,0,FREE_FLOW,collector,Esil District
2025-09-17 03:41:15.549655,road_0009,51.1749541456762,71.45018304431642,225,60.0,60,1.5340031614225893,0,FREE_FLOW,arterial,City Center
2025-09-17 03:41:15.549655,road_0010,51.204215781196154,71.42542980013923,61,43.36416429611185,45,11.68795278200259,0,FREE_FLOW,collector,Right Bank
2025-09-17 03:41:15.549655,road_0011,51.14911362341584,71.45849757916488,165,59.96458430485345,60,6.477813081123302,0,FREE_FLOW,arterial,City Center
2025-09-17 03:41:15.549655,road_0012,51.14285817159553,71.49500780438362,100,56.77655423988836,60,8.29772243568333,0,FREE_FLOW,arterial,Esil District
2025-09-17 03:41:15.549655,road_0013,51.178395080248016,71.44450085336713,56,45.0,45,8.728457340530683,0,FREE_FLOW,collector,Esil District
2025-09-17 03:41:15.549655,road_0014,51.22329556186777,71.40648282801608,56,45.0,45,6.987842037526239,0,FREE_FLOW,collector,Right Bank
2025-09-17 03:41:15.549655,road_0015,51.20247308795898,71.43455351818268,110,45.0,45,10.995057675956506,0,FREE_FLOW,collector,Right Bank
2025-09-17 03:41:15.549655,road_0016,51.16488352763151,71.45530260780878,148,45.0,45,7.929621310059135,0,FREE_FLOW,collector,City Center
2025-09-17 03:41:15.549655,road_0017,51.1949632883288,71.44123238931239,83,32.67388592565655,35,9.523044383995,0,FREE_FLOW,local,City Center
2025-09-17 03:41:15.549655,road_0018,51.15447620767163,71.43400349958901,96,45.0,45,10.869823456068751,0,FREE_FLOW,collector,City Center
2025-09-17 03:41:15.549655,road_0019,51.117113160490625,71.37143752439205,86,35.0,35,6.049282625417899,0,FREE_FLOW,local,Left Bank
2025-09-17 03:46:15.549655,road_0000,51.14858964026895,71.43899067721357,87,45.0,45,0.0,0,FREE_FLOW,collector,City Center
2025-09-17 03:46:15.549655,road_0001,51.19558998501542,71.45756838173378,350,54.70149403801625,60,13.413090435764168,0,FREE_FLOW,arterial,City Center
2025-09-17 03:46:15.549655,road_0002,51.21222340415979,71.47718542988797,29,35.0,35,0.0,0,FREE_FLOW,local,Right Bank
2025-09-17 03:46:15.549655,road_0003,51.147142431523605,71.42424835420817,65,42.99394216974343,45,0.0,0,FREE_FLOW,collector,Left Bank
2025-09-17 03:46:15.549655,road_0004,51.194896034828155,71.42672451599276,115,40.51781985471428,45,17.129842861250367,0,FREE_FLOW,collector,City Center
2025-09-17 03:46:15.549655,road_0005,51.13145373025382,71.42743582937553,156,41.5795572296817,45,2.1115300638961205,0,FREE_FLOW,collector,Left Bank
2025-09-17 03:46:15.549655,road_0006,51.14525858091126,71.40871681129984,123,45.0,45,7.203788068192203,0,FREE_FLOW,collector,Left Bank
2025-09-17 03:46:15.549655,road_0007,51.13560924762398,71.46282559050066,90,45.0,45,0.0,0,FREE_FLOW,collector,Right Bank
2025-09-17 03:46:15.549655,road_0008,51.106594323500836,71.4923767530675,45,42.633135481240764,45,0.0,0,FREE_FLOW,collector,Esil District
2025-09-17 03:46:15.549655,road_0009,51.1749541456762,71.45018304431642,273,54.387072063532926,60,3.0614821927928766,0,FREE_FLOW,arterial,City Center
2025-09-17 03:46:15.549655,road_0010,51.204215781196154,71.42542980013923,45,45.0,45,8.762778567264187,0,FREE_FLOW,collector,Right Bank
2025-09-17 03:46:15.549655,road_0011,51.14911362341584,71.45849757916488,294,60.0,60,4.566821260251297,0,FREE_FLOW,arterial,City Center
2025-09-17 03:46:15.549655,road_0012,51.14285817159553,71.49500780438362,137,60.0,60,13.23519928531681,0,FREE_FLOW,arterial,Esil District
2025-09-17 03:46:15.549655,road_0013,51.178395080248016,71.44450085336713,67,45.0,45,6.814167452682414,0,FREE_FLOW,collector,Esil District
2025-09-17 03:46:15.549655,road_0014,51.22329556186777,71.40648282801608,77,42.00157059204523,45,14.29456514594358,0,FREE_FLOW,collector,Right Bank
2025-09-17 03:46:15.549655,road_0015,51.20247308795898,71.43455351818268,94,41.611968214332634,45,0.0,0,FREE_FLOW,collector,Right Bank
2025-09-17 03:46:15.549655,road_0016,51.16488352763151,71.45530260780878,125,45.0,45,14.99316861840428,0,FREE_FLOW,collector,City Center
2025-09-17 03:46:15.549655,road_0017,51.1949632883288,71.44123238931239,108,32.49144794842261,35,16.934255527495107,0,FREE_FLOW,local,City Center
2025-09-17 03:46:15.549655,road_0018,51.15447620767163,71.43400349958901,96,44.086042421165644,45,10.543216349451571,0,FREE_FLOW,collector,City Center
2025-09-17 03:46:15.549655,road_0019,51.117113160490625,71.37143752439205,68,33.89268292509214,35,4.881715302402721,0,FREE_FLOW,local,Left Bank
2025-09-17 03:51:15.549655,road_0000,51.14858964026895,71.43899067721357,104,45.0,45,12.483871158573635,0,FREE_FLOW,collector,City Center
2025-09-17 03:51:15.549655,road_0001,51.19558998501542,71.45756838173378,238,58.2923059400719,60,17.487649335983036,0,FREE_FLOW,arterial,City Center
2025-09-17 03:51:15.549655,road_0002,51.21222340415979,71.47718542988797,39,34.7042119851822,35,8.547763734101034,0,FREE_FLOW,local,Right Bank
2025-09-17 03:51:15.549655,road_0003,51.147142431523605,71.42424835420817,154,45.0,45,13.085012010356433,0,FREE_FLOW,collector,Left Bank
2025-09-17 03:51:15.549655,road_0004,51.194896034828155,71.42672451599276,97,44.84164572546762,45,12.998911796469118,0,FREE_FLOW,collector,City Center
2025-09-17 03:51:15.549655,road_0005,51.13145373025382,71.42743582937553,92,44.770110334322005,45,2.061873531945439,0,FREE_FLOW,collector,Left Bank
2025-09-17 03:51:15.549655,road_0006,51.14525858091126,71.40871681129984,115,45.0,45,0.6983201441428495,0,FREE_FLOW,collector,Left Bank
2025-09-17 03:51:15.549655,road_0007,51.13560924762398,71.46282559050066,64,40.708168658625674,45,10.308826213406007,0,FREE_FLOW,collector,Right Bank
2025-09-17 03:51:15.549655,road_0008,51.106594323500836,71.4923767530675,84,45.0,45,0.0,0,FREE_FLOW,collector,Esil District
2025-09-17 03:51:15.549655,road_0009,51.1749541456762,71.45018304431642,191,60.0,60,8.113764327391511,0,FREE_FLOW,arterial,City Center
2025-09-17 03:51:15.549655,road_0010,51.204215781196154,71.42542980013923,87,45.0,45,7.070032874569819,0,FREE_FLOW,collector,Right Bank
2025-09-17 03:51:15.549655,road_0011,51.14911362341584,71.45849757916488,172,58.51850241753864,60,7.017298015678349,0,FREE_FLOW,arterial,City Center
2025-09-17 03:51:15.549655,road_0012,51.14285817159553,71.49500780438362,138,60.0,60,9.497920340955737,0,FREE_FLOW,arterial,Esil District
2025-09-17 03:51:15.549655,road_0013,51.178395080248016,71.44450085336713,87,42.52941119039341,45,9.35482845899358,0,FREE_FLOW,collector,Esil District
2025-09-17 03:51:15.549655,road_0014,51.22329556186777,71.40648282801608,93,45.0,45,2.9963262795407504,0,FREE_FLOW,collector,Right Bank
2025-09-17 03:51:15.549655,road_0015,51.20247308795898,71.43455351818268,60,42.152263887690836,45,3.507305710272158,0,FREE_FLOW,collector,Right Bank
2025-09-17 03:51:15.549655,road_0016,51.16488352763151,71.45530260780878,164,45.0,45,14.491517251313866,0,FREE_FLOW,collector,City Center
2025-09-17 03:51:15.549655,road_0017,51.1949632883288,71.44123238931239,93,35.0,35,20.325925271052526,0,FREE_FLOW,local,City Center
2025-09-17 03:51:15.549655,road_0018,51.15447620767163,71.43400349958901,110,45.0,45,5.534805013332178,0,FREE_FLOW,collector,City Center
2025-09-17 03:51:15.549655,road_0019,51.117113160490625,71.37143752439205,80,33.129594858659885,35,12.795852635697036,0,FREE_FLOW,local,Left Bank
2025-09-17 03:56:15.549655,road_0000,51.14858964026895,71.43899067721357,204,43.27106944217922,45,4.353468215725185,0,FREE_FLOW,collector,City Center
2025-09-17 03:56:15.549655,road_0001,51.19558998501542,71.45756838173378,309,60.0,60,6.01640468224281,0,FREE_FLOW,arterial,City Center
2025-09-17 03:56:15.549655,road_0002,51.21222340415979,71.47718542988797,39,34.481976086770715,35,0.12790223510625864,0,FREE_FLOW,local,Right Bank
2025-09-17 03:56:15.549655,road_0003,51.147142431523605,71.42424835420817,170,45.0,45,3.05664994144918,0,FREE_FLOW,collector,Left Bank
2025-09-17 03:56:15.549655,road_0004,51.194896034828155,71.42672451599276,156,41.818912088995255,45,18.574418740660562,0,FREE_FLOW,collector,City Center
2025-09-17 03:56:15.549655,road_0005,51.13145373025382,71.42743582937553,107,44.48101073787792,45,0.0,0,FREE_FLOW,collector,Left Bank
2025-09-17 03:56:15.549655,road_0006,51.14525858091126,71.40871681129984,189,44.66191815422701,45,7.290212208124105,0,FREE_FLOW,collector,Left Bank
2025-09-17 03:56:15.549655,road_0007,51.13560924762398,71.46282559050066,92,42.12918417488987,45,0.20726446786376762,0,FREE_FLOW,collector,Right Bank
2025-09-17 03:56:15.549655,road_0008,51.106594323500836,71.4923767530675,58,45.0,45,5.619093091698877,0,FREE_FLOW,collector,Esil District
2025-09-17 03:56:15.549655,road_0009,51.1749541456762,71.45018304431642,331,60.0,60,7.629847069052637,0,FREE_FLOW,arterial,City Center
2025-09-17 03:56:15.549655,road_0010,51.204215781196154,71.42542980013923,102,45.0,45,15.006565120116107,0,FREE_FLOW,collector,Right Bank
2025-09-17 03:56:15.549655,road_0011,51.14911362341584,71.45849757916488,329,56.15168935266846,60,21.84143089274692,0,FREE_FLOW,arterial,City Center
2025-09-17 03:56:15.549655,road_0012,51.14285817159553,71.49500780438362,65,54.146184808672274,60,1.1554419079286142,0,FREE_FLOW,arterial,Esil District
2025-09-17 03:56:15.549655,road_0013,51.178395080248016,71.44450085336713,61,45.0,45,0.0,0,FREE_FLOW,collector,Esil District
2025-09-17 03:56:15.549655,road_0014,51.22329556186777,71.40648282801608,54,41.74591988593171,45,1.092236800957565,0,FREE_FLOW,collector,Right Bank
2025-09-17 03:56:15.549655,road_0015,51.20247308795898,71.43455351818268,97,44.58282182344145,45,0.0,0,FREE_FLOW,collector,Right Bank
2025-09-17 03:56:15.549655,road_0016,51.16488352763151,71.45530260780878,129,45.0,45,5.1399286112774725,0,FREE_FLOW,collector,City Center
2025-09-17 03:56:15.549655,road_0017,51.1949632883288,71.44123238931239,79,33.63258961010552,35,18.83868698631157,0,FREE_FLOW,local,City Center
2025-09-17 03:56:15.549655,road_0018,51.15447620767163,71.43400349958901,157,43.12025217108061,45,4.739991199471672,0,FREE_FLOW,collector,City Center
2025-09-17 03:56:15.549655,road_0019,51.117113160490625,71.37143752439205,58,35.0,35,3.36256854228042,0,FREE_FLOW,local,Left Bank
2025-09-17 04:01:15.549655,road_0000,51.14858964026895,71.43899067721357,302,45.0,45,12.567729430759911,0,FREE_FLOW,collector,City Center
2025-09-17 04:01:15.549655,road_0001,51.19558998501542,71.45756838173378,535,60.0,60,23.493604578296644,0,FREE_FLOW,arterial,City Center
2025-09-17 04:01:15.549655,road_0002,51.21222340415979,71.47718542988797,90,32.76550578626114,35,16.56699077434149,0,FREE_FLOW,local,Right Bank
2025-09-17 04:01:15.549655,road_0003,51.147142431523605,71.42424835420817,185,44.58353134867976,45,8.104987333863614,0,FREE_FLOW,collector,Left Bank
2025-09-17 04:01:15.549655,road_0004,51.194896034828155,71.42672451599276,181,44.80380845334387,45,19.980033981243473,0,FREE_FLOW,collector,City Center
2025-09-17 04:01:15.549655,road_0005,51.13145373025382,71.42743582937553,143,42.5568241338822,45,3.8040324597456454,0,FREE_FLOW,collector,Left Bank
2025-09-17 04:01:15.549655,road_0006,51.14525858091126,71.40871681129984,222,45.0,45,12.384835937336286,0,FREE_FLOW,collector,Left Bank
2025-09-17 04:01:15.549655,road_0007,51.13560924762398,71.46282559050066,64,41.53101266876395,45,5.113426244481643,0,FREE_FLOW,collector,Right Bank
2025-09-17 04:01:15.549655,road_0008,51.106594323500836,71.4923767530675,76,45.0,45,2.016623777208098,0,FREE_FLOW,collector,Esil District
2025-09-17 04:01:15.549655,road_0009,51.1749541456762,71.45018304431642,580,58.64146954248938,60,33.199840846059324,0,FREE_FLOW,arterial,City Center
2025-09-17 04:01:15.549655,road_0010,51.204215781196154,71.42542980013923,90,44.00933597875843,45,13.697559804850862,0,FREE_FLOW,collector,Right Bank
2025-09-17 04:01:15.549655,road_0011,51.14911362341584,71.45849757916488,473,60.0,60,10.061493209171534,0,FREE_FLOW,arterial,City Center
2025-09-17 04:01:15.549655,road_0012,51.14285817159553,71.49500780438362,144,60.0,60,15.341738258599543,0,FREE_FLOW,arterial,Esil District
2025-09-17 04:01:15.549655,road_0013,51.178395080248016,71.44450085336713,130,41.58994550265004,45,13.7984014826027,0,FREE_FLOW,collector,Esil District
2025-09-17 04:01:15.549655,road_0014,51.22329556186777,71.40648282801608,185,45.0,45,8.322041494999745,0,FREE_FLOW,collector,Right Bank
2025-09-17 04:01:15.549655,road_0015,51.20247308795898,71.43455351818268,77,41.28784146532973,45,0.0,0,FREE_FLOW,collector,Right Bank
2025-09-17 04:01:15.549655,road_0016,51.16488352763151,71.45530260780878,182,45.0,45,14.143865895914626,0,FREE_FLOW,collector,City Center
2025-09-17 04:01:15.549655,road_0017,51.1949632883288,71.44123238931239,120,35.0,35,22.417268038983554,0,FREE_FLOW,local,City Center
2025-09-17 04:01:15.549655,road_0018,51.15447620767163,71.43400349958901,163,45.0,45,10.6269723633682,0,FREE_FLOW,collector,City Center
2025-09-17 04:01:15.549655,road_0019,51.117113160490625,71.37143752439205,112,31.97809195152311,35,23.160599771690492,0,FREE_FLOW,local,Left Bank
2025-09-17 04:06:15.549655,road_0000,51.14858964026895,71.43899067721357,215,45.0,45,12.142610804126036,0,FREE_FLOW,collector,City Center
2025-09-17 04:06:15.549655,road_0001,51.19558998501542,71.45756838173378,346,54.34134047334604,60,23.235635693869252,0,FREE_FLOW,arterial,City Center
2025-09-17 04:06:15.549655,road_0002,51.21222340415979,71.47718542988797,63,35.0,35,14.893727495410001,0,FREE_FLOW,local,Right Bank
2025-09-17 04:06:15.549655,road_0003,51.147142431523605,71.42424835420817,175,45.0,45,16.952660349915853,0,FREE_FLOW,collector,Left Bank
2025-09-17 04:06:15.549655,road_0004,51.194896034828155,71.42672451599276,264,42.953388891884934,45,8.698992698960007,0,FREE_FLOW,collector,City Center
2025-09-17 04:06:15.549655,road_0005,51.13145373025382,71.42743582937553,197,45.0,45,12.24264555499046,0,FREE_FLOW,collector,Left Bank
2025-09-17 04:06:15.549655,road_0006,51.14525858091126,71.40871681129984,193,45.0,45,14.770969073527146,0,FREE_FLOW,collector,Left Bank
2025-09-17 04:06:15.549655,road_0007,51.13560924762398,71.46282559050066,165,45.0,45,6.901534702041305,0,FREE_FLOW,collector,Right Bank
2025-09-17 04:06:15.549655,road_0008,51.106594323500836,71.4923767530675,66,45.0,45,12.722618201729503,0,FREE_FLOW,collector,Esil District
2025-09-17 04:06:15.549655,road_0009,51.1749541456762,71.45018304431642,289,60.0,60,19.597158400115866,0,FREE_FLOW,arterial,City Center
2025-09-17 04:06:15.549655,road_0010,51.204215781196154,71.42542980013923,161,41.691075375532556,45,8.66159299282113,0,FREE_FLOW,collector,Right Bank
2025-09-17 04:06:15.549655,road_0011,51.14911362341584,71.45849757916488,463,60.0,60,13.562370570617189,0,FREE_FLOW,arterial,City Center
2025-09-17 04:06:15.549655,road_0012,51.14285817159553,71.49500780438362,147,60.0,60,11.11282852313666,0,FREE_FLOW,arterial,Esil District
2025-09-17 04:06:15.549655,road_0013,51.178395080248016,71.44450085336713,80,44.59518551048327,45,5.086477236248969,0,FREE_FLOW,collector,Esil District
2025-09-17 04:06:15.549655,road_0014,51.22329556186777,71.40648282801608,163,45.0,45,13.465523148874116,0,FREE_FLOW,collector,Right Bank
2025-09-17 04:06:15.549655,road_0015,51.20247308795898,71.43455351818268,108,45.0,45,15.079067250754946,0,FREE_FLOW,collector,Right Bank
2025-09-17 04:06:15.549655,road_0016,51.16488352763151,71.45530260780878,276,45.0,45,14.709186584173747,0,FREE_FLOW,collector,City Center
2025-09-17 04:06:15.549655,road_0017,51.1949632883288,71.44123238931239,83,35.0,35,6.221358564244101,0,FREE_FLOW,local,City Center
2025-09-17 04:06:15.549655,road_0018,51.15447620767163,71.43400349958901,279,45.0,45,11.623154196800298,0,FREE_FLOW,collector,City Center
2025-09-17 04:06:15.549655,road_0019,51.117113160490625,71.37143752439205,47,35.0,35,13.418798466842691,0,FREE_FLOW,local,Left Bank
2025-09-17 04:11:15.549655,road_0000,51.14858964026895,71.43899067721357,255,41.05975299276254,45,26.052074838885083,0,FREE_FLOW,collector,City Center
2025-09-17 04:11:15.549655,road_0001,51.19558998501542,71.45756838173378,300,56.485394457527725,60,7.280714570692567,0,FREE_FLOW,arterial,City Center
2025-09-17 04:11:15.549655,road_0002,51.21222340415979,71.47718542988797,68,34.506545701574005,35,2.710442834712169,0,FREE_FLOW,local,Right Bank
2025-09-17 04:11:15.549655,road_0003,51.147142431523605,71.42424835420817,164,45.0,45,10.469093309845928,0,FREE_FLOW,collector,Left Bank
2025-09-17 04:11:15.549655,road_0004,51.194896034828155,71.42672451599276,272,40.703611182514855,45,10.638974982892023,0,FREE_FLOW,collector,City Center
2025-09-17 04:11:15.549655,road_0005,51.13145373025382,71.42743582937553,123,45.0,45,12.287453179159261,0,FREE_FLOW,collector,Left Bank
2025-09-17 04:11:15.549655,road_0006,51.14525858091126,71.40871681129984,127,45.0,45,12.7533069871886,0,FREE_FLOW,collector,Left Bank
2025-09-17 04:11:15.549655,road_0007,51.13560924762398,71.46282559050066,130,45.0,45,13.228134118870903,0,FREE_FLOW,collector,Right Bank
2025-09-17 04:11:15.549655,road_0008,51.106594323500836,71.4923767530675,66,45.0,45,11.70713647660369,0,FREE_FLOW,collector,Esil District
2025-09-17 04:11:15.549655,road_0009,51.1749541456762,71.45018304431642,568,60.0,60,14.353471748675766,0,FREE_FLOW,arterial,City Center
2025-09-17 04:11:15.549655,road_0010,51.204215781196154,71.42542980013923,90,40.55944060741887,45,4.480489594006341,0,FREE_FLOW,collector,Right Bank
2025-09-17 04:11:15.549655,road_0011,51.14911362341584,71.45849757916488,391,54.02169500098828,60,7.387978057656987,0,FREE_FLOW,arterial,City Center
2025-09-17 04:11:15.549655,road_0012,51.14285817159553,71.49500780438362,126,60.0,60,13.73478378789737,0,FREE_FLOW,arterial,Esil District
2025-09-17 04:11:15.549655,road_0013,51.178395080248016,71.44450085336713,89,45.0,45,7.3297824869958585,0,FREE_FLOW,collector,Esil District
2025-09-17 04:11:15.549655,road_0014,51.22329556186777,71.40648282801608,157,43.78504441107127,45,17.09354399038626,0,FREE_FLOW,collector,Right Bank
2025-09-17 04:11:15.549655,road_0015,51.20247308795898,71.43455351818268,143,45.0,45,18.10029296111245,0,FREE_FLOW,collector,Right Bank
2025-09-17 04:11:15.549655,road_0016,51.16488352763151,71.45530260780878,239,41.82848445360639,45,13.488112730610085,0,FREE_FLOW,collector,City Center
2025-09-17 04:11:15.549655,road_0017,51.1949632883288,71.44123238931239,88,35.0,35,4.080353352188487,0,FREE_FLOW,local,City Center
2025-09-17 04:11:15.549655,road_0018,51.15447620767163,71.43400349958901,142,40.958227168261004,45,2.03232260804284,0,FREE_FLOW,collector,City Center
2025-09-17 04:11:15.549655,road_0019,51.117113160490625,71.37143752439205,172,32.42618467553005,35,15.33515143658384,0,FREE_FLOW,local,Left Bank
2025-09-17 04:16:15.549655,road_0000,51.14858964026895,71.43899067721357,162,43.52640904863068,45,7.223678394400608,0,FREE_FLOW,collector,City Center
2025-09-17 04:16:15.549655,road_0001,51.19558998501542,71.45756838173378,549,60.0,60,31.356617445827496,0,FREE_FLOW,arterial,City Center
2025-09-17 04:16:15.549655,road_0002,51.21222340415979,71.47718542988797,51,31.71630324702182,35,13.796021843948754,0,FREE_FLOW,local,Right Bank
2025-09-17 04:16:15.549655,road_0003,51.147142431523605,71.42424835420817,227,43.77304004756164,45,11.343417709781942,0,FREE_FLOW,collector,Left Bank
2025-09-17 04:16:15.549655,road_0004,51.194896034828155,71.42672451599276,266,45.0,45,12.193560908848568,0,FREE_FLOW,collector,City Center
2025-09-17 04:16:15.549655,road_0005,51.13145373025382,71.42743582937553,218,45.0,45,14.97830796220358,0,FREE_FLOW,collector,Left Bank
2025-09-17 04:16:15.549655,road_0006,51.14525858091126,71.40871681129984,295,43.322606094666085,45,27.708765218927795,0,FREE_FLOW,collector,Left Bank
2025-09-17 04:16:15.549655,road_0007,51.13560924762398,71.46282559050066,105,43.90654284615854,45,11.239092595330991,0,FREE_FLOW,collector,Right Bank
2025-09-17 04:16:15.549655,road_0008,51.106594323500836,71.4923767530675,109,42.59982469079119,45,8.893551412823356,0,FREE_FLOW,collector,Esil District
2025-09-17 04:16:15.549655,road_0009,51.1749541456762,71.45018304431642,458,60.0,60,23.748787213465206,0,FREE_FLOW,arterial,City Center
2025-09-17 04:16:15.549655,road_0010,51.204215781196154,71.42542980013923,78,45.0,45,9.41139541167195,0,FREE_FLOW,collector,Right Bank
2025-09-17 04:16:15.549655,road_0011,51.14911362341584,71.45849757916488,321,60.0,60,13.880384371484032,0,FREE_FLOW,arterial,City Center
2025-09-17 04:16:15.549655,road_0012,51.14285817159553,71.49500780438362,155,60.0,60,14.027817939508495,0,FREE_FLOW,arterial,Esil District
2025-09-17 04:16:15.549655,road_0013,51.178395080248016,71.44450085336713,52,41.778972250047886,45,2.8542673388440742,0,FREE_FLOW,collector,Esil District
2025-09-17 04:16:15.549655,road_0014,51.22329556186777,71.40648282801608,91,45.0,45,2.268973816698349,0,FREE_FLOW,collector,Right Bank
2025-09-17 04:16:15.549655,road_0015,51.20247308795898,71.43455351818268,130,40.77421465294229,45,12.04497593510883,0,FREE_FLOW,collector,Right Bank
2025-09-17 04:16:15.549655,road_0016,51.16488352763151,71.45530260780878,324,42.64909038171005,45,21.708266113158036,0,FREE_FLOW,collector,City Center
2025-09-17 04:16:15.549655,road_0017,51.1949632883288,71.44123238931239,115,31.81934477871114,35,17.538956238429854,0,FREE_FLOW,local,City Center
2025-09-17 04:16:15.549655,road_0018,51.15447620767163,71.43400349958901,182,42.65668552716168,45,5.116336274402485,0,FREE_FLOW,collector,City Center
2025-09-17 04:16:15.549655,road_0019,51.117113160490625,71.37143752439205,84,35.0,35,14.24444998198024,0,FREE_FLOW,local,Left Bank
2025-09-17 04:21:15.549655,road_0000,51.14858964026895,71.43899067721357,212,44.528963100913174,45,21.409368635314294,0,FREE_FLOW,collector,City Center
2025-09-17 04:21:15.549655,road_0001,51.19558998501542,71.45756838173378,431,57.13728567035025,60,13.396563757199502,0,FREE_FLOW,arterial,City Center
2025-09-17 04:21:15.549655,road_0002,51.21222340415979,71.47718542988797,52,33.86846892062629,35,7.170583720066757,0,FREE_FLOW,local,Right Bank
2025-09-17 04:21:15.549655,road_0003,51.147142431523605,71.42424835420817,155,45.0,45,2.4529967893791333,0,FREE_FLOW,collector,Left Bank
2025-09-17 04:21:15.549655,road_0004,51.194896034828155,71.42672451599276,282,43.85531542342844,45,16.983465806257314,0,FREE_FLOW,collector,City Center
2025-09-17 04:21:15.549655,road_0005,51.13145373025382,71.42743582937553,175,45.0,45,9.391424106741898,0,FREE_FLOW,collector,Left Bank
2025-09-17 04:21:15.549655,road_0006,51.14525858091126,71.40871681129984,173,42.43009253392493,45,7.702862825610131,0,FREE_FLOW,collector,Left Bank
2025-09-17 04:21:15.549655,road_0007,51.13560924762398,71.46282559050066,157,43.4594862648332,45,11.20020243382144,0,FREE_FLOW,collector,Right Bank
2025-09-17 04:21:15.549655,road_0008,51.106594323500836,71.4923767530675,72,45.0,45,2.2852590767569314,0,FREE_FLOW,collector,Esil District
2025-09-17 04:21:15.549655,road_0009,51.1749541456762,71.45018304431642,503,60.0,60,24.377084673445424,0,FREE_FLOW,arterial,City Center
2025-09-17 04:21:15.549655,road_0010,51.204215781196154,71.42542980013923,116,40.9978082361735,45,1.8525003537945874,0,FREE_FLOW,collector,Right Bank
2025-09-17 04:21:15.549655,road_0011,51.14911362341584,71.45849757916488,448,54.80038690831099,60,16.494447763798366,0,FREE_FLOW,arterial,City Center
2025-09-17 04:21:15.549655,road_0012,51.14285817159553,71.49500780438362,192,60.0,60,13.410145061762782,0,FREE_FLOW,arterial,Esil District
2025-09-17 04:21:15.549655,road_0013,51.178395080248016,71.44450085336713,63,45.0,45,13.586203191541667,0,FREE_FLOW,collector,Esil District
2025-09-17 04:21:15.549655,road_0014,51.22329556186777,71.40648282801608,101,45.0,45,0.0,0,FREE_FLOW,collector,Right Bank
2025-09-17 04:21:15.549655,road_0015,51.20247308795898,71.43455351818268,106,40.75052429904994,45,5.094560086823884,0,FREE_FLOW,collector,Right Bank
2025-09-17 04:21:15.549655,road_0016,51.16488352763151,71.45530260780878,131,45.0,45,8.779823403103398,0,FREE_FLOW,collector,City Center
2025-09-17 04:21:15.549655,road_0017,51.1949632883288,71.44123238931239,88,31.834479593653693,35,20.75724497612085,0,FREE_FLOW,local,City Center
2025-09-17 04:21:15.549655,road_0018,51.15447620767163,71.43400349958901,211,43.0902621190065,45,22.994641520046216,0,FREE_FLOW,collector,City Center
2025-09-17 04:21:15.549655,road_0019,51.117113160490625,71.37143752439205,148,35.0,35,25.440318237390727,0,FREE_FLOW,local,Left Bank
2025-09-17 04:26:15.549655,road_0000,51.14858964026895,71.43899067721357,341,42.67999068184555,45,28.456256014900717,0,FREE_FLOW,collector,City Center
2025-09-17 04:26:15.549655,road_0001,51.19558998501542,71.45756838173378,357,60.0,60,7.196241432928558,0,FREE_FLOW,arterial,City Center
2025-09-17 04:26:15.549655,road_0002,51.21222340415979,71.47718542988797,46,32.21842914682194,35,0.0,0,FREE_FLOW,local,Right Bank
2025-09-17 04:26:15.549655,road_0003,51.147142431523605,71.42424835420817,202,44.04082064276885,45,3.539545040228763,0,FREE_FLOW,collector,Left Bank
2025-09-17 04:26:15.549655,road_0004,51.194896034828155,71.42672451599276,197,45.0,45,17.295096837953263,0,FREE_FLOW,collector,City Center
2025-09-17 04:26:15.549655,road_0005,51.13145373025382,71.42743582937553,283,45.0,45,12.078097279544224,0,FREE_FLOW,collector,Left Bank
2025-09-17 04:26:15.549655,road_0006,51.14525858091126,71.40871681129984,105,42.075754103665005,45,2.702895019952444,0,FREE_FLOW,collector,Left Bank
2025-09-17 04:26:15.549655,road_0007,51.13560924762398,71.46282559050066,68,44.29101705850975,45,8.292699471965943,0,FREE_FLOW,collector,Right Bank
2025-09-17 04:26:15.549655,road_0008,51.106594323500836,71.4923767530675,86,45.0,45,3.49934926454433,0,FREE_FLOW,collector,Esil District
2025-09-17 04:26:15.549655,road_0009,51.1749541456762,71.45018304431642,245,54.3646055613238,60,15.870196952378155,0,FREE_FLOW,arterial,City Center
2025-09-17 04:26:15.549655,road_0010,51.204215781196154,71.42542980013923,163,45.0,45,20.426304573321055,0,FREE_FLOW,collector,Right Bank
2025-09-17 04:26:15.549655,road_0011,51.14911362341584,71.45849757916488,432,60.0,60,21.720284647871885,0,FREE_FLOW,arterial,City Center
2025-09-17 04:26:15.549655,road_0012,51.14285817159553,71.49500780438362,193,60.0,60,0.0,0,FREE_FLOW,arterial,Esil District
2025-09-17 04:26:15.549655,road_0013,51.178395080248016,71.44450085336713,46,45.0,45,3.9680993451877082,0,FREE_FLOW,collector,Esil District
2025-09-17 04:26:15.549655,road_0014,51.22329556186777,71.40648282801608,109,43.079974740685124,45,7.332600384616894,0,FREE_FLOW,collector,Right Bank
2025-09-17 04:26:15.549655,road_0015,51.20247308795898,71.43455351818268,143,45.0,45,6.665242915015982,0,FREE_FLOW,collector,Right Bank
2025-09-17 04:26:15.549655,road_0016,51.16488352763151,71.45530260780878,210,45.0,45,16.5200893486889,0,FREE_FLOW,collector,City Center
2025-09-17 04:26:15.549655,road_0017,51.1949632883288,71.44123238931239,129,35.0,35,6.307001847692426,0,FREE_FLOW,local,City Center
2025-09-17 04:26:15.549655,road_0018,51.15447620767163,71.43400349958901,205,45.0,45,4.353174112835289,0,FREE_FLOW,collector,City Center
2025-09-17 04:26:15.549655,road_0019,51.117113160490625,71.37143752439205,121,35.0,35,13.575614009817969,0,FREE_FLOW,local,Left Bank
2025-09-17 04:31:15.549655,road_0000,51.14858964026895,71.43899067721357,112,42.779541843396224,45,16.446820422478655,0,FREE_FLOW,collector,City Center
2025-09-17 04:31:15.549655,road_0001,51.19558998501542,71.45756838173378,426,60.0,60,19.794784384432113,0,FREE_FLOW,arterial,City Center
2025-09-17 04:31:15.549655,road_0002,51.21222340415979,71.47718542988797,90,34.81771391605968,35,2.218133113052751,0,FREE_FLOW,local,Right Bank
2025-09-17 04:31:15.549655,road_0003,51.147142431523605,71.42424835420817,197,45.0,45,3.8572303999485094,0,FREE_FLOW,collector,Left Bank
2025-09-17 04:31:15.549655,road_0004,51.194896034828155,71.42672451599276,253,41.073461736740256,45,20.01619051232778,0,FREE_FLOW,collector,City Center
2025-09-17 04:31:15.549655,road_0005,51.13145373025382,71.42743582937553,212,45.0,45,8.743572557670005,0,FREE_FLOW,collector,Left Bank
2025-09-17 04:31:15.549655,road_0006,51.14525858091126,71.40871681129984,208,42.799189266123776,45,6.741399739187678,0,FREE_FLOW,collector,Left Bank
2025-09-17 04:31:15.549655,road_0007,51.13560924762398,71.46282559050066,197,43.903391648758706,45,21.276782135692535,0,FREE_FLOW,collector,Right Bank
2025-09-17 04:31:15.549655,road_0008,51.106594323500836,71.4923767530675,65,42.580980181288616,45,11.972395247222122,0,FREE_FLOW,collector,Esil District
2025-09-17 04:31:15.549655,road_0009,51.1749541456762,71.45018304431642,355,58.14565803109822,60,14.178708766196348,0,FREE_FLOW,arterial,City Center
2025-09-17 04:31:15.549655,road_0010,51.204215781196154,71.42542980013923,97,45.0,45,3.125177401053797,0,FREE_FLOW,collector,Right Bank
2025-09-17 04:31:15.549655,road_0011,51.14911362341584,71.45849757916488,346,54.63963490276653,60,8.558913992927042,0,FREE_FLOW,arterial,City Center
2025-09-17 04:31:15.549655,road_0012,51.14285817159553,71.49500780438362,144,55.19033715609991,60,0.0,0,FREE_FLOW,arterial,Esil District
2025-09-17 04:31:15.549655,road_0013,51.178395080248016,71.44450085336713,86,43.48964186675764,45,5.1889342488145145,0,FREE_FLOW,collector,Esil District
2025-09-17 04:31:15.549655,road_0014,51.22329556186777,71.40648282801608,164,40.784036657910484,45,10.034266743287382,0,FREE_FLOW,collector,Right Bank
2025-09-17 04:31:15.549655,road_0015,51.20247308795898,71.43455351818268,137,42.69320701538977,45,2.0348761094411367,0,FREE_FLOW,collector,Right Bank
2025-09-17 04:31:15.549655,road_0016,51.16488352763151,71.45530260780878,137,43.76912664141899,45,7.844160673309075,0,FREE_FLOW,collector,City Center
2025-09-17 04:31:15.549655,road_0017,51.1949632883288,71.44123238931239,93,35.0,35,10.353530670406816,0,FREE_FLOW,local,City Center
2025-09-17 04:31:15.549655,road_0018,51.15447620767163,71.43400349958901,217,40.740584985934234,45,19.023534577970786,0,FREE_FLOW,collector,City Center
2025-09-17 04:31:15.549655,road_0019,51.117113160490625,71.37143752439205,110,35.0,35,11.150017247171881,0,FREE_FLOW,local,Left Bank
2025-09-17 04:36:15.549655,road_0000,51.14858964026895,71.43899067721357,237,45.0,45,24.557978947666033,0,FREE_FLOW,collector,City Center
2025-09-17 04:36:15.549655,road_0001,51.19558998501542,71.45756838173378,288,56.60182767836788,60,15.93970014813074,0,FREE_FLOW,arterial,City Center
2025-09-17 04:36:15.549655,road_0002,51.21222340415979,71.47718542988797,44,33.74238752847503,35,14.666968302974798,0,FREE_FLOW,local,Right Bank
2025-09-17 04:36:15.549655,road_0003,51.147142431523605,71.42424835420817,122,45.0,45,11.876248341614618,0,FREE_FLOW,collector,Left Bank
2025-09-17 04:36:15.549655,road_0004,51.194896034828155,71.42672451599276,185,45.0,45,11.307808988293521,0,FREE_FLOW,collector,City Center
2025-09-17 04:36:15.549655,road_0005,51.13145373025382,71.42743582937553,188,44.74434392234868,45,2.608008301421526,0,FREE_FLOW,collector,Left Bank
2025-09-17 04:36:15.549655,road_0006,51.14525858091126,71.40871681129984,163,45.0,45,2.254238369563005,0,FREE_FLOW,collector,Left Bank
2025-09-17 04:36:15.549655,road_0007,51.13560924762398,71.46282559050066,170,44.440033909657814,45,16.07572675451354,0,FREE_FLOW,collector,Right Bank
2025-09-17 04:36:15.549655,road_0008,51.106594323500836,71.4923767530675,112,45.0,45,4.544438348493318,0,FREE_FLOW,collector,Esil District
2025-09-17 04:36:15.549655,road_0009,51.1749541456762,71.45018304431642,485,54.37629586454695,60,18.04741536276066,0,FREE_FLOW,arterial,City Center
2025-09-17 04:36:15.549655,road_0010,51.204215781196154,71.42542980013923,107,45.0,45,15.34020329038528,0,FREE_FLOW,collector,Right Bank
2025-09-17 04:36:15.549655,road_0011,51.14911362341584,71.45849757916488,301,54.63991026223858,60,4.935127831541643,0,FREE_FLOW,arterial,City Center
2025-09-17 04:36:15.549655,road_0012,51.14285817159553,71.49500780438362,222,57.90224808614983,60,2.168779028366572,0,FREE_FLOW,arterial,Esil District
2025-09-17 04:36:15.549655,road_0013,51.178395080248016,71.44450085336713,83,45.0,45,3.8571593442148693,0,FREE_FLOW,collector,Esil District
2025-09-17 04:36:15.549655,road_0014,51.22329556186777,71.40648282801608,128,44.50600399302838,45,0.5096246849466546,0,FREE_FLOW,collector,Right Bank
2025-09-17 04:36:15.549655,road_0015,51.20247308795898,71.43455351818268,199,40.73463358674471,45,9.129134909228918,0,FREE_FLOW,collector,Right Bank
2025-09-17 04:36:15.549655,road_0016,51.16488352763151,71.45530260780878,176,41.95949053015308,45,5.338950558210382,0,FREE_FLOW,collector,City Center
2025-09-17 04:36:15.549655,road_0017,51.1949632883288,71.44123238931239,116,35.0,35,15.794657340242082,0,FREE_FLOW,local,City Center
2025-09-17 04:36:15.549655,road_0018,51.15447620767163,71.43400349958901,177,45.0,45,3.3626885981390764,0,FREE_FLOW,collector,City Center
2025-09-17 04:36:15.549655,road_0019,51.117113160490625,71.37143752439205,77,35.0,35,11.052956054924044,0,FREE_FLOW,local,Left Bank
2025-09-17 04:41:15.549655,road_0000,51.14858964026895,71.43899067721357,174,45.0,45,10.866421391308027,0,FREE_FLOW,collector,City Center
2025-09-17 04:41:15.549655,road_0001,51.19558998501542,71.45756838173378,292,59.42490865767189,60,11.276757974436109,0,FREE_FLOW,arterial,City Center
2025-09-17 04:41:15.549655,road_0002,51.21222340415979,71.47718542988797,31,35.0,35,2.514453371973529,0,FREE_FLOW,local,Right Bank
2025-09-17 04:41:15.549655,road_0003,51.147142431523605,71.42424835420817,115,40.64337526888294,45,6.383566898388466,0,FREE_FLOW,collector,Left Bank
2025-09-17 04:41:15.549655,road_0004,51.194896034828155,71.42672451599276,178,45.0,45,1.913728983963317,0,FREE_FLOW,collector,City Center
2025-09-17 04:41:15.549655,road_0005,51.13145373025382,71.42743582937553,306,43.248336814886024,45,20.575631918298804,0,FREE_FLOW,collector,Left Bank
2025-09-17 04:41:15.549655,road_0006,51.14525858091126,71.40871681129984,243,45.0,45,13.783766502284914,0,FREE_FLOW,collector,Left Bank
2025-09-17 04:41:15.549655,road_0007,51.13560924762398,71.46282559050066,140,45.0,45,0.0,0,FREE_FLOW,collector,Right Bank
2025-09-17 04:41:15.549655,road_0008,51.106594323500836,71.4923767530675,117,44.037591283629524,45,9.7248859416569,0,FREE_FLOW,collector,Esil District
2025-09-17 04:41:15.549655,road_0009,51.1749541456762,71.45018304431642,345,59.33447240046842,60,6.823692844544766,0,FREE_FLOW,arterial,City Center
2025-09-17 04:41:15.549655,road_0010,51.204215781196154,71.42542980013923,183,44.62015026181957,45,9.305570155830463,0,FREE_FLOW,collector,Right Bank
2025-09-17 04:41:15.549655,road_0011,51.14911362341584,71.45849757916488,496,58.98867967663675,60,10.797337125475055,0,FREE_FLOW,arterial,City Center
2025-09-17 04:41:15.549655,road_0012,51.14285817159553,71.49500780438362,171,54.77613859697375,60,2.948237692309773,0,FREE_FLOW,arterial,Esil District
2025-09-17 04:41:15.549655,road_0013,51.178395080248016,71.44450085336713,70,45.0,45,11.312493220081631,0,FREE_FLOW,collector,Esil District
2025-09-17 04:41:15.549655,road_0014,51.22329556186777,71.40648282801608,113,45.0,45,5.886468419917332,0,FREE_FLOW,collector,Right Bank
2025-09-17 04:41:15.549655,road_0015,51.20247308795898,71.43455351818268,72,45.0,45,6.0344996084839915,0,FREE_FLOW,collector,Right Bank
2025-09-17 04:41:15.549655,road_0016,51.16488352763151,71.45530260780878,263,41.18615216533297,45,25.388515127296625,0,FREE_FLOW,collector,City Center
2025-09-17 04:41:15.549655,road_0017,51.1949632883288,71.44123238931239,145,35.0,35,20.995796242268078,0,FREE_FLOW,local,City Center
2025-09-17 04:41:15.549655,road_0018,51.15447620767163,71.43400349958901,304,40.88595398551768,45,20.29912286130128,0,FREE_FLOW,collector,City Center
2025-09-17 04:41:15.549655,road_0019,51.117113160490625,71.37143752439205,96,35.0,35,7.081727474560099,0,FREE_FLOW,local,Left Bank
2025-09-17 04:46:15.549655,road_0000,51.14858964026895,71.43899067721357,231,45.0,45,13.251175952225475,0,FREE_FLOW,collector,City Center
2025-09-17 04:46:15.549655,road_0001,51.19558998501542,71.45756838173378,345,60.0,60,6.325402563283606,0,FREE_FLOW,arterial,City Center
2025-09-17 04:46:15.549655,road_0002,51.21222340415979,71.47718542988797,55,31.610796198098452,35,11.1558915063973,0,FREE_FLOW,local,Right Bank
2025-09-17 04:46:15.549655,road_0003,51.147142431523605,71.42424835420817,151,45.0,45,11.452289934193299,0,FREE_FLOW,collector,Left Bank
2025-09-17 04:46:15.549655,road_0004,51.194896034828155,71.42672451599276,266,45.0,45,10.535609637712556,0,FREE_FLOW,collector,City Center
2025-09-17 04:46:15.549655,road_0005,51.13145373025382,71.42743582937553,187,42.771053880515936,45,18.67662005534418,0,FREE_FLOW,collector,Left Bank
2025-09-17 04:46:15.549655,road_0006,51.14525858091126,71.40871681129984,145,44.34053102038779,45,5.118370563318016,0,FREE_FLOW,collector,Left Bank
2025-09-17 04:46:15.549655,road_0007,51.13560924762398,71.46282559050066,104,45.0,45,0.0,0,FREE_FLOW,collector,Right Bank
2025-09-17 04:46:15.549655,road_0008,51.106594323500836,71.4923767530675,129,44.785551604381816,45,1.5721911615548727,0,FREE_FLOW,collector,Esil District
2025-09-17 04:46:15.549655,road_0009,51.1749541456762,71.45018304431642,302,54.37478207109107,60,16.025772441570396,0,FREE_FLOW,arterial,City Center
2025-09-17 04:46:15.549655,road_0010,51.204215781196154,71.42542980013923,80,45.0,45,0.0,0,FREE_FLOW,collector,Right Bank
2025-09-17 04:46:15.549655,road_0011,51.14911362341584,71.45849757916488,484,60.0,60,20.16273120588587,0,FREE_FLOW,arterial,City Center
2025-09-17 04:46:15.549655,road_0012,51.14285817159553,71.49500780438362,148,57.10394491296198,60,7.544690884832384,0,FREE_FLOW,arterial,Esil District
2025-09-17 04:46:15.549655,road_0013,51.178395080248016,71.44450085336713,69,40.746660246144856,45,2.0399765135548398,0,FREE_FLOW,collector,Esil District
2025-09-17 04:46:15.549655,road_0014,51.22329556186777,71.40648282801608,142,42.207118338513254,45,17.525783155746574,0,FREE_FLOW,collector,Right Bank
2025-09-17 04:46:15.549655,road_0015,51.20247308795898,71.43455351818268,69,45.0,45,3.1140946433110077,0,FREE_FLOW,collector,Right Bank
2025-09-17 04:46:15.549655,road_0016,51.16488352763151,71.45530260780878,339,41.993100364383714,45,15.792472665647685,0,FREE_FLOW,collector,City Center
2025-09-17 04:46:15.549655,road_0017,51.1949632883288,71.44123238931239,70,32.469553578631874,35,0.0,0,FREE_FLOW,local,City Center
2025-09-17 04:46:15.549655,road_0018,51.15447620767163,71.43400349958901,215,42.6033309867288,45,7.397668121987122,0,FREE_FLOW,collector,City Center
2025-09-17 04:46:15.549655,road_0019,51.117113160490625,71.37143752439205,71,35.0,35,13.796248084705326,0,FREE_FLOW,local,Left Bank
2025-09-17 04:51:15.549655,road_0000,51.14858964026895,71.43899067721357,219,45.0,45,10.295432604304182,0,FREE_FLOW,collector,City Center
2025-09-17 04:51:15.549655,road_0001,51.19558998501542,71.45756838173378,359,59.406181044162174,60,10.808920021952673,0,FREE_FLOW,arterial,City Center
2025-09-17 04:51:15.549655,road_0002,51.21222340415979,71.47718542988797,70,32.52181761221816,35,11.88184643757387,0,FREE_FLOW,local,Right Bank
2025-09-17 04:51:15.549655,road_0003,51.147142431523605,71.42424835420817,166,45.0,45,19.467234543439975,0,FREE_FLOW,collector,Left Bank
2025-09-17 04:51:15.549655,road_0004,51.194896034828155,71.42672451599276,216,45.0,45,21.079784072029476,0,FREE_FLOW,collector,City Center
2025-09-17 04:51:15.549655,road_0005,51.13145373025382,71.42743582937553,220,42.20256710863444,45,21.913857151181993,0,FREE_FLOW,collector,Left Bank
2025-09-17 04:51:15.549655,road_0006,51.14525858091126,71.40871681129984,248,45.0,45,18.959883190665543,0,FREE_FLOW,collector,Left Bank
2025-09-17 04:51:15.549655,road_0007,51.13560924762398,71.46282559050066,123,45.0,45,8.642600649339345,0,FREE_FLOW,collector,Right Bank
2025-09-17 04:51:15.549655,road_0008,51.106594323500836,71.4923767530675,88,45.0,45,5.521327973951018,0,FREE_FLOW,collector,Esil District
2025-09-17 04:51:15.549655,road_0009,51.1749541456762,71.45018304431642,318,58.648888344803986,60,13.552151070313945,0,FREE_FLOW,arterial,City Center
2025-09-17 04:51:15.549655,road_0010,51.204215781196154,71.42542980013923,126,45.0,45,4.845864896756431,0,FREE_FLOW,collector,Right Bank
2025-09-17 04:51:15.549655,road_0011,51.14911362341584,71.45849757916488,214,60.0,60,14.586826361474149,0,FREE_FLOW,arterial,City Center
2025-09-17 04:51:15.549655,road_0012,51.14285817159553,71.49500780438362,276,60.0,60,19.880385753062647,0,FREE_FLOW,arterial,Esil District
2025-09-17 04:51:15.549655,road_0013,51.178395080248016,71.44450085336713,107,44.0815200964563,45,5.967937433794127,0,FREE_FLOW,collector,Esil District
2025-09-17 04:51:15.549655,road_0014,51.22329556186777,71.40648282801608,148,45.0,45,7.070139098085492,0,FREE_FLOW,collector,Right Bank
2025-09-17 04:51:15.549655,road_0015,51.20247308795898,71.43455351818268,143,45.0,45,7.919748283906051,0,FREE_FLOW,collector,Right Bank
2025-09-17 04:51:15.549655,road_0016,51.16488352763151,71.45530260780878,290,41.4120464785871,45,23.56740619190354,0,FREE_FLOW,collector,City Center
2025-09-17 04:51:15.549655,road_0017,51.1949632883288,71.44123238931239,115,35.0,35,6.071657134612897,0,FREE_FLOW,local,City Center
2025-09-17 04:51:15.549655,road_0018,51.15447620767163,71.43400349958901,169,45.0,45,14.063775378425381,0,FREE_FLOW,collector,City Center
2025-09-17 04:51:15.549655,road_0019,51.117113160490625,71.37143752439205,98,32.24847258227492,35,19.22774529025533,0,FREE_FLOW,local,Left Bank
2025-09-17 04:56:15.549655,road_0000,51.14858964026895,71.43899067721357,143,42.17278830623069,45,11.609550129926422,0,FREE_FLOW,collector,City Center
2025-09-17 04:56:15.549655,road_0001,51.19558998501542,71.45756838173378,415,60.0,60,21.23411764363865,0,FREE_FLOW,arterial,City Center
2025-09-17 04:56:15.549655,road_0002,51.21222340415979,71.47718542988797,40,35.0,35,3.115643729370765,0,FREE_FLOW,local,Right Bank
2025-09-17 04:56:15.549655,road_0003,51.147142431523605,71.42424835420817,211,45.0,45,22.536857598333086,0,FREE_FLOW,collector,Left Bank
2025-09-17 04:56:15.549655,road_0004,51.194896034828155,71.42672451599276,145,42.080103730386064,45,0.0,0,FREE_FLOW,collector,City Center
2025-09-17 04:56:15.549655,road_0005,51.13145373025382,71.42743582937553,133,41.85176547867821,45,12.208305351439869,0,FREE_FLOW,collector,Left Bank
2025-09-17 04:56:15.549655,road_0006,51.14525858091126,71.40871681129984,140,40.86902568773161,45,4.556564626972751,0,FREE_FLOW,collector,Left Bank
2025-09-17 04:56:15.549655,road_0007,51.13560924762398,71.46282559050066,138,45.0,45,8.801928083956573,0,FREE_FLOW,collector,Right Bank
2025-09-17 04:56:15.549655,road_0008,51.106594323500836,71.4923767530675,132,45.0,45,11.795431867711065,0,FREE_FLOW,collector,Esil District
2025-09-17 04:56:15.549655,road_0009,51.1749541456762,71.45018304431642,323,59.3142937284404,60,15.99358818227062,0,FREE_FLOW,arterial,City Center
2025-09-17 04:56:15.549655,road_0010,51.204215781196154,71.42542980013923,125,45.0,45,18.059705574842774,0,FREE_FLOW,collector,Right Bank
2025-09-17 04:56:15.549655,road_0011,51.14911362341584,71.45849757916488,365,60.0,60,18.184788477126354,0,FREE_FLOW,arterial,City Center
2025-09-17 04:56:15.549655,road_0012,51.14285817159553,71.49500780438362,129,58.7190414409264,60,0.0,0,FREE_FLOW,arterial,Esil District
2025-09-17 04:56:15.549655,road_0013,51.178395080248016,71.44450085336713,73,45.0,45,0.0,0,FREE_FLOW,collector,Esil District
2025-09-17 04:56:15.549655,road_0014,51.22329556186777,71.40648282801608,121,41.6670779071868,45,11.822006067825907,0,FREE_FLOW,collector,Right Bank
2025-09-17 04:56:15.549655,road_0015,51.20247308795898,71.43455351818268,149,44.39054470620942,45,19.490445213816198,0,FREE_FLOW,collector,Right Bank
2025-09-17 04:56:15.549655,road_0016,51.16488352763151,71.45530260780878,223,45.0,45,23.5777754834119,0,FREE_FLOW,collector,City Center
2025-09-17 04:56:15.549655,road_0017,51.1949632883288,71.44123238931239,83,35.0,35,13.191382382069786,0,FREE_FLOW,local,City Center
2025-09-17 04:56:15.549655,road_0018,51.15447620767163,71.43400349958901,120,45.0,45,5.7085367228629975,0,FREE_FLOW,collector,City Center
2025-09-17 04:56:15.549655,road_0019,51.117113160490625,71.37143752439205,156,35.0,35,9.611581276103259,0,FREE_FLOW,local,Left Bank
2025-09-17 05:01:15.549655,road_0000,51.14858964026895,71.43899067721357,294,45.0,45,17.80634027022784,0,FREE_FLOW,collector,City Center
2025-09-17 05:01:15.549655,road_0001,51.19558998501542,71.45756838173378,401,54.45666132629179,60,15.055357480969,0,FREE_FLOW,arterial,City Center
2025-09-17 05:01:15.549655,road_0002,51.21222340415979,71.47718542988797,130,33.95888968571134,35,19.344257120775747,0,FREE_FLOW,local,Right Bank
2025-09-17 05:01:15.549655,road_0003,51.147142431523605,71.42424835420817,186,43.56322057531904,45,17.924579285878455,0,FREE_FLOW,collector,Left Bank
2025-09-17 05:01:15.549655,road_0004,51.194896034828155,71.42672451599276,328,45.0,45,23.900478552728078,0,FREE_FLOW,collector,City Center
2025-09-17 05:01:15.549655,road_0005,51.13145373025382,71.42743582937553,384,45.0,45,33.13731846044101,0,FREE_FLOW,collector,Left Bank
2025-09-17 05:01:15.549655,road_0006,51.14525858091126,71.40871681129984,453,45.0,45,27.844086716775273,0,FREE_FLOW,collector,Left Bank
2025-09-17 05:01:15.549655,road_0007,51.13560924762398,71.46282559050066,300,45.0,45,19.991865372756756,0,FREE_FLOW,collector,Right Bank
2025-09-17 05:01:15.549655,road_0008,51.106594323500836,71.4923767530675,162,45.0,45,18.528530799021276,0,FREE_FLOW,collector,Esil District
2025-09-17 05:01:15.549655,road_0009,51.1749541456762,71.45018304431642,825,54.33535119282316,60,30.1018607461261,0,FREE_FLOW,arterial,City Center
2025-09-17 05:01:15.549655,road_0010,51.204215781196154,71.42542980013923,153,41.39230968418214,45,1.1963158075762088,0,FREE_FLOW,collector,Right Bank
2025-09-17 05:01:15.549655,road_0011,51.14911362341584,71.45849757916488,545,57.874646883204925,60,21.586932616310904,0,FREE_FLOW,arterial,City Center
2025-09-17 05:01:15.549655,road_0012,51.14285817159553,71.49500780438362,545,60.0,60,12.920842470893957,0,FREE_FLOW,arterial,Esil District
2025-09-17 05:01:15.549655,road_0013,51.178395080248016,71.44450085336713,129,45.0,45,15.340310320475707,0,FREE_FLOW,collector,Esil District
2025-09-17 05:01:15.549655,road_0014,51.22329556186777,71.40648282801608,164,45.0,45,14.198188488092672,0,FREE_FLOW,collector,Right Bank
2025-09-17 05:01:15.549655,road_0015,51.20247308795898,71.43455351818268,404,45.0,45,26.031050145057076,0,FREE_FLOW,collector,Right Bank
2025-09-17 05:01:15.549655,road_0016,51.16488352763151,71.45530260780878,506,40.90614197483498,45,39.511970759893806,0,FREE_FLOW,collector,City Center
2025-09-17 05:01:15.549655,road_0017,51.1949632883288,71.44123238931239,278,35.0,35,35.8440645463286,0,FREE_FLOW,local,City Center
2025-09-17 05:01:15.549655,road_0018,51.15447620767163,71.43400349958901,400,43.0843890522214,45,21.806621670152623,0,FREE_FLOW,collector,City Center
2025-09-17 05:01:15.549655,road_0019,51.117113160490625,71.37143752439205,152,35.0,35,12.40071896690465,0,FREE_FLOW,local,Left Bank
2025-09-17 05:06:15.549655,road_0000,51.14858964026895,71.43899067721357,362,45.0,45,23.634616759456712,0,FREE_FLOW,collector,City Center
2025-09-17 05:06:15.549655,road_0001,51.19558998501542,71.45756838173378,639,58.074188582360065,60,30.31790467781149,0,FREE_FLOW,arterial,City Center
2025-09-17 05:06:15.549655,road_0002,51.21222340415979,71.47718542988797,86,31.669146469529654,35,20.360509387729483,0,FREE_FLOW,local,Right Bank
2025-09-17 05:06:15.549655,road_0003,51.147142431523605,71.42424835420817,526,44.68642782746359,45,28.73027973630729,0,FREE_FLOW,collector,Left Bank
2025-09-17 05:06:15.549655,road_0004,51.194896034828155,71.42672451599276,536,45.0,45,44.160632920185606,0,FREE_FLOW,collector,City Center
2025-09-17 05:06:15.549655,road_0005,51.13145373025382,71.42743582937553,265,45.0,45,9.75199546446888,0,FREE_FLOW,collector,Left Bank
2025-09-17 05:06:15.549655,road_0006,51.14525858091126,71.40871681129984,592,42.811710066925635,45,49.075916305582936,0,FREE_FLOW,collector,Left Bank
2025-09-17 05:06:15.549655,road_0007,51.13560924762398,71.46282559050066,321,45.0,45,27.384421986980684,0,FREE_FLOW,collector,Right Bank
2025-09-17 05:06:15.549655,road_0008,51.106594323500836,71.4923767530675,249,42.46824104518924,45,26.382795455520768,0,FREE_FLOW,collector,Esil District
2025-09-17 05:06:15.549655,road_0009,51.1749541456762,71.45018304431642,962,57.29511440386246,60,40.19506609093162,0,FREE_FLOW,arterial,City Center
2025-09-17 05:06:15.549655,road_0010,51.204215781196154,71.42542980013923,261,45.0,45,11.202430115208774,0,FREE_FLOW,collector,Right Bank
2025-09-17 05:06:15.549655,road_0011,51.14911362341584,71.45849757916488,663,59.98329496549507,60,20.806394610368717,0,FREE_FLOW,arterial,City Center
2025-09-17 05:06:15.549655,road_0012,51.14285817159553,71.49500780438362,465,60.0,60,14.019796989953324,0,FREE_FLOW,arterial,Esil District
2025-09-17 05:06:15.549655,road_0013,51.178395080248016,71.44450085336713,152,45.0,45,17.36224337747053,0,FREE_FLOW,collector,Esil District
2025-09-17 05:06:15.549655,road_0014,51.22329556186777,71.40648282801608,327,43.3270131386253,45,25.12890851357474,0,FREE_FLOW,collector,Right Bank
2025-09-17 05:06:15.549655,road_0015,51.20247308795898,71.43455351818268,305,41.68622994548259,45,21.431515170797272,0,FREE_FLOW,collector,Right Bank
2025-09-17 05:06:15.549655,road_0016,51.16488352763151,71.45530260780878,583,45.0,45,41.67620046030631,0,FREE_FLOW,collector,City Center
2025-09-17 05:06:15.549655,road_0017,51.1949632883288,71.44123238931239,211,35.0,35,33.03559930880953,0,FREE_FLOW,local,City Center
2025-09-17 05:06:15.549655,road_0018,51.15447620767163,71.43400349958901,525,40.807025344021056,45,33.28862877468583,0,FREE_FLOW,collector,City Center
2025-09-17 05:06:15.549655,road_0019,51.117113160490625,71.37143752439205,215,34.407550463967695,35,26.138614201332295,0,FREE_FLOW,local,Left Bank
2025-09-17 05:11:15.549655,road_0000,51.14858964026895,71.43899067721357,427,45.0,45,25.54201502364787,0,FREE_FLOW,collector,City Center
2025-09-17 05:11:15.549655,road_0001,51.19558998501542,71.45756838173378,773,58.75082129449831,60,23.69874551765874,0,FREE_FLOW,arterial,City Center
2025-09-17 05:11:15.549655,road_0002,51.21222340415979,71.47718542988797,136,35.0,35,19.257605350514396,0,FREE_FLOW,local,Right Bank
2025-09-17 05:11:15.549655,road_0003,51.147142431523605,71.42424835420817,563,45.0,45,31.08591484207114,0,FREE_FLOW,collector,Left Bank
2025-09-17 05:11:15.549655,road_0004,51.194896034828155,71.42672451599276,500,42.38012625165814,45,35.56174481011202,0,FREE_FLOW,collector,City Center
2025-09-17 05:11:15.549655,road_0005,51.13145373025382,71.42743582937553,285,45.0,45,14.525719309742277,0,FREE_FLOW,collector,Left Bank
2025-09-17 05:11:15.549655,road_0006,51.14525858091126,71.40871681129984,277,44.675213991008754,45,20.388607994798306,0,FREE_FLOW,collector,Left Bank
2025-09-17 05:11:15.549655,road_0007,51.13560924762398,71.46282559050066,127,45.0,45,0.0,0,FREE_FLOW,collector,Right Bank
2025-09-17 05:11:15.549655,road_0008,51.106594323500836,71.4923767530675,279,45.0,45,19.763318994384484,0,FREE_FLOW,collector,Esil District
2025-09-17 05:11:15.549655,road_0009,51.1749541456762,71.45018304431642,361,60.0,60,17.52715284036243,0,FREE_FLOW,arterial,City Center
2025-09-17 05:11:15.549655,road_0010,51.204215781196154,71.42542980013923,324,45.0,45,19.447357216790017,0,FREE_FLOW,collector,Right Bank
2025-09-17 05:11:15.549655,road_0011,51.14911362341584,71.45849757916488,1218,57.73772378612457,60,39.336054845876795,0,FREE_FLOW,arterial,City Center
2025-09-17 05:11:15.549655,road_0012,51.14285817159553,71.49500780438362,321,60.0,60,20.099748481585152,0,FREE_FLOW,arterial,Esil District
2025-09-17 05:11:15.549655,road_0013,51.178395080248016,71.44450085336713,120,43.80210060027283,45,7.8524418811405,0,FREE_FLOW,collector,Esil District
2025-09-17 05:11:15.549655,road_0014,51.22329556186777,71.40648282801608,274,45.0,45,14.747978552069926,0,FREE_FLOW,collector,Right Bank
2025-09-17 05:11:15.549655,road_0015,51.20247308795898,71.43455351818268,335,44.90984720102959,45,16.51291280454062,0,FREE_FLOW,collector,Right Bank
2025-09-17 05:11:15.549655,road_0016,51.16488352763151,71.45530260780878,393,45.0,45,26.072821200897327,0,FREE_FLOW,collector,City Center
2025-09-17 05:11:15.549655,road_0017,51.1949632883288,71.44123238931239,148,35.0,35,28.2751152274896,0,FREE_FLOW,local,City Center
2025-09-17 05:11:15.549655,road_0018,51.15447620767163,71.43400349958901,378,41.42137544362499,45,26.028746861511625,0,FREE_FLOW,collector,City Center
2025-09-17 05:11:15.549655,road_0019,51.117113160490625,71.37143752439205,156,33.90288799946923,35,21.351213233051457,0,FREE_FLOW,local,Left Bank
2025-09-17 05:16:15.549655,road_0000,51.14858964026895,71.43899067721357,676,44.46550244481313,45,39.682829353864676,0,FREE_FLOW,collector,City Center
2025-09-17 05:16:15.549655,road_0001,51.19558998501542,71.45756838173378,946,60.0,60,32.766573142393334,0,FREE_FLOW,arterial,City Center
2025-09-17 05:16:15.549655,road_0002,51.21222340415979,71.47718542988797,110,35.0,35,17.132991392332706,0,FREE_FLOW,local,Right Bank
2025-09-17 05:16:15.549655,road_0003,51.147142431523605,71.42424835420817,422,40.60284762751801,45,33.173344812690054,0,FREE_FLOW,collector,Left Bank
2025-09-17 05:16:15.549655,road_0004,51.194896034828155,71.42672451599276,379,45.0,45,17.00121253890509,0,FREE_FLOW,collector,City Center
2025-09-17 05:16:15.549655,road_0005,51.13145373025382,71.42743582937553,585,45.0,45,47.25510820156747,0,FREE_FLOW,collector,Left Bank
2025-09-17 05:16:15.549655,road_0006,51.14525858091126,71.40871681129984,301,42.30312342772439,45,12.483905957984536,0,FREE_FLOW,collector,Left Bank
2025-09-17 05:16:15.549655,road_0007,51.13560924762398,71.46282559050066,262,45.0,45,14.289616729136547,0,FREE_FLOW,collector,Right Bank
2025-09-17 05:16:15.549655,road_0008,51.106594323500836,71.4923767530675,104,45.0,45,12.9901252692591,0,FREE_FLOW,collector,Esil District
2025-09-17 05:16:15.549655,road_0009,51.1749541456762,71.45018304431642,689,58.36114641924908,60,22.321587511929422,0,FREE_FLOW,arterial,City Center
2025-09-17 05:16:15.549655,road_0010,51.204215781196154,71.42542980013923,130,44.31630719756644,45,0.0,0,FREE_FLOW,collector,Right Bank
2025-09-17 05:16:15.549655,road_0011,51.14911362341584,71.45849757916488,754,56.41333653304208,60,26.97422033488606,0,FREE_FLOW,arterial,City Center
2025-09-17 05:16:15.549655,road_0012,51.14285817159553,71.49500780438362,363,57.74885969769544,60,24.184599855436225,0,FREE_FLOW,arterial,Esil District
2025-09-17 05:16:15.549655,road_0013,51.178395080248016,71.44450085336713,275,45.0,45,20.598776958653872,0,FREE_FLOW,collector,Esil District
2025-09-17 05:16:15.549655,road_0014,51.22329556186777,71.40648282801608,190,45.0,45,8.128195402843023,0,FREE_FLOW,collector,Right Bank
2025-09-17 05:16:15.549655,road_0015,51.20247308795898,71.43455351818268,293,40.80522848202402,45,23.423582127843726,0,FREE_FLOW,collector,Right Bank
2025-09-17 05:16:15.549655,road_0016,51.16488352763151,71.45530260780878,682,45.0,45,50.95872325010127,0,FREE_FLOW,collector,City Center
2025-09-17 05:16:15.549655,road_0017,51.1949632883288,71.44123238931239,223,32.45776631883257,35,36.16615993294646,0,FREE_FLOW,local,City Center
2025-09-17 05:16:15.549655,road_0018,51.15447620767163,71.43400349958901,325,41.353190233627,45,21.625932001315384,0,FREE_FLOW,collector,City Center
2025-09-17 05:16:15.549655,road_0019,51.117113160490625,71.37143752439205,209,34.639660929234346,35,29.22019763284299,0,FREE_FLOW,local,Left Bank
2025-09-17 05:21:15.549655,road_0000,51.14858964026895,71.43899067721357,524,42.67501076687168,45,41.66387221616709,0,FREE_FLOW,collector,City Center
2025-09-17 05:21:15.549655,road_0001,51.19558998501542,71.45756838173378,788,54.06129092236873,60,28.571529938702405,0,FREE_FLOW,arterial,City Center
2025-09-17 05:21:15.549655,road_0002,51.21222340415979,71.47718542988797,101,35.0,35,7.128147528556736,0,FREE_FLOW,local,Right Bank
2025-09-17 05:21:15.549655,road_0003,51.147142431523605,71.42424835420817,399,41.549278523397014,45,27.880335712869332,0,FREE_FLOW,collector,Left Bank
2025-09-17 05:21:15.549655,road_0004,51.194896034828155,71.42672451599276,314,44.65595599355042,45,19.06988787788047,0,FREE_FLOW,collector,City Center
2025-09-17 05:21:15.549655,road_0005,51.13145373025382,71.42743582937553,436,45.0,45,37.280632398695175,0,FREE_FLOW,collector,Left Bank
2025-09-17 05:21:15.549655,road_0006,51.14525858091126,71.40871681129984,535,45.0,45,42.945372701542695,0,FREE_FLOW,collector,Left Bank
2025-09-17 05:21:15.549655,road_0007,51.13560924762398,71.46282559050066,275,43.280560222158854,45,26.407189822875065,0,FREE_FLOW,collector,Right Bank
2025-09-17 05:21:15.549655,road_0008,51.106594323500836,71.4923767530675,193,43.397520501519814,45,9.849792623571403,0,FREE_FLOW,collector,Esil District
2025-09-17 05:21:15.549655,road_0009,51.1749541456762,71.45018304431642,641,59.6410796698192,60,20.68539533117148,0,FREE_FLOW,arterial,City Center
2025-09-17 05:21:15.549655,road_0010,51.204215781196154,71.42542980013923,325,41.89191562007556,45,19.26194375102239,0,FREE_FLOW,collector,Right Bank
2025-09-17 05:21:15.549655,road_0011,51.14911362341584,71.45849757916488,965,56.8430332944407,60,48.02480558050833,0,FREE_FLOW,arterial,City Center
2025-09-17 05:21:15.549655,road_0012,51.14285817159553,71.49500780438362,186,58.62455297613946,60,0.0,0,FREE_FLOW,arterial,Esil District
2025-09-17 05:21:15.549655,road_0013,51.178395080248016,71.44450085336713,117,45.0,45,2.3073549606316908,0,FREE_FLOW,collector,Esil District
2025-09-17 05:21:15.549655,road_0014,51.22329556186777,71.40648282801608,258,41.925820830920166,45,25.9297880350309,0,FREE_FLOW,collector,Right Bank
2025-09-17 05:21:15.549655,road_0015,51.20247308795898,71.43455351818268,134,45.0,45,1.743748548453361,0,FREE_FLOW,collector,Right Bank
2025-09-17 05:21:15.549655,road_0016,51.16488352763151,71.45530260780878,322,42.72203535045447,45,16.99863267135164,0,FREE_FLOW,collector,City Center
2025-09-17 05:21:15.549655,road_0017,51.1949632883288,71.44123238931239,286,33.54250634967958,35,43.041691328452146,0,FREE_FLOW,local,City Center
2025-09-17 05:21:15.549655,road_0018,51.15447620767163,71.43400349958901,768,45.0,45,57.75223677553062,0,FREE_FLOW,collector,City Center
2025-09-17 05:21:15.549655,road_0019,51.117113160490625,71.37143752439205,269,35.0,35,39.805455936940696,0,FREE_FLOW,local,Left Bank
2025-09-17 05:26:15.549655,road_0000,51.14858964026895,71.43899067721357,685,45.0,45,50.73308247925739,0,FREE_FLOW,collector,City Center
2025-09-17 05:26:15.549655,road_0001,51.19558998501542,71.45756838173378,827,54.27889920456107,60,27.604624155572978,0,FREE_FLOW,arterial,City Center
2025-09-17 05:26:15.549655,road_0002,51.21222340415979,71.47718542988797,75,34.30666713975204,35,15.863531976662248,0,FREE_FLOW,local,Right Bank
2025-09-17 05:26:15.549655,road_0003,51.147142431523605,71.42424835420817,316,41.188706296942215,45,15.109148752524808,0,FREE_FLOW,collector,Left Bank
2025-09-17 05:26:15.549655,road_0004,51.194896034828155,71.42672451599276,357,45.0,45,19.378750946570037,0,FREE_FLOW,collector,City Center
2025-09-17 05:26:15.549655,road_0005,51.13145373025382,71.42743582937553,274,45.0,45,16.326527155506632,0,FREE_FLOW,collector,Left Bank
2025-09-17 05:26:15.549655,road_0006,51.14525858091126,71.40871681129984,249,41.10585122508565,45,21.833489725364124,0,FREE_FLOW,collector,Left Bank
2025-09-17 05:26:15.549655,road_0007,51.13560924762398,71.46282559050066,281,41.69472831692173,45,21.758175008817723,0,FREE_FLOW,collector,Right Bank
2025-09-17 05:26:15.549655,road_0008,51.106594323500836,71.4923767530675,180,45.0,45,2.6864344133691276,0,FREE_FLOW,collector,Esil District
2025-09-17 05:26:15.549655,road_0009,51.1749541456762,71.45018304431642,629,54.9508504128247,60,34.105428378945206,0,FREE_FLOW,arterial,City Center
2025-09-17 05:26:15.549655,road_0010,51.204215781196154,71.42542980013923,185,45.0,45,22.157251519582722,0,FREE_FLOW,collector,Right Bank
2025-09-17 05:26:15.549655,road_0011,51.14911362341584,71.45849757916488,824,60.0,60,29.048692339114407,0,FREE_FLOW,arterial,City Center
2025-09-17 05:26:15.549655,road_0012,51.14285817159553,71.49500780438362,233,60.0,60,17.952271935506936,0,FREE_FLOW,arterial,Esil District
2025-09-17 05:26:15.549655,road_0013,51.178395080248016,71.44450085336713,172,45.0,45,5.434831940706205,0,FREE_FLOW,collector,Esil District
2025-09-17 05:26:15.549655,road_0014,51.22329556186777,71.40648282801608,222,44.280179718502495,45,21.695242564452393,0,FREE_FLOW,collector,Right Bank
2025-09-17 05:26:15.549655,road_0015,51.20247308795898,71.43455351818268,316,45.0,45,17.25072689537782,0,FREE_FLOW,collector,Right Bank
2025-09-17 05:26:15.549655,road_0016,51.16488352763151,71.45530260780878,237,45.0,45,8.575119731644541,0,FREE_FLOW,collector,City Center
2025-09-17 05:26:15.549655,road_0017,51.1949632883288,71.44123238931239,203,35.0,35,30.59773214278369,0,FREE_FLOW,local,City Center
2025-09-17 05:26:15.549655,road_0018,51.15447620767163,71.43400349958901,299,43.394693118471324,45,23.515350661824368,0,FREE_FLOW,collector,City Center
2025-09-17 05:26:15.549655,road_0019,51.117113160490625,71.37143752439205,168,33.23246164932261,35,18.025947570586485,0,FREE_FLOW,local,Left Bank
2025-09-17 05:31:15.549655,road_0000,51.14858964026895,71.43899067721357,493,40.79696153111899,45,38.40271702852877,0,FREE_FLOW,collector,City Center
2025-09-17 05:31:15.549655,road_0001,51.19558998501542,71.45756838173378,580,60.0,60,23.837408695110877,0,FREE_FLOW,arterial,City Center
2025-09-17 05:31:15.549655,road_0002,51.21222340415979,71.47718542988797,123,35.0,35,12.926354610510597,0,FREE_FLOW,local,Right Bank
2025-09-17 05:31:15.549655,road_0003,51.147142431523605,71.42424835420817,384,40.495471571863526,45,19.35096462961199,0,FREE_FLOW,collector,Left Bank
2025-09-17 05:31:15.549655,road_0004,51.194896034828155,71.42672451599276,236,45.0,45,17.121041553912413,0,FREE_FLOW,collector,City Center
2025-09-17 05:31:15.549655,road_0005,51.13145373025382,71.42743582937553,344,45.0,45,15.575581327929834,0,FREE_FLOW,collector,Left Bank
2025-09-17 05:31:15.549655,road_0006,51.14525858091126,71.40871681129984,435,45.0,45,20.940294433647367,0,FREE_FLOW,collector,Left Bank
2025-09-17 05:31:15.549655,road_0007,51.13560924762398,71.46282559050066,185,45.0,45,9.125498606106845,0,FREE_FLOW,collector,Right Bank
2025-09-17 05:31:15.549655,road_0008,51.106594323500836,71.4923767530675,190,42.40958677741443,45,2.919951408925323,0,FREE_FLOW,collector,Esil District
2025-09-17 05:31:15.549655,road_0009,51.1749541456762,71.45018304431642,705,57.08390485976811,60,22.522237886664605,0,FREE_FLOW,arterial,City Center
2025-09-17 05:31:15.549655,road_0010,51.204215781196154,71.42542980013923,190,41.207200470976616,45,18.034696234476836,0,FREE_FLOW,collector,Right Bank
2025-09-17 05:31:15.549655,road_0011,51.14911362341584,71.45849757916488,818,58.823613400669956,60,31.918609360476783,0,FREE_FLOW,arterial,City Center
2025-09-17 05:31:15.549655,road_0012,51.14285817159553,71.49500780438362,230,57.665040199064485,60,18.180997397054764,0,FREE_FLOW,arterial,Esil District
2025-09-17 05:31:15.549655,road_0013,51.178395080248016,71.44450085336713,126,43.279578410649954,45,12.304031564022528,0,FREE_FLOW,collector,Esil District
2025-09-17 05:31:15.549655,road_0014,51.22329556186777,71.40648282801608,167,44.086976615468465,45,3.4842673962449133,0,FREE_FLOW,collector,Right Bank
2025-09-17 05:31:15.549655,road_0015,51.20247308795898,71.43455351818268,312,45.0,45,21.082759496189666,0,FREE_FLOW,collector,Right Bank
2025-09-17 05:31:15.549655,road_0016,51.16488352763151,71.45530260780878,370,45.0,45,18.96406733507574,0,FREE_FLOW,collector,City Center
2025-09-17 05:31:15.549655,road_0017,51.1949632883288,71.44123238931239,334,33.818701604952906,35,42.69939413226467,0,FREE_FLOW,local,City Center
2025-09-17 05:31:15.549655,road_0018,51.15447620767163,71.43400349958901,558,44.904083307163745,45,40.05523042374185,0,FREE_FLOW,collector,City Center
2025-09-17 05:31:15.549655,road_0019,51.117113160490625,71.37143752439205,150,33.005924194119366,35,18.992353359628,0,FREE_FLOW,local,Left Bank
2025-09-17 05:36:15.549655,road_0000,51.14858964026895,71.43899067721357,375,45.0,45,21.395466849111923,0,FREE_FLOW,collector,City Center
2025-09-17 05:36:15.549655,road_0001,51.19558998501542,71.45756838173378,729,59.85256682931964,60,29.23882550910185,0,FREE_FLOW,arterial,City Center
2025-09-17 05:36:15.549655,road_0002,51.21222340415979,71.47718542988797,149,33.49603317919835,35,15.539698443377809,0,FREE_FLOW,local,Right Bank
2025-09-17 05:36:15.549655,road_0003,51.147142431523605,71.42424835420817,364,43.02809930408151,45,15.664454268087349,0,FREE_FLOW,collector,Left Bank
2025-09-17 05:36:15.549655,road_0004,51.194896034828155,71.42672451599276,485,43.39811294538309,45,38.99560152931171,0,FREE_FLOW,collector,City Center
2025-09-17 05:36:15.549655,road_0005,51.13145373025382,71.42743582937553,242,40.848030581918295,45,16.360029609597056,0,FREE_FLOW,collector,Left Bank
2025-09-17 05:36:15.549655,road_0006,51.14525858091126,71.40871681129984,381,45.0,45,19.66864383696246,0,FREE_FLOW,collector,Left Bank
2025-09-17 05:36:15.549655,road_0007,51.13560924762398,71.46282559050066,271,45.0,45,24.52159855664074,0,FREE_FLOW,collector,Right Bank
2025-09-17 05:36:15.549655,road_0008,51.106594323500836,71.4923767530675,130,41.81711915904939,45,16.786103717916074,0,FREE_FLOW,collector,Esil District
2025-09-17 05:36:15.549655,road_0009,51.1749541456762,71.45018304431642,525,57.39271427515115,60,20.418304547535925,0,FREE_FLOW,arterial,City Center
2025-09-17 05:36:15.549655,road_0010,51.204215781196154,71.42542980013923,189,42.6530256901654,45,11.39007088709053,0,FREE_FLOW,collector,Right Bank
2025-09-17 05:36:15.549655,road_0011,51.14911362341584,71.45849757916488,1067,60.0,60,39.74455944456232,0,FREE_FLOW,arterial,City Center
2025-09-17 05:36:15.549655,road_0012,51.14285817159553,71.49500780438362,264,54.795143102871805,60,17.372608515147,0,FREE_FLOW,arterial,Esil District
2025-09-17 05:36:15.549655,road_0013,51.178395080248016,71.44450085336713,268,45.0,45,18.363446324099904,0,FREE_FLOW,collector,Esil District
2025-09-17 05:36:15.549655,road_0014,51.22329556186777,71.40648282801608,192,44.70106724384105,45,17.897881954612888,0,FREE_FLOW,collector,Right Bank
2025-09-17 05:36:15.549655,road_0015,51.20247308795898,71.43455351818268,178,45.0,45,12.127758747399334,0,FREE_FLOW,collector,Right Bank
2025-09-17 05:36:15.549655,road_0016,51.16488352763151,71.45530260780878,314,44.33355511545758,45,16.905764082175843,0,FREE_FLOW,collector,City Center
2025-09-17 05:36:15.549655,road_0017,51.1949632883288,71.44123238931239,281,35.0,35,30.574029935696082,0,FREE_FLOW,local,City Center
2025-09-17 05:36:15.549655,road_0018,51.15447620767163,71.43400349958901,638,45.0,45,47.38865141584033,0,FREE_FLOW,collector,City Center
2025-09-17 05:36:15.549655,road_0019,51.117113160490625,71.37143752439205,205,32.75186467873528,35,16.284532534310078,0,FREE_FLOW,local,Left Bank
2025-09-17 05:41:15.549655,road_0000,51.14858964026895,71.43899067721357,320,45.0,45,26.47333632091564,0,FREE_FLOW,collector,City Center
2025-09-17 05:41:15.549655,road_0001,51.19558998501542,71.45756838173378,745,59.442610324741025,60,26.37540024828612,0,FREE_FLOW,arterial,City Center
2025-09-17 05:41:15.549655,road_0002,51.21222340415979,71.47718542988797,161,32.06753530536099,35,29.66374977496038,0,FREE_FLOW,local,Right Bank
2025-09-17 05:41:15.549655,road_0003,51.147142431523605,71.42424835420817,357,45.0,45,19.797404145871482,0,FREE_FLOW,collector,Left Bank
2025-09-17 05:41:15.549655,road_0004,51.194896034828155,71.42672451599276,652,42.200899218305494,45,40.52902735432983,0,FREE_FLOW,collector,City Center
2025-09-17 05:41:15.549655,road_0005,51.13145373025382,71.42743582937553,541,44.97307962199699,45,43.03823917019165,0,FREE_FLOW,collector,Left Bank
2025-09-17 05:41:15.549655,road_0006,51.14525858091126,71.40871681129984,455,45.0,45,38.910417571802,0,FREE_FLOW,collector,Left Bank
2025-09-17 05:41:15.549655,road_0007,51.13560924762398,71.46282559050066,254,42.89072310499389,45,13.193086949568373,0,FREE_FLOW,collector,Right Bank
2025-09-17 05:41:15.549655,road_0008,51.106594323500836,71.4923767530675,125,45.0,45,15.730778061586157,0,FREE_FLOW,collector,Esil District
2025-09-17 05:41:15.549655,road_0009,51.1749541456762,71.45018304431642,373,56.70744961530527,60,24.61652446067989,0,FREE_FLOW,arterial,City Center
2025-09-17 05:41:15.549655,road_0010,51.204215781196154,71.42542980013923,245,44.98187663497465,45,11.006732508184326,0,FREE_FLOW,collector,Right Bank
2025-09-17 05:41:15.549655,road_0011,51.14911362341584,71.45849757916488,777,57.07268696767583,60,24.444064145622235,0,FREE_FLOW,arterial,City Center
2025-09-17 05:41:15.549655,road_0012,51.14285817159553,71.49500780438362,308,56.143658117709236,60,20.506500772972615,0,FREE_FLOW,arterial,Esil District
2025-09-17 05:41:15.549655,road_0013,51.178395080248016,71.44450085336713,157,43.44150765341719,45,14.163364136837316,0,FREE_FLOW,collector,Esil District
2025-09-17 05:41:15.549655,road_0014,51.22329556186777,71.40648282801608,157,45.0,45,20.08003699351994,0,FREE_FLOW,collector,Right Bank
2025-09-17 05:41:15.549655,road_0015,51.20247308795898,71.43455351818268,236,45.0,45,22.930624136361168,0,FREE_FLOW,collector,Right Bank
2025-09-17 05:41:15.549655,road_0016,51.16488352763151,71.45530260780878,219,44.11558214557633,45,13.629257134186929,0,FREE_FLOW,collector,City Center
2025-09-17 05:41:15.549655,road_0017,51.1949632883288,71.44123238931239,169,35.0,35,22.1071769234239,0,FREE_FLOW,local,City Center
2025-09-17 05:41:15.549655,road_0018,51.15447620767163,71.43400349958901,572,45.0,45,42.19798778151821,0,FREE_FLOW,collector,City Center
2025-09-17 05:41:15.549655,road_0019,51.117113160490625,71.37143752439205,226,35.0,35,18.709583135228534,0,FREE_FLOW,local,Left Bank
2025-09-17 05:46:15.549655,road_0000,51.14858964026895,71.43899067721357,516,45.0,45,33.18845858015379,0,FREE_FLOW,collector,City Center
2025-09-17 05:46:15.549655,road_0001,51.19558998501542,71.45756838173378,783,55.40203809568517,60,35.57970477618811,0,FREE_FLOW,arterial,City Center
2025-09-17 05:46:15.549655,road_0002,51.21222340415979,71.47718542988797,149,35.0,35,20.538342823168815,0,FREE_FLOW,local,Right Bank
2025-09-17 05:46:15.549655,road_0003,51.147142431523605,71.42424835420817,244,44.62132241963747,45,25.51796224534422,0,FREE_FLOW,collector,Left Bank
2025-09-17 05:46:15.549655,road_0004,51.194896034828155,71.42672451599276,430,45.0,45,36.17093787729891,0,FREE_FLOW,collector,City Center
2025-09-17 05:46:15.549655,road_0005,51.13145373025382,71.42743582937553,389,44.59064621052302,45,20.02075065118363,0,FREE_FLOW,collector,Left Bank
2025-09-17 05:46:15.549655,road_0006,51.14525858091126,71.40871681129984,255,45.0,45,24.13999272518949,0,FREE_FLOW,collector,Left Bank
2025-09-17 05:46:15.549655,road_0007,51.13560924762398,71.46282559050066,165,45.0,45,12.458548224618,0,FREE_FLOW,collector,Right Bank
2025-09-17 05:46:15.549655,road_0008,51.106594323500836,71.4923767530675,204,41.77247464632739,45,13.499575358952324,0,FREE_FLOW,collector,Esil District
2025-09-17 05:46:15.549655,road_0009,51.1749541456762,71.45018304431642,497,55.08194683382545,60,18.004581700417916,0,FREE_FLOW,arterial,City Center
2025-09-17 05:46:15.549655,road_0010,51.204215781196154,71.42542980013923,330,42.352012121069194,45,26.81350594826519,0,FREE_FLOW,collector,Right Bank
2025-09-17 05:46:15.549655,road_0011,51.14911362341584,71.45849757916488,810,57.30141527354387,60,38.5139517237782,0,FREE_FLOW,arterial,City Center
2025-09-17 05:46:15.549655,road_0012,51.14285817159553,71.49500780438362,271,59.21563351144603,60,15.367197395854468,0,FREE_FLOW,arterial,Esil District
2025-09-17 05:46:15.549655,road_0013,51.178395080248016,71.44450085336713,116,40.89970255200025,45,13.561120521768828,0,FREE_FLOW,collector,Esil District
2025-09-17 05:46:15.549655,road_0014,51.22329556186777,71.40648282801608,224,42.46524601417366,45,24.924332304673584,0,FREE_FLOW,collector,Right Bank
2025-09-17 05:46:15.549655,road_0015,51.20247308795898,71.43455351818268,274,43.253106168639476,45,27.54671696689419,0,FREE_FLOW,collector,Right Bank
2025-09-17 05:46:15.549655,road_0016,51.16488352763151,71.45530260780878,287,41.47148904240057,45,9.43763690288875,0,FREE_FLOW,collector,City Center
2025-09-17 05:46:15.549655,road_0017,51.1949632883288,71.44123238931239,278,35.0,35,33.648503418119844,0,FREE_FLOW,local,City Center
2025-09-17 05:46:15.549655,road_0018,51.15447620767163,71.43400349958901,431,45.0,45,25.174978294141756,0,FREE_FLOW,collector,City Center
2025-09-17 05:46:15.549655,road_0019,51.117113160490625,71.37143752439205,107,33.51726624576403,35,20.123937492859298,0,FREE_FLOW,local,Left Bank
2025-09-17 05:51:15.549655,road_0000,51.14858964026895,71.43899067721357,643,45.0,45,51.1466190296863,0,FREE_FLOW,collector,City Center
2025-09-17 05:51:15.549655,road_0001,51.19558998501542,71.45756838173378,730,58.44937528435296,60,38.365440012349396,0,FREE_FLOW,arterial,City Center
2025-09-17 05:51:15.549655,road_0002,51.21222340415979,71.47718542988797,187,31.874125805441192,35,20.947082792786738,0,FREE_FLOW,local,Right Bank
2025-09-17 05:51:15.549655,road_0003,51.147142431523605,71.42424835420817,348,45.0,45,15.10302229121522,0,FREE_FLOW,collector,Left Bank
2025-09-17 05:51:15.549655,road_0004,51.194896034828155,71.42672451599276,479,45.0,45,40.713369649478125,0,FREE_FLOW,collector,City Center
2025-09-17 05:51:15.549655,road_0005,51.13145373025382,71.42743582937553,424,45.0,45,32.30003892618468,0,FREE_FLOW,collector,Left Bank
2025-09-17 05:51:15.549655,road_0006,51.14525858091126,71.40871681129984,492,40.464136563436206,45,24.480002918006313,0,FREE_FLOW,collector,Left Bank
2025-09-17 05:51:15.549655,road_0007,51.13560924762398,71.46282559050066,315,41.91623393111668,45,14.301980824293164,0,FREE_FLOW,collector,Right Bank
2025-09-17 05:51:15.549655,road_0008,51.106594323500836,71.4923767530675,197,45.0,45,16.353806683017474,0,FREE_FLOW,collector,Esil District
2025-09-17 05:51:15.549655,road_0009,51.1749541456762,71.45018304431642,430,57.10672343090841,60,9.853204815468176,0,FREE_FLOW,arterial,City Center
2025-09-17 05:51:15.549655,road_0010,51.204215781196154,71.42542980013923,246,45.0,45,19.601500179490586,0,FREE_FLOW,collector,Right Bank
2025-09-17 05:51:15.549655,road_0011,51.14911362341584,71.45849757916488,1104,60.0,60,53.142716596901025,0,FREE_FLOW,arterial,City Center
2025-09-17 05:51:15.549655,road_0012,51.14285817159553,71.49500780438362,455,60.0,60,27.690800365925526,0,FREE_FLOW,arterial,Esil District
2025-09-17 05:51:15.549655,road_0013,51.178395080248016,71.44450085336713,138,45.0,45,5.333886949019108,0,FREE_FLOW,collector,Esil District
2025-09-17 05:51:15.549655,road_0014,51.22329556186777,71.40648282801608,250,45.0,45,23.863298582299297,0,FREE_FLOW,collector,Right Bank
2025-09-17 05:51:15.549655,road_0015,51.20247308795898,71.43455351818268,251,45.0,45,19.284205375786733,0,FREE_FLOW,collector,Right Bank
2025-09-17 05:51:15.549655,road_0016,51.16488352763151,71.45530260780878,382,45.0,45,20.006362988114212,0,FREE_FLOW,collector,City Center
2025-09-17 05:51:15.549655,road_0017,51.1949632883288,71.44123238931239,300,31.407541950059066,35,34.49388955584919,0,FREE_FLOW,local,City Center
2025-09-17 05:51:15.549655,road_0018,51.15447620767163,71.43400349958901,413,42.28825007486984,45,18.10558001385275,0,FREE_FLOW,collector,City Center
2025-09-17 05:51:15.549655,road_0019,51.117113160490625,71.37143752439205,253,34.18304036191925,35,41.35804882009724,0,FREE_FLOW,local,Left Bank
2025-09-17 05:56:15.549655,road_0000,51.14858964026895,71.43899067721357,316,41.538518620323444,45,12.647195095316366,0,FREE_FLOW,collector,City Center
2025-09-17 05:56:15.549655,road_0001,51.19558998501542,71.45756838173378,779,59.651268487438124,60,26.43213585642769,0,FREE_FLOW,arterial,City Center
2025-09-17 05:56:15.549655,road_0002,51.21222340415979,71.47718542988797,192,33.662633865389246,35,23.096034951706365,0,FREE_FLOW,local,Right Bank
2025-09-17 05:56:15.549655,road_0003,51.147142431523605,71.42424835420817,319,45.0,45,25.928164765570934,0,FREE_FLOW,collector,Left Bank
2025-09-17 05:56:15.549655,road_0004,51.194896034828155,71.42672451599276,280,45.0,45,11.568125242792494,0,FREE_FLOW,collector,City Center
2025-09-17 05:56:15.549655,road_0005,51.13145373025382,71.42743582937553,388,41.74839183861373,45,35.274327445129146,0,FREE_FLOW,collector,Left Bank
2025-09-17 05:56:15.549655,road_0006,51.14525858091126,71.40871681129984,187,45.0,45,18.279864445126343,0,FREE_FLOW,collector,Left Bank
2025-09-17 05:56:15.549655,road_0007,51.13560924762398,71.46282559050066,186,45.0,45,8.717192853942617,0,FREE_FLOW,collector,Right Bank
2025-09-17 05:56:15.549655,road_0008,51.106594323500836,71.4923767530675,229,45.0,45,16.20238013007384,0,FREE_FLOW,collector,Esil District
2025-09-17 05:56:15.549655,road_0009,51.1749541456762,71.45018304431642,553,54.544426357092036,60,24.542403956170652,0,FREE_FLOW,arterial,City Center
2025-09-17 05:56:15.549655,road_0010,51.204215781196154,71.42542980013923,337,45.0,45,30.67217480546231,0,FREE_FLOW,collector,Right Bank
2025-09-17 05:56:15.549655,road_0011,51.14911362341584,71.45849757916488,400,58.46056873035168,60,23.75604596446022,0,FREE_FLOW,arterial,City Center
2025-09-17 05:56:15.549655,road_0012,51.14285817159553,71.49500780438362,297,60.0,60,15.981004526087078,0,FREE_FLOW,arterial,Esil District
2025-09-17 05:56:15.549655,road_0013,51.178395080248016,71.44450085336713,143,43.3543980914457,45,17.993413753205445,0,FREE_FLOW,collector,Esil District
2025-09-17 05:56:15.549655,road_0014,51.22329556186777,71.40648282801608,295,43.85320180063093,45,19.561552619098695,0,FREE_FLOW,collector,Right Bank
2025-09-17 05:56:15.549655,road_0015,51.20247308795898,71.43455351818268,142,41.49253414292291,45,18.580227880133982,0,FREE_FLOW,collector,Right Bank
2025-09-17 05:56:15.549655,road_0016,51.16488352763151,71.45530260780878,555,41.00742642532886,45,27.410240051267053,0,FREE_FLOW,collector,City Center
2025-09-17 05:56:15.549655,road_0017,51.1949632883288,71.44123238931239,356,35.0,35,45.40646363981402,0,FREE_FLOW,local,City Center
2025-09-17 05:56:15.549655,road_0018,51.15447620767163,71.43400349958901,515,43.261263522030035,45,29.74286129678758,0,FREE_FLOW,collector,City Center
2025-09-17 05:56:15.549655,road_0019,51.117113160490625,71.37143752439205,122,35.0,35,12.65822855957479,0,FREE_FLOW,local,Left Bank
2025-09-17 06:01:15.549655,road_0000,51.14858964026895,71.43899067721357,990,45.0,45,72.20074917781724,0,FREE_FLOW,collector,City Center
2025-09-17 06:01:15.549655,road_0001,51.19558998501542,71.45756838173378,1219,58.03607453431008,60,39.6512327690695,0,FREE_FLOW,arterial,City Center
2025-09-17 06:01:15.549655,road_0002,51.21222340415979,71.47718542988797,392,32.76785395778786,35,55.167270218582416,0,FREE_FLOW,local,Right Bank
2025-09-17 06:01:15.549655,road_0003,51.147142431523605,71.42424835420817,582,42.11462151158532,45,41.82534385836449,0,FREE_FLOW,collector,Left Bank
2025-09-17 06:01:15.549655,road_0004,51.194896034828155,71.42672451599276,1015,42.4454841541051,45,75.40271827658546,0,FREE_FLOW,collector,City Center
2025-09-17 06:01:15.549655,road_0005,51.13145373025382,71.42743582937553,492,45.0,45,40.76398449692485,0,FREE_FLOW,collector,Left Bank
2025-09-17 06:01:15.549655,road_0006,51.14525858091126,71.40871681129984,620,43.772921385204675,45,37.024188206122915,0,FREE_FLOW,collector,Left Bank
2025-09-17 06:01:15.549655,road_0007,51.13560924762398,71.46282559050066,239,45.0,45,24.482548350763604,0,FREE_FLOW,collector,Right Bank
2025-09-17 06:01:15.549655,road_0008,51.106594323500836,71.4923767530675,504,41.248867421987256,45,30.89958453753608,0,FREE_FLOW,collector,Esil District
2025-09-17 06:01:15.549655,road_0009,51.1749541456762,71.45018304431642,1715,56.783629237114916,60,62.51822165474117,0,FREE_FLOW,arterial,City Center
2025-09-17 06:01:15.549655,road_0010,51.204215781196154,71.42542980013923,781,40.409447287721854,45,58.032545297587966,0,FREE_FLOW,collector,Right Bank
2025-09-17 06:01:15.549655,road_0011,51.14911362341584,71.45849757916488,953,55.3721428364464,60,34.19288431024913,0,FREE_FLOW,arterial,City Center
2025-09-17 06:01:15.549655,road_0012,51.14285817159553,71.49500780438362,518,58.821865852759046,60,11.70610169965883,0,FREE_FLOW,arterial,Esil District
2025-09-17 06:01:15.549655,road_0013,51.178395080248016,71.44450085336713,322,41.204917539207294,45,24.95063791245736,0,FREE_FLOW,collector,Esil District
2025-09-17 06:01:15.549655,road_0014,51.22329556186777,71.40648282801608,672,42.69166164884286,45,36.01248138957625,0,FREE_FLOW,collector,Right Bank
2025-09-17 06:01:15.549655,road_0015,51.20247308795898,71.43455351818268,311,45.0,45,27.438540862248704,0,FREE_FLOW,collector,Right Bank
2025-09-17 06:01:15.549655,road_0016,51.16488352763151,71.45530260780878,1255,38.737015641157654,45,88.01102085990536,0,FREE_FLOW,collector,City Center
2025-09-17 06:01:15.549655,road_0017,51.1949632883288,71.44123238931239,346,35.0,35,34.252768707782806,0,FREE_FLOW,local,City Center
2025-09-17 06:01:15.549655,road_0018,51.15447620767163,71.43400349958901,568,45.0,45,29.328355449287727,0,FREE_FLOW,collector,City Center
2025-09-17 06:01:15.549655,road_0019,51.117113160490625,71.37143752439205,644,34.89780852670756,35,89.63414358707475,0,FREE_FLOW,local,Left Bank
2025-09-17 06:06:15.549655,road_0000,51.14858964026895,71.43899067721357,659,45.0,45,41.973367676146246,0,FREE_FLOW,collector,City Center
2025-09-17 06:06:15.549655,road_0001,51.19558998501542,71.45756838173378,2011,53.551014921821576,60,76.46953581719387,0,FREE_FLOW,arterial,City Center
2025-09-17 06:06:15.549655,road_0002,51.21222340415979,71.47718542988797,165,33.55531918280283,35,15.307641340236122,0,FREE_FLOW,local,Right Bank
2025-09-17 06:06:15.549655,road_0003,51.147142431523605,71.42424835420817,946,44.81035773907828,45,59.68860747503107,0,FREE_FLOW,collector,Left Bank
2025-09-17 06:06:15.549655,road_0004,51.194896034828155,71.42672451599276,1174,40.39535775339235,45,69.67149486358602,0,FREE_FLOW,collector,City Center
2025-09-17 06:06:15.549655,road_0005,51.13145373025382,71.42743582937553,565,45.0,45,28.15917653653156,0,FREE_FLOW,collector,Left Bank
2025-09-17 06:06:15.549655,road_0006,51.14525858091126,71.40871681129984,837,45.0,45,56.15364993940494,0,FREE_FLOW,collector,Left Bank
2025-09-17 06:06:15.549655,road_0007,51.13560924762398,71.46282559050066,675,44.472266288697014,45,54.465671730824496,0,FREE_FLOW,collector,Right Bank
2025-09-17 06:06:15.549655,road_0008,51.106594323500836,71.4923767530675,517,40.88858229463132,45,35.97269974177732,0,FREE_FLOW,collector,Esil District
2025-09-17 06:06:15.549655,road_0009,51.1749541456762,71.45018304431642,2056,59.4181243621288,60,87.86334150848637,0,FREE_FLOW,arterial,City Center
2025-09-17 06:06:15.549655,road_0010,51.204215781196154,71.42542980013923,334,45.0,45,12.911745751819796,0,FREE_FLOW,collector,Right Bank
2025-09-17 06:06:15.549655,road_0011,51.14911362341584,71.45849757916488,2437,53.268500802778156,60,93.54391638121054,0,FREE_FLOW,arterial,City Center
2025-09-17 06:06:15.549655,road_0012,51.14285817159553,71.49500780438362,723,60.0,60,27.16334864295088,0,FREE_FLOW,arterial,Esil District
2025-09-17 06:06:15.549655,road_0013,51.178395080248016,71.44450085336713,558,45.0,45,40.15477486423714,0,FREE_FLOW,collector,Esil District
2025-09-17 06:06:15.549655,road_0014,51.22329556186777,71.40648282801608,586,45.0,45,45.39658847546855,0,FREE_FLOW,collector,Right Bank
2025-09-17 06:06:15.549655,road_0015,51.20247308795898,71.43455351818268,555,45.0,45,37.92799901597627,0,FREE_FLOW,collector,Right Bank
2025-09-17 06:06:15.549655,road_0016,51.16488352763151,71.45530260780878,694,42.53846913525108,45,54.920521545122625,0,FREE_FLOW,collector,City Center
2025-09-17 06:06:15.549655,road_0017,51.1949632883288,71.44123238931239,460,35.0,35,49.38731171216857,0,FREE_FLOW,local,City Center
2025-09-17 06:06:15.549655,road_0018,51.15447620767163,71.43400349958901,731,45.0,45,51.59032612665189,0,FREE_FLOW,collector,City Center
2025-09-17 06:06:15.549655,road_0019,51.117113160490625,71.37143752439205,462,35.0,35,61.82631888616031,0,FREE_FLOW,local,Left Bank
2025-09-17 06:11:15.549655,road_0000,51.14858964026895,71.43899067721357,1145,44.95912474359093,45,74.68665460696863,0,FREE_FLOW,collector,City Center
2025-09-17 06:11:15.549655,road_0001,51.19558998501542,71.45756838173378,1411,56.274481130828576,60,57.495818296314326,0,FREE_FLOW,arterial,City Center
2025-09-17 06:11:15.549655,road_0002,51.21222340415979,71.47718542988797,312,35.0,35,41.60252786477665,0,FREE_FLOW,local,Right Bank
2025-09-17 06:11:15.549655,road_0003,51.147142431523605,71.42424835420817,868,43.14427288288036,45,56.82247729339751,0,FREE_FLOW,collector,Left Bank
2025-09-17 06:11:15.549655,road_0004,51.194896034828155,71.42672451599276,1169,38.74944597223876,45,76.39811483122995,0,FREE_FLOW,collector,City Center
2025-09-17 06:11:15.549655,road_0005,51.13145373025382,71.42743582937553,794,43.23025993759119,45,52.51330416720098,0,FREE_FLOW,collector,Left Bank
2025-09-17 06:11:15.549655,road_0006,51.14525858091126,71.40871681129984,1002,44.89856292038384,45,72.77938518774536,0,FREE_FLOW,collector,Left Bank
2025-09-17 06:11:15.549655,road_0007,51.13560924762398,71.46282559050066,718,45.0,45,42.733474984539725,0,FREE_FLOW,collector,Right Bank
2025-09-17 06:11:15.549655,road_0008,51.106594323500836,71.4923767530675,487,43.23072757497907,45,33.365937603619244,0,FREE_FLOW,collector,Esil District
2025-09-17 06:11:15.549655,road_0009,51.1749541456762,71.45018304431642,1468,59.91639788385854,60,66.49619836761238,0,FREE_FLOW,arterial,City Center
2025-09-17 06:11:15.549655,road_0010,51.204215781196154,71.42542980013923,347,45.0,45,27.013033696384994,0,FREE_FLOW,collector,Right Bank
2025-09-17 06:11:15.549655,road_0011,51.14911362341584,71.45849757916488,1120,56.900923029840385,60,49.123586571187516,0,FREE_FLOW,arterial,City Center
2025-09-17 06:11:15.549655,road_0012,51.14285817159553,71.49500780438362,956,60.0,60,46.08786506598119,0,FREE_FLOW,arterial,Esil District
2025-09-17 06:11:15.549655,road_0013,51.178395080248016,71.44450085336713,339,41.182233107062885,45,20.6755236381656,0,FREE_FLOW,collector,Esil District
2025-09-17 06:11:15.549655,road_0014,51.22329556186777,71.40648282801608,442,45.0,45,22.93457331773078,0,FREE_FLOW,collector,Right Bank
2025-09-17 06:11:15.549655,road_0015,51.20247308795898,71.43455351818268,443,40.72432452647321,45,21.058727686679802,0,FREE_FLOW,collector,Right Bank
2025-09-17 06:11:15.549655,road_0016,51.16488352763151,71.45530260780878,1097,44.05047050685413,45,78.45051309883706,0,FREE_FLOW,collector,City Center
2025-09-17 06:11:15.549655,road_0017,51.1949632883288,71.44123238931239,370,35.0,35,42.82257396949867,0,FREE_FLOW,local,City Center
2025-09-17 06:11:15.549655,road_0018,51.15447620767163,71.43400349958901,1267,41.18568631969106,45,85.96016437714482,0,FREE_FLOW,collector,City Center
2025-09-17 06:11:15.549655,road_0019,51.117113160490625,71.37143752439205,571,33.85890087783118,35,75.92515153549476,0,FREE_FLOW,local,Left Bank
2025-09-17 06:16:15.549655,road_0000,51.14858964026895,71.43899067721357,887,45.0,45,68.9579044337612,0,FREE_FLOW,collector,City Center
2025-09-17 06:16:15.549655,road_0001,51.19558998501542,71.45756838173378,1821,59.36924635531677,60,75.89563318377147,0,FREE_FLOW,arterial,City Center
2025-09-17 06:16:15.549655,road_0002,51.21222340415979,71.47718542988797,262,35.0,35,38.39682768291702,0,FREE_FLOW,local,Right Bank
2025-09-17 06:16:15.549655,road_0003,51.147142431523605,71.42424835420817,507,45.0,45,38.16744079930336,0,FREE_FLOW,collector,Left Bank
2025-09-17 06:16:15.549655,road_0004,51.194896034828155,71.42672451599276,599,40.92593569321277,45,44.8295393649888,0,FREE_FLOW,collector,City Center
2025-09-17 06:16:15.549655,road_0005,51.13145373025382,71.42743582937553,495,45.0,45,38.95359142962486,0,FREE_FLOW,collector,Left Bank
2025-09-17 06:16:15.549655,road_0006,51.14525858091126,71.40871681129984,829,42.31301525784641,45,64.64070859883248,0,FREE_FLOW,collector,Left Bank
2025-09-17 06:16:15.549655,road_0007,51.13560924762398,71.46282559050066,604,45.0,45,32.712830435765895,0,FREE_FLOW,collector,Right Bank
2025-09-17 06:16:15.549655,road_0008,51.106594323500836,71.4923767530675,357,45.0,45,21.46711765812651,0,FREE_FLOW,collector,Esil District
2025-09-17 06:16:15.549655,road_0009,51.1749541456762,71.45018304431642,1462,56.71142659394549,60,59.86840903320568,0,FREE_FLOW,arterial,City Center
2025-09-17 06:16:15.549655,road_0010,51.204215781196154,71.42542980013923,470,45.0,45,31.258917328821248,0,FREE_FLOW,collector,Right Bank
2025-09-17 06:16:15.549655,road_0011,51.14911362341584,71.45849757916488,877,60.0,60,28.179935311563415,0,FREE_FLOW,arterial,City Center
2025-09-17 06:16:15.549655,road_0012,51.14285817159553,71.49500780438362,667,55.71382893709771,60,17.295230598507946,0,FREE_FLOW,arterial,Esil District
2025-09-17 06:16:15.549655,road_0013,51.178395080248016,71.44450085336713,457,45.0,45,36.22438284527616,0,FREE_FLOW,collector,Esil District
2025-09-17 06:16:15.549655,road_0014,51.22329556186777,71.40648282801608,528,44.22578741834212,45,38.36348010992282,0,FREE_FLOW,collector,Right Bank
2025-09-17 06:16:15.549655,road_0015,51.20247308795898,71.43455351818268,713,45.0,45,48.366703928092576,0,FREE_FLOW,collector,Right Bank
2025-09-17 06:16:15.549655,road_0016,51.16488352763151,71.45530260780878,932,39.87132858134303,45,69.3386953925984,0,FREE_FLOW,collector,City Center
2025-09-17 06:16:15.549655,road_0017,51.1949632883288,71.44123238931239,511,31.611701555764885,35,61.28205161638207,0,FREE_FLOW,local,City Center
2025-09-17 06:16:15.549655,road_0018,51.15447620767163,71.43400349958901,643,45.0,45,35.13658721776744,0,FREE_FLOW,collector,City Center
2025-09-17 06:16:15.549655,road_0019,51.117113160490625,71.37143752439205,614,33.5482890382638,35,68.25424980421977,0,FREE_FLOW,local,Left Bank
2025-09-17 06:21:15.549655,road_0000,51.14858964026895,71.43899067721357,1373,39.16329642729224,45,96.0864505909887,0,FREE_FLOW,collector,City Center
2025-09-17 06:21:15.549655,road_0001,51.19558998501542,71.45756838173378,1279,59.22799850009675,60,56.366304249482596,0,FREE_FLOW,arterial,City Center
2025-09-17 06:21:15.549655,road_0002,51.21222340415979,71.47718542988797,176,31.5719066426501,35,23.80894843077663,0,FREE_FLOW,local,Right Bank
2025-09-17 06:21:15.549655,road_0003,51.147142431523605,71.42424835420817,715,45.0,45,54.18327765386942,0,FREE_FLOW,collector,Left Bank
2025-09-17 06:21:15.549655,road_0004,51.194896034828155,71.42672451599276,534,45.0,45,41.7077890339424,0,FREE_FLOW,collector,City Center
2025-09-17 06:21:15.549655,road_0005,51.13145373025382,71.42743582937553,384,42.566465057845974,45,31.09994846870166,0,FREE_FLOW,collector,Left Bank
2025-09-17 06:21:15.549655,road_0006,51.14525858091126,71.40871681129984,841,42.90493322008758,45,58.662897715222854,0,FREE_FLOW,collector,Left Bank
2025-09-17 06:21:15.549655,road_0007,51.13560924762398,71.46282559050066,292,44.388706357774424,45,19.766838402888936,0,FREE_FLOW,collector,Right Bank
2025-09-17 06:21:15.549655,road_0008,51.106594323500836,71.4923767530675,360,41.620479873534016,45,21.40192639924198,0,FREE_FLOW,collector,Esil District
2025-09-17 06:21:15.549655,road_0009,51.1749541456762,71.45018304431642,1933,52.9736864484911,60,73.50306502855557,0,FREE_FLOW,arterial,City Center
2025-09-17 06:21:15.549655,road_0010,51.204215781196154,71.42542980013923,386,45.0,45,20.18851076256899,0,FREE_FLOW,collector,Right Bank
2025-09-17 06:21:15.549655,road_0011,51.14911362341584,71.45849757916488,921,60.0,60,29.61940593200007,0,FREE_FLOW,arterial,City Center
2025-09-17 06:21:15.549655,road_0012,51.14285817159553,71.49500780438362,753,55.63918577924311,60,38.08444335862859,0,FREE_FLOW,arterial,Esil District
2025-09-17 06:21:15.549655,road_0013,51.178395080248016,71.44450085336713,371,41.699872808745305,45,23.981574840158064,0,FREE_FLOW,collector,Esil District
2025-09-17 06:21:15.549655,road_0014,51.22329556186777,71.40648282801608,673,43.412649328170154,45,53.6907112384981,0,FREE_FLOW,collector,Right Bank
2025-09-17 06:21:15.549655,road_0015,51.20247308795898,71.43455351818268,435,40.95128071311789,45,20.259776658359435,0,FREE_FLOW,collector,Right Bank
2025-09-17 06:21:15.549655,road_0016,51.16488352763151,71.45530260780878,1007,45.0,45,66.87593384642746,0,FREE_FLOW,collector,City Center
2025-09-17 06:21:15.549655,road_0017,51.1949632883288,71.44123238931239,268,35.0,35,33.864458825163425,0,FREE_FLOW,local,City Center
2025-09-17 06:21:15.549655,road_0018,51.15447620767163,71.43400349958901,960,39.803493860566434,45,57.14216440699307,0,FREE_FLOW,collector,City Center
2025-09-17 06:21:15.549655,road_0019,51.117113160490625,71.37143752439205,253,35.0,35,23.422743695669393,0,FREE_FLOW,local,Left Bank
2025-09-17 06:26:15.549655,road_0000,51.14858964026895,71.43899067721357,1430,42.30535654007646,45,89.40080074520688,0,FREE_FLOW,collector,City Center
2025-09-17 06:26:15.549655,road_0001,51.19558998501542,71.45756838173378,2422,50.552165703024315,60,96.25353522494166,0,FREE_FLOW,arterial,City Center
2025-09-17 06:26:15.549655,road_0002,51.21222340415979,71.47718542988797,360,32.867115341882325,35,40.936765793037225,0,FREE_FLOW,local,Right Bank
2025-09-17 06:26:15.549655,road_0003,51.147142431523605,71.42424835420817,992,45.0,45,56.5475818727038,0,FREE_FLOW,collector,Left Bank
2025-09-17 06:26:15.549655,road_0004,51.194896034828155,71.42672451599276,602,40.84092654757714,45,31.191918292616858,0,FREE_FLOW,collector,City Center
2025-09-17 06:26:15.549655,road_0005,51.13145373025382,71.42743582937553,604,40.9670649339553,45,48.288322468239635,0,FREE_FLOW,collector,Left Bank
2025-09-17 06:26:15.549655,road_0006,51.14525858091126,71.40871681129984,747,41.798331024980044,45,59.58529522693851,0,FREE_FLOW,collector,Left Bank
2025-09-17 06:26:15.549655,road_0007,51.13560924762398,71.46282559050066,354,45.0,45,31.88478894842851,0,FREE_FLOW,collector,Right Bank
2025-09-17 06:26:15.549655,road_0008,51.106594323500836,71.4923767530675,350,45.0,45,15.313325615604011,0,FREE_FLOW,collector,Esil District
2025-09-17 06:26:15.549655,road_0009,51.1749541456762,71.45018304431642,1364,60.0,60,55.556318411749054,0,FREE_FLOW,arterial,City Center
2025-09-17 06:26:15.549655,road_0010,51.204215781196154,71.42542980013923,376,41.77334085482604,45,30.56843205233393,0,FREE_FLOW,collector,Right Bank
2025-09-17 06:26:15.549655,road_0011,51.14911362341584,71.45849757916488,2096,58.9251798156563,60,85.31844889739654,0,FREE_FLOW,arterial,City Center
2025-09-17 06:26:15.549655,road_0012,51.14285817159553,71.49500780438362,484,57.40409982899837,60,22.178588246128612,0,FREE_FLOW,arterial,Esil District
2025-09-17 06:26:15.549655,road_0013,51.178395080248016,71.44450085336713,497,41.75369382335303,45,27.914096899592316,0,FREE_FLOW,collector,Esil District
2025-09-17 06:26:15.549655,road_0014,51.22329556186777,71.40648282801608,415,44.38570419876511,45,34.1497465655881,0,FREE_FLOW,collector,Right Bank
2025-09-17 06:26:15.549655,road_0015,51.20247308795898,71.43455351818268,592,45.0,45,30.80923256835768,0,FREE_FLOW,collector,Right Bank
2025-09-17 06:26:15.549655,road_0016,51.16488352763151,71.45530260780878,1220,44.58313757889111,45,85.3744720059342,0,FREE_FLOW,collector,City Center
2025-09-17 06:26:15.549655,road_0017,51.1949632883288,71.44123238931239,414,35.0,35,58.951436057038336,0,FREE_FLOW,local,City Center
2025-09-17 06:26:15.549655,road_0018,51.15447620767163,71.43400349958901,1336,40.41720432647065,45,81.72890790169319,0,FREE_FLOW,collector,City Center
2025-09-17 06:26:15.549655,road_0019,51.117113160490625,71.37143752439205,245,34.82343811803531,35,36.254979849534905,0,FREE_FLOW,local,Left Bank
2025-09-17 06:31:15.549655,road_0000,51.14858964026895,71.43899067721357,538,42.306486384193434,45,45.73266419226631,0,FREE_FLOW,collector,City Center
2025-09-17 06:31:15.549655,road_0001,51.19558998501542,71.45756838173378,1397,60.0,60,49.87176887408974,0,FREE_FLOW,arterial,City Center
2025-09-17 06:31:15.549655,road_0002,51.21222340415979,71.47718542988797,264,33.9658704737618,35,31.932065347147315,0,FREE_FLOW,local,Right Bank
2025-09-17 06:31:15.549655,road_0003,51.147142431523605,71.42424835420817,445,41.245060801003476,45,30.741026165880108,0,FREE_FLOW,collector,Left Bank
2025-09-17 06:31:15.549655,road_0004,51.194896034828155,71.42672451599276,533,42.0936391733559,45,34.2147071205891,0,FREE_FLOW,collector,City Center
2025-09-17 06:31:15.549655,road_0005,51.13145373025382,71.42743582937553,740,41.04694631714544,45,44.74129552910881,0,FREE_FLOW,collector,Left Bank
2025-09-17 06:31:15.549655,road_0006,51.14525858091126,71.40871681129984,943,44.47427990113369,45,56.63575472464609,0,FREE_FLOW,collector,Left Bank
2025-09-17 06:31:15.549655,road_0007,51.13560924762398,71.46282559050066,474,43.23903297239654,45,34.86442800624553,0,FREE_FLOW,collector,Right Bank
2025-09-17 06:31:15.549655,road_0008,51.106594323500836,71.4923767530675,298,45.0,45,21.98928562726737,0,FREE_FLOW,collector,Esil District
2025-09-17 06:31:15.549655,road_0009,51.1749541456762,71.45018304431642,1757,60.0,60,60.56254067186378,0,FREE_FLOW,arterial,City Center
2025-09-17 06:31:15.549655,road_0010,51.204215781196154,71.42542980013923,408,42.56764958054671,45,36.74064501243049,0,FREE_FLOW,collector,Right Bank
2025-09-17 06:31:15.549655,road_0011,51.14911362341584,71.45849757916488,2183,50.61825995200066,60,96.49937410677907,0,FREE_FLOW,arterial,City Center
2025-09-17 06:31:15.549655,road_0012,51.14285817159553,71.49500780438362,799,57.21294396829861,60,25.070577717094956,0,FREE_FLOW,arterial,Esil District
2025-09-17 06:31:15.549655,road_0013,51.178395080248016,71.44450085336713,346,41.57094749629966,45,18.337322499491,0,FREE_FLOW,collector,Esil District
2025-09-17 06:31:15.549655,road_0014,51.22329556186777,71.40648282801608,631,45.0,45,43.86459580888831,0,FREE_FLOW,collector,Right Bank
2025-09-17 06:31:15.549655,road_0015,51.20247308795898,71.43455351818268,535,41.96511285726984,45,45.17795502308073,0,FREE_FLOW,collector,Right Bank
2025-09-17 06:31:15.549655,road_0016,51.16488352763151,71.45530260780878,1157,43.8056974036664,45,70.93170046787841,0,FREE_FLOW,collector,City Center
2025-09-17 06:31:15.549655,road_0017,51.1949632883288,71.44123238931239,609,33.56495979257651,35,67.63349712972601,0,FREE_FLOW,local,City Center
2025-09-17 06:31:15.549655,road_0018,51.15447620767163,71.43400349958901,1227,42.17542560654667,45,72.19900395549855,0,FREE_FLOW,collector,City Center
2025-09-17 06:31:15.549655,road_0019,51.117113160490625,71.37143752439205,292,35.0,35,43.99653988187168,0,FREE_FLOW,local,Left Bank
2025-09-17 06:36:15.549655,road_0000,51.14858964026895,71.43899067721357,714,45.0,45,49.12487213624618,0,FREE_FLOW,collector,City Center
2025-09-17 06:36:15.549655,road_0001,51.19558998501542,71.45756838173378,1903,51.59966991556467,60,83.93272177361655,0,FREE_FLOW,arterial,City Center
2025-09-17 06:36:15.549655,road_0002,51.21222340415979,71.47718542988797,146,35.0,35,14.53123684135151,0,FREE_FLOW,local,Right Bank
2025-09-17 06:36:15.549655,road_0003,51.147142431523605,71.42424835420817,729,40.6751184647933,45,41.995942772747526,0,FREE_FLOW,collector,Left Bank
2025-09-17 06:36:15.549655,road_0004,51.194896034828155,71.42672451599276,653,44.5126244524872,45,45.36371232595273,0,FREE_FLOW,collector,City Center
2025-09-17 06:36:15.549655,road_0005,51.13145373025382,71.42743582937553,732,42.62647293934142,45,53.88776233794221,0,FREE_FLOW,collector,Left Bank
2025-09-17 06:36:15.549655,road_0006,51.14525858091126,71.40871681129984,786,45.0,45,59.075816601710834,0,FREE_FLOW,collector,Left Bank
2025-09-17 06:36:15.549655,road_0007,51.13560924762398,71.46282559050066,474,45.0,45,28.02075548891223,0,FREE_FLOW,collector,Right Bank
2025-09-17 06:36:15.549655,road_0008,51.106594323500836,71.4923767530675,261,41.221737045433535,45,25.083761569459057,0,FREE_FLOW,collector,Esil District
2025-09-17 06:36:15.549655,road_0009,51.1749541456762,71.45018304431642,1885,60.0,60,84.84319951455458,0,FREE_FLOW,arterial,City Center
2025-09-17 06:36:15.549655,road_0010,51.204215781196154,71.42542980013923,517,42.444845578197665,45,27.582450913922365,0,FREE_FLOW,collector,Right Bank
2025-09-17 06:36:15.549655,road_0011,51.14911362341584,71.45849757916488,1399,53.48731624202667,60,50.29746661230745,0,FREE_FLOW,arterial,City Center
2025-09-17 06:36:15.549655,road_0012,51.14285817159553,71.49500780438362,438,60.0,60,7.806621531003582,0,FREE_FLOW,arterial,Esil District
2025-09-17 06:36:15.549655,road_0013,51.178395080248016,71.44450085336713,210,45.0,45,10.806868437116687,0,FREE_FLOW,collector,Esil District
2025-09-17 06:36:15.549655,road_0014,51.22329556186777,71.40648282801608,525,45.0,45,31.539856125522142,0,FREE_FLOW,collector,Right Bank
2025-09-17 06:36:15.549655,road_0015,51.20247308795898,71.43455351818268,485,44.53860563431891,45,35.002867347700324,0,FREE_FLOW,collector,Right Bank
2025-09-17 06:36:15.549655,road_0016,51.16488352763151,71.45530260780878,937,44.4286590936007,45,71.09514138478872,0,FREE_FLOW,collector,City Center
2025-09-17 06:36:15.549655,road_0017,51.1949632883288,71.44123238931239,453,35.0,35,60.66374305163042,0,FREE_FLOW,local,City Center
2025-09-17 06:36:15.549655,road_0018,51.15447620767163,71.43400349958901,1071,45.0,45,76.91222511334345,0,FREE_FLOW,collector,City Center
2025-09-17 06:36:15.549655,road_0019,51.117113160490625,71.37143752439205,547,33.17118949899874,35,63.22772247701872,0,FREE_FLOW,local,Left Bank
2025-09-17 06:41:15.549655,road_0000,51.14858964026895,71.43899067721357,1125,40.69390568267906,45,82.29382329162993,0,FREE_FLOW,collector,City Center
2025-09-17 06:41:15.549655,road_0001,51.19558998501542,71.45756838173378,1624,57.7171369565711,60,70.9422918105097,0,FREE_FLOW,arterial,City Center
2025-09-17 06:41:15.549655,road_0002,51.21222340415979,71.47718542988797,407,31.48270841876098,35,55.709604955002746,0,FREE_FLOW,local,Right Bank
2025-09-17 06:41:15.549655,road_0003,51.147142431523605,71.42424835420817,851,45.0,45,53.19595414078185,0,FREE_FLOW,collector,Left Bank
2025-09-17 06:41:15.549655,road_0004,51.194896034828155,71.42672451599276,585,45.0,45,36.10634330081115,0,FREE_FLOW,collector,City Center
2025-09-17 06:41:15.549655,road_0005,51.13145373025382,71.42743582937553,592,43.91062947296656,45,37.16361410004988,0,FREE_FLOW,collector,Left Bank
2025-09-17 06:41:15.549655,road_0006,51.14525858091126,71.40871681129984,503,42.61013416684372,45,29.010249648294153,0,FREE_FLOW,collector,Left Bank
2025-09-17 06:41:15.549655,road_0007,51.13560924762398,71.46282559050066,298,45.0,45,14.760359544934689,0,FREE_FLOW,collector,Right Bank
2025-09-17 06:41:15.549655,road_0008,51.106594323500836,71.4923767530675,426,44.603364522586325,45,25.159780830040926,0,FREE_FLOW,collector,Esil District
2025-09-17 06:41:15.549655,road_0009,51.1749541456762,71.45018304431642,1452,56.396957272533996,60,53.19674848267658,0,FREE_FLOW,arterial,City Center
2025-09-17 06:41:15.549655,road_0010,51.204215781196154,71.42542980013923,683,40.99821115847101,45,49.135651251805065,0,FREE_FLOW,collector,Right Bank
2025-09-17 06:41:15.549655,road_0011,51.14911362341584,71.45849757916488,2241,49.91685349856857,60,84.43438752231032,0,FREE_FLOW,arterial,City Center
2025-09-17 06:41:15.549655,road_0012,51.14285817159553,71.49500780438362,706,55.02224420546504,60,28.716225864321295,0,FREE_FLOW,arterial,Esil District
2025-09-17 06:41:15.549655,road_0013,51.178395080248016,71.44450085336713,340,45.0,45,23.346527792888946,0,FREE_FLOW,collector,Esil District
2025-09-17 06:41:15.549655,road_0014,51.22329556186777,71.40648282801608,613,45.0,45,41.84430082042783,0,FREE_FLOW,collector,Right Bank
2025-09-17 06:41:15.549655,road_0015,51.20247308795898,71.43455351818268,399,41.39409355973375,45,23.31644733965279,0,FREE_FLOW,collector,Right Bank
2025-09-17 06:41:15.549655,road_0016,51.16488352763151,71.45530260780878,660,44.70894249900967,45,40.830981249283276,0,FREE_FLOW,collector,City Center
2025-09-17 06:41:15.549655,road_0017,51.1949632883288,71.44123238931239,514,35.0,35,62.16485190155803,0,FREE_FLOW,local,City Center
2025-09-17 06:41:15.549655,road_0018,51.15447620767163,71.43400349958901,1186,44.01436326522334,45,80.13523459057336,0,FREE_FLOW,collector,City Center
2025-09-17 06:41:15.549655,road_0019,51.117113160490625,71.37143752439205,340,31.542941285338152,35,38.37151301043466,0,FREE_FLOW,local,Left Bank
2025-09-17 06:46:15.549655,road_0000,51.14858964026895,71.43899067721357,948,45.0,45,69.67224136027778,0,FREE_FLOW,collector,City Center
2025-09-17 06:46:15.549655,road_0001,51.19558998501542,71.45756838173378,2079,52.49728633581062,60,81.67401651653032,0,FREE_FLOW,arterial,City Center
2025-09-17 06:46:15.549655,road_0002,51.21222340415979,71.47718542988797,441,35.0,35,49.48434775452665,0,FREE_FLOW,local,Right Bank
2025-09-17 06:46:15.549655,road_0003,51.147142431523605,71.42424835420817,368,42.77319100799939,45,28.03590939549759,0,FREE_FLOW,collector,Left Bank
2025-09-17 06:46:15.549655,road_0004,51.194896034828155,71.42672451599276,1195,39.070478919381884,45,85.3075755857061,0,FREE_FLOW,collector,City Center
2025-09-17 06:46:15.549655,road_0005,51.13145373025382,71.42743582937553,871,45.0,45,59.4311391355813,0,FREE_FLOW,collector,Left Bank
2025-09-17 06:46:15.549655,road_0006,51.14525858091126,71.40871681129984,535,45.0,45,31.711487035841188,0,FREE_FLOW,collector,Left Bank
2025-09-17 06:46:15.549655,road_0007,51.13560924762398,71.46282559050066,450,43.187418412661614,45,37.2471917990521,0,FREE_FLOW,collector,Right Bank
2025-09-17 06:46:15.549655,road_0008,51.106594323500836,71.4923767530675,251,45.0,45,11.73996285350371,0,FREE_FLOW,collector,Esil District
2025-09-17 06:46:15.549655,road_0009,51.1749541456762,71.45018304431642,1066,60.0,60,48.63402564147557,0,FREE_FLOW,arterial,City Center
2025-09-17 06:46:15.549655,road_0010,51.204215781196154,71.42542980013923,513,45.0,45,31.862793144983144,0,FREE_FLOW,collector,Right Bank
2025-09-17 06:46:15.549655,road_0011,51.14911362341584,71.45849757916488,2024,53.65860438170377,60,80.78589108658443,0,FREE_FLOW,arterial,City Center
2025-09-17 06:46:15.549655,road_0012,51.14285817159553,71.49500780438362,611,60.0,60,25.72920870197882,0,FREE_FLOW,arterial,Esil District
2025-09-17 06:46:15.549655,road_0013,51.178395080248016,71.44450085336713,625,43.525147666688895,45,48.23266753082089,0,FREE_FLOW,collector,Esil District
2025-09-17 06:46:15.549655,road_0014,51.22329556186777,71.40648282801608,556,45.0,45,27.551302925407192,0,FREE_FLOW,collector,Right Bank
2025-09-17 06:46:15.549655,road_0015,51.20247308795898,71.43455351818268,248,41.10070643845585,45,6.901150551815519,0,FREE_FLOW,collector,Right Bank
2025-09-17 06:46:15.549655,road_0016,51.16488352763151,71.45530260780878,571,45.0,45,45.13664176767644,0,FREE_FLOW,collector,City Center
2025-09-17 06:46:15.549655,road_0017,51.1949632883288,71.44123238931239,590,35.0,35,72.88129561497279,0,FREE_FLOW,local,City Center
2025-09-17 06:46:15.549655,road_0018,51.15447620767163,71.43400349958901,696,45.0,45,50.44949815276584,0,FREE_FLOW,collector,City Center
2025-09-17 06:46:15.549655,road_0019,51.117113160490625,71.37143752439205,275,35.0,35,38.27424515469422,0,FREE_FLOW,local,Left Bank
2025-09-17 06:51:15.549655,road_0000,51.14858964026895,71.43899067721357,1196,40.49003219266478,45,83.18238871498244,0,FREE_FLOW,collector,City Center
2025-09-17 06:51:15.549655,road_0001,51.19558998501542,71.45756838173378,1957,58.124004113113656,60,79.07061486811124,0,FREE_FLOW,arterial,City Center
2025-09-17 06:51:15.549655,road_0002,51.21222340415979,71.47718542988797,189,33.38044358154378,35,23.6735168009338,0,FREE_FLOW,local,Right Bank
2025-09-17 06:51:15.549655,road_0003,51.147142431523605,71.42424835420817,559,44.116233780173026,45,33.7611853126223,0,FREE_FLOW,collector,Left Bank
2025-09-17 06:51:15.549655,road_0004,51.194896034828155,71.42672451599276,1056,44.494184512150525,45,63.20640154354162,0,FREE_FLOW,collector,City Center
2025-09-17 06:51:15.549655,road_0005,51.13145373025382,71.42743582937553,736,41.44637222589504,45,52.290484412927896,0,FREE_FLOW,collector,Left Bank
2025-09-17 06:51:15.549655,road_0006,51.14525858091126,71.40871681129984,493,44.13784684280233,45,38.277896903042304,0,FREE_FLOW,collector,Left Bank
2025-09-17 06:51:15.549655,road_0007,51.13560924762398,71.46282559050066,235,45.0,45,24.777603077699002,0,FREE_FLOW,collector,Right Bank
2025-09-17 06:51:15.549655,road_0008,51.106594323500836,71.4923767530675,338,45.0,45,24.051452585055646,0,FREE_FLOW,collector,Esil District
2025-09-17 06:51:15.549655,road_0009,51.1749541456762,71.45018304431642,1172,54.00729110631303,60,40.50337437106053,0,FREE_FLOW,arterial,City Center
2025-09-17 06:51:15.549655,road_0010,51.204215781196154,71.42542980013923,273,45.0,45,16.861360875550318,0,FREE_FLOW,collector,Right Bank
2025-09-17 06:51:15.549655,road_0011,51.14911362341584,71.45849757916488,1068,55.16432372080017,60,39.219379598313516,0,FREE_FLOW,arterial,City Center
2025-09-17 06:51:15.549655,road_0012,51.14285817159553,71.49500780438362,457,60.0,60,10.634156750046028,0,FREE_FLOW,arterial,Esil District
2025-09-17 06:51:15.549655,road_0013,51.178395080248016,71.44450085336713,326,43.96906571024428,45,12.732932289431144,0,FREE_FLOW,collector,Esil District
2025-09-17 06:51:15.549655,road_0014,51.22329556186777,71.40648282801608,673,42.015142078713225,45,37.76223584162207,0,FREE_FLOW,collector,Right Bank
2025-09-17 06:51:15.549655,road_0015,51.20247308795898,71.43455351818268,553,45.0,45,41.912341765113595,0,FREE_FLOW,collector,Right Bank
2025-09-17 06:51:15.549655,road_0016,51.16488352763151,71.45530260780878,1093,42.5977585103166,45,74.07883848618926,0,FREE_FLOW,collector,City Center
2025-09-17 06:51:15.549655,road_0017,51.1949632883288,71.44123238931239,511,35.0,35,58.92316533025175,0,FREE_FLOW,local,City Center
2025-09-17 06:51:15.549655,road_0018,51.15447620767163,71.43400349958901,1164,42.545501504155304,45,69.58252939352829,0,FREE_FLOW,collector,City Center
2025-09-17 06:51:15.549655,road_0019,51.117113160490625,71.37143752439205,466,34.68596475017522,35,56.69463398177925,0,FREE_FLOW,local,Left Bank
2025-09-17 06:56:15.549655,road_0000,51.14858964026895,71.43899067721357,769,44.21926769139341,45,59.54448153167945,0,FREE_FLOW,collector,City Center
2025-09-17 06:56:15.549655,road_0001,51.19558998501542,71.45756838173378,1304,59.9746245805098,60,47.49650776127537,0,FREE_FLOW,arterial,City Center
2025-09-17 06:56:15.549655,road_0002,51.21222340415979,71.47718542988797,191,35.0,35,25.101360645062503,0,FREE_FLOW,local,Right Bank
2025-09-17 06:56:15.549655,road_0003,51.147142431523605,71.42424835420817,602,45.0,45,30.47180813480534,0,FREE_FLOW,collector,Left Bank
2025-09-17 06:56:15.549655,road_0004,51.194896034828155,71.42672451599276,1276,38.788408169890886,45,92.08331302225864,0,FREE_FLOW,collector,City Center
2025-09-17 06:56:15.549655,road_0005,51.13145373025382,71.42743582937553,879,42.94229845522329,45,55.0633296456584,0,FREE_FLOW,collector,Left Bank
2025-09-17 06:56:15.549655,road_0006,51.14525858091126,71.40871681129984,511,41.78916530978347,45,36.70459347003918,0,FREE_FLOW,collector,Left Bank
2025-09-17 06:56:15.549655,road_0007,51.13560924762398,71.46282559050066,438,40.85255307055568,45,25.466929198481928,0,FREE_FLOW,collector,Right Bank
2025-09-17 06:56:15.549655,road_0008,51.106594323500836,71.4923767530675,353,42.88053932665536,45,18.74802982106246,0,FREE_FLOW,collector,Esil District
2025-09-17 06:56:15.549655,road_0009,51.1749541456762,71.45018304431642,1784,54.85542974869756,60,72.82428446154398,0,FREE_FLOW,arterial,City Center
2025-09-17 06:56:15.549655,road_0010,51.204215781196154,71.42542980013923,443,45.0,45,39.38057780650283,0,FREE_FLOW,collector,Right Bank
2025-09-17 06:56:15.549655,road_0011,51.14911362341584,71.45849757916488,1682,60.0,60,69.08841008530923,0,FREE_FLOW,arterial,City Center
2025-09-17 06:56:15.549655,road_0012,51.14285817159553,71.49500780438362,828,57.03132926084414,60,23.841623442181888,0,FREE_FLOW,arterial,Esil District
2025-09-17 06:56:15.549655,road_0013,51.178395080248016,71.44450085336713,293,40.49686171367858,45,11.37737118642268,0,FREE_FLOW,collector,Esil District
2025-09-17 06:56:15.549655,road_0014,51.22329556186777,71.40648282801608,551,45.0,45,31.33541943526631,0,FREE_FLOW,collector,Right Bank
2025-09-17 06:56:15.549655,road_0015,51.20247308795898,71.43455351818268,577,43.18415421929517,45,38.96761846210904,0,FREE_FLOW,collector,Right Bank
2025-09-17 06:56:15.549655,road_0016,51.16488352763151,71.45530260780878,818,44.42051585132701,45,51.771716568009715,0,FREE_FLOW,collector,City Center
2025-09-17 06:56:15.549655,road_0017,51.1949632883288,71.44123238931239,688,35.0,35,93.8211596274441,0,FREE_FLOW,local,City Center
2025-09-17 06:56:15.549655,road_0018,51.15447620767163,71.43400349958901,1097,40.75260914431797,45,82.06154401854897,0,FREE_FLOW,collector,City Center
2025-09-17 06:56:15.549655,road_0019,51.117113160490625,71.37143752439205,544,35.0,35,74.77387264540269,0,FREE_FLOW,local,Left Bank
2025-09-17 07:01:15.549655,road_0000,51.14858964026895,71.43899067721357,1500,41.94709556245354,45,94.1301011318336,0,FREE_FLOW,collector,City Center
2025-09-17 07:01:15.549655,road_0001,51.19558998501542,71.45756838173378,2500,52.36947276015848,60,100.0,0,FREE_FLOW,arterial,City Center
2025-09-17 07:01:15.549655,road_0002,51.21222340415979,71.47718542988797,800,31.402735094525926,35,99.13291462060299,0,FREE_FLOW,local,Right Bank
2025-09-17 07:01:15.549655,road_0003,51.147142431523605,71.42424835420817,1500,37.245023251936566,45,91.04287835709597,0,FREE_FLOW,collector,Left Bank
2025-09-17 07:01:15.549655,road_0004,51.194896034828155,71.42672451599276,1500,36.667073107794444,45,100.0,0,FREE_FLOW,collector,City Center
2025-09-17 07:01:15.549655,road_0005,51.13145373025382,71.42743582937553,1500,38.3316090608783,45,100.0,0,FREE_FLOW,collector,Left Bank
2025-09-17 07:01:15.549655,road_0006,51.14525858091126,71.40871681129984,1500,40.19683707563672,45,92.76307949255919,0,FREE_FLOW,collector,Left Bank
2025-09-17 07:01:15.549655,road_0007,51.13560924762398,71.46282559050066,1500,42.66819532992743,45,95.7425562780133,0,FREE_FLOW,collector,Right Bank
2025-09-17 07:01:15.549655,road_0008,51.106594323500836,71.4923767530675,574,41.42980978902485,45,30.198825773771517,0,FREE_FLOW,collector,Esil District
2025-09-17 07:01:15.549655,road_0009,51.1749541456762,71.45018304431642,2500,55.90544570075514,60,100.0,0,FREE_FLOW,arterial,City Center
2025-09-17 07:01:15.549655,road_0010,51.204215781196154,71.42542980013923,881,45.0,45,63.52252568032268,0,FREE_FLOW,collector,Right Bank
2025-09-17 07:01:15.549655,road_0011,51.14911362341584,71.45849757916488,2500,53.053946187036814,60,100.0,0,FREE_FLOW,arterial,City Center
2025-09-17 07:01:15.549655,road_0012,51.14285817159553,71.49500780438362,1569,60.0,60,62.36714450889089,0,FREE_FLOW,arterial,Esil District
2025-09-17 07:01:15.549655,road_0013,51.178395080248016,71.44450085336713,1099,38.833474125607154,45,76.18481850874127,0,FREE_FLOW,collector,Esil District
2025-09-17 07:01:15.549655,road_0014,51.22329556186777,71.40648282801608,1128,44.009483203228235,45,72.1173032609372,0,FREE_FLOW,collector,Right Bank
2025-09-17 07:01:15.549655,road_0015,51.20247308795898,71.43455351818268,869,41.15781847968236,45,54.30386278052538,0,FREE_FLOW,collector,Right Bank
2025-09-17 07:01:15.549655,road_0016,51.16488352763151,71.45530260780878,1500,41.47106049779838,45,91.04039227947537,0,FREE_FLOW,collector,City Center
2025-09-17 07:01:15.549655,road_0017,51.1949632883288,71.44123238931239,800,33.0313642248872,35,93.71927594704677,0,FREE_FLOW,local,City Center
2025-09-17 07:01:15.549655,road_0018,51.15447620767163,71.43400349958901,1500,36.01068269393098,45,100.0,0,FREE_FLOW,collector,City Center
2025-09-17 07:01:15.549655,road_0019,51.117113160490625,71.37143752439205,800,32.9748597059145,35,100.0,0,FREE_FLOW,local,Left Bank
2025-09-17 07:06:15.549655,road_0000,51.14858964026895,71.43899067721357,1500,39.21217581708917,45,100.0,0,FREE_FLOW,collector,City Center
2025-09-17 07:06:15.549655,road_0001,51.19558998501542,71.45756838173378,2500,51.05740182636574,60,100.0,0,FREE_FLOW,arterial,City Center
2025-09-17 07:06:15.549655,road_0002,51.21222340415979,71.47718542988797,789,28.521144238123185,35,99.28323757720172,0,FREE_FLOW,local,Right Bank
2025-09-17 07:06:15.549655,road_0003,51.147142431523605,71.42424835420817,1500,36.398423331930644,45,100.0,0,FREE_FLOW,collector,Left Bank
2025-09-17 07:06:15.549655,road_0004,51.194896034828155,71.42672451599276,1500,37.853077724408465,45,98.24853889603739,0,FREE_FLOW,collector,City Center
2025-09-17 07:06:15.549655,road_0005,51.13145373025382,71.42743582937553,1500,41.174957318881724,45,100.0,0,FREE_FLOW,collector,Left Bank
2025-09-17 07:06:15.549655,road_0006,51.14525858091126,71.40871681129984,1500,37.336857270569546,45,100.0,0,FREE_FLOW,collector,Left Bank
2025-09-17 07:06:15.549655,road_0007,51.13560924762398,71.46282559050066,1500,36.24529746090547,45,100.0,0,FREE_FLOW,collector,Right Bank
2025-09-17 07:06:15.549655,road_0008,51.106594323500836,71.4923767530675,1046,43.720429050677936,45,64.38856999031195,0,FREE_FLOW,collector,Esil District
2025-09-17 07:06:15.549655,road_0009,51.1749541456762,71.45018304431642,2500,46.97274693610662,60,100.0,1,LIGHT,arterial,City Center
2025-09-17 07:06:15.549655,road_0010,51.204215781196154,71.42542980013923,1479,40.66671657478146,45,92.7814955732791,0,FREE_FLOW,collector,Right Bank
2025-09-17 07:06:15.549655,road_0011,51.14911362341584,71.45849757916488,2500,51.30327025498315,60,95.18578335957072,0,FREE_FLOW,arterial,City Center
2025-09-17 07:06:15.549655,road_0012,51.14285817159553,71.49500780438362,1304,55.20165693659548,60,54.53200282583944,0,FREE_FLOW,arterial,Esil District
2025-09-17 07:06:15.549655,road_0013,51.178395080248016,71.44450085336713,1098,45.0,45,79.85596696895652,0,FREE_FLOW,collector,Esil District
2025-09-17 07:06:15.549655,road_0014,51.22329556186777,71.40648282801608,1500,40.2602355382908,45,100.0,0,FREE_FLOW,collector,Right Bank
2025-09-17 07:06:15.549655,road_0015,51.20247308795898,71.43455351818268,855,45.0,45,51.14385973203907,0,FREE_FLOW,collector,Right Bank
2025-09-17 07:06:15.549655,road_0016,51.16488352763151,71.45530260780878,1500,38.89629107520873,45,100.0,0,FREE_FLOW,collector,City Center
2025-09-17 07:06:15.549655,road_0017,51.1949632883288,71.44123238931239,800,29.40643970471471,35,91.96961238837126,0,FREE_FLOW,local,City Center
2025-09-17 07:06:15.549655,road_0018,51.15447620767163,71.43400349958901,1500,39.78465228640306,45,100.0,0,FREE_FLOW,collector,City Center
2025-09-17 07:06:15.549655,road_0019,51.117113160490625,71.37143752439205,800,30.286564564646202,35,100.0,0,FREE_FLOW,local,Left Bank
2025-09-17 07:11:15.549655,road_0000,51.14858964026895,71.43899067721357,1500,40.0940271008852,45,100.0,0,FREE_FLOW,collector,City Center
2025-09-17 07:11:15.549655,road_0001,51.19558998501542,71.45756838173378,2500,47.921726946566544,60,100.0,1,LIGHT,arterial,City Center
2025-09-17 07:11:15.549655,road_0002,51.21222340415979,71.47718542988797,638,32.68808592266207,35,73.17388334419033,0,FREE_FLOW,local,Right Bank
2025-09-17 07:11:15.549655,road_0003,51.147142431523605,71.42424835420817,1500,41.08489089065497,45,100.0,0,FREE_FLOW,collector,Left Bank
2025-09-17 07:11:15.549655,road_0004,51.194896034828155,71.42672451599276,1500,42.19908526193723,45,100.0,0,FREE_FLOW,collector,City Center
2025-09-17 07:11:15.549655,road_0005,51.13145373025382,71.42743582937553,1500,42.64651094455401,45,100.0,0,FREE_FLOW,collector,Left Bank
2025-09-17 07:11:15.549655,road_0006,51.14525858091126,71.40871681129984,1500,37.398740128936105,45,100.0,0,FREE_FLOW,collector,Left Bank
2025-09-17 07:11:15.549655,road_0007,51.13560924762398,71.46282559050066,1028,42.64691919219719,45,63.03613038692347,0,FREE_FLOW,collector,Right Bank
2025-09-17 07:11:15.549655,road_0008,51.106594323500836,71.4923767530675,1038,41.30322993490109,45,78.7511750799504,0,FREE_FLOW,collector,Esil District
2025-09-17 07:11:15.549655,road_0009,51.1749541456762,71.45018304431642,2500,55.12606180152595,60,100.0,0,FREE_FLOW,arterial,City Center
2025-09-17 07:11:15.549655,road_0010,51.204215781196154,71.42542980013923,1500,39.00251275257904,45,100.0,0,FREE_FLOW,collector,Right Bank
2025-09-17 07:11:15.549655,road_0011,51.14911362341584,71.45849757916488,2500,49.82608929771449,60,96.66316172095854,0,FREE_FLOW,arterial,City Center
2025-09-17 07:11:15.549655,road_0012,51.14285817159553,71.49500780438362,1113,56.632844376271855,60,43.88469835394609,0,FREE_FLOW,arterial,Esil District
2025-09-17 07:11:15.549655,road_0013,51.178395080248016,71.44450085336713,983,45.0,45,70.66372986475105,0,FREE_FLOW,collector,Esil District
2025-09-17 07:11:15.549655,road_0014,51.22329556186777,71.40648282801608,1500,39.319526240729786,45,96.11877438194054,0,FREE_FLOW,collector,Right Bank
2025-09-17 07:11:15.549655,road_0015,51.20247308795898,71.43455351818268,1500,38.77476536059129,45,100.0,0,FREE_FLOW,collector,Right Bank
2025-09-17 07:11:15.549655,road_0016,51.16488352763151,71.45530260780878,1500,40.932728675246196,45,100.0,0,FREE_FLOW,collector,City Center
2025-09-17 07:11:15.549655,road_0017,51.1949632883288,71.44123238931239,800,29.918398182441475,35,100.0,0,FREE_FLOW,local,City Center
2025-09-17 07:11:15.549655,road_0018,51.15447620767163,71.43400349958901,1500,38.64353620430927,45,93.18089053486199,0,FREE_FLOW,collector,City Center
2025-09-17 07:11:15.549655,road_0019,51.117113160490625,71.37143752439205,800,28.44366672936554,35,100.0,0,FREE_FLOW,local,Left Bank
2025-09-17 07:16:15.549655,road_0000,51.14858964026895,71.43899067721357,1500,35.55089522254263,45,93.2809067504724,1,LIGHT,collector,City Center
2025-09-17 07:16:15.549655,road_0001,51.19558998501542,71.45756838173378,2500,47.38828020046532,60,95.77579723488314,1,LIGHT,arterial,City Center
2025-09-17 07:16:15.549655,road_0002,51.21222340415979,71.47718542988797,800,32.402557148852175,35,99.25625408677737,0,FREE_FLOW,local,Right Bank
2025-09-17 07:16:15.549655,road_0003,51.147142431523605,71.42424835420817,1500,40.31236854327321,45,100.0,0,FREE_FLOW,collector,Left Bank
2025-09-17 07:16:15.549655,road_0004,51.194896034828155,71.42672451599276,1500,41.057590062111956,45,100.0,0,FREE_FLOW,collector,City Center
2025-09-17 07:16:15.549655,road_0005,51.13145373025382,71.42743582937553,1500,40.37055155359396,45,91.16282201397584,0,FREE_FLOW,collector,Left Bank
2025-09-17 07:16:15.549655,road_0006,51.14525858091126,71.40871681129984,1500,36.10995461856497,45,98.4356470581991,0,FREE_FLOW,collector,Left Bank
2025-09-17 07:16:15.549655,road_0007,51.13560924762398,71.46282559050066,1098,40.43477642241764,45,78.59974793033324,0,FREE_FLOW,collector,Right Bank
2025-09-17 07:16:15.549655,road_0008,51.106594323500836,71.4923767530675,553,45.0,45,31.485377064930628,0,FREE_FLOW,collector,Esil District
2025-09-17 07:16:15.549655,road_0009,51.1749541456762,71.45018304431642,2500,48.287742304057765,60,98.06582270569923,0,FREE_FLOW,arterial,City Center
2025-09-17 07:16:15.549655,road_0010,51.204215781196154,71.42542980013923,1002,45.0,45,73.52745851434412,0,FREE_FLOW,collector,Right Bank
2025-09-17 07:16:15.549655,road_0011,51.14911362341584,71.45849757916488,2500,51.04595056233488,60,95.11551632780315,0,FREE_FLOW,arterial,City Center
2025-09-17 07:16:15.549655,road_0012,51.14285817159553,71.49500780438362,1864,51.64421138758903,60,66.7519033728248,0,FREE_FLOW,arterial,Esil District
2025-09-17 07:16:15.549655,road_0013,51.178395080248016,71.44450085336713,591,45.0,45,45.281717686517524,0,FREE_FLOW,collector,Esil District
2025-09-17 07:16:15.549655,road_0014,51.22329556186777,71.40648282801608,1500,38.48369379364521,45,100.0,0,FREE_FLOW,collector,Right Bank
2025-09-17 07:16:15.549655,road_0015,51.20247308795898,71.43455351818268,1050,41.25806111066986,45,67.77187756377104,0,FREE_FLOW,collector,Right Bank
2025-09-17 07:16:15.549655,road_0016,51.16488352763151,71.45530260780878,1500,39.51810267723835,45,100.0,0,FREE_FLOW,collector,City Center
2025-09-17 07:16:15.549655,road_0017,51.1949632883288,71.44123238931239,800,32.23674869239097,35,97.80826143686915,0,FREE_FLOW,local,City Center
2025-09-17 07:16:15.549655,road_0018,51.15447620767163,71.43400349958901,1500,38.164677522740156,45,100.0,0,FREE_FLOW,collector,City Center
2025-09-17 07:16:15.549655,road_0019,51.117113160490625,71.37143752439205,800,30.677776379963596,35,93.25213704665808,0,FREE_FLOW,local,Left Bank
2025-09-17 07:21:15.549655,road_0000,51.14858964026895,71.43899067721357,1500,39.629861256323814,45,100.0,0,FREE_FLOW,collector,City Center
2025-09-17 07:21:15.549655,road_0001,51.19558998501542,71.45756838173378,2500,56.30026221664479,60,100.0,0,FREE_FLOW,arterial,City Center
2025-09-17 07:21:15.549655,road_0002,51.21222340415979,71.47718542988797,534,34.436640083879276,35,72.00373262034644,0,FREE_FLOW,local,Right Bank
2025-09-17 07:21:15.549655,road_0003,51.147142431523605,71.42424835420817,1420,37.82218270557078,45,100.0,0,FREE_FLOW,collector,Left Bank
2025-09-17 07:21:15.549655,road_0004,51.194896034828155,71.42672451599276,1500,40.23965914731397,45,100.0,0,FREE_FLOW,collector,City Center
2025-09-17 07:21:15.549655,road_0005,51.13145373025382,71.42743582937553,1500,41.79022420402797,45,90.20060659219666,0,FREE_FLOW,collector,Left Bank
2025-09-17 07:21:15.549655,road_0006,51.14525858091126,71.40871681129984,1500,37.970780817976454,45,97.95006039308032,0,FREE_FLOW,collector,Left Bank
2025-09-17 07:21:15.549655,road_0007,51.13560924762398,71.46282559050066,1500,39.243658935875914,45,100.0,0,FREE_FLOW,collector,Right Bank
2025-09-17 07:21:15.549655,road_0008,51.106594323500836,71.4923767530675,796,41.54541110586002,45,57.630663473192854,0,FREE_FLOW,collector,Esil District
2025-09-17 07:21:15.549655,road_0009,51.1749541456762,71.45018304431642,2500,53.905300512280064,60,100.0,0,FREE_FLOW,arterial,City Center
2025-09-17 07:21:15.549655,road_0010,51.204215781196154,71.42542980013923,1408,41.54946427377473,45,92.96634018122688,0,FREE_FLOW,collector,Right Bank
2025-09-17 07:21:15.549655,road_0011,51.14911362341584,71.45849757916488,2500,54.293199216816646,60,94.37973465196492,0,FREE_FLOW,arterial,City Center
2025-09-17 07:21:15.549655,road_0012,51.14285817159553,71.49500780438362,1363,59.52930150572861,60,58.22009127686974,0,FREE_FLOW,arterial,Esil District
2025-09-17 07:21:15.549655,road_0013,51.178395080248016,71.44450085336713,1107,42.44013085410145,45,77.63553364818581,0,FREE_FLOW,collector,Esil District
2025-09-17 07:21:15.549655,road_0014,51.22329556186777,71.40648282801608,1160,41.17072099975093,45,83.96289460779091,0,FREE_FLOW,collector,Right Bank
2025-09-17 07:21:15.549655,road_0015,51.20247308795898,71.43455351818268,914,43.364461397058264,45,61.061192166831034,0,FREE_FLOW,collector,Right Bank
2025-09-17 07:21:15.549655,road_0016,51.16488352763151,71.45530260780878,1500,36.35245715359564,45,91.32822748221692,0,FREE_FLOW,collector,City Center
2025-09-17 07:21:15.549655,road_0017,51.1949632883288,71.44123238931239,800,30.823904605978242,35,95.51030211701027,0,FREE_FLOW,local,City Center
2025-09-17 07:21:15.549655,road_0018,51.15447620767163,71.43400349958901,1500,39.11606809050777,45,100.0,0,FREE_FLOW,collector,City Center
2025-09-17 07:21:15.549655,road_0019,51.117113160490625,71.37143752439205,800,29.058961213974253,35,92.12898742340602,0,FREE_FLOW,local,Left Bank
2025-09-17 07:26:15.549655,road_0000,51.14858964026895,71.43899067721357,1500,39.35074288106525,45,90.93963581471465,0,FREE_FLOW,collector,City Center
2025-09-17 07:26:15.549655,road_0001,51.19558998501542,71.45756838173378,2500,52.764414895305904,60,100.0,0,FREE_FLOW,arterial,City Center
2025-09-17 07:26:15.549655,road_0002,51.21222340415979,71.47718542988797,800,28.695057062962928,35,100.0,0,FREE_FLOW,local,Right Bank
2025-09-17 07:26:15.549655,road_0003,51.147142431523605,71.42424835420817,1500,39.64778705483677,45,100.0,0,FREE_FLOW,collector,Left Bank
2025-09-17 07:26:15.549655,road_0004,51.194896034828155,71.42672451599276,1500,42.24837837006769,45,100.0,0,FREE_FLOW,collector,City Center
2025-09-17 07:26:15.549655,road_0005,51.13145373025382,71.42743582937553,1500,39.3211031019591,45,97.21215675435458,0,FREE_FLOW,collector,Left Bank
2025-09-17 07:26:15.549655,road_0006,51.14525858091126,71.40871681129984,1500,39.1817269741775,45,92.9361621869323,0,FREE_FLOW,collector,Left Bank
2025-09-17 07:26:15.549655,road_0007,51.13560924762398,71.46282559050066,726,44.79044805059498,45,48.68464414867733,0,FREE_FLOW,collector,Right Bank
2025-09-17 07:26:15.549655,road_0008,51.106594323500836,71.4923767530675,1288,39.95160713411717,45,81.51932289156017,0,FREE_FLOW,collector,Esil District
2025-09-17 07:26:15.549655,road_0009,51.1749541456762,71.45018304431642,2500,53.8115343548594,60,92.85648768392207,0,FREE_FLOW,arterial,City Center
2025-09-17 07:26:15.549655,road_0010,51.204215781196154,71.42542980013923,1067,40.50726675706063,45,77.55892296827034,0,FREE_FLOW,collector,Right Bank
2025-09-17 07:26:15.549655,road_0011,51.14911362341584,71.45849757916488,2500,54.3822512636823,60,100.0,0,FREE_FLOW,arterial,City Center
2025-09-17 07:26:15.549655,road_0012,51.14285817159553,71.49500780438362,821,54.08833246563829,60,25.98520057100854,0,FREE_FLOW,arterial,Esil District
2025-09-17 07:26:15.549655,road_0013,51.178395080248016,71.44450085336713,689,45.0,45,40.63320147923189,0,FREE_FLOW,collector,Esil District
2025-09-17 07:26:15.549655,road_0014,51.22329556186777,71.40648282801608,1169,39.41183084505436,45,82.58257743202313,0,FREE_FLOW,collector,Right Bank
2025-09-17 07:26:15.549655,road_0015,51.20247308795898,71.43455351818268,1259,38.67360086407638,45,77.93703667599506,0,FREE_FLOW,collector,Right Bank
2025-09-17 07:26:15.549655,road_0016,51.16488352763151,71.45530260780878,1500,35.746157758770934,45,100.0,1,LIGHT,collector,City Center
2025-09-17 07:26:15.549655,road_0017,51.1949632883288,71.44123238931239,800,28.431944735905805,35,95.81365397030339,0,FREE_FLOW,local,City Center
2025-09-17 07:26:15.549655,road_0018,51.15447620767163,71.43400349958901,1500,40.94934309927441,45,100.0,0,FREE_FLOW,collector,City Center
2025-09-17 07:26:15.549655,road_0019,51.117113160490625,71.37143752439205,800,30.191583728425158,35,98.81468645039826,0,FREE_FLOW,local,Left Bank
2025-09-17 07:31:15.549655,road_0000,51.14858964026895,71.43899067721357,1500,36.90823870927815,45,100.0,0,FREE_FLOW,collector,City Center
2025-09-17 07:31:15.549655,road_0001,51.19558998501542,71.45756838173378,2500,52.92594974533259,60,100.0,0,FREE_FLOW,arterial,City Center
2025-09-17 07:31:15.549655,road_0002,51.21222340415979,71.47718542988797,800,29.327506145377946,35,100.0,0,FREE_FLOW,local,Right Bank
2025-09-17 07:31:15.549655,road_0003,51.147142431523605,71.42424835420817,1500,38.71541069388638,45,93.03054333298616,0,FREE_FLOW,collector,Left Bank
2025-09-17 07:31:15.549655,road_0004,51.194896034828155,71.42672451599276,1500,36.233904997348,45,100.0,0,FREE_FLOW,collector,City Center
2025-09-17 07:31:15.549655,road_0005,51.13145373025382,71.42743582937553,1500,37.67624865307571,45,97.00930424823744,0,FREE_FLOW,collector,Left Bank
2025-09-17 07:31:15.549655,road_0006,51.14525858091126,71.40871681129984,1500,41.81780960618596,45,91.42113290648591,0,FREE_FLOW,collector,Left Bank
2025-09-17 07:31:15.549655,road_0007,51.13560924762398,71.46282559050066,1379,44.698754926536296,45,97.46690893885699,0,FREE_FLOW,collector,Right Bank
2025-09-17 07:31:15.549655,road_0008,51.106594323500836,71.4923767530675,878,45.0,45,54.26926634332348,0,FREE_FLOW,collector,Esil District
2025-09-17 07:31:15.549655,road_0009,51.1749541456762,71.45018304431642,2500,49.04783441354749,60,100.0,0,FREE_FLOW,arterial,City Center
2025-09-17 07:31:15.549655,road_0010,51.204215781196154,71.42542980013923,1500,36.94492763803281,45,100.0,0,FREE_FLOW,collector,Right Bank
2025-09-17 07:31:15.549655,road_0011,51.14911362341584,71.45849757916488,2500,55.19697802554835,60,100.0,0,FREE_FLOW,arterial,City Center
2025-09-17 07:31:15.549655,road_0012,51.14285817159553,71.49500780438362,1704,57.43504921529783,60,60.57318487477957,0,FREE_FLOW,arterial,Esil District
2025-09-17 07:31:15.549655,road_0013,51.178395080248016,71.44450085336713,1022,45.0,45,59.96882062011358,0,FREE_FLOW,collector,Esil District
2025-09-17 07:31:15.549655,road_0014,51.22329556186777,71.40648282801608,1500,35.9775837407696,45,100.0,1,LIGHT,collector,Right Bank
2025-09-17 07:31:15.549655,road_0015,51.20247308795898,71.43455351818268,1500,41.4950350774949,45,100.0,0,FREE_FLOW,collector,Right Bank
2025-09-17 07:31:15.549655,road_0016,51.16488352763151,71.45530260780878,1500,39.164401338035304,45,94.69147167095892,0,FREE_FLOW,collector,City Center
2025-09-17 07:31:15.549655,road_0017,51.1949632883288,71.44123238931239,800,29.6258326960006,35,94.67919051576804,0,FREE_FLOW,local,City Center
2025-09-17 07:31:15.549655,road_0018,51.15447620767163,71.43400349958901,1500,40.98894438884501,45,100.0,0,FREE_FLOW,collector,City Center
2025-09-17 07:31:15.549655,road_0019,51.117113160490625,71.37143752439205,800,33.34085655035426,35,100.0,0,FREE_FLOW,local,Left Bank
2025-09-17 07:36:15.549655,road_0000,51.14858964026895,71.43899067721357,1500,38.958150348532634,45,95.82385671040197,0,FREE_FLOW,collector,City Center
2025-09-17 07:36:15.549655,road_0001,51.19558998501542,71.45756838173378,2500,53.1967454709963,60,99.19122753544781,0,FREE_FLOW,arterial,City Center
2025-09-17 07:36:15.549655,road_0002,51.21222340415979,71.47718542988797,800,32.683149332747234,35,100.0,0,FREE_FLOW,local,Right Bank
2025-09-17 07:36:15.549655,road_0003,51.147142431523605,71.42424835420817,1500,40.92276213053666,45,100.0,0,FREE_FLOW,collector,Left Bank
2025-09-17 07:36:15.549655,road_0004,51.194896034828155,71.42672451599276,1500,37.84078828911275,45,100.0,0,FREE_FLOW,collector,City Center
2025-09-17 07:36:15.549655,road_0005,51.13145373025382,71.42743582937553,1500,42.13551441036988,45,92.20525303353223,0,FREE_FLOW,collector,Left Bank
2025-09-17 07:36:15.549655,road_0006,51.14525858091126,71.40871681129984,1500,42.16056323354983,45,100.0,0,FREE_FLOW,collector,Left Bank
2025-09-17 07:36:15.549655,road_0007,51.13560924762398,71.46282559050066,1500,35.591045922595384,45,97.3691274161439,1,LIGHT,collector,Right Bank
2025-09-17 07:36:15.549655,road_0008,51.106594323500836,71.4923767530675,598,43.1543310035105,45,33.69426915201307,0,FREE_FLOW,collector,Esil District
2025-09-17 07:36:15.549655,road_0009,51.1749541456762,71.45018304431642,2500,55.48281082508942,60,100.0,0,FREE_FLOW,arterial,City Center
2025-09-17 07:36:15.549655,road_0010,51.204215781196154,71.42542980013923,1500,42.23697582393726,45,99.87141523355217,0,FREE_FLOW,collector,Right Bank
2025-09-17 07:36:15.549655,road_0011,51.14911362341584,71.45849757916488,2500,55.13665708774539,60,100.0,0,FREE_FLOW,arterial,City Center
2025-09-17 07:36:15.549655,road_0012,51.14285817159553,71.49500780438362,1235,60.0,60,42.1638985472153,0,FREE_FLOW,arterial,Esil District
2025-09-17 07:36:15.549655,road_0013,51.178395080248016,71.44450085336713,1231,41.689609828478964,45,86.52173173567843,0,FREE_FLOW,collector,Esil District
2025-09-17 07:36:15.549655,road_0014,51.22329556186777,71.40648282801608,1057,45.0,45,67.5425793852791,0,FREE_FLOW,collector,Right Bank
2025-09-17 07:36:15.549655,road_0015,51.20247308795898,71.43455351818268,936,45.0,45,64.80869511485176,0,FREE_FLOW,collector,Right Bank
2025-09-17 07:36:15.549655,road_0016,51.16488352763151,71.45530260780878,1500,36.28740298654752,45,100.0,0,FREE_FLOW,collector,City Center
2025-09-17 07:36:15.549655,road_0017,51.1949632883288,71.44123238931239,800,28.341145998742288,35,93.35363692423284,0,FREE_FLOW,local,City Center
2025-09-17 07:36:15.549655,road_0018,51.15447620767163,71.43400349958901,1500,36.286189931157644,45,92.39600381244034,0,FREE_FLOW,collector,City Center
2025-09-17 07:36:15.549655,road_0019,51.117113160490625,71.37143752439205,800,27.881647794005794,35,100.0,1,LIGHT,local,Left Bank
2025-09-17 07:41:15.549655,road_0000,51.14858964026895,71.43899067721357,1500,38.13260728500335,45,100.0,0,FREE_FLOW,collector,City Center
2025-09-17 07:41:15.549655,road_0001,51.19558998501542,71.45756838173378,2500,47.785234070584494,60,98.93709343285514,1,LIGHT,arterial,City Center
2025-09-17 07:41:15.549655,road_0002,51.21222340415979,71.47718542988797,694,29.12645910173132,35,84.46675905439938,0,FREE_FLOW,local,Right Bank
2025-09-17 07:41:15.549655,road_0003,51.147142431523605,71.42424835420817,1500,41.099293484142734,45,100.0,0,FREE_FLOW,collector,Left Bank
2025-09-17 07:41:15.549655,road_0004,51.194896034828155,71.42672451599276,1500,39.69619269892981,45,94.4215833322937,0,FREE_FLOW,collector,City Center
2025-09-17 07:41:15.549655,road_0005,51.13145373025382,71.42743582937553,1500,39.286843508057316,45,97.04087920996213,0,FREE_FLOW,collector,Left Bank
2025-09-17 07:41:15.549655,road_0006,51.14525858091126,71.40871681129984,1500,36.68631048221486,45,98.75449150271021,0,FREE_FLOW,collector,Left Bank
2025-09-17 07:41:15.549655,road_0007,51.13560924762398,71.46282559050066,1482,36.34303404899259,45,100.0,0,FREE_FLOW,collector,Right Bank
2025-09-17 07:41:15.549655,road_0008,51.106594323500836,71.4923767530675,1156,38.73884632742526,45,78.79583318850167,0,FREE_FLOW,collector,Esil District
2025-09-17 07:41:15.549655,road_0009,51.1749541456762,71.45018304431642,2500,54.08694800254148,60,95.52110234578174,0,FREE_FLOW,arterial,City Center
2025-09-17 07:41:15.549655,road_0010,51.204215781196154,71.42542980013923,980,44.67952002212342,45,64.27302508273758,0,FREE_FLOW,collector,Right Bank
2025-09-17 07:41:15.549655,road_0011,51.14911362341584,71.45849757916488,2500,47.034366831703394,60,100.0,1,LIGHT,arterial,City Center
2025-09-17 07:41:15.549655,road_0012,51.14285817159553,71.49500780438362,1502,60.0,60,63.46719362534141,0,FREE_FLOW,arterial,Esil District
2025-09-17 07:41:15.549655,road_0013,51.178395080248016,71.44450085336713,747,40.893071301155246,45,42.83336842469829,0,FREE_FLOW,collector,Esil District
2025-09-17 07:41:15.549655,road_0014,51.22329556186777,71.40648282801608,1500,36.299914386438566,45,100.0,0,FREE_FLOW,collector,Right Bank
2025-09-17 07:41:15.549655,road_0015,51.20247308795898,71.43455351818268,1077,44.924564918456674,45,74.83696646139505,0,FREE_FLOW,collector,Right Bank
2025-09-17 07:41:15.549655,road_0016,51.16488352763151,71.45530260780878,1500,35.316180923774404,45,95.92505744505223,1,LIGHT,collector,City Center
2025-09-17 07:41:15.549655,road_0017,51.1949632883288,71.44123238931239,800,30.3893779948284,35,93.7155443290564,0,FREE_FLOW,local,City Center
2025-09-17 07:41:15.549655,road_0018,51.15447620767163,71.43400349958901,1500,39.91502558238294,45,100.0,0,FREE_FLOW,collector,City Center
2025-09-17 07:41:15.549655,road_0019,51.117113160490625,71.37143752439205,800,30.864479121913675,35,100.0,0,FREE_FLOW,local,Left Bank
2025-09-17 07:46:15.549655,road_0000,51.14858964026895,71.43899067721357,1500,40.787376113216396,45,100.0,0,FREE_FLOW,collector,City Center
2025-09-17 07:46:15.549655,road_0001,51.19558998501542,71.45756838173378,2500,53.82814252831387,60,95.78680979908269,0,FREE_FLOW,arterial,City Center
2025-09-17 07:46:15.549655,road_0002,51.21222340415979,71.47718542988797,800,27.527610144723205,35,100.0,1,LIGHT,local,Right Bank
2025-09-17 07:46:15.549655,road_0003,51.147142431523605,71.42424835420817,1500,35.45834704697587,45,98.53597797881905,1,LIGHT,collector,Left Bank
2025-09-17 07:46:15.549655,road_0004,51.194896034828155,71.42672451599276,1500,36.584586468883,45,91.67893371737364,0,FREE_FLOW,collector,City Center
2025-09-17 07:46:15.549655,road_0005,51.13145373025382,71.42743582937553,1500,38.60846220956086,45,91.7522849132307,0,FREE_FLOW,collector,Left Bank
2025-09-17 07:46:15.549655,road_0006,51.14525858091126,71.40871681129984,1500,41.68559024769227,45,100.0,0,FREE_FLOW,collector,Left Bank
2025-09-17 07:46:15.549655,road_0007,51.13560924762398,71.46282559050066,1500,38.011830332675096,45,91.31297012257637,0,FREE_FLOW,collector,Right Bank
2025-09-17 07:46:15.549655,road_0008,51.106594323500836,71.4923767530675,768,42.15913313455091,45,51.99737014844182,0,FREE_FLOW,collector,Esil District
2025-09-17 07:46:15.549655,road_0009,51.1749541456762,71.45018304431642,2500,48.259300205762734,60,98.52103790377073,0,FREE_FLOW,arterial,City Center
2025-09-17 07:46:15.549655,road_0010,51.204215781196154,71.42542980013923,1157,41.29100244274348,45,78.21130196677754,0,FREE_FLOW,collector,Right Bank
2025-09-17 07:46:15.549655,road_0011,51.14911362341584,71.45849757916488,2500,48.24549451974538,60,100.0,0,FREE_FLOW,arterial,City Center
2025-09-17 07:46:15.549655,road_0012,51.14285817159553,71.49500780438362,1185,57.882004483675274,60,48.48531314374867,0,FREE_FLOW,arterial,Esil District
2025-09-17 07:46:15.549655,road_0013,51.178395080248016,71.44450085336713,839,45.0,45,47.64890871865041,0,FREE_FLOW,collector,Esil District
2025-09-17 07:46:15.549655,road_0014,51.22329556186777,71.40648282801608,1230,42.72519010625078,45,87.46386489669223,0,FREE_FLOW,collector,Right Bank
2025-09-17 07:46:15.549655,road_0015,51.20247308795898,71.43455351818268,1500,38.576892613504754,45,100.0,0,FREE_FLOW,collector,Right Bank
2025-09-17 07:46:15.549655,road_0016,51.16488352763151,71.45530260780878,1500,35.855573343354706,45,100.0,1,LIGHT,collector,City Center
2025-09-17 07:46:15.549655,road_0017,51.1949632883288,71.44123238931239,800,28.74909686397462,35,100.0,0,FREE_FLOW,local,City Center
2025-09-17 07:46:15.549655,road_0018,51.15447620767163,71.43400349958901,1500,42.98874535264381,45,94.46610590654296,0,FREE_FLOW,collector,City Center
2025-09-17 07:46:15.549655,road_0019,51.117113160490625,71.37143752439205,800,28.631605673080852,35,92.99861340326295,0,FREE_FLOW,local,Left Bank
2025-09-17 07:51:15.549655,road_0000,51.14858964026895,71.43899067721357,1500,35.353674999102005,45,92.31047205688509,1,LIGHT,collector,City Center
2025-09-17 07:51:15.549655,road_0001,51.19558998501542,71.45756838173378,2500,49.79687484245001,60,92.37214469678447,0,FREE_FLOW,arterial,City Center
2025-09-17 07:51:15.549655,road_0002,51.21222340415979,71.47718542988797,780,29.077672258039446,35,98.33810576667445,0,FREE_FLOW,local,Right Bank
2025-09-17 07:51:15.549655,road_0003,51.147142431523605,71.42424835420817,1500,37.42193160974308,45,100.0,0,FREE_FLOW,collector,Left Bank
2025-09-17 07:51:15.549655,road_0004,51.194896034828155,71.42672451599276,1500,36.939417110267286,45,95.50478487360891,0,FREE_FLOW,collector,City Center
2025-09-17 07:51:15.549655,road_0005,51.13145373025382,71.42743582937553,1500,39.9158794724247,45,100.0,0,FREE_FLOW,collector,Left Bank
2025-09-17 07:51:15.549655,road_0006,51.14525858091126,71.40871681129984,1500,35.94401859982575,45,100.0,1,LIGHT,collector,Left Bank
2025-09-17 07:51:15.549655,road_0007,51.13560924762398,71.46282559050066,1500,42.07335401587886,45,95.38085730363409,0,FREE_FLOW,collector,Right Bank
2025-09-17 07:51:15.549655,road_0008,51.106594323500836,71.4923767530675,642,45.0,45,40.55846139554103,0,FREE_FLOW,collector,Esil District
2025-09-17 07:51:15.549655,road_0009,51.1749541456762,71.45018304431642,2500,49.86502899690011,60,90.66894126361132,0,FREE_FLOW,arterial,City Center
2025-09-17 07:51:15.549655,road_0010,51.204215781196154,71.42542980013923,1500,41.53477051592461,45,100.0,0,FREE_FLOW,collector,Right Bank
2025-09-17 07:51:15.549655,road_0011,51.14911362341584,71.45849757916488,2500,48.213336578626205,60,100.0,0,FREE_FLOW,arterial,City Center
2025-09-17 07:51:15.549655,road_0012,51.14285817159553,71.49500780438362,950,60.0,60,47.5012869502082,0,FREE_FLOW,arterial,Esil District
2025-09-17 07:51:15.549655,road_0013,51.178395080248016,71.44450085336713,1124,40.369425379562806,45,77.0472556806009,0,FREE_FLOW,collector,Esil District
2025-09-17 07:51:15.549655,road_0014,51.22329556186777,71.40648282801608,1500,35.75803270304105,45,100.0,1,LIGHT,collector,Right Bank
2025-09-17 07:51:15.549655,road_0015,51.20247308795898,71.43455351818268,916,45.0,45,68.24985041008102,0,FREE_FLOW,collector,Right Bank
2025-09-17 07:51:15.549655,road_0016,51.16488352763151,71.45530260780878,1500,38.3943836483285,45,92.1319407874826,0,FREE_FLOW,collector,City Center
2025-09-17 07:51:15.549655,road_0017,51.1949632883288,71.44123238931239,800,29.128483892197817,35,100.0,0,FREE_FLOW,local,City Center
2025-09-17 07:51:15.549655,road_0018,51.15447620767163,71.43400349958901,1500,38.67958163866461,45,100.0,0,FREE_FLOW,collector,City Center
2025-09-17 07:51:15.549655,road_0019,51.117113160490625,71.37143752439205,800,30.829866127211915,35,92.90908322653159,0,FREE_FLOW,local,Left Bank
2025-09-17 07:56:15.549655,road_0000,51.14858964026895,71.43899067721357,1500,40.545130892682984,45,100.0,0,FREE_FLOW,collector,City Center
2025-09-17 07:56:15.549655,road_0001,51.19558998501542,71.45756838173378,2500,53.250997512766034,60,96.04880112875125,0,FREE_FLOW,arterial,City Center
2025-09-17 07:56:15.549655,road_0002,51.21222340415979,71.47718542988797,800,32.00999320927759,35,95.41958171056982,0,FREE_FLOW,local,Right Bank
2025-09-17 07:56:15.549655,road_0003,51.147142431523605,71.42424835420817,1500,39.24837267360534,45,100.0,0,FREE_FLOW,collector,Left Bank
2025-09-17 07:56:15.549655,road_0004,51.194896034828155,71.42672451599276,1500,39.94531259228892,45,91.05073961896005,0,FREE_FLOW,collector,City Center
2025-09-17 07:56:15.549655,road_0005,51.13145373025382,71.42743582937553,1500,35.86448114364767,45,90.04880364480454,1,LIGHT,collector,Left Bank
2025-09-17 07:56:15.549655,road_0006,51.14525858091126,71.40871681129984,1500,37.14141637565498,45,100.0,0,FREE_FLOW,collector,Left Bank
2025-09-17 07:56:15.549655,road_0007,51.13560924762398,71.46282559050066,1500,42.05920322452582,45,100.0,0,FREE_FLOW,collector,Right Bank
2025-09-17 07:56:15.549655,road_0008,51.106594323500836,71.4923767530675,1256,40.486060855353806,45,74.50219119395003,0,FREE_FLOW,collector,Esil District
2025-09-17 07:56:15.549655,road_0009,51.1749541456762,71.45018304431642,2500,53.40314826798137,60,97.08576694436891,0,FREE_FLOW,arterial,City Center
2025-09-17 07:56:15.549655,road_0010,51.204215781196154,71.42542980013923,1377,36.72140549190875,45,97.14821108382883,0,FREE_FLOW,collector,Right Bank
2025-09-17 07:56:15.549655,road_0011,51.14911362341584,71.45849757916488,2500,56.15318060441504,60,99.04031907288038,0,FREE_FLOW,arterial,City Center
2025-09-17 07:56:15.549655,road_0012,51.14285817159553,71.49500780438362,1514,60.0,60,58.61855364922803,0,FREE_FLOW,arterial,Esil District
2025-09-17 07:56:15.549655,road_0013,51.178395080248016,71.44450085336713,1500,36.37765710150463,45,91.11499071894164,0,FREE_FLOW,collector,Esil District
2025-09-17 07:56:15.549655,road_0014,51.22329556186777,71.40648282801608,1500,37.38554520363134,45,98.12648760138818,0,FREE_FLOW,collector,Right Bank
2025-09-17 07:56:15.549655,road_0015,51.20247308795898,71.43455351818268,1500,36.08404511607484,45,100.0,0,FREE_FLOW,collector,Right Bank
2025-09-17 07:56:15.549655,road_0016,51.16488352763151,71.45530260780878,1500,37.93527627700665,45,100.0,0,FREE_FLOW,collector,City Center
2025-09-17 07:56:15.549655,road_0017,51.1949632883288,71.44123238931239,800,32.705031598690255,35,98.4859535494974,0,FREE_FLOW,local,City Center
2025-09-17 07:56:15.549655,road_0018,51.15447620767163,71.43400349958901,1500,41.36888817152511,45,95.5898635831029,0,FREE_FLOW,collector,City Center
2025-09-17 07:56:15.549655,road_0019,51.117113160490625,71.37143752439205,800,30.500726097506647,35,100.0,0,FREE_FLOW,local,Left Bank
2025-09-17 08:01:15.549655,road_0000,51.14858964026895,71.43899067721357,1500,40.48314359932963,45,100.0,0,FREE_FLOW,collector,City Center
2025-09-17 08:01:15.549655,road_0001,51.19558998501542,71.45756838173378,2500,53.092170296943834,60,92.67773514071652,0,FREE_FLOW,arterial,City Center
2025-09-17 08:01:15.549655,road_0002,51.21222340415979,71.47718542988797,592,34.1185673719909,35,72.82360150728593,0,FREE_FLOW,local,Right Bank
2025-09-17 08:01:15.549655,road_0003,51.147142431523605,71.42424835420817,1500,35.97706817585231,45,97.35650111983547,1,LIGHT,collector,Left Bank
2025-09-17 08:01:15.549655,road_0004,51.194896034828155,71.42672451599276,1500,36.370367199780674,45,100.0,0,FREE_FLOW,collector,City Center
2025-09-17 08:01:15.549655,road_0005,51.13145373025382,71.42743582937553,1500,35.73239151133647,45,96.96995164583802,1,LIGHT,collector,Left Bank
2025-09-17 08:01:15.549655,road_0006,51.14525858091126,71.40871681129984,1500,41.90423022821279,45,98.16634232210899,0,FREE_FLOW,collector,Left Bank
2025-09-17 08:01:15.549655,road_0007,51.13560924762398,71.46282559050066,1500,39.31093651851616,45,100.0,0,FREE_FLOW,collector,Right Bank
2025-09-17 08:01:15.549655,road_0008,51.106594323500836,71.4923767530675,784,45.0,45,57.45673727080222,0,FREE_FLOW,collector,Esil District
2025-09-17 08:01:15.549655,road_0009,51.1749541456762,71.45018304431642,2500,49.57652777851561,60,94.14236091724963,0,FREE_FLOW,arterial,City Center
2025-09-17 08:01:15.549655,road_0010,51.204215781196154,71.42542980013923,1176,45.0,45,82.79770409134838,0,FREE_FLOW,collector,Right Bank
2025-09-17 08:01:15.549655,road_0011,51.14911362341584,71.45849757916488,2500,49.06500191092686,60,95.33644497232271,0,FREE_FLOW,arterial,City Center
2025-09-17 08:01:15.549655,road_0012,51.14285817159553,71.49500780438362,1834,52.81090680715075,60,64.03123657448936,0,FREE_FLOW,arterial,Esil District
2025-09-17 08:01:15.549655,road_0013,51.178395080248016,71.44450085336713,1169,45.0,45,77.0005018760937,0,FREE_FLOW,collector,Esil District
2025-09-17 08:01:15.549655,road_0014,51.22329556186777,71.40648282801608,1500,36.35412350553981,45,91.17415925141981,0,FREE_FLOW,collector,Right Bank
2025-09-17 08:01:15.549655,road_0015,51.20247308795898,71.43455351818268,1046,39.83361115165324,45,67.174670124589,0,FREE_FLOW,collector,Right Bank
2025-09-17 08:01:15.549655,road_0016,51.16488352763151,71.45530260780878,1500,38.397436862380964,45,100.0,0,FREE_FLOW,collector,City Center
2025-09-17 08:01:15.549655,road_0017,51.1949632883288,71.44123238931239,800,29.804729478348307,35,100.0,0,FREE_FLOW,local,City Center
2025-09-17 08:01:15.549655,road_0018,51.15447620767163,71.43400349958901,1500,42.72888219306711,45,100.0,0,FREE_FLOW,collector,City Center
2025-09-17 08:01:15.549655,road_0019,51.117113160490625,71.37143752439205,800,29.034725207784387,35,100.0,0,FREE_FLOW,local,Left Bank
2025-09-17 08:06:15.549655,road_0000,51.14858964026895,71.43899067721357,1500,42.08753526903702,45,100.0,0,FREE_FLOW,collector,City Center
2025-09-17 08:06:15.549655,road_0001,51.19558998501542,71.45756838173378,2500,57.130710270037405,60,91.4789490219868,0,FREE_FLOW,arterial,City Center
2025-09-17 08:06:15.549655,road_0002,51.21222340415979,71.47718542988797,800,31.883268819598857,35,100.0,0,FREE_FLOW,local,Right Bank
2025-09-17 08:06:15.549655,road_0003,51.147142431523605,71.42424835420817,1500,41.68203248210266,45,100.0,0,FREE_FLOW,collector,Left Bank
2025-09-17 08:06:15.549655,road_0004,51.194896034828155,71.42672451599276,1500,39.014528937269205,45,100.0,0,FREE_FLOW,collector,City Center
2025-09-17 08:06:15.549655,road_0005,51.13145373025382,71.42743582937553,1500,40.14555009714348,45,94.2637842033525,0,FREE_FLOW,collector,Left Bank
2025-09-17 08:06:15.549655,road_0006,51.14525858091126,71.40871681129984,1500,36.5249623371027,45,94.28149449244326,0,FREE_FLOW,collector,Left Bank
2025-09-17 08:06:15.549655,road_0007,51.13560924762398,71.46282559050066,1500,42.52954386298444,45,100.0,0,FREE_FLOW,collector,Right Bank
2025-09-17 08:06:15.549655,road_0008,51.106594323500836,71.4923767530675,727,45.0,45,56.6483429751177,0,FREE_FLOW,collector,Esil District
2025-09-17 08:06:15.549655,road_0009,51.1749541456762,71.45018304431642,2500,53.164008039611076,60,95.63342623103613,0,FREE_FLOW,arterial,City Center
2025-09-17 08:06:15.549655,road_0010,51.204215781196154,71.42542980013923,1500,36.47474426617375,45,100.0,0,FREE_FLOW,collector,Right Bank
2025-09-17 08:06:15.549655,road_0011,51.14911362341584,71.45849757916488,2500,55.41943251211531,60,93.96809152046696,0,FREE_FLOW,arterial,City Center
2025-09-17 08:06:15.549655,road_0012,51.14285817159553,71.49500780438362,1536,60.0,60,54.79075088423826,0,FREE_FLOW,arterial,Esil District
2025-09-17 08:06:15.549655,road_0013,51.178395080248016,71.44450085336713,679,43.43376957652665,45,45.02361908208722,0,FREE_FLOW,collector,Esil District
2025-09-17 08:06:15.549655,road_0014,51.22329556186777,71.40648282801608,1500,42.6734443659515,45,100.0,0,FREE_FLOW,collector,Right Bank
2025-09-17 08:06:15.549655,road_0015,51.20247308795898,71.43455351818268,1500,35.9976128859687,45,94.94535436025909,1,LIGHT,collector,Right Bank
2025-09-17 08:06:15.549655,road_0016,51.16488352763151,71.45530260780878,1500,40.144074360594004,45,97.29204258553858,0,FREE_FLOW,collector,City Center
2025-09-17 08:06:15.549655,road_0017,51.1949632883288,71.44123238931239,800,31.65028938512315,35,100.0,0,FREE_FLOW,local,City Center
2025-09-17 08:06:15.549655,road_0018,51.15447620767163,71.43400349958901,1500,40.16348473371704,45,100.0,0,FREE_FLOW,collector,City Center
2025-09-17 08:06:15.549655,road_0019,51.117113160490625,71.37143752439205,800,30.247108444909813,35,100.0,0,FREE_FLOW,local,Left Bank
2025-09-17 08:11:15.549655,road_0000,51.14858964026895,71.43899067721357,1500,36.086658869997045,45,94.08681911125606,0,FREE_FLOW,collector,City Center
2025-09-17 08:11:15.549655,road_0001,51.19558998501542,71.45756838173378,2500,56.71399743608461,60,100.0,0,FREE_FLOW,arterial,City Center
2025-09-17 08:11:15.549655,road_0002,51.21222340415979,71.47718542988797,800,29.700925211453615,35,100.0,0,FREE_FLOW,local,Right Bank
2025-09-17 08:11:15.549655,road_0003,51.147142431523605,71.42424835420817,1500,37.19964789912618,45,92.46962461002535,0,FREE_FLOW,collector,Left Bank
2025-09-17 08:11:15.549655,road_0004,51.194896034828155,71.42672451599276,1500,37.12894197968415,45,100.0,0,FREE_FLOW,collector,City Center
2025-09-17 08:11:15.549655,road_0005,51.13145373025382,71.42743582937553,1500,37.854847021280676,45,100.0,0,FREE_FLOW,collector,Left Bank
2025-09-17 08:11:15.549655,road_0006,51.14525858091126,71.40871681129984,1500,42.590810516306135,45,93.8875388161172,0,FREE_FLOW,collector,Left Bank
2025-09-17 08:11:15.549655,road_0007,51.13560924762398,71.46282559050066,922,42.82242358187318,45,54.037273085103095,0,FREE_FLOW,collector,Right Bank
2025-09-17 08:11:15.549655,road_0008,51.106594323500836,71.4923767530675,723,45.0,45,42.077589934947234,0,FREE_FLOW,collector,Esil District
2025-09-17 08:11:15.549655,road_0009,51.1749541456762,71.45018304431642,2500,50.31087032588252,60,95.65525121829666,0,FREE_FLOW,arterial,City Center
2025-09-17 08:11:15.549655,road_0010,51.204215781196154,71.42542980013923,1500,37.79768664127929,45,100.0,0,FREE_FLOW,collector,Right Bank
2025-09-17 08:11:15.549655,road_0011,51.14911362341584,71.45849757916488,2500,47.97707856144624,60,98.0767477459957,1,LIGHT,arterial,City Center
2025-09-17 08:11:15.549655,road_0012,51.14285817159553,71.49500780438362,2183,59.07279396806687,60,80.04612638985392,0,FREE_FLOW,arterial,Esil District
2025-09-17 08:11:15.549655,road_0013,51.178395080248016,71.44450085336713,912,43.40858696945576,45,61.21757497941422,0,FREE_FLOW,collector,Esil District
2025-09-17 08:11:15.549655,road_0014,51.22329556186777,71.40648282801608,1500,38.94622625511161,45,90.41527338416964,0,FREE_FLOW,collector,Right Bank
2025-09-17 08:11:15.549655,road_0015,51.20247308795898,71.43455351818268,1058,41.295822327145174,45,74.09183613166748,0,FREE_FLOW,collector,Right Bank
2025-09-17 08:11:15.549655,road_0016,51.16488352763151,71.45530260780878,1500,37.72882791799516,45,100.0,0,FREE_FLOW,collector,City Center
2025-09-17 08:11:15.549655,road_0017,51.1949632883288,71.44123238931239,800,31.58600576062708,35,100.0,0,FREE_FLOW,local,City Center
2025-09-17 08:11:15.549655,road_0018,51.15447620767163,71.43400349958901,1500,38.677927749591035,45,100.0,0,FREE_FLOW,collector,City Center
2025-09-17 08:11:15.549655,road_0019,51.117113160490625,71.37143752439205,800,27.465134069811302,35,91.62901132329728,1,LIGHT,local,Left Bank
2025-09-17 08:16:15.549655,road_0000,51.14858964026895,71.43899067721357,1500,36.38949425739135,45,91.7401328337547,0,FREE_FLOW,collector,City Center
2025-09-17 08:16:15.549655,road_0001,51.19558998501542,71.45756838173378,2500,48.34226009382969,60,96.3815921494236,0,FREE_FLOW,arterial,City Center
2025-09-17 08:16:15.549655,road_0002,51.21222340415979,71.47718542988797,800,32.685532049646675,35,100.0,0,FREE_FLOW,local,Right Bank
2025-09-17 08:16:15.549655,road_0003,51.147142431523605,71.42424835420817,1500,35.45599971323949,45,100.0,1,LIGHT,collector,Left Bank
2025-09-17 08:16:15.549655,road_0004,51.194896034828155,71.42672451599276,1500,42.748482632856785,45,100.0,0,FREE_FLOW,collector,City Center
2025-09-17 08:16:15.549655,road_0005,51.13145373025382,71.42743582937553,1500,35.260920300287204,45,100.0,1,LIGHT,collector,Left Bank
2025-09-17 08:16:15.549655,road_0006,51.14525858091126,71.40871681129984,1500,40.51106815504243,45,100.0,0,FREE_FLOW,collector,Left Bank
2025-09-17 08:16:15.549655,road_0007,51.13560924762398,71.46282559050066,1500,40.24797889521368,45,97.60498966724643,0,FREE_FLOW,collector,Right Bank
2025-09-17 08:16:15.549655,road_0008,51.106594323500836,71.4923767530675,1484,43.13456838908001,45,93.37567735277695,0,FREE_FLOW,collector,Esil District
2025-09-17 08:16:15.549655,road_0009,51.1749541456762,71.45018304431642,2500,53.794220072194605,60,100.0,0,FREE_FLOW,arterial,City Center
2025-09-17 08:16:15.549655,road_0010,51.204215781196154,71.42542980013923,1500,37.67892960244649,45,96.9462930536925,0,FREE_FLOW,collector,Right Bank
2025-09-17 08:16:15.549655,road_0011,51.14911362341584,71.45849757916488,2500,46.9933067176916,60,100.0,1,LIGHT,arterial,City Center
2025-09-17 08:16:15.549655,road_0012,51.14285817159553,71.49500780438362,2143,58.11472436171424,60,93.36664925760765,0,FREE_FLOW,arterial,Esil District
2025-09-17 08:16:15.549655,road_0013,51.178395080248016,71.44450085336713,1373,42.762939260118145,45,97.39113830084086,0,FREE_FLOW,collector,Esil District
2025-09-17 08:16:15.549655,road_0014,51.22329556186777,71.40648282801608,1500,39.64826340425209,45,98.46045369014385,0,FREE_FLOW,collector,Right Bank
2025-09-17 08:16:15.549655,road_0015,51.20247308795898,71.43455351818268,1500,38.28369368804389,45,100.0,0,FREE_FLOW,collector,Right Bank
2025-09-17 08:16:15.549655,road_0016,51.16488352763151,71.45530260780878,1500,42.825938399403604,45,93.06152430540696,0,FREE_FLOW,collector,City Center
2025-09-17 08:16:15.549655,road_0017,51.1949632883288,71.44123238931239,800,28.066530914466817,35,100.0,0,FREE_FLOW,local,City Center
2025-09-17 08:16:15.549655,road_0018,51.15447620767163,71.43400349958901,1500,42.72741591735958,45,93.91909241157916,0,FREE_FLOW,collector,City Center
2025-09-17 08:16:15.549655,road_0019,51.117113160490625,71.37143752439205,800,29.260229500970322,35,100.0,0,FREE_FLOW,local,Left Bank
2025-09-17 08:21:15.549655,road_0000,51.14858964026895,71.43899067721357,1500,35.95676538723407,45,93.19365893470372,1,LIGHT,collector,City Center
2025-09-17 08:21:15.549655,road_0001,51.19558998501542,71.45756838173378,2500,48.758777398406664,60,92.62115956347779,0,FREE_FLOW,arterial,City Center
2025-09-17 08:21:15.549655,road_0002,51.21222340415979,71.47718542988797,479,32.282099508179,35,61.63653851214684,0,FREE_FLOW,local,Right Bank
2025-09-17 08:21:15.549655,road_0003,51.147142431523605,71.42424835420817,1500,41.83218492185769,45,98.282886701092,0,FREE_FLOW,collector,Left Bank
2025-09-17 08:21:15.549655,road_0004,51.194896034828155,71.42672451599276,1500,37.24249673218077,45,97.68640219607073,0,FREE_FLOW,collector,City Center
2025-09-17 08:21:15.549655,road_0005,51.13145373025382,71.42743582937553,1500,36.25094590267107,45,98.36756816750018,0,FREE_FLOW,collector,Left Bank
2025-09-17 08:21:15.549655,road_0006,51.14525858091126,71.40871681129984,1500,35.325040691458746,45,100.0,1,LIGHT,collector,Left Bank
2025-09-17 08:21:15.549655,road_0007,51.13560924762398,71.46282559050066,1264,40.26425580378629,45,78.55974872865411,0,FREE_FLOW,collector,Right Bank
2025-09-17 08:21:15.549655,road_0008,51.106594323500836,71.4923767530675,1160,45.0,45,70.58848335036811,0,FREE_FLOW,collector,Esil District
2025-09-17 08:21:15.549655,road_0009,51.1749541456762,71.45018304431642,2500,54.59582653753643,60,100.0,0,FREE_FLOW,arterial,City Center
2025-09-17 08:21:15.549655,road_0010,51.204215781196154,71.42542980013923,1067,40.093516391372376,45,65.67656013126572,0,FREE_FLOW,collector,Right Bank
2025-09-17 08:21:15.549655,road_0011,51.14911362341584,71.45849757916488,2500,54.97574027098539,60,92.82961341330031,0,FREE_FLOW,arterial,City Center
2025-09-17 08:21:15.549655,road_0012,51.14285817159553,71.49500780438362,1517,55.18162991658635,60,70.54509217848296,0,FREE_FLOW,arterial,Esil District
2025-09-17 08:21:15.549655,road_0013,51.178395080248016,71.44450085336713,703,41.28170191404918,45,55.50277206420036,0,FREE_FLOW,collector,Esil District
2025-09-17 08:21:15.549655,road_0014,51.22329556186777,71.40648282801608,1500,38.958507550576705,45,100.0,0,FREE_FLOW,collector,Right Bank
2025-09-17 08:21:15.549655,road_0015,51.20247308795898,71.43455351818268,1500,38.83427956776789,45,93.91677116142066,0,FREE_FLOW,collector,Right Bank
2025-09-17 08:21:15.549655,road_0016,51.16488352763151,71.45530260780878,1500,42.0038802684663,45,92.23691839322012,0,FREE_FLOW,collector,City Center
2025-09-17 08:21:15.549655,road_0017,51.1949632883288,71.44123238931239,800,29.728943122847785,35,99.5276215835413,0,FREE_FLOW,local,City Center
2025-09-17 08:21:15.549655,road_0018,51.15447620767163,71.43400349958901,1500,41.05523905171774,45,95.40929438987084,0,FREE_FLOW,collector,City Center
2025-09-17 08:21:15.549655,road_0019,51.117113160490625,71.37143752439205,800,29.14273872375523,35,91.6704205565806,0,FREE_FLOW,local,Left Bank
2025-09-17 08:26:15.549655,road_0000,51.14858964026895,71.43899067721357,1500,37.71781190427168,45,99.62696632939313,0,FREE_FLOW,collector,City Center
2025-09-17 08:26:15.549655,road_0001,51.19558998501542,71.45756838173378,2500,47.24983661433934,60,98.71934949567485,1,LIGHT,arterial,City Center
2025-09-17 08:26:15.549655,road_0002,51.21222340415979,71.47718542988797,800,32.805023733722265,35,91.47891605632168,0,FREE_FLOW,local,Right Bank
2025-09-17 08:26:15.549655,road_0003,51.147142431523605,71.42424835420817,1500,41.04643363238818,45,90.92013870517093,0,FREE_FLOW,collector,Left Bank
2025-09-17 08:26:15.549655,road_0004,51.194896034828155,71.42672451599276,1500,37.076165479125095,45,98.33829354952016,0,FREE_FLOW,collector,City Center
2025-09-17 08:26:15.549655,road_0005,51.13145373025382,71.42743582937553,1500,37.55120951935495,45,92.61394800161302,0,FREE_FLOW,collector,Left Bank
2025-09-17 08:26:15.549655,road_0006,51.14525858091126,71.40871681129984,1500,40.18407284333714,45,92.59859503729936,0,FREE_FLOW,collector,Left Bank
2025-09-17 08:26:15.549655,road_0007,51.13560924762398,71.46282559050066,1137,40.875983422301516,45,68.64249214679201,0,FREE_FLOW,collector,Right Bank
2025-09-17 08:26:15.549655,road_0008,51.106594323500836,71.4923767530675,972,43.74241802907942,45,58.25847914902429,0,FREE_FLOW,collector,Esil District
2025-09-17 08:26:15.549655,road_0009,51.1749541456762,71.45018304431642,2500,50.74853966789967,60,90.55706721103681,0,FREE_FLOW,arterial,City Center
2025-09-17 08:26:15.549655,road_0010,51.204215781196154,71.42542980013923,1484,36.97671617362513,45,94.85279566782384,0,FREE_FLOW,collector,Right Bank
2025-09-17 08:26:15.549655,road_0011,51.14911362341584,71.45849757916488,2500,51.39760175833661,60,100.0,0,FREE_FLOW,arterial,City Center
2025-09-17 08:26:15.549655,road_0012,51.14285817159553,71.49500780438362,2123,51.07441213172826,60,88.69928663782107,0,FREE_FLOW,arterial,Esil District
2025-09-17 08:26:15.549655,road_0013,51.178395080248016,71.44450085336713,697,45.0,45,51.148583867794706,0,FREE_FLOW,collector,Esil District
2025-09-17 08:26:15.549655,road_0014,51.22329556186777,71.40648282801608,1296,40.63191756234368,45,78.81617491629508,0,FREE_FLOW,collector,Right Bank
2025-09-17 08:26:15.549655,road_0015,51.20247308795898,71.43455351818268,1500,36.591064183758256,45,100.0,0,FREE_FLOW,collector,Right Bank
2025-09-17 08:26:15.549655,road_0016,51.16488352763151,71.45530260780878,1500,42.64462781195824,45,98.76790929624437,0,FREE_FLOW,collector,City Center
2025-09-17 08:26:15.549655,road_0017,51.1949632883288,71.44123238931239,800,28.949288811454316,35,93.76573073407975,0,FREE_FLOW,local,City Center
2025-09-17 08:26:15.549655,road_0018,51.15447620767163,71.43400349958901,1500,36.23153762478114,45,92.56852507249828,0,FREE_FLOW,collector,City Center
2025-09-17 08:26:15.549655,road_0019,51.117113160490625,71.37143752439205,800,29.868287641085175,35,96.25646970905849,0,FREE_FLOW,local,Left Bank
2025-09-17 08:31:15.549655,road_0000,51.14858964026895,71.43899067721357,1500,41.98474700990826,45,100.0,0,FREE_FLOW,collector,City Center
2025-09-17 08:31:15.549655,road_0001,51.19558998501542,71.45756838173378,2500,47.03446154927361,60,98.19568217814718,1,LIGHT,arterial,City Center
2025-09-17 08:31:15.549655,road_0002,51.21222340415979,71.47718542988797,800,32.72034867442406,35,92.6386204182636,0,FREE_FLOW,local,Right Bank
2025-09-17 08:31:15.549655,road_0003,51.147142431523605,71.42424835420817,1500,35.55070450737069,45,100.0,1,LIGHT,collector,Left Bank
2025-09-17 08:31:15.549655,road_0004,51.194896034828155,71.42672451599276,1500,40.104332960285596,45,100.0,0,FREE_FLOW,collector,City Center
2025-09-17 08:31:15.549655,road_0005,51.13145373025382,71.42743582937553,1500,36.55524461417113,45,96.0170930361346,0,FREE_FLOW,collector,Left Bank
2025-09-17 08:31:15.549655,road_0006,51.14525858091126,71.40871681129984,1500,38.62505546245174,45,100.0,0,FREE_FLOW,collector,Left Bank
2025-09-17 08:31:15.549655,road_0007,51.13560924762398,71.46282559050066,1500,35.97538956116092,45,100.0,1,LIGHT,collector,Right Bank
2025-09-17 08:31:15.549655,road_0008,51.106594323500836,71.4923767530675,931,40.414103309092965,45,63.14361044194621,0,FREE_FLOW,collector,Esil District
2025-09-17 08:31:15.549655,road_0009,51.1749541456762,71.45018304431642,2500,49.60975840928186,60,92.455361289468,0,FREE_FLOW,arterial,City Center
2025-09-17 08:31:15.549655,road_0010,51.204215781196154,71.42542980013923,1193,43.68001563194724,45,87.33577226617427,0,FREE_FLOW,collector,Right Bank
2025-09-17 08:31:15.549655,road_0011,51.14911362341584,71.45849757916488,2500,49.88615423219364,60,100.0,0,FREE_FLOW,arterial,City Center
2025-09-17 08:31:15.549655,road_0012,51.14285817159553,71.49500780438362,2500,53.26955956380514,60,100.0,0,FREE_FLOW,arterial,Esil District
2025-09-17 08:31:15.549655,road_0013,51.178395080248016,71.44450085336713,1088,41.33529796942635,45,81.70032139944482,0,FREE_FLOW,collector,Esil District
2025-09-17 08:31:15.549655,road_0014,51.22329556186777,71.40648282801608,982,39.97011341639799,45,67.323653239272,0,FREE_FLOW,collector,Right Bank
2025-09-17 08:31:15.549655,road_0015,51.20247308795898,71.43455351818268,1500,41.33281202564889,45,100.0,0,FREE_FLOW,collector,Right Bank
2025-09-17 08:31:15.549655,road_0016,51.16488352763151,71.45530260780878,1500,41.465169668750455,45,94.54457637931105,0,FREE_FLOW,collector,City Center
2025-09-17 08:31:15.549655,road_0017,51.1949632883288,71.44123238931239,800,31.079241284116815,35,100.0,0,FREE_FLOW,local,City Center
2025-09-17 08:31:15.549655,road_0018,51.15447620767163,71.43400349958901,1500,39.055045834767604,45,100.0,0,FREE_FLOW,collector,City Center
2025-09-17 08:31:15.549655,road_0019,51.117113160490625,71.37143752439205,800,29.413429454735148,35,100.0,0,FREE_FLOW,local,Left Bank
2025-09-17 08:36:15.549655,road_0000,51.14858964026895,71.43899067721357,1500,38.584832317624425,45,100.0,0,FREE_FLOW,collector,City Center
2025-09-17 08:36:15.549655,road_0001,51.19558998501542,71.45756838173378,2500,56.84909566424971,60,91.9845488521773,0,FREE_FLOW,arterial,City Center
2025-09-17 08:36:15.549655,road_0002,51.21222340415979,71.47718542988797,800,27.71527551457751,35,100.0,1,LIGHT,local,Right Bank
2025-09-17 08:36:15.549655,road_0003,51.147142431523605,71.42424835420817,1500,38.251479320306146,45,100.0,0,FREE_FLOW,collector,Left Bank
2025-09-17 08:36:15.549655,road_0004,51.194896034828155,71.42672451599276,1500,38.89068293840488,45,96.7858119820508,0,FREE_FLOW,collector,City Center
2025-09-17 08:36:15.549655,road_0005,51.13145373025382,71.42743582937553,1500,36.86392159174916,45,100.0,0,FREE_FLOW,collector,Left Bank
2025-09-17 08:36:15.549655,road_0006,51.14525858091126,71.40871681129984,1500,37.84570249488655,45,92.79068798355847,0,FREE_FLOW,collector,Left Bank
2025-09-17 08:36:15.549655,road_0007,51.13560924762398,71.46282559050066,1191,38.78017055902505,45,82.29466699594695,0,FREE_FLOW,collector,Right Bank
2025-09-17 08:36:15.549655,road_0008,51.106594323500836,71.4923767530675,1464,39.52703266240715,45,94.83789078941486,0,FREE_FLOW,collector,Esil District
2025-09-17 08:36:15.549655,road_0009,51.1749541456762,71.45018304431642,2500,54.60273663999787,60,100.0,0,FREE_FLOW,arterial,City Center
2025-09-17 08:36:15.549655,road_0010,51.204215781196154,71.42542980013923,1098,43.91372234909535,45,66.66398777788008,0,FREE_FLOW,collector,Right Bank
2025-09-17 08:36:15.549655,road_0011,51.14911362341584,71.45849757916488,2500,53.606360757152835,60,100.0,0,FREE_FLOW,arterial,City Center
2025-09-17 08:36:15.549655,road_0012,51.14285817159553,71.49500780438362,1096,54.35081592642191,60,38.473892919039535,0,FREE_FLOW,arterial,Esil District
2025-09-17 08:36:15.549655,road_0013,51.178395080248016,71.44450085336713,1285,41.10367600244067,45,88.72502671469152,0,FREE_FLOW,collector,Esil District
2025-09-17 08:36:15.549655,road_0014,51.22329556186777,71.40648282801608,1500,37.24458053455069,45,91.93481484545009,0,FREE_FLOW,collector,Right Bank
2025-09-17 08:36:15.549655,road_0015,51.20247308795898,71.43455351818268,1246,45.0,45,86.89480048509475,0,FREE_FLOW,collector,Right Bank
2025-09-17 08:36:15.549655,road_0016,51.16488352763151,71.45530260780878,1500,39.967028167920134,45,95.96647420104163,0,FREE_FLOW,collector,City Center
2025-09-17 08:36:15.549655,road_0017,51.1949632883288,71.44123238931239,800,28.372996078541778,35,93.16158974928781,0,FREE_FLOW,local,City Center
2025-09-17 08:36:15.549655,road_0018,51.15447620767163,71.43400349958901,1500,36.55794511369548,45,93.92168799891076,0,FREE_FLOW,collector,City Center
2025-09-17 08:36:15.549655,road_0019,51.117113160490625,71.37143752439205,800,31.202220502980186,35,100.0,0,FREE_FLOW,local,Left Bank
2025-09-17 08:41:15.549655,road_0000,51.14858964026895,71.43899067721357,1500,42.11050651750289,45,90.78669102039412,0,FREE_FLOW,collector,City Center
2025-09-17 08:41:15.549655,road_0001,51.19558998501542,71.45756838173378,2500,50.68790902841352,60,96.44104738363913,0,FREE_FLOW,arterial,City Center
2025-09-17 08:41:15.549655,road_0002,51.21222340415979,71.47718542988797,800,30.767706396873887,35,100.0,0,FREE_FLOW,local,Right Bank
2025-09-17 08:41:15.549655,road_0003,51.147142431523605,71.42424835420817,1500,40.96723662868626,45,97.21815842927872,0,FREE_FLOW,collector,Left Bank
2025-09-17 08:41:15.549655,road_0004,51.194896034828155,71.42672451599276,1500,41.70191304724494,45,97.1464297628298,0,FREE_FLOW,collector,City Center
2025-09-17 08:41:15.549655,road_0005,51.13145373025382,71.42743582937553,1500,39.093181642673805,45,91.66514280744093,0,FREE_FLOW,collector,Left Bank
2025-09-17 08:41:15.549655,road_0006,51.14525858091126,71.40871681129984,1500,38.49318212495867,45,100.0,0,FREE_FLOW,collector,Left Bank
2025-09-17 08:41:15.549655,road_0007,51.13560924762398,71.46282559050066,1327,37.139880386187386,45,89.69865145568912,0,FREE_FLOW,collector,Right Bank
2025-09-17 08:41:15.549655,road_0008,51.106594323500836,71.4923767530675,1500,39.40024270787568,45,100.0,0,FREE_FLOW,collector,Esil District
2025-09-17 08:41:15.549655,road_0009,51.1749541456762,71.45018304431642,2500,53.280866902650025,60,95.75819799634192,0,FREE_FLOW,arterial,City Center
2025-09-17 08:41:15.549655,road_0010,51.204215781196154,71.42542980013923,1500,40.91881404319958,45,98.32006522452185,0,FREE_FLOW,collector,Right Bank
2025-09-17 08:41:15.549655,road_0011,51.14911362341584,71.45849757916488,2500,52.233414033137294,60,92.25841563630212,0,FREE_FLOW,arterial,City Center
2025-09-17 08:41:15.549655,road_0012,51.14285817159553,71.49500780438362,1580,57.5645467748491,60,61.02357044022777,0,FREE_FLOW,arterial,Esil District
2025-09-17 08:41:15.549655,road_0013,51.178395080248016,71.44450085336713,1025,42.46109625045886,45,76.4937535758982,0,FREE_FLOW,collector,Esil District
2025-09-17 08:41:15.549655,road_0014,51.22329556186777,71.40648282801608,1500,38.80719157971308,45,100.0,0,FREE_FLOW,collector,Right Bank
2025-09-17 08:41:15.549655,road_0015,51.20247308795898,71.43455351818268,1500,36.62865932785542,45,100.0,0,FREE_FLOW,collector,Right Bank
2025-09-17 08:41:15.549655,road_0016,51.16488352763151,71.45530260780878,1500,42.73797680910592,45,90.6911374190786,0,FREE_FLOW,collector,City Center
2025-09-17 08:41:15.549655,road_0017,51.1949632883288,71.44123238931239,800,30.50849212069307,35,100.0,0,FREE_FLOW,local,City Center
2025-09-17 08:41:15.549655,road_0018,51.15447620767163,71.43400349958901,1500,41.931437036522205,45,100.0,0,FREE_FLOW,collector,City Center
2025-09-17 08:41:15.549655,road_0019,51.117113160490625,71.37143752439205,800,32.247819695412026,35,100.0,0,FREE_FLOW,local,Left Bank
2025-09-17 08:46:15.549655,road_0000,51.14858964026895,71.43899067721357,1500,40.56717365569053,45,100.0,0,FREE_FLOW,collector,City Center
2025-09-17 08:46:15.549655,road_0001,51.19558998501542,71.45756838173378,2500,53.492343892315816,60,100.0,0,FREE_FLOW,arterial,City Center
2025-09-17 08:46:15.549655,road_0002,51.21222340415979,71.47718542988797,709,29.83932880233008,35,88.95710694191602,0,FREE_FLOW,local,Right Bank
2025-09-17 08:46:15.549655,road_0003,51.147142431523605,71.42424835420817,1500,38.50179756318764,45,98.73266249766499,0,FREE_FLOW,collector,Left Bank
2025-09-17 08:46:15.549655,road_0004,51.194896034828155,71.42672451599276,1500,38.512508422849216,45,97.30040288928848,0,FREE_FLOW,collector,City Center
2025-09-17 08:46:15.549655,road_0005,51.13145373025382,71.42743582937553,1500,42.74778932002259,45,100.0,0,FREE_FLOW,collector,Left Bank
2025-09-17 08:46:15.549655,road_0006,51.14525858091126,71.40871681129984,1500,37.183560083859014,45,94.68443080068964,0,FREE_FLOW,collector,Left Bank
2025-09-17 08:46:15.549655,road_0007,51.13560924762398,71.46282559050066,1500,40.55022015596329,45,90.80828188982844,0,FREE_FLOW,collector,Right Bank
2025-09-17 08:46:15.549655,road_0008,51.106594323500836,71.4923767530675,1455,42.8653326034001,45,88.09151353481748,0,FREE_FLOW,collector,Esil District
2025-09-17 08:46:15.549655,road_0009,51.1749541456762,71.45018304431642,2500,49.56525134400645,60,100.0,0,FREE_FLOW,arterial,City Center
2025-09-17 08:46:15.549655,road_0010,51.204215781196154,71.42542980013923,1500,38.327013484573726,45,100.0,0,FREE_FLOW,collector,Right Bank
2025-09-17 08:46:15.549655,road_0011,51.14911362341584,71.45849757916488,2500,54.727078993588556,60,94.30679852342664,0,FREE_FLOW,arterial,City Center
2025-09-17 08:46:15.549655,road_0012,51.14285817159553,71.49500780438362,1319,55.41197584416122,60,48.626083672295394,0,FREE_FLOW,arterial,Esil District
2025-09-17 08:46:15.549655,road_0013,51.178395080248016,71.44450085336713,936,45.0,45,69.15407784070229,0,FREE_FLOW,collector,Esil District
2025-09-17 08:46:15.549655,road_0014,51.22329556186777,71.40648282801608,1481,42.76529694523305,45,100.0,0,FREE_FLOW,collector,Right Bank
2025-09-17 08:46:15.549655,road_0015,51.20247308795898,71.43455351818268,1218,38.18993116503366,45,73.90918750495598,0,FREE_FLOW,collector,Right Bank
2025-09-17 08:46:15.549655,road_0016,51.16488352763151,71.45530260780878,1500,36.1461524935987,45,97.54231720899259,0,FREE_FLOW,collector,City Center
2025-09-17 08:46:15.549655,road_0017,51.1949632883288,71.44123238931239,800,31.430985881068285,35,100.0,0,FREE_FLOW,local,City Center
2025-09-17 08:46:15.549655,road_0018,51.15447620767163,71.43400349958901,1500,41.72902240036233,45,90.04017089124218,0,FREE_FLOW,collector,City Center
2025-09-17 08:46:15.549655,road_0019,51.117113160490625,71.37143752439205,800,27.827430529111364,35,100.0,1,LIGHT,local,Left Bank
2025-09-17 08:51:15.549655,road_0000,51.14858964026895,71.43899067721357,1500,36.45272236782008,45,98.83165512562904,0,FREE_FLOW,collector,City Center
2025-09-17 08:51:15.549655,road_0001,51.19558998501542,71.45756838173378,2500,49.928862749646534,60,97.1492818366895,0,FREE_FLOW,arterial,City Center
2025-09-17 08:51:15.549655,road_0002,51.21222340415979,71.47718542988797,753,28.846311663975822,35,84.55830734024902,0,FREE_FLOW,local,Right Bank
2025-09-17 08:51:15.549655,road_0003,51.147142431523605,71.42424835420817,1500,37.51127199861476,45,100.0,0,FREE_FLOW,collector,Left Bank
2025-09-17 08:51:15.549655,road_0004,51.194896034828155,71.42672451599276,1500,38.978756121965425,45,100.0,0,FREE_FLOW,collector,City Center
2025-09-17 08:51:15.549655,road_0005,51.13145373025382,71.42743582937553,1500,36.556960081405975,45,92.65785518055961,0,FREE_FLOW,collector,Left Bank
2025-09-17 08:51:15.549655,road_0006,51.14525858091126,71.40871681129984,1500,40.09879650960026,45,92.80382945683688,0,FREE_FLOW,collector,Left Bank
2025-09-17 08:51:15.549655,road_0007,51.13560924762398,71.46282559050066,1500,41.92220033898017,45,100.0,0,FREE_FLOW,collector,Right Bank
2025-09-17 08:51:15.549655,road_0008,51.106594323500836,71.4923767530675,1057,45.0,45,76.4975836535543,0,FREE_FLOW,collector,Esil District
2025-09-17 08:51:15.549655,road_0009,51.1749541456762,71.45018304431642,2500,50.7497710450134,60,100.0,0,FREE_FLOW,arterial,City Center
2025-09-17 08:51:15.549655,road_0010,51.204215781196154,71.42542980013923,1500,41.36201275306881,45,100.0,0,FREE_FLOW,collector,Right Bank
2025-09-17 08:51:15.549655,road_0011,51.14911362341584,71.45849757916488,2500,49.97123757118475,60,100.0,0,FREE_FLOW,arterial,City Center
2025-09-17 08:51:15.549655,road_0012,51.14285817159553,71.49500780438362,1174,60.0,60,53.85147037788401,0,FREE_FLOW,arterial,Esil District
2025-09-17 08:51:15.549655,road_0013,51.178395080248016,71.44450085336713,1207,43.13546018484913,45,72.74266543683429,0,FREE_FLOW,collector,Esil District
2025-09-17 08:51:15.549655,road_0014,51.22329556186777,71.40648282801608,1500,35.478578386409275,45,92.41095715320876,1,LIGHT,collector,Right Bank
2025-09-17 08:51:15.549655,road_0015,51.20247308795898,71.43455351818268,1500,40.470713420512574,45,91.42879941430297,0,FREE_FLOW,collector,Right Bank
2025-09-17 08:51:15.549655,road_0016,51.16488352763151,71.45530260780878,1500,36.62517146338221,45,100.0,0,FREE_FLOW,collector,City Center
2025-09-17 08:51:15.549655,road_0017,51.1949632883288,71.44123238931239,800,33.332191302751575,35,100.0,0,FREE_FLOW,local,City Center
2025-09-17 08:51:15.549655,road_0018,51.15447620767163,71.43400349958901,1500,38.95309517453892,45,91.41318198482632,0,FREE_FLOW,collector,City Center
2025-09-17 08:51:15.549655,road_0019,51.117113160490625,71.37143752439205,800,28.371208730687044,35,100.0,0,FREE_FLOW,local,Left Bank
2025-09-17 08:56:15.549655,road_0000,51.14858964026895,71.43899067721357,1500,42.70347885143141,45,100.0,0,FREE_FLOW,collector,City Center
2025-09-17 08:56:15.549655,road_0001,51.19558998501542,71.45756838173378,2500,54.693342372555584,60,91.60748044117142,0,FREE_FLOW,arterial,City Center
2025-09-17 08:56:15.549655,road_0002,51.21222340415979,71.47718542988797,793,31.666168052821586,35,100.0,0,FREE_FLOW,local,Right Bank
2025-09-17 08:56:15.549655,road_0003,51.147142431523605,71.42424835420817,1500,40.7783231125067,45,96.51743756498269,0,FREE_FLOW,collector,Left Bank
2025-09-17 08:56:15.549655,road_0004,51.194896034828155,71.42672451599276,1500,40.731214962923325,45,94.84224584288175,0,FREE_FLOW,collector,City Center
2025-09-17 08:56:15.549655,road_0005,51.13145373025382,71.42743582937553,1500,38.87370347376143,45,99.56482206202077,0,FREE_FLOW,collector,Left Bank
2025-09-17 08:56:15.549655,road_0006,51.14525858091126,71.40871681129984,1500,38.8165819709507,45,95.28874469222457,0,FREE_FLOW,collector,Left Bank
2025-09-17 08:56:15.549655,road_0007,51.13560924762398,71.46282559050066,1137,43.47358675860123,45,82.59197989695588,0,FREE_FLOW,collector,Right Bank
2025-09-17 08:56:15.549655,road_0008,51.106594323500836,71.4923767530675,1382,37.10832396701994,45,86.06006812347215,0,FREE_FLOW,collector,Esil District
2025-09-17 08:56:15.549655,road_0009,51.1749541456762,71.45018304431642,2500,49.01290675519637,60,100.0,0,FREE_FLOW,arterial,City Center
2025-09-17 08:56:15.549655,road_0010,51.204215781196154,71.42542980013923,1500,38.533838183182034,45,100.0,0,FREE_FLOW,collector,Right Bank
2025-09-17 08:56:15.549655,road_0011,51.14911362341584,71.45849757916488,2500,50.27851940327711,60,100.0,0,FREE_FLOW,arterial,City Center
2025-09-17 08:56:15.549655,road_0012,51.14285817159553,71.49500780438362,2188,50.776728797488076,60,81.5831178293979,0,FREE_FLOW,arterial,Esil District
2025-09-17 08:56:15.549655,road_0013,51.178395080248016,71.44450085336713,1500,37.670146285957955,45,100.0,0,FREE_FLOW,collector,Esil District
2025-09-17 08:56:15.549655,road_0014,51.22329556186777,71.40648282801608,1500,36.71361128755362,45,100.0,0,FREE_FLOW,collector,Right Bank
2025-09-17 08:56:15.549655,road_0015,51.20247308795898,71.43455351818268,1150,40.2994902946933,45,81.56494109185621,0,FREE_FLOW,collector,Right Bank
2025-09-17 08:56:15.549655,road_0016,51.16488352763151,71.45530260780878,1500,41.066251780562766,45,100.0,0,FREE_FLOW,collector,City Center
2025-09-17 08:56:15.549655,road_0017,51.1949632883288,71.44123238931239,800,31.133667800672736,35,100.0,0,FREE_FLOW,local,City Center
2025-09-17 08:56:15.549655,road_0018,51.15447620767163,71.43400349958901,1500,37.14535860763188,45,91.32308837515822,0,FREE_FLOW,collector,City Center
2025-09-17 08:56:15.549655,road_0019,51.117113160490625,71.37143752439205,800,29.3650456496339,35,100.0,0,FREE_FLOW,local,Left Bank
2025-09-17 09:01:15.549655,road_0000,51.14858964026895,71.43899067721357,1500,42.554020113004675,45,99.76907523547393,0,FREE_FLOW,collector,City Center
2025-09-17 09:01:15.549655,road_0001,51.19558998501542,71.45756838173378,2500,54.807435554783716,60,100.0,0,FREE_FLOW,arterial,City Center
2025-09-17 09:01:15.549655,road_0002,51.21222340415979,71.47718542988797,506,31.273245405736798,35,54.770772144317895,0,FREE_FLOW,local,Right Bank
2025-09-17 09:01:15.549655,road_0003,51.147142431523605,71.42424835420817,1500,42.77918212399602,45,90.654897749281,0,FREE_FLOW,collector,Left Bank
2025-09-17 09:01:15.549655,road_0004,51.194896034828155,71.42672451599276,1500,40.064183914736994,45,100.0,0,FREE_FLOW,collector,City Center
2025-09-17 09:01:15.549655,road_0005,51.13145373025382,71.42743582937553,1500,42.66398632417487,45,95.99475443512186,0,FREE_FLOW,collector,Left Bank
2025-09-17 09:01:15.549655,road_0006,51.14525858091126,71.40871681129984,1338,41.99074499111217,45,93.73133900567271,0,FREE_FLOW,collector,Left Bank
2025-09-17 09:01:15.549655,road_0007,51.13560924762398,71.46282559050066,1500,35.4614678776896,45,100.0,1,LIGHT,collector,Right Bank
2025-09-17 09:01:15.549655,road_0008,51.106594323500836,71.4923767530675,1273,39.183493775094455,45,76.98296798942084,0,FREE_FLOW,collector,Esil District
2025-09-17 09:01:15.549655,road_0009,51.1749541456762,71.45018304431642,2500,55.20767675274556,60,100.0,0,FREE_FLOW,arterial,City Center
2025-09-17 09:01:15.549655,road_0010,51.204215781196154,71.42542980013923,1411,42.991452426983145,45,100.0,0,FREE_FLOW,collector,Right Bank
2025-09-17 09:01:15.549655,road_0011,51.14911362341584,71.45849757916488,2500,52.579652023754015,60,99.02845790455483,0,FREE_FLOW,arterial,City Center
2025-09-17 09:01:15.549655,road_0012,51.14285817159553,71.49500780438362,1214,60.0,60,38.759501596562934,0,FREE_FLOW,arterial,Esil District
2025-09-17 09:01:15.549655,road_0013,51.178395080248016,71.44450085336713,1241,40.414175427042814,45,83.61974455624517,0,FREE_FLOW,collector,Esil District
2025-09-17 09:01:15.549655,road_0014,51.22329556186777,71.40648282801608,1232,42.26148596025925,45,86.64148114769317,0,FREE_FLOW,collector,Right Bank
2025-09-17 09:01:15.549655,road_0015,51.20247308795898,71.43455351818268,1307,40.62592341338956,45,87.35821052216126,0,FREE_FLOW,collector,Right Bank
2025-09-17 09:01:15.549655,road_0016,51.16488352763151,71.45530260780878,1500,42.44853347468884,45,91.38561463811868,0,FREE_FLOW,collector,City Center
2025-09-17 09:01:15.549655,road_0017,51.1949632883288,71.44123238931239,800,32.32201717980034,35,100.0,0,FREE_FLOW,local,City Center
2025-09-17 09:01:15.549655,road_0018,51.15447620767163,71.43400349958901,1500,36.97959846097039,45,95.98230052699127,0,FREE_FLOW,collector,City Center
2025-09-17 09:01:15.549655,road_0019,51.117113160490625,71.37143752439205,709,32.22841210769777,35,88.65695257684104,0,FREE_FLOW,local,Left Bank
2025-09-17 09:06:15.549655,road_0000,51.14858964026895,71.43899067721357,1500,42.452303503396614,45,100.0,0,FREE_FLOW,collector,City Center
2025-09-17 09:06:15.549655,road_0001,51.19558998501542,71.45756838173378,2500,48.58487602458714,60,92.67268572069544,0,FREE_FLOW,arterial,City Center
2025-09-17 09:06:15.549655,road_0002,51.21222340415979,71.47718542988797,800,32.45134624439228,35,100.0,0,FREE_FLOW,local,Right Bank
2025-09-17 09:06:15.549655,road_0003,51.147142431523605,71.42424835420817,1500,35.27777025956931,45,90.26974008882776,1,LIGHT,collector,Left Bank
2025-09-17 09:06:15.549655,road_0004,51.194896034828155,71.42672451599276,1500,42.88991804197667,45,93.127222184838,0,FREE_FLOW,collector,City Center
2025-09-17 09:06:15.549655,road_0005,51.13145373025382,71.42743582937553,1500,36.605858129534326,45,100.0,0,FREE_FLOW,collector,Left Bank
2025-09-17 09:06:15.549655,road_0006,51.14525858091126,71.40871681129984,1500,42.2695063198591,45,100.0,0,FREE_FLOW,collector,Left Bank
2025-09-17 09:06:15.549655,road_0007,51.13560924762398,71.46282559050066,1474,37.15956551137227,45,100.0,0,FREE_FLOW,collector,Right Bank
2025-09-17 09:06:15.549655,road_0008,51.106594323500836,71.4923767530675,983,44.438773705411265,45,69.61000603082661,0,FREE_FLOW,collector,Esil District
2025-09-17 09:06:15.549655,road_0009,51.1749541456762,71.45018304431642,2500,55.41368290611154,60,100.0,0,FREE_FLOW,arterial,City Center
2025-09-17 09:06:15.549655,road_0010,51.204215781196154,71.42542980013923,1290,40.59848022217892,45,88.78255379876784,0,FREE_FLOW,collector,Right Bank
2025-09-17 09:06:15.549655,road_0011,51.14911362341584,71.45849757916488,2500,49.89322665626646,60,100.0,0,FREE_FLOW,arterial,City Center
2025-09-17 09:06:15.549655,road_0012,51.14285817159553,71.49500780438362,1845,58.611451110091274,60,63.9454738802564,0,FREE_FLOW,arterial,Esil District
2025-09-17 09:06:15.549655,road_0013,51.178395080248016,71.44450085336713,961,44.74637380089644,45,58.747992316271485,0,FREE_FLOW,collector,Esil District
2025-09-17 09:06:15.549655,road_0014,51.22329556186777,71.40648282801608,810,41.70554543031782,45,51.3387453383427,0,FREE_FLOW,collector,Right Bank
2025-09-17 09:06:15.549655,road_0015,51.20247308795898,71.43455351818268,1500,38.83499736317785,45,100.0,0,FREE_FLOW,collector,Right Bank
2025-09-17 09:06:15.549655,road_0016,51.16488352763151,71.45530260780878,1500,38.26372010774969,45,100.0,0,FREE_FLOW,collector,City Center
2025-09-17 09:06:15.549655,road_0017,51.1949632883288,71.44123238931239,800,28.814607813493257,35,100.0,0,FREE_FLOW,local,City Center
2025-09-17 09:06:15.549655,road_0018,51.15447620767163,71.43400349958901,1500,38.692967542809235,45,97.74796569753599,0,FREE_FLOW,collector,City Center
2025-09-17 09:06:15.549655,road_0019,51.117113160490625,71.37143752439205,800,29.45112869596245,35,100.0,0,FREE_FLOW,local,Left Bank
2025-09-17 09:11:15.549655,road_0000,51.14858964026895,71.43899067721357,1500,37.38791013083065,45,100.0,0,FREE_FLOW,collector,City Center
2025-09-17 09:11:15.549655,road_0001,51.19558998501542,71.45756838173378,2500,52.87832481811358,60,96.14972507157151,0,FREE_FLOW,arterial,City Center
2025-09-17 09:11:15.549655,road_0002,51.21222340415979,71.47718542988797,759,28.721834294969877,35,91.26568289426605,0,FREE_FLOW,local,Right Bank
2025-09-17 09:11:15.549655,road_0003,51.147142431523605,71.42424835420817,1500,38.99828994928502,45,95.67602210272081,0,FREE_FLOW,collector,Left Bank
2025-09-17 09:11:15.549655,road_0004,51.194896034828155,71.42672451599276,1500,39.261768913195276,45,100.0,0,FREE_FLOW,collector,City Center
2025-09-17 09:11:15.549655,road_0005,51.13145373025382,71.42743582937553,1500,42.76401912697992,45,91.59838717038001,0,FREE_FLOW,collector,Left Bank
2025-09-17 09:11:15.549655,road_0006,51.14525858091126,71.40871681129984,1500,35.72490519809219,45,100.0,1,LIGHT,collector,Left Bank
2025-09-17 09:11:15.549655,road_0007,51.13560924762398,71.46282559050066,1500,40.06385744109065,45,100.0,0,FREE_FLOW,collector,Right Bank
2025-09-17 09:11:15.549655,road_0008,51.106594323500836,71.4923767530675,650,41.158384774447086,45,52.16688505866931,0,FREE_FLOW,collector,Esil District
2025-09-17 09:11:15.549655,road_0009,51.1749541456762,71.45018304431642,2500,52.63435605005055,60,95.47232262156545,0,FREE_FLOW,arterial,City Center
2025-09-17 09:11:15.549655,road_0010,51.204215781196154,71.42542980013923,1500,35.933100366091416,45,100.0,1,LIGHT,collector,Right Bank
2025-09-17 09:11:15.549655,road_0011,51.14911362341584,71.45849757916488,2500,57.144898801598,60,93.24352182102099,0,FREE_FLOW,arterial,City Center
2025-09-17 09:11:15.549655,road_0012,51.14285817159553,71.49500780438362,1043,60.0,60,49.4213182669064,0,FREE_FLOW,arterial,Esil District
2025-09-17 09:11:15.549655,road_0013,51.178395080248016,71.44450085336713,1422,41.303758210725306,45,90.11343283965485,0,FREE_FLOW,collector,Esil District
2025-09-17 09:11:15.549655,road_0014,51.22329556186777,71.40648282801608,1500,35.67962629114239,45,100.0,1,LIGHT,collector,Right Bank
2025-09-17 09:11:15.549655,road_0015,51.20247308795898,71.43455351818268,1326,39.40719851724558,45,95.50772588622985,0,FREE_FLOW,collector,Right Bank
2025-09-17 09:11:15.549655,road_0016,51.16488352763151,71.45530260780878,1500,35.69593905319575,45,98.50678132042879,1,LIGHT,collector,City Center
2025-09-17 09:11:15.549655,road_0017,51.1949632883288,71.44123238931239,800,31.716118873088273,35,100.0,0,FREE_FLOW,local,City Center
2025-09-17 09:11:15.549655,road_0018,51.15447620767163,71.43400349958901,1500,37.27244141727774,45,90.37699651163564,0,FREE_FLOW,collector,City Center
2025-09-17 09:11:15.549655,road_0019,51.117113160490625,71.37143752439205,800,28.787757582263875,35,95.28247256980333,0,FREE_FLOW,local,Left Bank
2025-09-17 09:16:15.549655,road_0000,51.14858964026895,71.43899067721357,1500,38.07916857359657,45,100.0,0,FREE_FLOW,collector,City Center
2025-09-17 09:16:15.549655,road_0001,51.19558998501542,71.45756838173378,2500,56.41861095777365,60,100.0,0,FREE_FLOW,arterial,City Center
2025-09-17 09:16:15.549655,road_0002,51.21222340415979,71.47718542988797,606,34.5602766303277,35,75.21490882627334,0,FREE_FLOW,local,Right Bank
2025-09-17 09:16:15.549655,road_0003,51.147142431523605,71.42424835420817,1500,35.88838154217798,45,100.0,1,LIGHT,collector,Left Bank
2025-09-17 09:16:15.549655,road_0004,51.194896034828155,71.42672451599276,1500,41.63705896259448,45,98.53368259987687,0,FREE_FLOW,collector,City Center
2025-09-17 09:16:15.549655,road_0005,51.13145373025382,71.42743582937553,1500,39.20815049064909,45,99.22428476858053,0,FREE_FLOW,collector,Left Bank
2025-09-17 09:16:15.549655,road_0006,51.14525858091126,71.40871681129984,1500,42.647535798162025,45,96.95543540472727,0,FREE_FLOW,collector,Left Bank
2025-09-17 09:16:15.549655,road_0007,51.13560924762398,71.46282559050066,769,45.0,45,51.9194371576076,0,FREE_FLOW,collector,Right Bank
2025-09-17 09:16:15.549655,road_0008,51.106594323500836,71.4923767530675,614,45.0,45,47.843500121511916,0,FREE_FLOW,collector,Esil District
2025-09-17 09:16:15.549655,road_0009,51.1749541456762,71.45018304431642,2500,49.58454547413854,60,100.0,0,FREE_FLOW,arterial,City Center
2025-09-17 09:16:15.549655,road_0010,51.204215781196154,71.42542980013923,1076,45.0,45,74.92530249974865,0,FREE_FLOW,collector,Right Bank
2025-09-17 09:16:15.549655,road_0011,51.14911362341584,71.45849757916488,2500,54.81975247929077,60,100.0,0,FREE_FLOW,arterial,City Center
2025-09-17 09:16:15.549655,road_0012,51.14285817159553,71.49500780438362,987,55.45749049358285,60,40.36282923479581,0,FREE_FLOW,arterial,Esil District
2025-09-17 09:16:15.549655,road_0013,51.178395080248016,71.44450085336713,940,43.40529649721707,45,62.035755284803955,0,FREE_FLOW,collector,Esil District
2025-09-17 09:16:15.549655,road_0014,51.22329556186777,71.40648282801608,1500,41.17646817087724,45,100.0,0,FREE_FLOW,collector,Right Bank
2025-09-17 09:16:15.549655,road_0015,51.20247308795898,71.43455351818268,1500,38.07204497769429,45,91.45857533212754,0,FREE_FLOW,collector,Right Bank
2025-09-17 09:16:15.549655,road_0016,51.16488352763151,71.45530260780878,1500,41.69022990871613,45,100.0,0,FREE_FLOW,collector,City Center
2025-09-17 09:16:15.549655,road_0017,51.1949632883288,71.44123238931239,800,31.01204774490511,35,100.0,0,FREE_FLOW,local,City Center
2025-09-17 09:16:15.549655,road_0018,51.15447620767163,71.43400349958901,1500,35.72333455034989,45,100.0,1,LIGHT,collector,City Center
2025-09-17 09:16:15.549655,road_0019,51.117113160490625,71.37143752439205,800,31.983202664014506,35,100.0,0,FREE_FLOW,local,Left Bank
2025-09-17 09:21:15.549655,road_0000,51.14858964026895,71.43899067721357,1500,40.70995094834502,45,91.7950416486897,0,FREE_FLOW,collector,City Center
2025-09-17 09:21:15.549655,road_0001,51.19558998501542,71.45756838173378,2500,55.02462728836715,60,92.90860045008701,0,FREE_FLOW,arterial,City Center
2025-09-17 09:21:15.549655,road_0002,51.21222340415979,71.47718542988797,585,31.65003405654877,35,77.27044032021092,0,FREE_FLOW,local,Right Bank
2025-09-17 09:21:15.549655,road_0003,51.147142431523605,71.42424835420817,1500,42.6864105419243,45,100.0,0,FREE_FLOW,collector,Left Bank
2025-09-17 09:21:15.549655,road_0004,51.194896034828155,71.42672451599276,1500,40.68291168493605,45,93.25580151494907,0,FREE_FLOW,collector,City Center
2025-09-17 09:21:15.549655,road_0005,51.13145373025382,71.42743582937553,1500,36.19058353255594,45,90.81546732978263,0,FREE_FLOW,collector,Left Bank
2025-09-17 09:21:15.549655,road_0006,51.14525858091126,71.40871681129984,1500,39.03258761868706,45,95.81129014589652,0,FREE_FLOW,collector,Left Bank
2025-09-17 09:21:15.549655,road_0007,51.13560924762398,71.46282559050066,1500,38.780823936149986,45,100.0,0,FREE_FLOW,collector,Right Bank
2025-09-17 09:21:15.549655,road_0008,51.106594323500836,71.4923767530675,1340,37.757285324016735,45,88.5244479565899,0,FREE_FLOW,collector,Esil District
2025-09-17 09:21:15.549655,road_0009,51.1749541456762,71.45018304431642,2500,47.81153335310472,60,100.0,1,LIGHT,arterial,City Center
2025-09-17 09:21:15.549655,road_0010,51.204215781196154,71.42542980013923,1327,38.89578213541632,45,96.07185174169462,0,FREE_FLOW,collector,Right Bank
2025-09-17 09:21:15.549655,road_0011,51.14911362341584,71.45849757916488,2500,48.85855932468073,60,93.15708813112823,0,FREE_FLOW,arterial,City Center
2025-09-17 09:21:15.549655,road_0012,51.14285817159553,71.49500780438362,958,60.0,60,36.132984913031116,0,FREE_FLOW,arterial,Esil District
2025-09-17 09:21:15.549655,road_0013,51.178395080248016,71.44450085336713,1204,38.82628653164008,45,75.8360913735509,0,FREE_FLOW,collector,Esil District
2025-09-17 09:21:15.549655,road_0014,51.22329556186777,71.40648282801608,1500,40.621356440970835,45,94.94111953425272,0,FREE_FLOW,collector,Right Bank
2025-09-17 09:21:15.549655,road_0015,51.20247308795898,71.43455351818268,1240,44.630978191897576,45,87.99759104149553,0,FREE_FLOW,collector,Right Bank
2025-09-17 09:21:15.549655,road_0016,51.16488352763151,71.45530260780878,1500,39.26548471371882,45,90.73344436120303,0,FREE_FLOW,collector,City Center
2025-09-17 09:21:15.549655,road_0017,51.1949632883288,71.44123238931239,800,33.02415178447614,35,93.49625828078658,0,FREE_FLOW,local,City Center
2025-09-17 09:21:15.549655,road_0018,51.15447620767163,71.43400349958901,1500,39.587202653880674,45,91.74614217988118,0,FREE_FLOW,collector,City Center
2025-09-17 09:21:15.549655,road_0019,51.117113160490625,71.37143752439205,800,30.138068960133193,35,96.04428928450261,0,FREE_FLOW,local,Left Bank
2025-09-17 09:26:15.549655,road_0000,51.14858964026895,71.43899067721357,1500,37.91163184603435,45,100.0,0,FREE_FLOW,collector,City Center
2025-09-17 09:26:15.549655,road_0001,51.19558998501542,71.45756838173378,2500,53.02746494317977,60,96.71641769519138,0,FREE_FLOW,arterial,City Center
2025-09-17 09:26:15.549655,road_0002,51.21222340415979,71.47718542988797,728,31.859384032691516,35,89.29394133255806,0,FREE_FLOW,local,Right Bank
2025-09-17 09:26:15.549655,road_0003,51.147142431523605,71.42424835420817,1500,42.41901707015243,45,94.63438505119301,0,FREE_FLOW,collector,Left Bank
2025-09-17 09:26:15.549655,road_0004,51.194896034828155,71.42672451599276,1500,40.580976608750355,45,100.0,0,FREE_FLOW,collector,City Center
2025-09-17 09:26:15.549655,road_0005,51.13145373025382,71.42743582937553,1500,42.52495650000778,45,92.55490165597503,0,FREE_FLOW,collector,Left Bank
2025-09-17 09:26:15.549655,road_0006,51.14525858091126,71.40871681129984,1500,42.52186563880775,45,100.0,0,FREE_FLOW,collector,Left Bank
2025-09-17 09:26:15.549655,road_0007,51.13560924762398,71.46282559050066,1500,41.075097427473125,45,100.0,0,FREE_FLOW,collector,Right Bank
2025-09-17 09:26:15.549655,road_0008,51.106594323500836,71.4923767530675,930,44.082272794153184,45,57.50337524562972,0,FREE_FLOW,collector,Esil District
2025-09-17 09:26:15.549655,road_0009,51.1749541456762,71.45018304431642,2500,55.86136345387043,60,97.16662132430095,0,FREE_FLOW,arterial,City Center
2025-09-17 09:26:15.549655,road_0010,51.204215781196154,71.42542980013923,1180,45.0,45,84.32051499653454,0,FREE_FLOW,collector,Right Bank
2025-09-17 09:26:15.549655,road_0011,51.14911362341584,71.45849757916488,2500,53.24757040563199,60,96.40660620123583,0,FREE_FLOW,arterial,City Center
2025-09-17 09:26:15.549655,road_0012,51.14285817159553,71.49500780438362,1259,59.93429209833083,60,45.080555731748085,0,FREE_FLOW,arterial,Esil District
2025-09-17 09:26:15.549655,road_0013,51.178395080248016,71.44450085336713,1311,43.652117597545505,45,93.41117254362163,0,FREE_FLOW,collector,Esil District
2025-09-17 09:26:15.549655,road_0014,51.22329556186777,71.40648282801608,1189,39.120556135262646,45,84.70972163752987,0,FREE_FLOW,collector,Right Bank
2025-09-17 09:26:15.549655,road_0015,51.20247308795898,71.43455351818268,1500,40.51262994081923,45,98.55930455925582,0,FREE_FLOW,collector,Right Bank
2025-09-17 09:26:15.549655,road_0016,51.16488352763151,71.45530260780878,1500,39.871058327721784,45,100.0,0,FREE_FLOW,collector,City Center
2025-09-17 09:26:15.549655,road_0017,51.1949632883288,71.44123238931239,800,29.494320687268154,35,100.0,0,FREE_FLOW,local,City Center
2025-09-17 09:26:15.549655,road_0018,51.15447620767163,71.43400349958901,1500,40.98814514462376,45,100.0,0,FREE_FLOW,collector,City Center
2025-09-17 09:26:15.549655,road_0019,51.117113160490625,71.37143752439205,800,28.55481491590932,35,90.40203264624691,0,FREE_FLOW,local,Left Bank
2025-09-17 09:31:15.549655,road_0000,51.14858964026895,71.43899067721357,1500,42.24615343330498,45,100.0,0,FREE_FLOW,collector,City Center
2025-09-17 09:31:15.549655,road_0001,51.19558998501542,71.45756838173378,2500,47.4986320034731,60,97.95139009445893,1,LIGHT,arterial,City Center
2025-09-17 09:31:15.549655,road_0002,51.21222340415979,71.47718542988797,423,35.0,35,57.433722547203175,0,FREE_FLOW,local,Right Bank
2025-09-17 09:31:15.549655,road_0003,51.147142431523605,71.42424835420817,1500,38.703734058477934,45,95.22749140050213,0,FREE_FLOW,collector,Left Bank
2025-09-17 09:31:15.549655,road_0004,51.194896034828155,71.42672451599276,1500,35.362339539588646,45,100.0,1,LIGHT,collector,City Center
2025-09-17 09:31:15.549655,road_0005,51.13145373025382,71.42743582937553,1500,35.594352176930606,45,92.9927110652755,1,LIGHT,collector,Left Bank
2025-09-17 09:31:15.549655,road_0006,51.14525858091126,71.40871681129984,1500,37.39512123470695,45,99.50551183006239,0,FREE_FLOW,collector,Left Bank
2025-09-17 09:31:15.549655,road_0007,51.13560924762398,71.46282559050066,1500,41.474239596412865,45,92.96664398235151,0,FREE_FLOW,collector,Right Bank
2025-09-17 09:31:15.549655,road_0008,51.106594323500836,71.4923767530675,1012,42.713268238153745,45,66.71592827274392,0,FREE_FLOW,collector,Esil District
2025-09-17 09:31:15.549655,road_0009,51.1749541456762,71.45018304431642,2500,49.849086793207796,60,100.0,0,FREE_FLOW,arterial,City Center
2025-09-17 09:31:15.549655,road_0010,51.204215781196154,71.42542980013923,1212,38.81092432163557,45,74.33375960819349,0,FREE_FLOW,collector,Right Bank
2025-09-17 09:31:15.549655,road_0011,51.14911362341584,71.45849757916488,2500,55.269229205675934,60,90.75661507123763,0,FREE_FLOW,arterial,City Center
2025-09-17 09:31:15.549655,road_0012,51.14285817159553,71.49500780438362,1208,57.478341657733075,60,45.72739009440285,0,FREE_FLOW,arterial,Esil District
2025-09-17 09:31:15.549655,road_0013,51.178395080248016,71.44450085336713,1304,41.110000656167735,45,87.26943547487664,0,FREE_FLOW,collector,Esil District
2025-09-17 09:31:15.549655,road_0014,51.22329556186777,71.40648282801608,1259,40.05166101307123,45,74.87692457345473,0,FREE_FLOW,collector,Right Bank
2025-09-17 09:31:15.549655,road_0015,51.20247308795898,71.43455351818268,1385,39.54364787784605,45,82.8474888150391,0,FREE_FLOW,collector,Right Bank
2025-09-17 09:31:15.549655,road_0016,51.16488352763151,71.45530260780878,1500,35.501006471527255,45,100.0,1,LIGHT,collector,City Center
2025-09-17 09:31:15.549655,road_0017,51.1949632883288,71.44123238931239,800,28.59017905088516,35,96.25925690453192,0,FREE_FLOW,local,City Center
2025-09-17 09:31:15.549655,road_0018,51.15447620767163,71.43400349958901,1500,36.99210846008337,45,94.39020153279819,0,FREE_FLOW,collector,City Center
2025-09-17 09:31:15.549655,road_0019,51.117113160490625,71.37143752439205,800,29.155302649380705,35,100.0,0,FREE_FLOW,local,Left Bank
2025-09-17 09:36:15.549655,road_0000,51.14858964026895,71.43899067721357,1500,38.82216070863528,45,100.0,0,FREE_FLOW,collector,City Center
2025-09-17 09:36:15.549655,road_0001,51.19558998501542,71.45756838173378,2500,55.515449000930154,60,93.56933288120152,0,FREE_FLOW,arterial,City Center
2025-09-17 09:36:15.549655,road_0002,51.21222340415979,71.47718542988797,800,30.729295162926867,35,100.0,0,FREE_FLOW,local,Right Bank
2025-09-17 09:36:15.549655,road_0003,51.147142431523605,71.42424835420817,1500,35.55752243924592,45,100.0,1,LIGHT,collector,Left Bank
2025-09-17 09:36:15.549655,road_0004,51.194896034828155,71.42672451599276,1500,39.77995703283073,45,93.89244929388157,0,FREE_FLOW,collector,City Center
2025-09-17 09:36:15.549655,road_0005,51.13145373025382,71.42743582937553,1500,37.405677617513604,45,94.20886329782635,0,FREE_FLOW,collector,Left Bank
2025-09-17 09:36:15.549655,road_0006,51.14525858091126,71.40871681129984,1500,41.11405470843345,45,97.67643630374165,0,FREE_FLOW,collector,Left Bank
2025-09-17 09:36:15.549655,road_0007,51.13560924762398,71.46282559050066,1131,39.32138682326924,45,70.78918515541002,0,FREE_FLOW,collector,Right Bank
2025-09-17 09:36:15.549655,road_0008,51.106594323500836,71.4923767530675,938,45.0,45,64.01443051032058,0,FREE_FLOW,collector,Esil District
2025-09-17 09:36:15.549655,road_0009,51.1749541456762,71.45018304431642,2500,54.15752605862701,60,100.0,0,FREE_FLOW,arterial,City Center
2025-09-17 09:36:15.549655,road_0010,51.204215781196154,71.42542980013923,1023,44.058981417307464,45,75.28146877299858,0,FREE_FLOW,collector,Right Bank
2025-09-17 09:36:15.549655,road_0011,51.14911362341584,71.45849757916488,2500,49.6732009760387,60,94.44715727361776,0,FREE_FLOW,arterial,City Center
2025-09-17 09:36:15.549655,road_0012,51.14285817159553,71.49500780438362,1521,53.78742751286325,60,58.81351267034111,0,FREE_FLOW,arterial,Esil District
2025-09-17 09:36:15.549655,road_0013,51.178395080248016,71.44450085336713,1500,36.235630365831064,45,92.92113203973534,0,FREE_FLOW,collector,Esil District
2025-09-17 09:36:15.549655,road_0014,51.22329556186777,71.40648282801608,1184,45.0,45,77.17407780314367,0,FREE_FLOW,collector,Right Bank
2025-09-17 09:36:15.549655,road_0015,51.20247308795898,71.43455351818268,1500,38.11938582456192,45,92.22226364144663,0,FREE_FLOW,collector,Right Bank
2025-09-17 09:36:15.549655,road_0016,51.16488352763151,71.45530260780878,1500,37.71352478334062,45,97.849104531759,0,FREE_FLOW,collector,City Center
2025-09-17 09:36:15.549655,road_0017,51.1949632883288,71.44123238931239,800,27.490599506395807,35,97.63642209131298,1,LIGHT,local,City Center
2025-09-17 09:36:15.549655,road_0018,51.15447620767163,71.43400349958901,1500,35.4479859749956,45,100.0,1,LIGHT,collector,City Center
2025-09-17 09:36:15.549655,road_0019,51.117113160490625,71.37143752439205,800,27.92799219720542,35,100.0,1,LIGHT,local,Left Bank
2025-09-17 09:41:15.549655,road_0000,51.14858964026895,71.43899067721357,1500,36.98336116722608,45,95.53818426798497,0,FREE_FLOW,collector,City Center
2025-09-17 09:41:15.549655,road_0001,51.19558998501542,71.45756838173378,2500,55.24831480733432,60,100.0,0,FREE_FLOW,arterial,City Center
2025-09-17 09:41:15.549655,road_0002,51.21222340415979,71.47718542988797,583,33.58813079508923,35,76.93279932691995,0,FREE_FLOW,local,Right Bank
2025-09-17 09:41:15.549655,road_0003,51.147142431523605,71.42424835420817,1500,35.25705108655538,45,90.5130495974579,1,LIGHT,collector,Left Bank
2025-09-17 09:41:15.549655,road_0004,51.194896034828155,71.42672451599276,1500,37.7660822143817,45,100.0,0,FREE_FLOW,collector,City Center
2025-09-17 09:41:15.549655,road_0005,51.13145373025382,71.42743582937553,1500,37.82576517378492,45,100.0,0,FREE_FLOW,collector,Left Bank
2025-09-17 09:41:15.549655,road_0006,51.14525858091126,71.40871681129984,1500,37.06235686951594,45,95.22489542174584,0,FREE_FLOW,collector,Left Bank
2025-09-17 09:41:15.549655,road_0007,51.13560924762398,71.46282559050066,1500,39.527753412731194,45,96.22146357696705,0,FREE_FLOW,collector,Right Bank
2025-09-17 09:41:15.549655,road_0008,51.106594323500836,71.4923767530675,951,45.0,45,71.79664912586716,0,FREE_FLOW,collector,Esil District
2025-09-17 09:41:15.549655,road_0009,51.1749541456762,71.45018304431642,2500,54.82624285519229,60,91.11695532641947,0,FREE_FLOW,arterial,City Center
2025-09-17 09:41:15.549655,road_0010,51.204215781196154,71.42542980013923,1500,36.36963208330787,45,99.4278136878815,0,FREE_FLOW,collector,Right Bank
2025-09-17 09:41:15.549655,road_0011,51.14911362341584,71.45849757916488,2500,47.66945212770386,60,100.0,1,LIGHT,arterial,City Center
2025-09-17 09:41:15.549655,road_0012,51.14285817159553,71.49500780438362,910,58.24229266963802,60,39.04241558131555,0,FREE_FLOW,arterial,Esil District
2025-09-17 09:41:15.549655,road_0013,51.178395080248016,71.44450085336713,572,44.522099910507805,45,41.61654491879088,0,FREE_FLOW,collector,Esil District
2025-09-17 09:41:15.549655,road_0014,51.22329556186777,71.40648282801608,1500,41.445739567861665,45,100.0,0,FREE_FLOW,collector,Right Bank
2025-09-17 09:41:15.549655,road_0015,51.20247308795898,71.43455351818268,1500,38.448689159113215,45,100.0,0,FREE_FLOW,collector,Right Bank
2025-09-17 09:41:15.549655,road_0016,51.16488352763151,71.45530260780878,1500,36.239612160240675,45,100.0,0,FREE_FLOW,collector,City Center
2025-09-17 09:41:15.549655,road_0017,51.1949632883288,71.44123238931239,800,29.18664290837047,35,91.80586342462273,0,FREE_FLOW,local,City Center
2025-09-17 09:41:15.549655,road_0018,51.15447620767163,71.43400349958901,1500,36.19130144704313,45,100.0,0,FREE_FLOW,collector,City Center
2025-09-17 09:41:15.549655,road_0019,51.117113160490625,71.37143752439205,800,28.162700082294034,35,100.0,0,FREE_FLOW,local,Left Bank
2025-09-17 09:46:15.549655,road_0000,51.14858964026895,71.43899067721357,1500,36.39636441813868,45,100.0,0,FREE_FLOW,collector,City Center
2025-09-17 09:46:15.549655,road_0001,51.19558998501542,71.45756838173378,2500,53.92767557477214,60,100.0,0,FREE_FLOW,arterial,City Center
2025-09-17 09:46:15.549655,road_0002,51.21222340415979,71.47718542988797,749,32.916937688630505,35,91.30882425657366,0,FREE_FLOW,local,Right Bank
2025-09-17 09:46:15.549655,road_0003,51.147142431523605,71.42424835420817,1500,39.12610351848707,45,93.24034559996888,0,FREE_FLOW,collector,Left Bank
2025-09-17 09:46:15.549655,road_0004,51.194896034828155,71.42672451599276,1500,41.655605923960664,45,100.0,0,FREE_FLOW,collector,City Center
2025-09-17 09:46:15.549655,road_0005,51.13145373025382,71.42743582937553,1500,39.51383095332256,45,100.0,0,FREE_FLOW,collector,Left Bank
2025-09-17 09:46:15.549655,road_0006,51.14525858091126,71.40871681129984,1500,42.19387021619358,45,100.0,0,FREE_FLOW,collector,Left Bank
2025-09-17 09:46:15.549655,road_0007,51.13560924762398,71.46282559050066,1027,39.43947721821967,45,77.42508526988163,0,FREE_FLOW,collector,Right Bank
2025-09-17 09:46:15.549655,road_0008,51.106594323500836,71.4923767530675,988,41.085902093179975,45,69.38116238990315,0,FREE_FLOW,collector,Esil District
2025-09-17 09:46:15.549655,road_0009,51.1749541456762,71.45018304431642,2500,47.114170093569136,60,95.34016497914276,1,LIGHT,arterial,City Center
2025-09-17 09:46:15.549655,road_0010,51.204215781196154,71.42542980013923,1237,40.77032732348214,45,74.40173945609456,0,FREE_FLOW,collector,Right Bank
2025-09-17 09:46:15.549655,road_0011,51.14911362341584,71.45849757916488,2500,54.36806391575549,60,94.01736070619765,0,FREE_FLOW,arterial,City Center
2025-09-17 09:46:15.549655,road_0012,51.14285817159553,71.49500780438362,2368,55.07529016911161,60,99.97702152268528,0,FREE_FLOW,arterial,Esil District
2025-09-17 09:46:15.549655,road_0013,51.178395080248016,71.44450085336713,825,42.1538360040606,45,56.378840811696385,0,FREE_FLOW,collector,Esil District
2025-09-17 09:46:15.549655,road_0014,51.22329556186777,71.40648282801608,1099,45.0,45,78.86941265150698,0,FREE_FLOW,collector,Right Bank
2025-09-17 09:46:15.549655,road_0015,51.20247308795898,71.43455351818268,1411,36.92539093050329,45,98.00014923564652,0,FREE_FLOW,collector,Right Bank
2025-09-17 09:46:15.549655,road_0016,51.16488352763151,71.45530260780878,1500,40.95577162789743,45,100.0,0,FREE_FLOW,collector,City Center
2025-09-17 09:46:15.549655,road_0017,51.1949632883288,71.44123238931239,800,29.988560908927997,35,98.59923792701629,0,FREE_FLOW,local,City Center
2025-09-17 09:46:15.549655,road_0018,51.15447620767163,71.43400349958901,1500,35.655622947662906,45,100.0,1,LIGHT,collector,City Center
2025-09-17 09:46:15.549655,road_0019,51.117113160490625,71.37143752439205,800,30.842956306421986,35,100.0,0,FREE_FLOW,local,Left Bank
2025-09-17 09:51:15.549655,road_0000,51.14858964026895,71.43899067721357,1500,41.15602245269579,45,100.0,0,FREE_FLOW,collector,City Center
2025-09-17 09:51:15.549655,road_0001,51.19558998501542,71.45756838173378,2500,55.46625870851116,60,100.0,0,FREE_FLOW,arterial,City Center
2025-09-17 09:51:15.549655,road_0002,51.21222340415979,71.47718542988797,800,28.741327688791557,35,92.77897751219817,0,FREE_FLOW,local,Right Bank
2025-09-17 09:51:15.549655,road_0003,51.147142431523605,71.42424835420817,1500,41.682041294484435,45,99.77072754811861,0,FREE_FLOW,collector,Left Bank
2025-09-17 09:51:15.549655,road_0004,51.194896034828155,71.42672451599276,1500,37.74579567158744,45,90.44665902867095,0,FREE_FLOW,collector,City Center
2025-09-17 09:51:15.549655,road_0005,51.13145373025382,71.42743582937553,1500,39.18164979105022,45,100.0,0,FREE_FLOW,collector,Left Bank
2025-09-17 09:51:15.549655,road_0006,51.14525858091126,71.40871681129984,1500,38.29907919328193,45,100.0,0,FREE_FLOW,collector,Left Bank
2025-09-17 09:51:15.549655,road_0007,51.13560924762398,71.46282559050066,1500,41.17606838345753,45,100.0,0,FREE_FLOW,collector,Right Bank
2025-09-17 09:51:15.549655,road_0008,51.106594323500836,71.4923767530675,946,45.0,45,65.6128281671779,0,FREE_FLOW,collector,Esil District
2025-09-17 09:51:15.549655,road_0009,51.1749541456762,71.45018304431642,2500,50.13323454729706,60,98.85506075939696,0,FREE_FLOW,arterial,City Center
2025-09-17 09:51:15.549655,road_0010,51.204215781196154,71.42542980013923,1303,42.71052663056489,45,79.82731642667036,0,FREE_FLOW,collector,Right Bank
2025-09-17 09:51:15.549655,road_0011,51.14911362341584,71.45849757916488,2500,56.67111181506613,60,100.0,0,FREE_FLOW,arterial,City Center
2025-09-17 09:51:15.549655,road_0012,51.14285817159553,71.49500780438362,2500,54.217908148042135,60,92.39500234414197,0,FREE_FLOW,arterial,Esil District
2025-09-17 09:51:15.549655,road_0013,51.178395080248016,71.44450085336713,885,41.01310765600953,45,54.58198075930049,0,FREE_FLOW,collector,Esil District
2025-09-17 09:51:15.549655,road_0014,51.22329556186777,71.40648282801608,1247,43.70381858274215,45,81.33394698252371,0,FREE_FLOW,collector,Right Bank
2025-09-17 09:51:15.549655,road_0015,51.20247308795898,71.43455351818268,1500,42.971807072819,45,91.12572258650623,0,FREE_FLOW,collector,Right Bank
2025-09-17 09:51:15.549655,road_0016,51.16488352763151,71.45530260780878,1500,42.660288436343514,45,93.25233412650098,0,FREE_FLOW,collector,City Center
2025-09-17 09:51:15.549655,road_0017,51.1949632883288,71.44123238931239,800,29.143743656542657,35,92.19680307960053,0,FREE_FLOW,local,City Center
2025-09-17 09:51:15.549655,road_0018,51.15447620767163,71.43400349958901,1500,42.7884607495194,45,91.83969774210988,0,FREE_FLOW,collector,City Center
2025-09-17 09:51:15.549655,road_0019,51.117113160490625,71.37143752439205,800,30.802127631627,35,100.0,0,FREE_FLOW,local,Left Bank
2025-09-17 09:56:15.549655,road_0000,51.14858964026895,71.43899067721357,1500,37.86062302153239,45,100.0,0,FREE_FLOW,collector,City Center
2025-09-17 09:56:15.549655,road_0001,51.19558998501542,71.45756838173378,2500,48.495738794761806,60,98.83758422988996,0,FREE_FLOW,arterial,City Center
2025-09-17 09:56:15.549655,road_0002,51.21222340415979,71.47718542988797,800,27.784467426488778,35,97.42932831750838,1,LIGHT,local,Right Bank
2025-09-17 09:56:15.549655,road_0003,51.147142431523605,71.42424835420817,1500,37.135161111641295,45,100.0,0,FREE_FLOW,collector,Left Bank
2025-09-17 09:56:15.549655,road_0004,51.194896034828155,71.42672451599276,1500,41.32937158750085,45,94.82577642920882,0,FREE_FLOW,collector,City Center
2025-09-17 09:56:15.549655,road_0005,51.13145373025382,71.42743582937553,1500,42.157974785116835,45,93.92512719803267,0,FREE_FLOW,collector,Left Bank
2025-09-17 09:56:15.549655,road_0006,51.14525858091126,71.40871681129984,1500,41.547704389006185,45,100.0,0,FREE_FLOW,collector,Left Bank
2025-09-17 09:56:15.549655,road_0007,51.13560924762398,71.46282559050066,1096,39.61636973903474,45,81.99757770518517,0,FREE_FLOW,collector,Right Bank
2025-09-17 09:56:15.549655,road_0008,51.106594323500836,71.4923767530675,721,42.14362959689735,45,46.66572617448293,0,FREE_FLOW,collector,Esil District
2025-09-17 09:56:15.549655,road_0009,51.1749541456762,71.45018304431642,2500,47.15531897808605,60,90.07190883166024,1,LIGHT,arterial,City Center
2025-09-17 09:56:15.549655,road_0010,51.204215781196154,71.42542980013923,1500,40.69145889059401,45,90.72147513930969,0,FREE_FLOW,collector,Right Bank
2025-09-17 09:56:15.549655,road_0011,51.14911362341584,71.45849757916488,2500,56.170440150551336,60,97.9042502926006,0,FREE_FLOW,arterial,City Center
2025-09-17 09:56:15.549655,road_0012,51.14285817159553,71.49500780438362,1992,52.928618127339746,60,89.64667611449427,0,FREE_FLOW,arterial,Esil District
2025-09-17 09:56:15.549655,road_0013,51.178395080248016,71.44450085336713,661,45.0,45,46.698559209297414,0,FREE_FLOW,collector,Esil District
2025-09-17 09:56:15.549655,road_0014,51.22329556186777,71.40648282801608,1040,43.86939202859709,45,73.75751366712106,0,FREE_FLOW,collector,Right Bank
2025-09-17 09:56:15.549655,road_0015,51.20247308795898,71.43455351818268,1500,41.01046705469819,45,100.0,0,FREE_FLOW,collector,Right Bank
2025-09-17 09:56:15.549655,road_0016,51.16488352763151,71.45530260780878,1500,40.909679974504385,45,100.0,0,FREE_FLOW,collector,City Center
2025-09-17 09:56:15.549655,road_0017,51.1949632883288,71.44123238931239,800,27.88640978615401,35,94.0479291327383,1,LIGHT,local,City Center
2025-09-17 09:56:15.549655,road_0018,51.15447620767163,71.43400349958901,1500,35.34742489813937,45,100.0,1,LIGHT,collector,City Center
2025-09-17 09:56:15.549655,road_0019,51.117113160490625,71.37143752439205,800,32.960155872735825,35,93.57830894421622,0,FREE_FLOW,local,Left Bank
2025-09-17 10:01:15.549655,road_0000,51.14858964026895,71.43899067721357,1500,37.06893929107993,45,100.0,0,FREE_FLOW,collector,City Center
2025-09-17 10:01:15.549655,road_0001,51.19558998501542,71.45756838173378,1795,56.8053766066018,60,67.37616692838326,0,FREE_FLOW,arterial,City Center
2025-09-17 10:01:15.549655,road_0002,51.21222340415979,71.47718542988797,488,33.57215891637188,35,59.227775432743954,0,FREE_FLOW,local,Right Bank
2025-09-17 10:01:15.549655,road_0003,51.147142431523605,71.42424835420817,822,40.509493876123855,45,59.96612147723223,0,FREE_FLOW,collector,Left Bank
2025-09-17 10:01:15.549655,road_0004,51.194896034828155,71.42672451599276,1339,37.970402891680955,45,82.49607125918679,0,FREE_FLOW,collector,City Center
2025-09-17 10:01:15.549655,road_0005,51.13145373025382,71.42743582937553,852,42.26087338346186,45,57.55944847550374,0,FREE_FLOW,collector,Left Bank
2025-09-17 10:01:15.549655,road_0006,51.14525858091126,71.40871681129984,783,41.12451327443347,45,52.30994060547106,0,FREE_FLOW,collector,Left Bank
2025-09-17 10:01:15.549655,road_0007,51.13560924762398,71.46282559050066,572,42.751077618007535,45,35.21236029322776,0,FREE_FLOW,collector,Right Bank
2025-09-17 10:01:15.549655,road_0008,51.106594323500836,71.4923767530675,488,40.66427122552207,45,41.59426839032329,0,FREE_FLOW,collector,Esil District
2025-09-17 10:01:15.549655,road_0009,51.1749541456762,71.45018304431642,1830,58.0335446797504,60,67.2434447121088,0,FREE_FLOW,arterial,City Center
2025-09-17 10:01:15.549655,road_0010,51.204215781196154,71.42542980013923,814,45.0,45,61.85607246031648,0,FREE_FLOW,collector,Right Bank
2025-09-17 10:01:15.549655,road_0011,51.14911362341584,71.45849757916488,1535,60.0,60,57.76777575949224,0,FREE_FLOW,arterial,City Center
2025-09-17 10:01:15.549655,road_0012,51.14285817159553,71.49500780438362,569,60.0,60,25.514946092945635,0,FREE_FLOW,arterial,Esil District
2025-09-17 10:01:15.549655,road_0013,51.178395080248016,71.44450085336713,505,45.0,45,27.786290804689102,0,FREE_FLOW,collector,Esil District
2025-09-17 10:01:15.549655,road_0014,51.22329556186777,71.40648282801608,654,40.73622691401579,45,49.98921961312837,0,FREE_FLOW,collector,Right Bank
2025-09-17 10:01:15.549655,road_0015,51.20247308795898,71.43455351818268,657,45.0,45,38.322658748667635,0,FREE_FLOW,collector,Right Bank
2025-09-17 10:01:15.549655,road_0016,51.16488352763151,71.45530260780878,1055,41.86994810648106,45,70.70491839893143,0,FREE_FLOW,collector,City Center
2025-09-17 10:01:15.549655,road_0017,51.1949632883288,71.44123238931239,800,30.151240012151984,35,98.42524849487974,0,FREE_FLOW,local,City Center
2025-09-17 10:01:15.549655,road_0018,51.15447620767163,71.43400349958901,791,42.38714279933328,45,48.78498330065363,0,FREE_FLOW,collector,City Center
2025-09-17 10:01:15.549655,road_0019,51.117113160490625,71.37143752439205,443,31.793573786851564,35,46.6356817910736,0,FREE_FLOW,local,Left Bank
2025-09-17 10:06:15.549655,road_0000,51.14858964026895,71.43899067721357,1253,43.085758069970325,45,80.31276333528857,0,FREE_FLOW,collector,City Center
2025-09-17 10:06:15.549655,road_0001,51.19558998501542,71.45756838173378,2421,52.91483721454754,60,100.0,0,FREE_FLOW,arterial,City Center
2025-09-17 10:06:15.549655,road_0002,51.21222340415979,71.47718542988797,192,35.0,35,27.884987374130198,0,FREE_FLOW,local,Right Bank
2025-09-17 10:06:15.549655,road_0003,51.147142431523605,71.42424835420817,489,45.0,45,29.759287723576197,0,FREE_FLOW,collector,Left Bank
2025-09-17 10:06:15.549655,road_0004,51.194896034828155,71.42672451599276,1277,39.43384574443069,45,79.16702753573087,0,FREE_FLOW,collector,City Center
2025-09-17 10:06:15.549655,road_0005,51.13145373025382,71.42743582937553,700,40.313890860100756,45,56.31139330731718,0,FREE_FLOW,collector,Left Bank
2025-09-17 10:06:15.549655,road_0006,51.14525858091126,71.40871681129984,633,45.0,45,38.23478313757166,0,FREE_FLOW,collector,Left Bank
2025-09-17 10:06:15.549655,road_0007,51.13560924762398,71.46282559050066,950,45.0,45,73.07617598838388,0,FREE_FLOW,collector,Right Bank
2025-09-17 10:06:15.549655,road_0008,51.106594323500836,71.4923767530675,457,44.97755722334653,45,30.62530059718554,0,FREE_FLOW,collector,Esil District
2025-09-17 10:06:15.549655,road_0009,51.1749541456762,71.45018304431642,2500,56.64777754733477,60,96.54541645347368,0,FREE_FLOW,arterial,City Center
2025-09-17 10:06:15.549655,road_0010,51.204215781196154,71.42542980013923,429,40.92010417751745,45,34.30867889985254,0,FREE_FLOW,collector,Right Bank
2025-09-17 10:06:15.549655,road_0011,51.14911362341584,71.45849757916488,1335,60.0,60,61.18543147960409,0,FREE_FLOW,arterial,City Center
2025-09-17 10:06:15.549655,road_0012,51.14285817159553,71.49500780438362,760,60.0,60,25.273930984940343,0,FREE_FLOW,arterial,Esil District
2025-09-17 10:06:15.549655,road_0013,51.178395080248016,71.44450085336713,423,43.40804889880961,45,33.26496621744096,0,FREE_FLOW,collector,Esil District
2025-09-17 10:06:15.549655,road_0014,51.22329556186777,71.40648282801608,510,41.856315127100096,45,40.0853615988654,0,FREE_FLOW,collector,Right Bank
2025-09-17 10:06:15.549655,road_0015,51.20247308795898,71.43455351818268,472,41.45426757275657,45,24.443142522353902,0,FREE_FLOW,collector,Right Bank
2025-09-17 10:06:15.549655,road_0016,51.16488352763151,71.45530260780878,1431,37.44194696961889,45,100.0,0,FREE_FLOW,collector,City Center
2025-09-17 10:06:15.549655,road_0017,51.1949632883288,71.44123238931239,764,28.51556301246058,35,88.39875117610327,0,FREE_FLOW,local,City Center
2025-09-17 10:06:15.549655,road_0018,51.15447620767163,71.43400349958901,1446,37.518599958218424,45,96.35755882546337,0,FREE_FLOW,collector,City Center
2025-09-17 10:06:15.549655,road_0019,51.117113160490625,71.37143752439205,312,35.0,35,37.70161006899039,0,FREE_FLOW,local,Left Bank
2025-09-17 10:11:15.549655,road_0000,51.14858964026895,71.43899067721357,1348,44.680998402142826,45,83.29962650830811,0,FREE_FLOW,collector,City Center
2025-09-17 10:11:15.549655,road_0001,51.19558998501542,71.45756838173378,2164,53.65420424773039,60,83.3285530335241,0,FREE_FLOW,arterial,City Center
2025-09-17 10:11:15.549655,road_0002,51.21222340415979,71.47718542988797,350,33.97665464685861,35,42.009353563197934,0,FREE_FLOW,local,Right Bank
2025-09-17 10:11:15.549655,road_0003,51.147142431523605,71.42424835420817,528,40.92769017843941,45,33.170182479546455,0,FREE_FLOW,collector,Left Bank
2025-09-17 10:11:15.549655,road_0004,51.194896034828155,71.42672451599276,696,43.46096670008007,45,40.516780671862605,0,FREE_FLOW,collector,City Center
2025-09-17 10:11:15.549655,road_0005,51.13145373025382,71.42743582937553,514,40.68415554781308,45,27.355452113931996,0,FREE_FLOW,collector,Left Bank
2025-09-17 10:11:15.549655,road_0006,51.14525858091126,71.40871681129984,1425,42.638478395292104,45,95.44285436403645,0,FREE_FLOW,collector,Left Bank
2025-09-17 10:11:15.549655,road_0007,51.13560924762398,71.46282559050066,432,45.0,45,21.65987400706517,0,FREE_FLOW,collector,Right Bank
2025-09-17 10:11:15.549655,road_0008,51.106594323500836,71.4923767530675,308,41.107003214703695,45,12.778326527933928,0,FREE_FLOW,collector,Esil District
2025-09-17 10:11:15.549655,road_0009,51.1749541456762,71.45018304431642,1999,60.0,60,70.43909028976043,0,FREE_FLOW,arterial,City Center
2025-09-17 10:11:15.549655,road_0010,51.204215781196154,71.42542980013923,535,45.0,45,44.72628074596689,0,FREE_FLOW,collector,Right Bank
2025-09-17 10:11:15.549655,road_0011,51.14911362341584,71.45849757916488,1099,60.0,60,37.54266320909963,0,FREE_FLOW,arterial,City Center
2025-09-17 10:11:15.549655,road_0012,51.14285817159553,71.49500780438362,506,60.0,60,19.411180576898886,0,FREE_FLOW,arterial,Esil District
2025-09-17 10:11:15.549655,road_0013,51.178395080248016,71.44450085336713,506,42.8057785184139,45,32.86982271829848,0,FREE_FLOW,collector,Esil District
2025-09-17 10:11:15.549655,road_0014,51.22329556186777,71.40648282801608,1059,39.38918632186604,45,67.05704847920961,0,FREE_FLOW,collector,Right Bank
2025-09-17 10:11:15.549655,road_0015,51.20247308795898,71.43455351818268,959,45.0,45,55.55831400686954,0,FREE_FLOW,collector,Right Bank
2025-09-17 10:11:15.549655,road_0016,51.16488352763151,71.45530260780878,968,42.593240975425665,45,69.0276100709755,0,FREE_FLOW,collector,City Center
2025-09-17 10:11:15.549655,road_0017,51.1949632883288,71.44123238931239,710,29.381588727553176,35,97.49653108012575,0,FREE_FLOW,local,City Center
2025-09-17 10:11:15.549655,road_0018,51.15447620767163,71.43400349958901,709,41.96464863863104,45,49.477797062465825,0,FREE_FLOW,collector,City Center
2025-09-17 10:11:15.549655,road_0019,51.117113160490625,71.37143752439205,794,30.2051549972033,35,94.9015701095974,0,FREE_FLOW,local,Left Bank
2025-09-17 10:16:15.549655,road_0000,51.14858964026895,71.43899067721357,1500,37.31417275211129,45,100.0,0,FREE_FLOW,collector,City Center
2025-09-17 10:16:15.549655,road_0001,51.19558998501542,71.45756838173378,2500,57.01130904721412,60,100.0,0,FREE_FLOW,arterial,City Center
2025-09-17 10:16:15.549655,road_0002,51.21222340415979,71.47718542988797,439,31.388654064235993,35,59.9217627889281,0,FREE_FLOW,local,Right Bank
2025-09-17 10:16:15.549655,road_0003,51.147142431523605,71.42424835420817,814,45.0,45,53.03258051082459,0,FREE_FLOW,collector,Left Bank
2025-09-17 10:16:15.549655,road_0004,51.194896034828155,71.42672451599276,1497,42.287344543509114,45,93.91778801618999,0,FREE_FLOW,collector,City Center
2025-09-17 10:16:15.549655,road_0005,51.13145373025382,71.42743582937553,906,45.0,45,58.2045687586125,0,FREE_FLOW,collector,Left Bank
2025-09-17 10:16:15.549655,road_0006,51.14525858091126,71.40871681129984,1135,45.0,45,71.81485494972709,0,FREE_FLOW,collector,Left Bank
2025-09-17 10:16:15.549655,road_0007,51.13560924762398,71.46282559050066,448,41.48377628975992,45,27.62629445818338,0,FREE_FLOW,collector,Right Bank
2025-09-17 10:16:15.549655,road_0008,51.106594323500836,71.4923767530675,485,41.636027817381446,45,42.30213310616529,0,FREE_FLOW,collector,Esil District
2025-09-17 10:16:15.549655,road_0009,51.1749541456762,71.45018304431642,2500,50.95678196900427,60,100.0,0,FREE_FLOW,arterial,City Center
2025-09-17 10:16:15.549655,road_0010,51.204215781196154,71.42542980013923,770,45.0,45,53.97577608397974,0,FREE_FLOW,collector,Right Bank
2025-09-17 10:16:15.549655,road_0011,51.14911362341584,71.45849757916488,2219,56.1018844098328,60,91.33702889652443,0,FREE_FLOW,arterial,City Center
2025-09-17 10:16:15.549655,road_0012,51.14285817159553,71.49500780438362,510,60.0,60,14.548760942106767,0,FREE_FLOW,arterial,Esil District
2025-09-17 10:16:15.549655,road_0013,51.178395080248016,71.44450085336713,687,45.0,45,51.970415094321005,0,FREE_FLOW,collector,Esil District
2025-09-17 10:16:15.549655,road_0014,51.22329556186777,71.40648282801608,784,41.88411566321251,45,55.61858742849195,0,FREE_FLOW,collector,Right Bank
2025-09-17 10:16:15.549655,road_0015,51.20247308795898,71.43455351818268,866,45.0,45,49.35821915986945,0,FREE_FLOW,collector,Right Bank
2025-09-17 10:16:15.549655,road_0016,51.16488352763151,71.45530260780878,1069,43.50129595027368,45,66.01779605786102,0,FREE_FLOW,collector,City Center
2025-09-17 10:16:15.549655,road_0017,51.1949632883288,71.44123238931239,800,28.15944952336939,35,90.54897999708439,0,FREE_FLOW,local,City Center
2025-09-17 10:16:15.549655,road_0018,51.15447620767163,71.43400349958901,1500,39.88288077523714,45,90.36125689376749,0,FREE_FLOW,collector,City Center
2025-09-17 10:16:15.549655,road_0019,51.117113160490625,71.37143752439205,430,31.642657301236387,35,46.19839331411513,0,FREE_FLOW,local,Left Bank
2025-09-17 10:21:15.549655,road_0000,51.14858964026895,71.43899067721357,1500,37.57571227326246,45,95.47621762112578,0,FREE_FLOW,collector,City Center
2025-09-17 10:21:15.549655,road_0001,51.19558998501542,71.45756838173378,1905,52.407462277111634,60,71.43981041587179,0,FREE_FLOW,arterial,City Center
2025-09-17 10:21:15.549655,road_0002,51.21222340415979,71.47718542988797,345,35.0,35,41.81574950552087,0,FREE_FLOW,local,Right Bank
2025-09-17 10:21:15.549655,road_0003,51.147142431523605,71.42424835420817,1254,45.0,45,86.73695417393839,0,FREE_FLOW,collector,Left Bank
2025-09-17 10:21:15.549655,road_0004,51.194896034828155,71.42672451599276,887,45.0,45,51.022576423219675,0,FREE_FLOW,collector,City Center
2025-09-17 10:21:15.549655,road_0005,51.13145373025382,71.42743582937553,1159,43.799886438734006,45,85.86662094422563,0,FREE_FLOW,collector,Left Bank
2025-09-17 10:21:15.549655,road_0006,51.14525858091126,71.40871681129984,575,45.0,45,32.63113839595262,0,FREE_FLOW,collector,Left Bank
2025-09-17 10:21:15.549655,road_0007,51.13560924762398,71.46282559050066,500,41.11835691652645,45,40.9999227203692,0,FREE_FLOW,collector,Right Bank
2025-09-17 10:21:15.549655,road_0008,51.106594323500836,71.4923767530675,440,45.0,45,33.557630970725455,0,FREE_FLOW,collector,Esil District
2025-09-17 10:21:15.549655,road_0009,51.1749541456762,71.45018304431642,1193,60.0,60,55.867001653356574,0,FREE_FLOW,arterial,City Center
2025-09-17 10:21:15.549655,road_0010,51.204215781196154,71.42542980013923,896,42.02720457428642,45,58.52454520507977,0,FREE_FLOW,collector,Right Bank
2025-09-17 10:21:15.549655,road_0011,51.14911362341584,71.45849757916488,2291,50.36020201178073,60,86.59361757781326,0,FREE_FLOW,arterial,City Center
2025-09-17 10:21:15.549655,road_0012,51.14285817159553,71.49500780438362,1164,60.0,60,53.144411448082806,0,FREE_FLOW,arterial,Esil District
2025-09-17 10:21:15.549655,road_0013,51.178395080248016,71.44450085336713,422,45.0,45,32.42376148433473,0,FREE_FLOW,collector,Esil District
2025-09-17 10:21:15.549655,road_0014,51.22329556186777,71.40648282801608,455,45.0,45,26.910507881059807,0,FREE_FLOW,collector,Right Bank
2025-09-17 10:21:15.549655,road_0015,51.20247308795898,71.43455351818268,356,41.83791730356545,45,23.41787207854557,0,FREE_FLOW,collector,Right Bank
2025-09-17 10:21:15.549655,road_0016,51.16488352763151,71.45530260780878,947,45.0,45,57.44647851054194,0,FREE_FLOW,collector,City Center
2025-09-17 10:21:15.549655,road_0017,51.1949632883288,71.44123238931239,661,31.947988167222576,35,83.0505305235984,0,FREE_FLOW,local,City Center
2025-09-17 10:21:15.549655,road_0018,51.15447620767163,71.43400349958901,1038,45.0,45,63.922423631838875,0,FREE_FLOW,collector,City Center
2025-09-17 10:21:15.549655,road_0019,51.117113160490625,71.37143752439205,284,33.45611136509715,35,35.36328679332358,0,FREE_FLOW,local,Left Bank
2025-09-17 10:26:15.549655,road_0000,51.14858964026895,71.43899067721357,1450,39.31091108990343,45,89.19001286610929,0,FREE_FLOW,collector,City Center
2025-09-17 10:26:15.549655,road_0001,51.19558998501542,71.45756838173378,2113,54.62130095534674,60,88.76207960971652,0,FREE_FLOW,arterial,City Center
2025-09-17 10:26:15.549655,road_0002,51.21222340415979,71.47718542988797,394,34.54835171647,35,48.261116370996454,0,FREE_FLOW,local,Right Bank
2025-09-17 10:26:15.549655,road_0003,51.147142431523605,71.42424835420817,654,45.0,45,48.661461541006105,0,FREE_FLOW,collector,Left Bank
2025-09-17 10:26:15.549655,road_0004,51.194896034828155,71.42672451599276,1498,36.93475023261814,45,100.0,0,FREE_FLOW,collector,City Center
2025-09-17 10:26:15.549655,road_0005,51.13145373025382,71.42743582937553,1287,41.44623305317906,45,75.94540501385697,0,FREE_FLOW,collector,Left Bank
2025-09-17 10:26:15.549655,road_0006,51.14525858091126,71.40871681129984,1500,40.866168481894846,45,99.13842134015162,0,FREE_FLOW,collector,Left Bank
2025-09-17 10:26:15.549655,road_0007,51.13560924762398,71.46282559050066,336,45.0,45,26.835308736836694,0,FREE_FLOW,collector,Right Bank
2025-09-17 10:26:15.549655,road_0008,51.106594323500836,71.4923767530675,652,45.0,45,42.05354019927587,0,FREE_FLOW,collector,Esil District
2025-09-17 10:26:15.549655,road_0009,51.1749541456762,71.45018304431642,2018,60.0,60,71.92592248935712,0,FREE_FLOW,arterial,City Center
2025-09-17 10:26:15.549655,road_0010,51.204215781196154,71.42542980013923,576,41.0864180336365,45,29.499589024029316,0,FREE_FLOW,collector,Right Bank
2025-09-17 10:26:15.549655,road_0011,51.14911362341584,71.45849757916488,1175,57.40964546870108,60,45.32382156310005,0,FREE_FLOW,arterial,City Center
2025-09-17 10:26:15.549655,road_0012,51.14285817159553,71.49500780438362,774,60.0,60,38.38968663966847,0,FREE_FLOW,arterial,Esil District
2025-09-17 10:26:15.549655,road_0013,51.178395080248016,71.44450085336713,428,44.13820972915439,45,35.87640243923457,0,FREE_FLOW,collector,Esil District
2025-09-17 10:26:15.549655,road_0014,51.22329556186777,71.40648282801608,576,44.600320703557074,45,33.609318041099726,0,FREE_FLOW,collector,Right Bank
2025-09-17 10:26:15.549655,road_0015,51.20247308795898,71.43455351818268,759,45.0,45,45.13571912388889,0,FREE_FLOW,collector,Right Bank
2025-09-17 10:26:15.549655,road_0016,51.16488352763151,71.45530260780878,1230,45.0,45,84.64833404430658,0,FREE_FLOW,collector,City Center
2025-09-17 10:26:15.549655,road_0017,51.1949632883288,71.44123238931239,459,35.0,35,49.73017471593887,0,FREE_FLOW,local,City Center
2025-09-17 10:26:15.549655,road_0018,51.15447620767163,71.43400349958901,1311,38.088549015864984,45,78.65560125734788,0,FREE_FLOW,collector,City Center
2025-09-17 10:26:15.549655,road_0019,51.117113160490625,71.37143752439205,800,29.472556783780217,35,95.54274968901548,0,FREE_FLOW,local,Left Bank
2025-09-17 10:31:15.549655,road_0000,51.14858964026895,71.43899067721357,778,41.097459333407436,45,60.21956077936089,0,FREE_FLOW,collector,City Center
2025-09-17 10:31:15.549655,road_0001,51.19558998501542,71.45756838173378,2061,60.0,60,74.95577380962193,0,FREE_FLOW,arterial,City Center
2025-09-17 10:31:15.549655,road_0002,51.21222340415979,71.47718542988797,212,35.0,35,19.343568363871213,0,FREE_FLOW,local,Right Bank
2025-09-17 10:31:15.549655,road_0003,51.147142431523605,71.42424835420817,531,45.0,45,40.913869466455324,0,FREE_FLOW,collector,Left Bank
2025-09-17 10:31:15.549655,road_0004,51.194896034828155,71.42672451599276,1500,35.38631561208494,45,90.91145129441252,1,LIGHT,collector,City Center
2025-09-17 10:31:15.549655,road_0005,51.13145373025382,71.42743582937553,1441,38.89699746119278,45,100.0,0,FREE_FLOW,collector,Left Bank
2025-09-17 10:31:15.549655,road_0006,51.14525858091126,71.40871681129984,944,41.76363126770562,45,67.29806584437864,0,FREE_FLOW,collector,Left Bank
2025-09-17 10:31:15.549655,road_0007,51.13560924762398,71.46282559050066,860,42.38988934124408,45,54.1191542629346,0,FREE_FLOW,collector,Right Bank
2025-09-17 10:31:15.549655,road_0008,51.106594323500836,71.4923767530675,496,45.0,45,24.136653751878335,0,FREE_FLOW,collector,Esil District
2025-09-17 10:31:15.549655,road_0009,51.1749541456762,71.45018304431642,2500,50.735538488074965,60,94.99719293000214,0,FREE_FLOW,arterial,City Center
2025-09-17 10:31:15.549655,road_0010,51.204215781196154,71.42542980013923,517,45.0,45,29.21360159837736,0,FREE_FLOW,collector,Right Bank
2025-09-17 10:31:15.549655,road_0011,51.14911362341584,71.45849757916488,2500,57.058785443761,60,100.0,0,FREE_FLOW,arterial,City Center
2025-09-17 10:31:15.549655,road_0012,51.14285817159553,71.49500780438362,822,55.261108615673706,60,36.616195735682396,0,FREE_FLOW,arterial,Esil District
2025-09-17 10:31:15.549655,road_0013,51.178395080248016,71.44450085336713,820,45.0,45,44.94546417817409,0,FREE_FLOW,collector,Esil District
2025-09-17 10:31:15.549655,road_0014,51.22329556186777,71.40648282801608,403,43.254090227421905,45,23.834138156946178,0,FREE_FLOW,collector,Right Bank
2025-09-17 10:31:15.549655,road_0015,51.20247308795898,71.43455351818268,888,44.77818790808957,45,59.76938524443481,0,FREE_FLOW,collector,Right Bank
2025-09-17 10:31:15.549655,road_0016,51.16488352763151,71.45530260780878,798,40.10294385238557,45,50.23438037585081,0,FREE_FLOW,collector,City Center
2025-09-17 10:31:15.549655,road_0017,51.1949632883288,71.44123238931239,800,28.504723654454715,35,100.0,0,FREE_FLOW,local,City Center
2025-09-17 10:31:15.549655,road_0018,51.15447620767163,71.43400349958901,1188,42.422309024898844,45,81.97960456571019,0,FREE_FLOW,collector,City Center
2025-09-17 10:31:15.549655,road_0019,51.117113160490625,71.37143752439205,661,32.672168987714045,35,83.08160943494524,0,FREE_FLOW,local,Left Bank
2025-09-17 10:36:15.549655,road_0000,51.14858964026895,71.43899067721357,683,45.0,45,41.572467734702435,0,FREE_FLOW,collector,City Center
2025-09-17 10:36:15.549655,road_0001,51.19558998501542,71.45756838173378,1407,60.0,60,63.253622225517034,0,FREE_FLOW,arterial,City Center
2025-09-17 10:36:15.549655,road_0002,51.21222340415979,71.47718542988797,247,34.611604655755336,35,30.826776813800343,0,FREE_FLOW,local,Right Bank
2025-09-17 10:36:15.549655,road_0003,51.147142431523605,71.42424835420817,1347,40.86410034359079,45,98.65542873866787,0,FREE_FLOW,collector,Left Bank
2025-09-17 10:36:15.549655,road_0004,51.194896034828155,71.42672451599276,1357,37.026928703092885,45,86.88896086874878,0,FREE_FLOW,collector,City Center
2025-09-17 10:36:15.549655,road_0005,51.13145373025382,71.42743582937553,1456,37.90397060702159,45,100.0,0,FREE_FLOW,collector,Left Bank
2025-09-17 10:36:15.549655,road_0006,51.14525858091126,71.40871681129984,1332,37.59035123031913,45,92.45881029332571,0,FREE_FLOW,collector,Left Bank
2025-09-17 10:36:15.549655,road_0007,51.13560924762398,71.46282559050066,726,45.0,45,51.63336163793308,0,FREE_FLOW,collector,Right Bank
2025-09-17 10:36:15.549655,road_0008,51.106594323500836,71.4923767530675,415,45.0,45,36.14403248526337,0,FREE_FLOW,collector,Esil District
2025-09-17 10:36:15.549655,road_0009,51.1749541456762,71.45018304431642,1933,52.31670006505948,60,86.99941799146183,0,FREE_FLOW,arterial,City Center
2025-09-17 10:36:15.549655,road_0010,51.204215781196154,71.42542980013923,885,43.12865178446262,45,50.936468863050855,0,FREE_FLOW,collector,Right Bank
2025-09-17 10:36:15.549655,road_0011,51.14911362341584,71.45849757916488,2356,57.123108647258384,60,94.10070937040126,0,FREE_FLOW,arterial,City Center
2025-09-17 10:36:15.549655,road_0012,51.14285817159553,71.49500780438362,1037,56.777334252401964,60,34.56034996780681,0,FREE_FLOW,arterial,Esil District
2025-09-17 10:36:15.549655,road_0013,51.178395080248016,71.44450085336713,409,45.0,45,22.848850245304234,0,FREE_FLOW,collector,Esil District
2025-09-17 10:36:15.549655,road_0014,51.22329556186777,71.40648282801608,306,43.9638462728651,45,24.140943271780415,0,FREE_FLOW,collector,Right Bank
2025-09-17 10:36:15.549655,road_0015,51.20247308795898,71.43455351818268,966,39.80586034148695,45,59.734556464534805,0,FREE_FLOW,collector,Right Bank
2025-09-17 10:36:15.549655,road_0016,51.16488352763151,71.45530260780878,1352,39.942700365739334,45,91.0419055005947,0,FREE_FLOW,collector,City Center
2025-09-17 10:36:15.549655,road_0017,51.1949632883288,71.44123238931239,574,34.87668999576108,35,76.7768769428414,0,FREE_FLOW,local,City Center
2025-09-17 10:36:15.549655,road_0018,51.15447620767163,71.43400349958901,1316,44.575535312334694,45,94.00368481560139,0,FREE_FLOW,collector,City Center
2025-09-17 10:36:15.549655,road_0019,51.117113160490625,71.37143752439205,788,29.979422356317286,35,95.4635044871708,0,FREE_FLOW,local,Left Bank
2025-09-17 10:41:15.549655,road_0000,51.14858964026895,71.43899067721357,1296,38.08120880490733,45,92.2481191341306,0,FREE_FLOW,collector,City Center
2025-09-17 10:41:15.549655,road_0001,51.19558998501542,71.45756838173378,1972,55.02922203505644,60,85.55896083953368,0,FREE_FLOW,arterial,City Center
2025-09-17 10:41:15.549655,road_0002,51.21222340415979,71.47718542988797,304,35.0,35,33.91464279115688,0,FREE_FLOW,local,Right Bank
2025-09-17 10:41:15.549655,road_0003,51.147142431523605,71.42424835420817,813,41.45151144298337,45,53.67753218150353,0,FREE_FLOW,collector,Left Bank
2025-09-17 10:41:15.549655,road_0004,51.194896034828155,71.42672451599276,1500,35.62681686715784,45,94.52859186316066,1,LIGHT,collector,City Center
2025-09-17 10:41:15.549655,road_0005,51.13145373025382,71.42743582937553,1270,45.0,45,78.42583205250355,0,FREE_FLOW,collector,Left Bank
2025-09-17 10:41:15.549655,road_0006,51.14525858091126,71.40871681129984,1095,45.0,45,67.15301249008314,0,FREE_FLOW,collector,Left Bank
2025-09-17 10:41:15.549655,road_0007,51.13560924762398,71.46282559050066,555,45.0,45,27.800917686117387,0,FREE_FLOW,collector,Right Bank
2025-09-17 10:41:15.549655,road_0008,51.106594323500836,71.4923767530675,484,44.51518709085153,45,38.431985684705715,0,FREE_FLOW,collector,Esil District
2025-09-17 10:41:15.549655,road_0009,51.1749541456762,71.45018304431642,1269,58.814684640884884,60,49.89504879260168,0,FREE_FLOW,arterial,City Center
2025-09-17 10:41:15.549655,road_0010,51.204215781196154,71.42542980013923,411,45.0,45,32.957434880462,0,FREE_FLOW,collector,Right Bank
2025-09-17 10:41:15.549655,road_0011,51.14911362341584,71.45849757916488,1237,60.0,60,41.90757804564347,0,FREE_FLOW,arterial,City Center
2025-09-17 10:41:15.549655,road_0012,51.14285817159553,71.49500780438362,661,56.155055398188765,60,34.45021952516154,0,FREE_FLOW,arterial,Esil District
2025-09-17 10:41:15.549655,road_0013,51.178395080248016,71.44450085336713,240,41.18698827086375,45,22.1748376022674,0,FREE_FLOW,collector,Esil District
2025-09-17 10:41:15.549655,road_0014,51.22329556186777,71.40648282801608,932,45.0,45,58.271531545533264,0,FREE_FLOW,collector,Right Bank
2025-09-17 10:41:15.549655,road_0015,51.20247308795898,71.43455351818268,947,43.50682137305609,45,56.964617901067264,0,FREE_FLOW,collector,Right Bank
2025-09-17 10:41:15.549655,road_0016,51.16488352763151,71.45530260780878,729,45.0,45,47.44647538042865,0,FREE_FLOW,collector,City Center
2025-09-17 10:41:15.549655,road_0017,51.1949632883288,71.44123238931239,360,34.53525118382528,35,49.64611950640499,0,FREE_FLOW,local,City Center
2025-09-17 10:41:15.549655,road_0018,51.15447620767163,71.43400349958901,944,39.92947726627346,45,72.67543965713543,0,FREE_FLOW,collector,City Center
2025-09-17 10:41:15.549655,road_0019,51.117113160490625,71.37143752439205,380,35.0,35,49.45198790446668,0,FREE_FLOW,local,Left Bank
2025-09-17 10:46:15.549655,road_0000,51.14858964026895,71.43899067721357,605,41.01530597425431,45,49.22695650489822,0,FREE_FLOW,collector,City Center
2025-09-17 10:46:15.549655,road_0001,51.19558998501542,71.45756838173378,1891,54.39714234906385,60,71.9232213475963,0,FREE_FLOW,arterial,City Center
2025-09-17 10:46:15.549655,road_0002,51.21222340415979,71.47718542988797,260,32.25856408789538,35,30.087902328037302,0,FREE_FLOW,local,Right Bank
2025-09-17 10:46:15.549655,road_0003,51.147142431523605,71.42424835420817,1443,41.96078857143183,45,86.88208012387204,0,FREE_FLOW,collector,Left Bank
2025-09-17 10:46:15.549655,road_0004,51.194896034828155,71.42672451599276,1500,41.89176391383507,45,100.0,0,FREE_FLOW,collector,City Center
2025-09-17 10:46:15.549655,road_0005,51.13145373025382,71.42743582937553,990,44.46362237354104,45,72.22050117172124,0,FREE_FLOW,collector,Left Bank
2025-09-17 10:46:15.549655,road_0006,51.14525858091126,71.40871681129984,1298,38.25368934531911,45,76.74183249963218,0,FREE_FLOW,collector,Left Bank
2025-09-17 10:46:15.549655,road_0007,51.13560924762398,71.46282559050066,678,43.04036896369745,45,43.56080486163083,0,FREE_FLOW,collector,Right Bank
2025-09-17 10:46:15.549655,road_0008,51.106594323500836,71.4923767530675,572,44.48287116622069,45,38.792750662076685,0,FREE_FLOW,collector,Esil District
2025-09-17 10:46:15.549655,road_0009,51.1749541456762,71.45018304431642,1699,52.48298339979963,60,71.43522836680168,0,FREE_FLOW,arterial,City Center
2025-09-17 10:46:15.549655,road_0010,51.204215781196154,71.42542980013923,613,45.0,45,37.12768352511837,0,FREE_FLOW,collector,Right Bank
2025-09-17 10:46:15.549655,road_0011,51.14911362341584,71.45849757916488,2500,49.54912752809425,60,100.0,0,FREE_FLOW,arterial,City Center
2025-09-17 10:46:15.549655,road_0012,51.14285817159553,71.49500780438362,775,59.38638054031491,60,38.00467940106908,0,FREE_FLOW,arterial,Esil District
2025-09-17 10:46:15.549655,road_0013,51.178395080248016,71.44450085336713,463,45.0,45,39.12558846614762,0,FREE_FLOW,collector,Esil District
2025-09-17 10:46:15.549655,road_0014,51.22329556186777,71.40648282801608,500,43.97370136872007,45,31.190545947699363,0,FREE_FLOW,collector,Right Bank
2025-09-17 10:46:15.549655,road_0015,51.20247308795898,71.43455351818268,801,42.2061322961105,45,44.8494430922722,0,FREE_FLOW,collector,Right Bank
2025-09-17 10:46:15.549655,road_0016,51.16488352763151,71.45530260780878,1500,37.6055329353154,45,100.0,0,FREE_FLOW,collector,City Center
2025-09-17 10:46:15.549655,road_0017,51.1949632883288,71.44123238931239,800,27.533248918030708,35,93.65782218036803,1,LIGHT,local,City Center
2025-09-17 10:46:15.549655,road_0018,51.15447620767163,71.43400349958901,1374,39.97560246548665,45,82.39666033318915,0,FREE_FLOW,collector,City Center
2025-09-17 10:46:15.549655,road_0019,51.117113160490625,71.37143752439205,494,35.0,35,53.68079286948671,0,FREE_FLOW,local,Left Bank
2025-09-17 10:51:15.549655,road_0000,51.14858964026895,71.43899067721357,1500,38.514488919286855,45,92.6794445795848,0,FREE_FLOW,collector,City Center
2025-09-17 10:51:15.549655,road_0001,51.19558998501542,71.45756838173378,1576,60.0,60,53.22049634741354,0,FREE_FLOW,arterial,City Center
2025-09-17 10:51:15.549655,road_0002,51.21222340415979,71.47718542988797,204,35.0,35,28.722794427679922,0,FREE_FLOW,local,Right Bank
2025-09-17 10:51:15.549655,road_0003,51.147142431523605,71.42424835420817,808,41.16153297285172,45,53.80476891216818,0,FREE_FLOW,collector,Left Bank
2025-09-17 10:51:15.549655,road_0004,51.194896034828155,71.42672451599276,890,40.25250558814092,45,50.47512484604547,0,FREE_FLOW,collector,City Center
2025-09-17 10:51:15.549655,road_0005,51.13145373025382,71.42743582937553,1017,44.23877191302626,45,77.49093738221369,0,FREE_FLOW,collector,Left Bank
2025-09-17 10:51:15.549655,road_0006,51.14525858091126,71.40871681129984,714,40.652920794726,45,51.49654177292311,0,FREE_FLOW,collector,Left Bank
2025-09-17 10:51:15.549655,road_0007,51.13560924762398,71.46282559050066,556,44.87484302997213,45,35.96710904602878,0,FREE_FLOW,collector,Right Bank
2025-09-17 10:51:15.549655,road_0008,51.106594323500836,71.4923767530675,727,45.0,45,50.36929318449248,0,FREE_FLOW,collector,Esil District
2025-09-17 10:51:15.549655,road_0009,51.1749541456762,71.45018304431642,2328,59.05658915777208,60,89.59781407102568,0,FREE_FLOW,arterial,City Center
2025-09-17 10:51:15.549655,road_0010,51.204215781196154,71.42542980013923,453,43.31691875799901,45,38.7171475323126,0,FREE_FLOW,collector,Right Bank
2025-09-17 10:51:15.549655,road_0011,51.14911362341584,71.45849757916488,2264,53.66657770406086,60,85.77813879973354,0,FREE_FLOW,arterial,City Center
2025-09-17 10:51:15.549655,road_0012,51.14285817159553,71.49500780438362,697,60.0,60,29.570565052804923,0,FREE_FLOW,arterial,Esil District
2025-09-17 10:51:15.549655,road_0013,51.178395080248016,71.44450085336713,433,43.056589708861004,45,23.22584745728591,0,FREE_FLOW,collector,Esil District
2025-09-17 10:51:15.549655,road_0014,51.22329556186777,71.40648282801608,588,42.153663492821416,45,40.31554707412515,0,FREE_FLOW,collector,Right Bank
2025-09-17 10:51:15.549655,road_0015,51.20247308795898,71.43455351818268,429,43.27584786967646,45,29.121038176826467,0,FREE_FLOW,collector,Right Bank
2025-09-17 10:51:15.549655,road_0016,51.16488352763151,71.45530260780878,593,44.690754310783596,45,38.00489281025751,0,FREE_FLOW,collector,City Center
2025-09-17 10:51:15.549655,road_0017,51.1949632883288,71.44123238931239,578,34.816807120472234,35,78.53121313865931,0,FREE_FLOW,local,City Center
2025-09-17 10:51:15.549655,road_0018,51.15447620767163,71.43400349958901,1500,36.390888044958366,45,92.10069147753227,0,FREE_FLOW,collector,City Center
2025-09-17 10:51:15.549655,road_0019,51.117113160490625,71.37143752439205,434,35.0,35,57.29489538732613,0,FREE_FLOW,local,Left Bank
2025-09-17 10:56:15.549655,road_0000,51.14858964026895,71.43899067721357,1213,42.2173553595269,45,89.08998764924765,0,FREE_FLOW,collector,City Center
2025-09-17 10:56:15.549655,road_0001,51.19558998501542,71.45756838173378,1688,53.50063735648935,60,60.42216239632109,0,FREE_FLOW,arterial,City Center
2025-09-17 10:56:15.549655,road_0002,51.21222340415979,71.47718542988797,378,35.0,35,54.50812880749994,0,FREE_FLOW,local,Right Bank
2025-09-17 10:56:15.549655,road_0003,51.147142431523605,71.42424835420817,1358,42.18406588988159,45,98.84210269488302,0,FREE_FLOW,collector,Left Bank
2025-09-17 10:56:15.549655,road_0004,51.194896034828155,71.42672451599276,914,45.0,45,51.07174696147953,0,FREE_FLOW,collector,City Center
2025-09-17 10:56:15.549655,road_0005,51.13145373025382,71.42743582937553,747,44.30981187373183,45,45.373259632981224,0,FREE_FLOW,collector,Left Bank
2025-09-17 10:56:15.549655,road_0006,51.14525858091126,71.40871681129984,1152,38.86069837263489,45,79.9247454410335,0,FREE_FLOW,collector,Left Bank
2025-09-17 10:56:15.549655,road_0007,51.13560924762398,71.46282559050066,1114,44.3922715661216,45,74.83305737356913,0,FREE_FLOW,collector,Right Bank
2025-09-17 10:56:15.549655,road_0008,51.106594323500836,71.4923767530675,778,45.0,45,52.75906850028328,0,FREE_FLOW,collector,Esil District
2025-09-17 10:56:15.549655,road_0009,51.1749541456762,71.45018304431642,1228,60.0,60,53.37036116626392,0,FREE_FLOW,arterial,City Center
2025-09-17 10:56:15.549655,road_0010,51.204215781196154,71.42542980013923,710,45.0,45,48.75589999578378,0,FREE_FLOW,collector,Right Bank
2025-09-17 10:56:15.549655,road_0011,51.14911362341584,71.45849757916488,2500,54.88428940672937,60,92.13006346153136,0,FREE_FLOW,arterial,City Center
2025-09-17 10:56:15.549655,road_0012,51.14285817159553,71.49500780438362,933,55.01443257361476,60,36.7497750903745,0,FREE_FLOW,arterial,Esil District
2025-09-17 10:56:15.549655,road_0013,51.178395080248016,71.44450085336713,505,41.60948635186586,45,28.0326205941056,0,FREE_FLOW,collector,Esil District
2025-09-17 10:56:15.549655,road_0014,51.22329556186777,71.40648282801608,840,45.0,45,49.08607690901526,0,FREE_FLOW,collector,Right Bank
2025-09-17 10:56:15.549655,road_0015,51.20247308795898,71.43455351818268,859,45.0,45,49.6859790411277,0,FREE_FLOW,collector,Right Bank
2025-09-17 10:56:15.549655,road_0016,51.16488352763151,71.45530260780878,1175,42.85903617794837,45,78.58599074235228,0,FREE_FLOW,collector,City Center
2025-09-17 10:56:15.549655,road_0017,51.1949632883288,71.44123238931239,688,33.08295457899528,35,85.67602710346739,0,FREE_FLOW,local,City Center
2025-09-17 10:56:15.549655,road_0018,51.15447620767163,71.43400349958901,800,41.994765889760664,45,53.51650878079482,0,FREE_FLOW,collector,City Center
2025-09-17 10:56:15.549655,road_0019,51.117113160490625,71.37143752439205,343,32.3742784550192,35,46.98335376245157,0,FREE_FLOW,local,Left Bank
2025-09-17 11:01:15.549655,road_0000,51.14858964026895,71.43899067721357,1500,37.254763868254585,45,94.82216335987042,0,FREE_FLOW,collector,City Center
2025-09-17 11:01:15.549655,road_0001,51.19558998501542,71.45756838173378,1488,55.872913282781376,60,68.8042440905192,0,FREE_FLOW,arterial,City Center
2025-09-17 11:01:15.549655,road_0002,51.21222340415979,71.47718542988797,285,35.0,35,42.75562647290644,0,FREE_FLOW,local,Right Bank
2025-09-17 11:01:15.549655,road_0003,51.147142431523605,71.42424835420817,1067,45.0,45,72.98004119722371,0,FREE_FLOW,collector,Left Bank
2025-09-17 11:01:15.549655,road_0004,51.194896034828155,71.42672451599276,1320,43.45865111841779,45,85.1499563193006,0,FREE_FLOW,collector,City Center
2025-09-17 11:01:15.549655,road_0005,51.13145373025382,71.42743582937553,1168,45.0,45,77.10832348989742,0,FREE_FLOW,collector,Left Bank
2025-09-17 11:01:15.549655,road_0006,51.14525858091126,71.40871681129984,1454,38.343094473680935,45,91.06200591766726,0,FREE_FLOW,collector,Left Bank
2025-09-17 11:01:15.549655,road_0007,51.13560924762398,71.46282559050066,941,43.05808777904451,45,65.00622998426475,0,FREE_FLOW,collector,Right Bank
2025-09-17 11:01:15.549655,road_0008,51.106594323500836,71.4923767530675,509,45.0,45,38.64574730700304,0,FREE_FLOW,collector,Esil District
2025-09-17 11:01:15.549655,road_0009,51.1749541456762,71.45018304431642,1255,60.0,60,57.17512583878305,0,FREE_FLOW,arterial,City Center
2025-09-17 11:01:15.549655,road_0010,51.204215781196154,71.42542980013923,610,45.0,45,45.41072167247351,0,FREE_FLOW,collector,Right Bank
2025-09-17 11:01:15.549655,road_0011,51.14911362341584,71.45849757916488,1985,51.54698338908343,60,82.25493612171064,0,FREE_FLOW,arterial,City Center
2025-09-17 11:01:15.549655,road_0012,51.14285817159553,71.49500780438362,1469,60.0,60,59.377714879538104,0,FREE_FLOW,arterial,Esil District
2025-09-17 11:01:15.549655,road_0013,51.178395080248016,71.44450085336713,495,45.0,45,32.682089182706406,0,FREE_FLOW,collector,Esil District
2025-09-17 11:01:15.549655,road_0014,51.22329556186777,71.40648282801608,960,45.0,45,71.11702595488208,0,FREE_FLOW,collector,Right Bank
2025-09-17 11:01:15.549655,road_0015,51.20247308795898,71.43455351818268,823,45.0,45,54.49702081360299,0,FREE_FLOW,collector,Right Bank
2025-09-17 11:01:15.549655,road_0016,51.16488352763151,71.45530260780878,833,40.47280103805368,45,55.46015832948797,0,FREE_FLOW,collector,City Center
2025-09-17 11:01:15.549655,road_0017,51.1949632883288,71.44123238931239,800,31.730127254040646,35,100.0,0,FREE_FLOW,local,City Center
2025-09-17 11:01:15.549655,road_0018,51.15447620767163,71.43400349958901,947,45.0,45,60.26657578256068,0,FREE_FLOW,collector,City Center
2025-09-17 11:01:15.549655,road_0019,51.117113160490625,71.37143752439205,800,29.363783410923197,35,100.0,0,FREE_FLOW,local,Left Bank
2025-09-17 11:06:15.549655,road_0000,51.14858964026895,71.43899067721357,1500,40.336396218644275,45,93.7924520545239,0,FREE_FLOW,collector,City Center
2025-09-17 11:06:15.549655,road_0001,51.19558998501542,71.45756838173378,2500,56.40680553101209,60,96.70683812779376,0,FREE_FLOW,arterial,City Center
2025-09-17 11:06:15.549655,road_0002,51.21222340415979,71.47718542988797,272,35.0,35,41.610759074285184,0,FREE_FLOW,local,Right Bank
2025-09-17 11:06:15.549655,road_0003,51.147142431523605,71.42424835420817,840,40.70331809931582,45,63.52427676410986,0,FREE_FLOW,collector,Left Bank
2025-09-17 11:06:15.549655,road_0004,51.194896034828155,71.42672451599276,1084,45.0,45,64.56644599856904,0,FREE_FLOW,collector,City Center
2025-09-17 11:06:15.549655,road_0005,51.13145373025382,71.42743582937553,1248,41.32175956000274,45,74.3178545386543,0,FREE_FLOW,collector,Left Bank
2025-09-17 11:06:15.549655,road_0006,51.14525858091126,71.40871681129984,904,43.271046803464685,45,56.989212789938634,0,FREE_FLOW,collector,Left Bank
2025-09-17 11:06:15.549655,road_0007,51.13560924762398,71.46282559050066,910,41.235911834929404,45,66.46625846524447,0,FREE_FLOW,collector,Right Bank
2025-09-17 11:06:15.549655,road_0008,51.106594323500836,71.4923767530675,389,43.30953676117099,45,33.06227527077195,0,FREE_FLOW,collector,Esil District
2025-09-17 11:06:15.549655,road_0009,51.1749541456762,71.45018304431642,1359,60.0,60,45.503223233206775,0,FREE_FLOW,arterial,City Center
2025-09-17 11:06:15.549655,road_0010,51.204215781196154,71.42542980013923,562,42.07960290517958,45,46.27346156446953,0,FREE_FLOW,collector,Right Bank
2025-09-17 11:06:15.549655,road_0011,51.14911362341584,71.45849757916488,1667,60.0,60,76.12552047357221,0,FREE_FLOW,arterial,City Center
2025-09-17 11:06:15.549655,road_0012,51.14285817159553,71.49500780438362,1207,58.736831014993875,60,48.03243825818539,0,FREE_FLOW,arterial,Esil District
2025-09-17 11:06:15.549655,road_0013,51.178395080248016,71.44450085336713,530,45.0,45,39.47191820965672,0,FREE_FLOW,collector,Esil District
2025-09-17 11:06:15.549655,road_0014,51.22329556186777,71.40648282801608,910,45.0,45,63.44080071563597,0,FREE_FLOW,collector,Right Bank
2025-09-17 11:06:15.549655,road_0015,51.20247308795898,71.43455351818268,965,45.0,45,54.71441062521416,0,FREE_FLOW,collector,Right Bank
2025-09-17 11:06:15.549655,road_0016,51.16488352763151,71.45530260780878,1500,41.380619908992834,45,100.0,0,FREE_FLOW,collector,City Center
2025-09-17 11:06:15.549655,road_0017,51.1949632883288,71.44123238931239,414,34.22888727840629,35,47.544866482174065,0,FREE_FLOW,local,City Center
2025-09-17 11:06:15.549655,road_0018,51.15447620767163,71.43400349958901,1214,44.56878973200109,45,90.22141784305654,0,FREE_FLOW,collector,City Center
2025-09-17 11:06:15.549655,road_0019,51.117113160490625,71.37143752439205,498,35.0,35,69.69082208295819,0,FREE_FLOW,local,Left Bank
2025-09-17 11:11:15.549655,road_0000,51.14858964026895,71.43899067721357,758,45.0,45,58.51259240410431,0,FREE_FLOW,collector,City Center
2025-09-17 11:11:15.549655,road_0001,51.19558998501542,71.45756838173378,2500,55.974244386818626,60,100.0,0,FREE_FLOW,arterial,City Center
2025-09-17 11:11:15.549655,road_0002,51.21222340415979,71.47718542988797,335,31.55934754028064,35,42.50872463481476,0,FREE_FLOW,local,Right Bank
2025-09-17 11:11:15.549655,road_0003,51.147142431523605,71.42424835420817,1500,40.000319286688196,45,98.34268050605152,0,FREE_FLOW,collector,Left Bank
2025-09-17 11:11:15.549655,road_0004,51.194896034828155,71.42672451599276,1302,41.63603963245046,45,78.44860924250665,0,FREE_FLOW,collector,City Center
2025-09-17 11:11:15.549655,road_0005,51.13145373025382,71.42743582937553,906,44.91802992876922,45,61.14444518388429,0,FREE_FLOW,collector,Left Bank
2025-09-17 11:11:15.549655,road_0006,51.14525858091126,71.40871681129984,1404,42.82092011834339,45,86.54841619407271,0,FREE_FLOW,collector,Left Bank
2025-09-17 11:11:15.549655,road_0007,51.13560924762398,71.46282559050066,1142,45.0,45,68.91435250841612,0,FREE_FLOW,collector,Right Bank
2025-09-17 11:11:15.549655,road_0008,51.106594323500836,71.4923767530675,860,45.0,45,57.06016359082902,0,FREE_FLOW,collector,Esil District
2025-09-17 11:11:15.549655,road_0009,51.1749541456762,71.45018304431642,1573,60.0,60,63.95477241330565,0,FREE_FLOW,arterial,City Center
2025-09-17 11:11:15.549655,road_0010,51.204215781196154,71.42542980013923,1072,45.0,45,64.96362732582449,0,FREE_FLOW,collector,Right Bank
2025-09-17 11:11:15.549655,road_0011,51.14911362341584,71.45849757916488,2500,51.65309837426635,60,100.0,0,FREE_FLOW,arterial,City Center
2025-09-17 11:11:15.549655,road_0012,51.14285817159553,71.49500780438362,1438,60.0,60,51.79303197848032,0,FREE_FLOW,arterial,Esil District
2025-09-17 11:11:15.549655,road_0013,51.178395080248016,71.44450085336713,323,45.0,45,28.47388153819426,0,FREE_FLOW,collector,Esil District
2025-09-17 11:11:15.549655,road_0014,51.22329556186777,71.40648282801608,485,45.0,45,36.32120853387526,0,FREE_FLOW,collector,Right Bank
2025-09-17 11:11:15.549655,road_0015,51.20247308795898,71.43455351818268,691,43.64173074197728,45,43.5270440974121,0,FREE_FLOW,collector,Right Bank
2025-09-17 11:11:15.549655,road_0016,51.16488352763151,71.45530260780878,1500,41.01310998965202,45,96.27433307350896,0,FREE_FLOW,collector,City Center
2025-09-17 11:11:15.549655,road_0017,51.1949632883288,71.44123238931239,800,31.65302534554158,35,91.83831555533745,0,FREE_FLOW,local,City Center
2025-09-17 11:11:15.549655,road_0018,51.15447620767163,71.43400349958901,920,45.0,45,65.44802838533863,0,FREE_FLOW,collector,City Center
2025-09-17 11:11:15.549655,road_0019,51.117113160490625,71.37143752439205,594,30.29688017375982,35,80.55213412424001,0,FREE_FLOW,local,Left Bank
2025-09-17 11:16:15.549655,road_0000,51.14858964026895,71.43899067721357,1306,42.813173763469074,45,81.95501369337356,0,FREE_FLOW,collector,City Center
2025-09-17 11:16:15.549655,road_0001,51.19558998501542,71.45756838173378,1822,60.0,60,72.96624285282341,0,FREE_FLOW,arterial,City Center
2025-09-17 11:16:15.549655,road_0002,51.21222340415979,71.47718542988797,374,34.36625565809233,35,39.90944824895121,0,FREE_FLOW,local,Right Bank
2025-09-17 11:16:15.549655,road_0003,51.147142431523605,71.42424835420817,708,45.0,45,41.336689232056365,0,FREE_FLOW,collector,Left Bank
2025-09-17 11:16:15.549655,road_0004,51.194896034828155,71.42672451599276,1319,38.42827455030401,45,85.72572127974483,0,FREE_FLOW,collector,City Center
2025-09-17 11:16:15.549655,road_0005,51.13145373025382,71.42743582937553,1010,42.048669480843834,45,63.79333229624698,0,FREE_FLOW,collector,Left Bank
2025-09-17 11:16:15.549655,road_0006,51.14525858091126,71.40871681129984,956,41.78458954506645,45,56.28711884765971,0,FREE_FLOW,collector,Left Bank
2025-09-17 11:16:15.549655,road_0007,51.13560924762398,71.46282559050066,916,41.98236755632881,45,55.942855384032676,0,FREE_FLOW,collector,Right Bank
2025-09-17 11:16:15.549655,road_0008,51.106594323500836,71.4923767530675,694,45.0,45,47.27061727981901,0,FREE_FLOW,collector,Esil District
2025-09-17 11:16:15.549655,road_0009,51.1749541456762,71.45018304431642,2500,54.93442608725123,60,100.0,0,FREE_FLOW,arterial,City Center
2025-09-17 11:16:15.549655,road_0010,51.204215781196154,71.42542980013923,737,45.0,45,48.64082382554303,0,FREE_FLOW,collector,Right Bank
2025-09-17 11:16:15.549655,road_0011,51.14911362341584,71.45849757916488,2435,51.275825870903056,60,91.81394708780772,0,FREE_FLOW,arterial,City Center
2025-09-17 11:16:15.549655,road_0012,51.14285817159553,71.49500780438362,705,56.83146813420859,60,35.31586869585681,0,FREE_FLOW,arterial,Esil District
2025-09-17 11:16:15.549655,road_0013,51.178395080248016,71.44450085336713,764,44.87505159288499,45,52.77399599535388,0,FREE_FLOW,collector,Esil District
2025-09-17 11:16:15.549655,road_0014,51.22329556186777,71.40648282801608,1008,44.66772219400104,45,64.9752786640354,0,FREE_FLOW,collector,Right Bank
2025-09-17 11:16:15.549655,road_0015,51.20247308795898,71.43455351818268,691,45.0,45,47.51419300011197,0,FREE_FLOW,collector,Right Bank
2025-09-17 11:16:15.549655,road_0016,51.16488352763151,71.45530260780878,1500,38.75570784808736,45,92.47538096061113,0,FREE_FLOW,collector,City Center
2025-09-17 11:16:15.549655,road_0017,51.1949632883288,71.44123238931239,580,35.0,35,77.37468134807216,0,FREE_FLOW,local,City Center
2025-09-17 11:16:15.549655,road_0018,51.15447620767163,71.43400349958901,831,42.64479469807666,45,62.500424883626124,0,FREE_FLOW,collector,City Center
2025-09-17 11:16:15.549655,road_0019,51.117113160490625,71.37143752439205,616,33.42737111033618,35,69.52023051491241,0,FREE_FLOW,local,Left Bank
2025-09-17 11:21:15.549655,road_0000,51.14858964026895,71.43899067721357,795,45.0,45,47.73838053329388,0,FREE_FLOW,collector,City Center
2025-09-17 11:21:15.549655,road_0001,51.19558998501542,71.45756838173378,1618,60.0,60,66.23215988045166,0,FREE_FLOW,arterial,City Center
2025-09-17 11:21:15.549655,road_0002,51.21222340415979,71.47718542988797,538,35.0,35,71.66212917899739,0,FREE_FLOW,local,Right Bank
2025-09-17 11:21:15.549655,road_0003,51.147142431523605,71.42424835420817,1216,38.5493356833196,45,90.29594181652644,0,FREE_FLOW,collector,Left Bank
2025-09-17 11:21:15.549655,road_0004,51.194896034828155,71.42672451599276,1333,41.52832970047958,45,85.86480442216553,0,FREE_FLOW,collector,City Center
2025-09-17 11:21:15.549655,road_0005,51.13145373025382,71.42743582937553,849,45.0,45,65.22320730004813,0,FREE_FLOW,collector,Left Bank
2025-09-17 11:21:15.549655,road_0006,51.14525858091126,71.40871681129984,603,42.78591166370934,45,40.09982370137615,0,FREE_FLOW,collector,Left Bank
2025-09-17 11:21:15.549655,road_0007,51.13560924762398,71.46282559050066,954,39.55784898562867,45,56.141425195870774,0,FREE_FLOW,collector,Right Bank
2025-09-17 11:21:15.549655,road_0008,51.106594323500836,71.4923767530675,843,45.0,45,47.569066133657195,0,FREE_FLOW,collector,Esil District
2025-09-17 11:21:15.549655,road_0009,51.1749541456762,71.45018304431642,2500,54.047108710016275,60,100.0,0,FREE_FLOW,arterial,City Center
2025-09-17 11:21:15.549655,road_0010,51.204215781196154,71.42542980013923,761,45.0,45,59.7650936268181,0,FREE_FLOW,collector,Right Bank
2025-09-17 11:21:15.549655,road_0011,51.14911362341584,71.45849757916488,2500,50.339917891371734,60,96.9101179547453,0,FREE_FLOW,arterial,City Center
2025-09-17 11:21:15.549655,road_0012,51.14285817159553,71.49500780438362,1462,60.0,60,57.65157788848441,0,FREE_FLOW,arterial,Esil District
2025-09-17 11:21:15.549655,road_0013,51.178395080248016,71.44450085336713,458,43.45010724034036,45,30.979838372765307,0,FREE_FLOW,collector,Esil District
2025-09-17 11:21:15.549655,road_0014,51.22329556186777,71.40648282801608,443,45.0,45,38.92473000632614,0,FREE_FLOW,collector,Right Bank
2025-09-17 11:21:15.549655,road_0015,51.20247308795898,71.43455351818268,608,45.0,45,41.90705417297582,0,FREE_FLOW,collector,Right Bank
2025-09-17 11:21:15.549655,road_0016,51.16488352763151,71.45530260780878,1117,44.08660841077866,45,72.75296277719454,0,FREE_FLOW,collector,City Center
2025-09-17 11:21:15.549655,road_0017,51.1949632883288,71.44123238931239,800,31.245496675931452,35,100.0,0,FREE_FLOW,local,City Center
2025-09-17 11:21:15.549655,road_0018,51.15447620767163,71.43400349958901,1221,38.82848642646014,45,80.84831845689523,0,FREE_FLOW,collector,City Center
2025-09-17 11:21:15.549655,road_0019,51.117113160490625,71.37143752439205,800,32.97049998719826,35,100.0,0,FREE_FLOW,local,Left Bank
2025-09-17 11:26:15.549655,road_0000,51.14858964026895,71.43899067721357,1309,43.97014029288739,45,80.76148784552527,0,FREE_FLOW,collector,City Center
2025-09-17 11:26:15.549655,road_0001,51.19558998501542,71.45756838173378,1897,59.905771557601426,60,76.05764674125751,0,FREE_FLOW,arterial,City Center
2025-09-17 11:26:15.549655,road_0002,51.21222340415979,71.47718542988797,448,32.906882985664275,35,54.52075308167933,0,FREE_FLOW,local,Right Bank
2025-09-17 11:26:15.549655,road_0003,51.147142431523605,71.42424835420817,1033,39.6226226787535,45,70.1134125766171,0,FREE_FLOW,collector,Left Bank
2025-09-17 11:26:15.549655,road_0004,51.194896034828155,71.42672451599276,1500,36.03837624672015,45,92.1859029891791,0,FREE_FLOW,collector,City Center
2025-09-17 11:26:15.549655,road_0005,51.13145373025382,71.42743582937553,1500,37.91374021696028,45,90.53410543764957,0,FREE_FLOW,collector,Left Bank
2025-09-17 11:26:15.549655,road_0006,51.14525858091126,71.40871681129984,612,44.294964897387054,45,41.890349490827035,0,FREE_FLOW,collector,Left Bank
2025-09-17 11:26:15.549655,road_0007,51.13560924762398,71.46282559050066,574,45.0,45,40.655698340496144,0,FREE_FLOW,collector,Right Bank
2025-09-17 11:26:15.549655,road_0008,51.106594323500836,71.4923767530675,762,45.0,45,55.38936057378621,0,FREE_FLOW,collector,Esil District
2025-09-17 11:26:15.549655,road_0009,51.1749541456762,71.45018304431642,1839,60.0,60,67.00283747228464,0,FREE_FLOW,arterial,City Center
2025-09-17 11:26:15.549655,road_0010,51.204215781196154,71.42542980013923,999,45.0,45,70.72493136453275,0,FREE_FLOW,collector,Right Bank
2025-09-17 11:26:15.549655,road_0011,51.14911362341584,71.45849757916488,1860,56.09154989031642,60,75.99123314557275,0,FREE_FLOW,arterial,City Center
2025-09-17 11:26:15.549655,road_0012,51.14285817159553,71.49500780438362,782,60.0,60,38.24218113083849,0,FREE_FLOW,arterial,Esil District
2025-09-17 11:26:15.549655,road_0013,51.178395080248016,71.44450085336713,818,42.76460974220426,45,47.89895108042604,0,FREE_FLOW,collector,Esil District
2025-09-17 11:26:15.549655,road_0014,51.22329556186777,71.40648282801608,539,45.0,45,29.123721703896404,0,FREE_FLOW,collector,Right Bank
2025-09-17 11:26:15.549655,road_0015,51.20247308795898,71.43455351818268,1001,41.10537107528458,45,64.78777745493728,0,FREE_FLOW,collector,Right Bank
2025-09-17 11:26:15.549655,road_0016,51.16488352763151,71.45530260780878,1500,36.52246386441153,45,100.0,0,FREE_FLOW,collector,City Center
2025-09-17 11:26:15.549655,road_0017,51.1949632883288,71.44123238931239,396,33.78337946664358,35,40.8728301289042,0,FREE_FLOW,local,City Center
2025-09-17 11:26:15.549655,road_0018,51.15447620767163,71.43400349958901,1149,41.462259651054055,45,86.16247523438673,0,FREE_FLOW,collector,City Center
2025-09-17 11:26:15.549655,road_0019,51.117113160490625,71.37143752439205,327,35.0,35,37.063458813760874,0,FREE_FLOW,local,Left Bank
2025-09-17 11:31:15.549655,road_0000,51.14858964026895,71.43899067721357,1068,41.97424570364974,45,80.98231942782888,0,FREE_FLOW,collector,City Center
2025-09-17 11:31:15.549655,road_0001,51.19558998501542,71.45756838173378,2500,56.90492321143918,60,100.0,0,FREE_FLOW,arterial,City Center
2025-09-17 11:31:15.549655,road_0002,51.21222340415979,71.47718542988797,400,31.485106303027713,35,40.558058941519526,0,FREE_FLOW,local,Right Bank
2025-09-17 11:31:15.549655,road_0003,51.147142431523605,71.42424835420817,953,45.0,45,69.67750995998867,0,FREE_FLOW,collector,Left Bank
2025-09-17 11:31:15.549655,road_0004,51.194896034828155,71.42672451599276,1500,36.64160375093435,45,100.0,0,FREE_FLOW,collector,City Center
2025-09-17 11:31:15.549655,road_0005,51.13145373025382,71.42743582937553,1080,45.0,45,75.49943696181259,0,FREE_FLOW,collector,Left Bank
2025-09-17 11:31:15.549655,road_0006,51.14525858091126,71.40871681129984,790,45.0,45,47.41489363395585,0,FREE_FLOW,collector,Left Bank
2025-09-17 11:31:15.549655,road_0007,51.13560924762398,71.46282559050066,785,44.43087921033622,45,53.868570131722585,0,FREE_FLOW,collector,Right Bank
2025-09-17 11:31:15.549655,road_0008,51.106594323500836,71.4923767530675,792,45.0,45,54.71924955668455,0,FREE_FLOW,collector,Esil District
2025-09-17 11:31:15.549655,road_0009,51.1749541456762,71.45018304431642,1869,59.660004170754874,60,76.01943674327289,0,FREE_FLOW,arterial,City Center
2025-09-17 11:31:15.549655,road_0010,51.204215781196154,71.42542980013923,423,45.0,45,18.687371689068733,0,FREE_FLOW,collector,Right Bank
2025-09-17 11:31:15.549655,road_0011,51.14911362341584,71.45849757916488,1884,60.0,60,75.6688166864395,0,FREE_FLOW,arterial,City Center
2025-09-17 11:31:15.549655,road_0012,51.14285817159553,71.49500780438362,1046,55.30621369240223,60,51.392483612377625,0,FREE_FLOW,arterial,Esil District
2025-09-17 11:31:15.549655,road_0013,51.178395080248016,71.44450085336713,379,45.0,45,23.54450357722905,0,FREE_FLOW,collector,Esil District
2025-09-17 11:31:15.549655,road_0014,51.22329556186777,71.40648282801608,530,41.75792187529808,45,29.83209896938542,0,FREE_FLOW,collector,Right Bank
2025-09-17 11:31:15.549655,road_0015,51.20247308795898,71.43455351818268,783,41.04320189888556,45,56.43188959388816,0,FREE_FLOW,collector,Right Bank
2025-09-17 11:31:15.549655,road_0016,51.16488352763151,71.45530260780878,1500,37.9706685904439,45,100.0,0,FREE_FLOW,collector,City Center
2025-09-17 11:31:15.549655,road_0017,51.1949632883288,71.44123238931239,608,35.0,35,68.13592577392235,0,FREE_FLOW,local,City Center
2025-09-17 11:31:15.549655,road_0018,51.15447620767163,71.43400349958901,1500,40.60744010875528,45,100.0,0,FREE_FLOW,collector,City Center
2025-09-17 11:31:15.549655,road_0019,51.117113160490625,71.37143752439205,353,35.0,35,45.83350443141215,0,FREE_FLOW,local,Left Bank
2025-09-17 11:36:15.549655,road_0000,51.14858964026895,71.43899067721357,670,45.0,45,49.392538199744344,0,FREE_FLOW,collector,City Center
2025-09-17 11:36:15.549655,road_0001,51.19558998501542,71.45756838173378,2500,52.72838602924612,60,100.0,0,FREE_FLOW,arterial,City Center
2025-09-17 11:36:15.549655,road_0002,51.21222340415979,71.47718542988797,389,35.0,35,56.600892350427074,0,FREE_FLOW,local,Right Bank
2025-09-17 11:36:15.549655,road_0003,51.147142431523605,71.42424835420817,1500,42.408748594963185,45,100.0,0,FREE_FLOW,collector,Left Bank
2025-09-17 11:36:15.549655,road_0004,51.194896034828155,71.42672451599276,1500,38.802583520388986,45,100.0,0,FREE_FLOW,collector,City Center
2025-09-17 11:36:15.549655,road_0005,51.13145373025382,71.42743582937553,1181,40.55609898198108,45,85.21739236632726,0,FREE_FLOW,collector,Left Bank
2025-09-17 11:36:15.549655,road_0006,51.14525858091126,71.40871681129984,997,43.62715195091274,45,76.16567910581442,0,FREE_FLOW,collector,Left Bank
2025-09-17 11:36:15.549655,road_0007,51.13560924762398,71.46282559050066,524,45.0,45,37.259862614510006,0,FREE_FLOW,collector,Right Bank
2025-09-17 11:36:15.549655,road_0008,51.106594323500836,71.4923767530675,709,45.0,45,38.17359563986683,0,FREE_FLOW,collector,Esil District
2025-09-17 11:36:15.549655,road_0009,51.1749541456762,71.45018304431642,2172,59.98474572802457,60,96.59077571555744,0,FREE_FLOW,arterial,City Center
2025-09-17 11:36:15.549655,road_0010,51.204215781196154,71.42542980013923,733,43.05289579084404,45,43.13317343256123,0,FREE_FLOW,collector,Right Bank
2025-09-17 11:36:15.549655,road_0011,51.14911362341584,71.45849757916488,1502,55.38234040778282,60,51.6123629499257,0,FREE_FLOW,arterial,City Center
2025-09-17 11:36:15.549655,road_0012,51.14285817159553,71.49500780438362,771,60.0,60,26.142104093467907,0,FREE_FLOW,arterial,Esil District
2025-09-17 11:36:15.549655,road_0013,51.178395080248016,71.44450085336713,883,45.0,45,51.368934956971756,0,FREE_FLOW,collector,Esil District
2025-09-17 11:36:15.549655,road_0014,51.22329556186777,71.40648282801608,1275,39.13311531968419,45,87.33209189966178,0,FREE_FLOW,collector,Right Bank
2025-09-17 11:36:15.549655,road_0015,51.20247308795898,71.43455351818268,1013,40.583524499701284,45,66.5759098188488,0,FREE_FLOW,collector,Right Bank
2025-09-17 11:36:15.549655,road_0016,51.16488352763151,71.45530260780878,1052,43.23200843413057,45,65.34643749832554,0,FREE_FLOW,collector,City Center
2025-09-17 11:36:15.549655,road_0017,51.1949632883288,71.44123238931239,800,32.24121117668099,35,90.87823505875812,0,FREE_FLOW,local,City Center
2025-09-17 11:36:15.549655,road_0018,51.15447620767163,71.43400349958901,1041,42.59842473685338,45,74.79921172009169,0,FREE_FLOW,collector,City Center
2025-09-17 11:36:15.549655,road_0019,51.117113160490625,71.37143752439205,643,35.0,35,81.59544489781474,0,FREE_FLOW,local,Left Bank
2025-09-17 11:41:15.549655,road_0000,51.14858964026895,71.43899067721357,1500,41.06177331798558,45,100.0,0,FREE_FLOW,collector,City Center
2025-09-17 11:41:15.549655,road_0001,51.19558998501542,71.45756838173378,2500,49.61262503100513,60,100.0,0,FREE_FLOW,arterial,City Center
2025-09-17 11:41:15.549655,road_0002,51.21222340415979,71.47718542988797,425,35.0,35,49.97555515991394,0,FREE_FLOW,local,Right Bank
2025-09-17 11:41:15.549655,road_0003,51.147142431523605,71.42424835420817,970,45.0,45,71.72899189406483,0,FREE_FLOW,collector,Left Bank
2025-09-17 11:41:15.549655,road_0004,51.194896034828155,71.42672451599276,916,44.762763042160856,45,65.88001761794409,0,FREE_FLOW,collector,City Center
2025-09-17 11:41:15.549655,road_0005,51.13145373025382,71.42743582937553,632,44.723990430292396,45,48.007969911786,0,FREE_FLOW,collector,Left Bank
2025-09-17 11:41:15.549655,road_0006,51.14525858091126,71.40871681129984,1384,43.49511849900944,45,100.0,0,FREE_FLOW,collector,Left Bank
2025-09-17 11:41:15.549655,road_0007,51.13560924762398,71.46282559050066,636,42.80303150574486,45,41.92752744370864,0,FREE_FLOW,collector,Right Bank
2025-09-17 11:41:15.549655,road_0008,51.106594323500836,71.4923767530675,596,41.33811384191681,45,32.92671192193704,0,FREE_FLOW,collector,Esil District
2025-09-17 11:41:15.549655,road_0009,51.1749541456762,71.45018304431642,1775,59.828965792688834,60,63.31317684596446,0,FREE_FLOW,arterial,City Center
2025-09-17 11:41:15.549655,road_0010,51.204215781196154,71.42542980013923,963,40.81870829597916,45,71.66498213202894,0,FREE_FLOW,collector,Right Bank
2025-09-17 11:41:15.549655,road_0011,51.14911362341584,71.45849757916488,1544,56.84689926998001,60,71.25536890724915,0,FREE_FLOW,arterial,City Center
2025-09-17 11:41:15.549655,road_0012,51.14285817159553,71.49500780438362,1201,60.0,60,51.750025952050194,0,FREE_FLOW,arterial,Esil District
2025-09-17 11:41:15.549655,road_0013,51.178395080248016,71.44450085336713,384,42.09560921607426,45,15.87250201655609,0,FREE_FLOW,collector,Esil District
2025-09-17 11:41:15.549655,road_0014,51.22329556186777,71.40648282801608,396,40.90908329812615,45,18.208818611793703,0,FREE_FLOW,collector,Right Bank
2025-09-17 11:41:15.549655,road_0015,51.20247308795898,71.43455351818268,637,44.79718080608055,45,52.3904729858242,0,FREE_FLOW,collector,Right Bank
2025-09-17 11:41:15.549655,road_0016,51.16488352763151,71.45530260780878,1500,41.79625776093807,45,92.71758671334518,0,FREE_FLOW,collector,City Center
2025-09-17 11:41:15.549655,road_0017,51.1949632883288,71.44123238931239,443,35.0,35,49.19514530578859,0,FREE_FLOW,local,City Center
2025-09-17 11:41:15.549655,road_0018,51.15447620767163,71.43400349958901,1086,45.0,45,73.05980543927963,0,FREE_FLOW,collector,City Center
2025-09-17 11:41:15.549655,road_0019,51.117113160490625,71.37143752439205,592,34.782254314497884,35,70.39570097719492,0,FREE_FLOW,local,Left Bank
2025-09-17 11:46:15.549655,road_0000,51.14858964026895,71.43899067721357,913,40.46294613324642,45,61.789016199397544,0,FREE_FLOW,collector,City Center
2025-09-17 11:46:15.549655,road_0001,51.19558998501542,71.45756838173378,2500,56.509376896690405,60,100.0,0,FREE_FLOW,arterial,City Center
2025-09-17 11:46:15.549655,road_0002,51.21222340415979,71.47718542988797,480,34.080889453320054,35,67.8522558441083,0,FREE_FLOW,local,Right Bank
2025-09-17 11:46:15.549655,road_0003,51.147142431523605,71.42424835420817,650,45.0,45,52.40334432865282,0,FREE_FLOW,collector,Left Bank
2025-09-17 11:46:15.549655,road_0004,51.194896034828155,71.42672451599276,1500,39.5954293363907,45,100.0,0,FREE_FLOW,collector,City Center
2025-09-17 11:46:15.549655,road_0005,51.13145373025382,71.42743582937553,1253,43.74756962662412,45,75.95112087141784,0,FREE_FLOW,collector,Left Bank
2025-09-17 11:46:15.549655,road_0006,51.14525858091126,71.40871681129984,1069,45.0,45,65.6077780200301,0,FREE_FLOW,collector,Left Bank
2025-09-17 11:46:15.549655,road_0007,51.13560924762398,71.46282559050066,580,42.36389157063167,45,30.340933686495553,0,FREE_FLOW,collector,Right Bank
2025-09-17 11:46:15.549655,road_0008,51.106594323500836,71.4923767530675,760,44.36764050100211,45,56.78423606352261,0,FREE_FLOW,collector,Esil District
2025-09-17 11:46:15.549655,road_0009,51.1749541456762,71.45018304431642,1917,60.0,60,77.35949694162704,0,FREE_FLOW,arterial,City Center
2025-09-17 11:46:15.549655,road_0010,51.204215781196154,71.42542980013923,676,45.0,45,48.857561845388844,0,FREE_FLOW,collector,Right Bank
2025-09-17 11:46:15.549655,road_0011,51.14911362341584,71.45849757916488,2433,57.73932156568899,60,100.0,0,FREE_FLOW,arterial,City Center
2025-09-17 11:46:15.549655,road_0012,51.14285817159553,71.49500780438362,1257,60.0,60,53.368881041254284,0,FREE_FLOW,arterial,Esil District
2025-09-17 11:46:15.549655,road_0013,51.178395080248016,71.44450085336713,723,42.18761171326888,45,57.181692312653794,0,FREE_FLOW,collector,Esil District
2025-09-17 11:46:15.549655,road_0014,51.22329556186777,71.40648282801608,840,45.0,45,63.590332418566746,0,FREE_FLOW,collector,Right Bank
2025-09-17 11:46:15.549655,road_0015,51.20247308795898,71.43455351818268,1154,40.007363942400175,45,73.70806548042859,0,FREE_FLOW,collector,Right Bank
2025-09-17 11:46:15.549655,road_0016,51.16488352763151,71.45530260780878,766,44.42261990212761,45,59.71467983232218,0,FREE_FLOW,collector,City Center
2025-09-17 11:46:15.549655,road_0017,51.1949632883288,71.44123238931239,800,32.6782544609913,35,100.0,0,FREE_FLOW,local,City Center
2025-09-17 11:46:15.549655,road_0018,51.15447620767163,71.43400349958901,1280,40.612248735400094,45,80.4142895852862,0,FREE_FLOW,collector,City Center
2025-09-17 11:46:15.549655,road_0019,51.117113160490625,71.37143752439205,359,32.012455867781036,35,45.978412340797924,0,FREE_FLOW,local,Left Bank
2025-09-17 11:51:15.549655,road_0000,51.14858964026895,71.43899067721357,1500,36.813048934446705,45,92.37140739272141,0,FREE_FLOW,collector,City Center
2025-09-17 11:51:15.549655,road_0001,51.19558998501542,71.45756838173378,1739,59.880480401423874,60,78.4583378381978,0,FREE_FLOW,arterial,City Center
2025-09-17 11:51:15.549655,road_0002,51.21222340415979,71.47718542988797,422,32.600488579382144,35,55.23286067140738,0,FREE_FLOW,local,Right Bank
2025-09-17 11:51:15.549655,road_0003,51.147142431523605,71.42424835420817,1186,42.70948247411285,45,69.34636299636676,0,FREE_FLOW,collector,Left Bank
2025-09-17 11:51:15.549655,road_0004,51.194896034828155,71.42672451599276,1147,45.0,45,81.38797165182508,0,FREE_FLOW,collector,City Center
2025-09-17 11:51:15.549655,road_0005,51.13145373025382,71.42743582937553,1500,37.13919248040952,45,99.64952011820554,0,FREE_FLOW,collector,Left Bank
2025-09-17 11:51:15.549655,road_0006,51.14525858091126,71.40871681129984,1354,40.368668115846724,45,86.8076655104858,0,FREE_FLOW,collector,Left Bank
2025-09-17 11:51:15.549655,road_0007,51.13560924762398,71.46282559050066,780,43.7508579529254,45,46.52701710177068,0,FREE_FLOW,collector,Right Bank
2025-09-17 11:51:15.549655,road_0008,51.106594323500836,71.4923767530675,425,44.86048732585309,45,24.32289629773222,0,FREE_FLOW,collector,Esil District
2025-09-17 11:51:15.549655,road_0009,51.1749541456762,71.45018304431642,2500,47.700254920452274,60,100.0,1,LIGHT,arterial,City Center
2025-09-17 11:51:15.549655,road_0010,51.204215781196154,71.42542980013923,580,42.22594294202267,45,42.51089086153175,0,FREE_FLOW,collector,Right Bank
2025-09-17 11:51:15.549655,road_0011,51.14911362341584,71.45849757916488,1381,60.0,60,55.90589787177255,0,FREE_FLOW,arterial,City Center
2025-09-17 11:51:15.549655,road_0012,51.14285817159553,71.49500780438362,1281,60.0,60,44.631434307080674,0,FREE_FLOW,arterial,Esil District
2025-09-17 11:51:15.549655,road_0013,51.178395080248016,71.44450085336713,444,45.0,45,21.701800228879954,0,FREE_FLOW,collector,Esil District
2025-09-17 11:51:15.549655,road_0014,51.22329556186777,71.40648282801608,436,45.0,45,36.12183667168438,0,FREE_FLOW,collector,Right Bank
2025-09-17 11:51:15.549655,road_0015,51.20247308795898,71.43455351818268,628,45.0,45,45.051391978519206,0,FREE_FLOW,collector,Right Bank
2025-09-17 11:51:15.549655,road_0016,51.16488352763151,71.45530260780878,1149,45.0,45,71.00224090217446,0,FREE_FLOW,collector,City Center
2025-09-17 11:51:15.549655,road_0017,51.1949632883288,71.44123238931239,800,33.40689601135848,35,100.0,0,FREE_FLOW,local,City Center
2025-09-17 11:51:15.549655,road_0018,51.15447620767163,71.43400349958901,1058,43.077700151432424,45,64.01995258236434,0,FREE_FLOW,collector,City Center
2025-09-17 11:51:15.549655,road_0019,51.117113160490625,71.37143752439205,350,33.96260795826992,35,33.94961284977522,0,FREE_FLOW,local,Left Bank
2025-09-17 11:56:15.549655,road_0000,51.14858964026895,71.43899067721357,1500,41.61831453468675,45,100.0,0,FREE_FLOW,collector,City Center
2025-09-17 11:56:15.549655,road_0001,51.19558998501542,71.45756838173378,2393,49.29385031729091,60,96.20254540873967,0,FREE_FLOW,arterial,City Center
2025-09-17 11:56:15.549655,road_0002,51.21222340415979,71.47718542988797,484,31.45138632966026,35,50.5055605155011,0,FREE_FLOW,local,Right Bank
2025-09-17 11:56:15.549655,road_0003,51.147142431523605,71.42424835420817,1312,40.82656227713341,45,88.12911309009667,0,FREE_FLOW,collector,Left Bank
2025-09-17 11:56:15.549655,road_0004,51.194896034828155,71.42672451599276,1500,40.5793473398976,45,92.76403323047084,0,FREE_FLOW,collector,City Center
2025-09-17 11:56:15.549655,road_0005,51.13145373025382,71.42743582937553,612,42.216276761681364,45,48.238572338085945,0,FREE_FLOW,collector,Left Bank
2025-09-17 11:56:15.549655,road_0006,51.14525858091126,71.40871681129984,1186,41.53963526235857,45,71.80117090329887,0,FREE_FLOW,collector,Left Bank
2025-09-17 11:56:15.549655,road_0007,51.13560924762398,71.46282559050066,721,40.51179742807453,45,41.13646694438699,0,FREE_FLOW,collector,Right Bank
2025-09-17 11:56:15.549655,road_0008,51.106594323500836,71.4923767530675,538,45.0,45,28.944010895592033,0,FREE_FLOW,collector,Esil District
2025-09-17 11:56:15.549655,road_0009,51.1749541456762,71.45018304431642,1332,60.0,60,46.05650021338983,0,FREE_FLOW,arterial,City Center
2025-09-17 11:56:15.549655,road_0010,51.204215781196154,71.42542980013923,788,45.0,45,51.74147444398758,0,FREE_FLOW,collector,Right Bank
2025-09-17 11:56:15.549655,road_0011,51.14911362341584,71.45849757916488,2338,51.37476013179269,60,83.92502362073223,0,FREE_FLOW,arterial,City Center
2025-09-17 11:56:15.549655,road_0012,51.14285817159553,71.49500780438362,1056,59.805546746583616,60,40.37462951896582,0,FREE_FLOW,arterial,Esil District
2025-09-17 11:56:15.549655,road_0013,51.178395080248016,71.44450085336713,517,42.47288081378423,45,40.44164123680005,0,FREE_FLOW,collector,Esil District
2025-09-17 11:56:15.549655,road_0014,51.22329556186777,71.40648282801608,632,42.147860113430134,45,49.43521057743435,0,FREE_FLOW,collector,Right Bank
2025-09-17 11:56:15.549655,road_0015,51.20247308795898,71.43455351818268,873,45.0,45,50.45006370907005,0,FREE_FLOW,collector,Right Bank
2025-09-17 11:56:15.549655,road_0016,51.16488352763151,71.45530260780878,870,44.27424733089423,45,52.726989677720326,0,FREE_FLOW,collector,City Center
2025-09-17 11:56:15.549655,road_0017,51.1949632883288,71.44123238931239,684,32.09586272764796,35,77.73926043521104,0,FREE_FLOW,local,City Center
2025-09-17 11:56:15.549655,road_0018,51.15447620767163,71.43400349958901,811,45.0,45,57.724079023773676,0,FREE_FLOW,collector,City Center
2025-09-17 11:56:15.549655,road_0019,51.117113160490625,71.37143752439205,390,32.74787919278845,35,43.88410878840439,0,FREE_FLOW,local,Left Bank
2025-09-17 12:01:15.549655,road_0000,51.14858964026895,71.43899067721357,1295,38.73168003135484,45,76.6416368155813,0,FREE_FLOW,collector,City Center
2025-09-17 12:01:15.549655,road_0001,51.19558998501542,71.45756838173378,1693,59.13725604329234,60,74.8626744696037,0,FREE_FLOW,arterial,City Center
2025-09-17 12:01:15.549655,road_0002,51.21222340415979,71.47718542988797,223,31.680887321479634,35,31.16156455560085,0,FREE_FLOW,local,Right Bank
2025-09-17 12:01:15.549655,road_0003,51.147142431523605,71.42424835420817,921,45.0,45,59.23198097145504,0,FREE_FLOW,collector,Left Bank
2025-09-17 12:01:15.549655,road_0004,51.194896034828155,71.42672451599276,1489,37.825915766300966,45,97.43551697208235,0,FREE_FLOW,collector,City Center
2025-09-17 12:01:15.549655,road_0005,51.13145373025382,71.42743582937553,1427,36.283454925226096,45,97.43999537567478,0,FREE_FLOW,collector,Left Bank
2025-09-17 12:01:15.549655,road_0006,51.14525858091126,71.40871681129984,1500,36.705651428050224,45,91.40267399034018,0,FREE_FLOW,collector,Left Bank
2025-09-17 12:01:15.549655,road_0007,51.13560924762398,71.46282559050066,793,45.0,45,54.38699729272369,0,FREE_FLOW,collector,Right Bank
2025-09-17 12:01:15.549655,road_0008,51.106594323500836,71.4923767530675,677,45.0,45,40.40628180072101,0,FREE_FLOW,collector,Esil District
2025-09-17 12:01:15.549655,road_0009,51.1749541456762,71.45018304431642,2500,51.314165912334744,60,100.0,0,FREE_FLOW,arterial,City Center
2025-09-17 12:01:15.549655,road_0010,51.204215781196154,71.42542980013923,621,45.0,45,45.03268515668073,0,FREE_FLOW,collector,Right Bank
2025-09-17 12:01:15.549655,road_0011,51.14911362341584,71.45849757916488,2398,54.662609355016244,60,96.75242145449405,0,FREE_FLOW,arterial,City Center
2025-09-17 12:01:15.549655,road_0012,51.14285817159553,71.49500780438362,906,54.11901980662905,60,37.57579402853375,0,FREE_FLOW,arterial,Esil District
2025-09-17 12:01:15.549655,road_0013,51.178395080248016,71.44450085336713,901,41.06020887978878,45,61.75405616286268,0,FREE_FLOW,collector,Esil District
2025-09-17 12:01:15.549655,road_0014,51.22329556186777,71.40648282801608,1066,45.0,45,62.83747957436116,0,FREE_FLOW,collector,Right Bank
2025-09-17 12:01:15.549655,road_0015,51.20247308795898,71.43455351818268,762,45.0,45,59.23163372273332,0,FREE_FLOW,collector,Right Bank
2025-09-17 12:01:15.549655,road_0016,51.16488352763151,71.45530260780878,936,39.74619661232811,45,55.84269389319191,0,FREE_FLOW,collector,City Center
2025-09-17 12:01:15.549655,road_0017,51.1949632883288,71.44123238931239,482,35.0,35,63.01469721640899,0,FREE_FLOW,local,City Center
2025-09-17 12:01:15.549655,road_0018,51.15447620767163,71.43400349958901,928,44.581648121973984,45,54.54791180941335,0,FREE_FLOW,collector,City Center
2025-09-17 12:01:15.549655,road_0019,51.117113160490625,71.37143752439205,524,31.25343488779161,35,62.892646565722984,0,FREE_FLOW,local,Left Bank
2025-09-17 12:06:15.549655,road_0000,51.14858964026895,71.43899067721357,1500,40.97061791921438,45,99.17784167945165,0,FREE_FLOW,collector,City Center
2025-09-17 12:06:15.549655,road_0001,51.19558998501542,71.45756838173378,2370,51.39031420512872,60,97.45264561809495,0,FREE_FLOW,arterial,City Center
2025-09-17 12:06:15.549655,road_0002,51.21222340415979,71.47718542988797,561,35.0,35,78.4005135328064,0,FREE_FLOW,local,Right Bank
2025-09-17 12:06:15.549655,road_0003,51.147142431523605,71.42424835420817,1479,42.15399316392059,45,93.22527806867782,0,FREE_FLOW,collector,Left Bank
2025-09-17 12:06:15.549655,road_0004,51.194896034828155,71.42672451599276,1500,41.551870730463236,45,100.0,0,FREE_FLOW,collector,City Center
2025-09-17 12:06:15.549655,road_0005,51.13145373025382,71.42743582937553,824,40.457280178653605,45,50.555884810284276,0,FREE_FLOW,collector,Left Bank
2025-09-17 12:06:15.549655,road_0006,51.14525858091126,71.40871681129984,1500,37.957614603182286,45,100.0,0,FREE_FLOW,collector,Left Bank
2025-09-17 12:06:15.549655,road_0007,51.13560924762398,71.46282559050066,595,45.0,45,30.613801934370223,0,FREE_FLOW,collector,Right Bank
2025-09-17 12:06:15.549655,road_0008,51.106594323500836,71.4923767530675,1120,39.630290721087974,45,72.59279078472166,0,FREE_FLOW,collector,Esil District
2025-09-17 12:06:15.549655,road_0009,51.1749541456762,71.45018304431642,1557,53.3701037165331,60,68.11508891871924,0,FREE_FLOW,arterial,City Center
2025-09-17 12:06:15.549655,road_0010,51.204215781196154,71.42542980013923,596,45.0,45,31.442467283621827,0,FREE_FLOW,collector,Right Bank
2025-09-17 12:06:15.549655,road_0011,51.14911362341584,71.45849757916488,2369,49.38316212218254,60,85.02464337238158,0,FREE_FLOW,arterial,City Center
2025-09-17 12:06:15.549655,road_0012,51.14285817159553,71.49500780438362,1541,60.0,60,52.0477120385901,0,FREE_FLOW,arterial,Esil District
2025-09-17 12:06:15.549655,road_0013,51.178395080248016,71.44450085336713,596,45.0,45,44.1853675103077,0,FREE_FLOW,collector,Esil District
2025-09-17 12:06:15.549655,road_0014,51.22329556186777,71.40648282801608,1161,45.0,45,70.18701362998637,0,FREE_FLOW,collector,Right Bank
2025-09-17 12:06:15.549655,road_0015,51.20247308795898,71.43455351818268,1121,43.231874557860046,45,84.51795232692082,0,FREE_FLOW,collector,Right Bank
2025-09-17 12:06:15.549655,road_0016,51.16488352763151,71.45530260780878,990,43.078238079412685,45,64.13218697029701,0,FREE_FLOW,collector,City Center
2025-09-17 12:06:15.549655,road_0017,51.1949632883288,71.44123238931239,800,33.14531125673862,35,97.65479149252147,0,FREE_FLOW,local,City Center
2025-09-17 12:06:15.549655,road_0018,51.15447620767163,71.43400349958901,1500,36.100329331548906,45,100.0,0,FREE_FLOW,collector,City Center
2025-09-17 12:06:15.549655,road_0019,51.117113160490625,71.37143752439205,723,28.781595491608133,35,87.28636912265296,0,FREE_FLOW,local,Left Bank
2025-09-17 12:11:15.549655,road_0000,51.14858964026895,71.43899067721357,1024,40.54963363680071,45,68.63651041558276,0,FREE_FLOW,collector,City Center
2025-09-17 12:11:15.549655,road_0001,51.19558998501542,71.45756838173378,2500,53.071158930231356,60,96.52139622960418,0,FREE_FLOW,arterial,City Center
2025-09-17 12:11:15.549655,road_0002,51.21222340415979,71.47718542988797,403,31.39177317554733,35,59.333608203144294,0,FREE_FLOW,local,Right Bank
2025-09-17 12:11:15.549655,road_0003,51.147142431523605,71.42424835420817,1348,38.38481236808,45,93.65011404742006,0,FREE_FLOW,collector,Left Bank
2025-09-17 12:11:15.549655,road_0004,51.194896034828155,71.42672451599276,1322,40.92790194191739,45,93.03277274990565,0,FREE_FLOW,collector,City Center
2025-09-17 12:11:15.549655,road_0005,51.13145373025382,71.42743582937553,993,39.77505539587781,45,75.53779654387604,0,FREE_FLOW,collector,Left Bank
2025-09-17 12:11:15.549655,road_0006,51.14525858091126,71.40871681129984,923,44.80819555218919,45,59.543403103807414,0,FREE_FLOW,collector,Left Bank
2025-09-17 12:11:15.549655,road_0007,51.13560924762398,71.46282559050066,578,45.0,45,45.090367876445534,0,FREE_FLOW,collector,Right Bank
2025-09-17 12:11:15.549655,road_0008,51.106594323500836,71.4923767530675,902,45.0,45,58.31254808089434,0,FREE_FLOW,collector,Esil District
2025-09-17 12:11:15.549655,road_0009,51.1749541456762,71.45018304431642,1929,57.08451319345149,60,83.30979473653792,0,FREE_FLOW,arterial,City Center
2025-09-17 12:11:15.549655,road_0010,51.204215781196154,71.42542980013923,636,45.0,45,48.82983974544669,0,FREE_FLOW,collector,Right Bank
2025-09-17 12:11:15.549655,road_0011,51.14911362341584,71.45849757916488,2500,50.47912403946354,60,94.28938094364713,0,FREE_FLOW,arterial,City Center
2025-09-17 12:11:15.549655,road_0012,51.14285817159553,71.49500780438362,682,60.0,60,35.533995937863764,0,FREE_FLOW,arterial,Esil District
2025-09-17 12:11:15.549655,road_0013,51.178395080248016,71.44450085336713,428,45.0,45,33.886543109164634,0,FREE_FLOW,collector,Esil District
2025-09-17 12:11:15.549655,road_0014,51.22329556186777,71.40648282801608,741,43.04298172253233,45,47.052802647188024,0,FREE_FLOW,collector,Right Bank
2025-09-17 12:11:15.549655,road_0015,51.20247308795898,71.43455351818268,388,45.0,45,24.27516251845675,0,FREE_FLOW,collector,Right Bank
2025-09-17 12:11:15.549655,road_0016,51.16488352763151,71.45530260780878,1500,42.430862700494906,45,94.51259278654423,0,FREE_FLOW,collector,City Center
2025-09-17 12:11:15.549655,road_0017,51.1949632883288,71.44123238931239,800,29.497413601463254,35,100.0,0,FREE_FLOW,local,City Center
2025-09-17 12:11:15.549655,road_0018,51.15447620767163,71.43400349958901,1500,38.78609664523226,45,92.1741583374867,0,FREE_FLOW,collector,City Center
2025-09-17 12:11:15.549655,road_0019,51.117113160490625,71.37143752439205,448,35.0,35,57.708578037522635,0,FREE_FLOW,local,Left Bank
2025-09-17 12:16:15.549655,road_0000,51.14858964026895,71.43899067721357,1500,35.854174398354324,45,100.0,1,LIGHT,collector,City Center
2025-09-17 12:16:15.549655,road_0001,51.19558998501542,71.45756838173378,2500,56.77490809025567,60,100.0,0,FREE_FLOW,arterial,City Center
2025-09-17 12:16:15.549655,road_0002,51.21222340415979,71.47718542988797,743,33.700218899655596,35,88.26674895395674,0,FREE_FLOW,local,Right Bank
2025-09-17 12:16:15.549655,road_0003,51.147142431523605,71.42424835420817,1500,42.13720950232232,45,100.0,0,FREE_FLOW,collector,Left Bank
2025-09-17 12:16:15.549655,road_0004,51.194896034828155,71.42672451599276,1050,45.0,45,68.73921534663404,0,FREE_FLOW,collector,City Center
2025-09-17 12:16:15.549655,road_0005,51.13145373025382,71.42743582937553,725,45.0,45,52.14930641227568,0,FREE_FLOW,collector,Left Bank
2025-09-17 12:16:15.549655,road_0006,51.14525858091126,71.40871681129984,1439,42.54209312540172,45,90.61239692604238,0,FREE_FLOW,collector,Left Bank
2025-09-17 12:16:15.549655,road_0007,51.13560924762398,71.46282559050066,961,43.46661967272416,45,62.8720734894934,0,FREE_FLOW,collector,Right Bank
2025-09-17 12:16:15.549655,road_0008,51.106594323500836,71.4923767530675,757,44.728694615251676,45,52.534402366130784,0,FREE_FLOW,collector,Esil District
2025-09-17 12:16:15.549655,road_0009,51.1749541456762,71.45018304431642,1633,60.0,60,73.68223627043676,0,FREE_FLOW,arterial,City Center
2025-09-17 12:16:15.549655,road_0010,51.204215781196154,71.42542980013923,464,42.3239571190477,45,33.87413542659545,0,FREE_FLOW,collector,Right Bank
2025-09-17 12:16:15.549655,road_0011,51.14911362341584,71.45849757916488,1618,60.0,60,61.30085049851002,0,FREE_FLOW,arterial,City Center
2025-09-17 12:16:15.549655,road_0012,51.14285817159553,71.49500780438362,1605,60.0,60,68.45791644553597,0,FREE_FLOW,arterial,Esil District
2025-09-17 12:16:15.549655,road_0013,51.178395080248016,71.44450085336713,575,42.05255712294329,45,39.520156476115915,0,FREE_FLOW,collector,Esil District
2025-09-17 12:16:15.549655,road_0014,51.22329556186777,71.40648282801608,717,41.247736194268654,45,56.23948207706792,0,FREE_FLOW,collector,Right Bank
2025-09-17 12:16:15.549655,road_0015,51.20247308795898,71.43455351818268,883,41.3751251431635,45,55.300592806169995,0,FREE_FLOW,collector,Right Bank
2025-09-17 12:16:15.549655,road_0016,51.16488352763151,71.45530260780878,1500,36.840356643070706,45,98.865731647953,0,FREE_FLOW,collector,City Center
2025-09-17 12:16:15.549655,road_0017,51.1949632883288,71.44123238931239,800,29.281193766539943,35,93.86004132423008,0,FREE_FLOW,local,City Center
2025-09-17 12:16:15.549655,road_0018,51.15447620767163,71.43400349958901,1111,45.0,45,65.10388832790137,0,FREE_FLOW,collector,City Center
2025-09-17 12:16:15.549655,road_0019,51.117113160490625,71.37143752439205,800,28.805990906420117,35,94.89547781484573,0,FREE_FLOW,local,Left Bank
2025-09-17 12:21:15.549655,road_0000,51.14858964026895,71.43899067721357,1340,40.31284759176403,45,93.9939266976817,0,FREE_FLOW,collector,City Center
2025-09-17 12:21:15.549655,road_0001,51.19558998501542,71.45756838173378,2500,53.25188560735607,60,90.5328831871965,0,FREE_FLOW,arterial,City Center
2025-09-17 12:21:15.549655,road_0002,51.21222340415979,71.47718542988797,724,32.27855742593897,35,80.60426814912006,0,FREE_FLOW,local,Right Bank
2025-09-17 12:21:15.549655,road_0003,51.147142431523605,71.42424835420817,1312,39.24798334816884,45,82.5210838409646,0,FREE_FLOW,collector,Left Bank
2025-09-17 12:21:15.549655,road_0004,51.194896034828155,71.42672451599276,1111,44.16022943349073,45,64.50542241282707,0,FREE_FLOW,collector,City Center
2025-09-17 12:21:15.549655,road_0005,51.13145373025382,71.42743582937553,1500,40.23288243810836,45,100.0,0,FREE_FLOW,collector,Left Bank
2025-09-17 12:21:15.549655,road_0006,51.14525858091126,71.40871681129984,1026,43.080680618905525,45,75.50756640382986,0,FREE_FLOW,collector,Left Bank
2025-09-17 12:21:15.549655,road_0007,51.13560924762398,71.46282559050066,952,45.0,45,62.779091846540716,0,FREE_FLOW,collector,Right Bank
2025-09-17 12:21:15.549655,road_0008,51.106594323500836,71.4923767530675,505,42.299233370494605,45,24.410221205317608,0,FREE_FLOW,collector,Esil District
2025-09-17 12:21:15.549655,road_0009,51.1749541456762,71.45018304431642,2500,52.40318989931856,60,99.11016656819213,0,FREE_FLOW,arterial,City Center
2025-09-17 12:21:15.549655,road_0010,51.204215781196154,71.42542980013923,442,45.0,45,22.346316350658164,0,FREE_FLOW,collector,Right Bank
2025-09-17 12:21:15.549655,road_0011,51.14911362341584,71.45849757916488,2035,54.78101079393687,60,81.63698628258557,0,FREE_FLOW,arterial,City Center
2025-09-17 12:21:15.549655,road_0012,51.14285817159553,71.49500780438362,1155,60.0,60,46.384579642509294,0,FREE_FLOW,arterial,Esil District
2025-09-17 12:21:15.549655,road_0013,51.178395080248016,71.44450085336713,478,45.0,45,37.417582197157785,0,FREE_FLOW,collector,Esil District
2025-09-17 12:21:15.549655,road_0014,51.22329556186777,71.40648282801608,1243,42.77416499595104,45,84.34333983889448,0,FREE_FLOW,collector,Right Bank
2025-09-17 12:21:15.549655,road_0015,51.20247308795898,71.43455351818268,687,45.0,45,41.397071834188964,0,FREE_FLOW,collector,Right Bank
2025-09-17 12:21:15.549655,road_0016,51.16488352763151,71.45530260780878,1500,35.71535715525438,45,99.45163611809677,1,LIGHT,collector,City Center
2025-09-17 12:21:15.549655,road_0017,51.1949632883288,71.44123238931239,694,34.74714915773319,35,84.6742128177503,0,FREE_FLOW,local,City Center
2025-09-17 12:21:15.549655,road_0018,51.15447620767163,71.43400349958901,1172,43.102101732032715,45,87.40809715220328,0,FREE_FLOW,collector,City Center
2025-09-17 12:21:15.549655,road_0019,51.117113160490625,71.37143752439205,432,31.250026082124688,35,47.15373507458905,0,FREE_FLOW,local,Left Bank
2025-09-17 12:26:15.549655,road_0000,51.14858964026895,71.43899067721357,1500,35.79435744698988,45,100.0,1,LIGHT,collector,City Center
2025-09-17 12:26:15.549655,road_0001,51.19558998501542,71.45756838173378,2500,47.84230894307578,60,91.76696147915267,1,LIGHT,arterial,City Center
2025-09-17 12:26:15.549655,road_0002,51.21222340415979,71.47718542988797,398,31.294806431909144,35,44.53187931487399,0,FREE_FLOW,local,Right Bank
2025-09-17 12:26:15.549655,road_0003,51.147142431523605,71.42424835420817,1016,40.64459211684052,45,59.268588762997766,0,FREE_FLOW,collector,Left Bank
2025-09-17 12:26:15.549655,road_0004,51.194896034828155,71.42672451599276,693,42.51974211776503,45,48.086849052433564,0,FREE_FLOW,collector,City Center
2025-09-17 12:26:15.549655,road_0005,51.13145373025382,71.42743582937553,642,45.0,45,33.66285026647654,0,FREE_FLOW,collector,Left Bank
2025-09-17 12:26:15.549655,road_0006,51.14525858091126,71.40871681129984,1293,38.064490168793995,45,93.66538650444627,0,FREE_FLOW,collector,Left Bank
2025-09-17 12:26:15.549655,road_0007,51.13560924762398,71.46282559050066,463,44.7214699914279,45,26.147050923718677,0,FREE_FLOW,collector,Right Bank
2025-09-17 12:26:15.549655,road_0008,51.106594323500836,71.4923767530675,882,45.0,45,52.22397467455473,0,FREE_FLOW,collector,Esil District
2025-09-17 12:26:15.549655,road_0009,51.1749541456762,71.45018304431642,2451,50.98088459442225,60,90.8678339410949,0,FREE_FLOW,arterial,City Center
2025-09-17 12:26:15.549655,road_0010,51.204215781196154,71.42542980013923,417,43.09968893262381,45,30.74029008384292,0,FREE_FLOW,collector,Right Bank
2025-09-17 12:26:15.549655,road_0011,51.14911362341584,71.45849757916488,1367,54.198332415371645,60,56.73510241443191,0,FREE_FLOW,arterial,City Center
2025-09-17 12:26:15.549655,road_0012,51.14285817159553,71.49500780438362,1318,60.0,60,48.81888602384694,0,FREE_FLOW,arterial,Esil District
2025-09-17 12:26:15.549655,road_0013,51.178395080248016,71.44450085336713,829,45.0,45,46.29141363047681,0,FREE_FLOW,collector,Esil District
2025-09-17 12:26:15.549655,road_0014,51.22329556186777,71.40648282801608,1037,45.0,45,73.01158016285062,0,FREE_FLOW,collector,Right Bank
2025-09-17 12:26:15.549655,road_0015,51.20247308795898,71.43455351818268,838,45.0,45,62.63246740394334,0,FREE_FLOW,collector,Right Bank
2025-09-17 12:26:15.549655,road_0016,51.16488352763151,71.45530260780878,1500,41.90460497660999,45,100.0,0,FREE_FLOW,collector,City Center
2025-09-17 12:26:15.549655,road_0017,51.1949632883288,71.44123238931239,505,35.0,35,65.69722575848371,0,FREE_FLOW,local,City Center
2025-09-17 12:26:15.549655,road_0018,51.15447620767163,71.43400349958901,1500,37.4396784424354,45,100.0,0,FREE_FLOW,collector,City Center
2025-09-17 12:26:15.549655,road_0019,51.117113160490625,71.37143752439205,800,30.389027170653716,35,98.69222289311887,0,FREE_FLOW,local,Left Bank
2025-09-17 12:31:15.549655,road_0000,51.14858964026895,71.43899067721357,1500,36.17330343132967,45,93.42198646334856,0,FREE_FLOW,collector,City Center
2025-09-17 12:31:15.549655,road_0001,51.19558998501542,71.45756838173378,2320,48.65522015590189,60,93.36246215518263,0,FREE_FLOW,arterial,City Center
2025-09-17 12:31:15.549655,road_0002,51.21222340415979,71.47718542988797,482,31.911974042621264,35,51.84660741624042,0,FREE_FLOW,local,Right Bank
2025-09-17 12:31:15.549655,road_0003,51.147142431523605,71.42424835420817,786,44.142064502724224,45,53.0196319761951,0,FREE_FLOW,collector,Left Bank
2025-09-17 12:31:15.549655,road_0004,51.194896034828155,71.42672451599276,1464,43.28280905292007,45,100.0,0,FREE_FLOW,collector,City Center
2025-09-17 12:31:15.549655,road_0005,51.13145373025382,71.42743582937553,1167,39.29253229790137,45,87.29201314526941,0,FREE_FLOW,collector,Left Bank
2025-09-17 12:31:15.549655,road_0006,51.14525858091126,71.40871681129984,1192,43.69152080446593,45,88.34398406740492,0,FREE_FLOW,collector,Left Bank
2025-09-17 12:31:15.549655,road_0007,51.13560924762398,71.46282559050066,450,45.0,45,38.655093454708705,0,FREE_FLOW,collector,Right Bank
2025-09-17 12:31:15.549655,road_0008,51.106594323500836,71.4923767530675,822,45.0,45,61.29630512994203,0,FREE_FLOW,collector,Esil District
2025-09-17 12:31:15.549655,road_0009,51.1749541456762,71.45018304431642,2500,53.576365328662156,60,97.50304158394475,0,FREE_FLOW,arterial,City Center
2025-09-17 12:31:15.549655,road_0010,51.204215781196154,71.42542980013923,575,45.0,45,44.668711364293294,0,FREE_FLOW,collector,Right Bank
2025-09-17 12:31:15.549655,road_0011,51.14911362341584,71.45849757916488,2500,48.729766846456904,60,92.71784455151771,0,FREE_FLOW,arterial,City Center
2025-09-17 12:31:15.549655,road_0012,51.14285817159553,71.49500780438362,997,60.0,60,47.44632796198114,0,FREE_FLOW,arterial,Esil District
2025-09-17 12:31:15.549655,road_0013,51.178395080248016,71.44450085336713,723,45.0,45,39.82147380163823,0,FREE_FLOW,collector,Esil District
2025-09-17 12:31:15.549655,road_0014,51.22329556186777,71.40648282801608,1130,39.08340767670284,45,67.55328125537784,0,FREE_FLOW,collector,Right Bank
2025-09-17 12:31:15.549655,road_0015,51.20247308795898,71.43455351818268,521,41.133235724045775,45,37.0580155763817,0,FREE_FLOW,collector,Right Bank
2025-09-17 12:31:15.549655,road_0016,51.16488352763151,71.45530260780878,930,42.66979208074629,45,65.41405021141964,0,FREE_FLOW,collector,City Center
2025-09-17 12:31:15.549655,road_0017,51.1949632883288,71.44123238931239,511,34.48696512831636,35,55.762050637788114,0,FREE_FLOW,local,City Center
2025-09-17 12:31:15.549655,road_0018,51.15447620767163,71.43400349958901,1500,37.322789002665765,45,99.94972996088644,0,FREE_FLOW,collector,City Center
2025-09-17 12:31:15.549655,road_0019,51.117113160490625,71.37143752439205,567,31.419425582237704,35,69.40292652591317,0,FREE_FLOW,local,Left Bank
2025-09-17 12:36:15.549655,road_0000,51.14858964026895,71.43899067721357,736,45.0,45,54.17785920490323,0,FREE_FLOW,collector,City Center
2025-09-17 12:36:15.549655,road_0001,51.19558998501542,71.45756838173378,1534,58.4327589218479,60,54.252216633020446,0,FREE_FLOW,arterial,City Center
2025-09-17 12:36:15.549655,road_0002,51.21222340415979,71.47718542988797,304,33.209239886995746,35,39.67933762948972,0,FREE_FLOW,local,Right Bank
2025-09-17 12:36:15.549655,road_0003,51.147142431523605,71.42424835420817,1500,38.017133916978736,45,95.37478672772104,0,FREE_FLOW,collector,Left Bank
2025-09-17 12:36:15.549655,road_0004,51.194896034828155,71.42672451599276,1500,39.68267422802198,45,94.07536224146449,0,FREE_FLOW,collector,City Center
2025-09-17 12:36:15.549655,road_0005,51.13145373025382,71.42743582937553,966,45.0,45,62.606199998696695,0,FREE_FLOW,collector,Left Bank
2025-09-17 12:36:15.549655,road_0006,51.14525858091126,71.40871681129984,1500,35.33971059414774,45,100.0,1,LIGHT,collector,Left Bank
2025-09-17 12:36:15.549655,road_0007,51.13560924762398,71.46282559050066,1032,40.44062506616177,45,75.54654268774615,0,FREE_FLOW,collector,Right Bank
2025-09-17 12:36:15.549655,road_0008,51.106594323500836,71.4923767530675,837,42.48265262471753,45,48.27630436052052,0,FREE_FLOW,collector,Esil District
2025-09-17 12:36:15.549655,road_0009,51.1749541456762,71.45018304431642,1483,59.975406988080486,60,55.496063057428685,0,FREE_FLOW,arterial,City Center
2025-09-17 12:36:15.549655,road_0010,51.204215781196154,71.42542980013923,922,45.0,45,57.430093749227304,0,FREE_FLOW,collector,Right Bank
2025-09-17 12:36:15.549655,road_0011,51.14911362341584,71.45849757916488,1937,51.48621277331265,60,75.92534158153703,0,FREE_FLOW,arterial,City Center
2025-09-17 12:36:15.549655,road_0012,51.14285817159553,71.49500780438362,962,60.0,60,29.894074837560225,0,FREE_FLOW,arterial,Esil District
2025-09-17 12:36:15.549655,road_0013,51.178395080248016,71.44450085336713,718,45.0,45,43.078780434195615,0,FREE_FLOW,collector,Esil District
2025-09-17 12:36:15.549655,road_0014,51.22329556186777,71.40648282801608,680,45.0,45,36.88953631366479,0,FREE_FLOW,collector,Right Bank
2025-09-17 12:36:15.549655,road_0015,51.20247308795898,71.43455351818268,950,43.23685593920346,45,55.19202704145191,0,FREE_FLOW,collector,Right Bank
2025-09-17 12:36:15.549655,road_0016,51.16488352763151,71.45530260780878,1426,39.20156660951078,45,97.62267238396907,0,FREE_FLOW,collector,City Center
2025-09-17 12:36:15.549655,road_0017,51.1949632883288,71.44123238931239,715,34.55193537349543,35,93.34810117109495,0,FREE_FLOW,local,City Center
2025-09-17 12:36:15.549655,road_0018,51.15447620767163,71.43400349958901,882,45.0,45,53.19496655350416,0,FREE_FLOW,collector,City Center
2025-09-17 12:36:15.549655,road_0019,51.117113160490625,71.37143752439205,614,33.09339341706516,35,74.7085105121966,0,FREE_FLOW,local,Left Bank
2025-09-17 12:41:15.549655,road_0000,51.14858964026895,71.43899067721357,1462,42.02480348673359,45,97.50731251595053,0,FREE_FLOW,collector,City Center
2025-09-17 12:41:15.549655,road_0001,51.19558998501542,71.45756838173378,2386,51.636288393557436,60,100.0,0,FREE_FLOW,arterial,City Center
2025-09-17 12:41:15.549655,road_0002,51.21222340415979,71.47718542988797,441,35.0,35,54.350310710353945,0,FREE_FLOW,local,Right Bank
2025-09-17 12:41:15.549655,road_0003,51.147142431523605,71.42424835420817,1119,41.381810406704126,45,73.41880955557824,0,FREE_FLOW,collector,Left Bank
2025-09-17 12:41:15.549655,road_0004,51.194896034828155,71.42672451599276,1247,43.66084257660945,45,74.34697373027815,0,FREE_FLOW,collector,City Center
2025-09-17 12:41:15.549655,road_0005,51.13145373025382,71.42743582937553,921,41.84814091211509,45,58.67851372744704,0,FREE_FLOW,collector,Left Bank
2025-09-17 12:41:15.549655,road_0006,51.14525858091126,71.40871681129984,976,40.90106413627891,45,72.04689119513374,0,FREE_FLOW,collector,Left Bank
2025-09-17 12:41:15.549655,road_0007,51.13560924762398,71.46282559050066,709,45.0,45,38.18071384080507,0,FREE_FLOW,collector,Right Bank
2025-09-17 12:41:15.549655,road_0008,51.106594323500836,71.4923767530675,577,43.888997959185275,45,46.324783161960326,0,FREE_FLOW,collector,Esil District
2025-09-17 12:41:15.549655,road_0009,51.1749541456762,71.45018304431642,2303,54.70050405762438,60,86.61262703012135,0,FREE_FLOW,arterial,City Center
2025-09-17 12:41:15.549655,road_0010,51.204215781196154,71.42542980013923,723,44.43399526197095,45,54.72317664039393,0,FREE_FLOW,collector,Right Bank
2025-09-17 12:41:15.549655,road_0011,51.14911362341584,71.45849757916488,2500,47.61282220537922,60,100.0,1,LIGHT,arterial,City Center
2025-09-17 12:41:15.549655,road_0012,51.14285817159553,71.49500780438362,802,60.0,60,29.513502645309508,0,FREE_FLOW,arterial,Esil District
2025-09-17 12:41:15.549655,road_0013,51.178395080248016,71.44450085336713,890,43.63426076989155,45,49.59101085599498,0,FREE_FLOW,collector,Esil District
2025-09-17 12:41:15.549655,road_0014,51.22329556186777,71.40648282801608,735,43.77542879676227,45,56.70420349510829,0,FREE_FLOW,collector,Right Bank
2025-09-17 12:41:15.549655,road_0015,51.20247308795898,71.43455351818268,1102,44.778820364019396,45,73.22109152593893,0,FREE_FLOW,collector,Right Bank
2025-09-17 12:41:15.549655,road_0016,51.16488352763151,71.45530260780878,959,42.94742918134982,45,73.27690900687065,0,FREE_FLOW,collector,City Center
2025-09-17 12:41:15.549655,road_0017,51.1949632883288,71.44123238931239,589,35.0,35,76.0712155472611,0,FREE_FLOW,local,City Center
2025-09-17 12:41:15.549655,road_0018,51.15447620767163,71.43400349958901,1500,38.79468031669838,45,100.0,0,FREE_FLOW,collector,City Center
2025-09-17 12:41:15.549655,road_0019,51.117113160490625,71.37143752439205,372,35.0,35,41.35970599864292,0,FREE_FLOW,local,Left Bank
2025-09-17 12:46:15.549655,road_0000,51.14858964026895,71.43899067721357,1500,42.89907541102954,45,98.0610498976126,0,FREE_FLOW,collector,City Center
2025-09-17 12:46:15.549655,road_0001,51.19558998501542,71.45756838173378,2500,56.1246176518385,60,99.05250587508617,0,FREE_FLOW,arterial,City Center
2025-09-17 12:46:15.549655,road_0002,51.21222340415979,71.47718542988797,295,35.0,35,28.66230526372656,0,FREE_FLOW,local,Right Bank
2025-09-17 12:46:15.549655,road_0003,51.147142431523605,71.42424835420817,887,45.0,45,49.304353620935025,0,FREE_FLOW,collector,Left Bank
2025-09-17 12:46:15.549655,road_0004,51.194896034828155,71.42672451599276,759,45.0,45,59.85851384759843,0,FREE_FLOW,collector,City Center
2025-09-17 12:46:15.549655,road_0005,51.13145373025382,71.42743582937553,1500,36.382704874066306,45,91.60383026088422,0,FREE_FLOW,collector,Left Bank
2025-09-17 12:46:15.549655,road_0006,51.14525858091126,71.40871681129984,1500,40.618587910769065,45,100.0,0,FREE_FLOW,collector,Left Bank
2025-09-17 12:46:15.549655,road_0007,51.13560924762398,71.46282559050066,921,45.0,45,64.49008321666075,0,FREE_FLOW,collector,Right Bank
2025-09-17 12:46:15.549655,road_0008,51.106594323500836,71.4923767530675,766,45.0,45,46.93220394280719,0,FREE_FLOW,collector,Esil District
2025-09-17 12:46:15.549655,road_0009,51.1749541456762,71.45018304431642,2500,56.11845344373416,60,100.0,0,FREE_FLOW,arterial,City Center
2025-09-17 12:46:15.549655,road_0010,51.204215781196154,71.42542980013923,943,42.74509993239895,45,59.527143730509785,0,FREE_FLOW,collector,Right Bank
2025-09-17 12:46:15.549655,road_0011,51.14911362341584,71.45849757916488,1703,59.52929392835951,60,66.36386566323958,0,FREE_FLOW,arterial,City Center
2025-09-17 12:46:15.549655,road_0012,51.14285817159553,71.49500780438362,1051,57.750674323099844,60,32.99641018840016,0,FREE_FLOW,arterial,Esil District
2025-09-17 12:46:15.549655,road_0013,51.178395080248016,71.44450085336713,746,42.42268110509981,45,58.5111063004708,0,FREE_FLOW,collector,Esil District
2025-09-17 12:46:15.549655,road_0014,51.22329556186777,71.40648282801608,446,42.576103465578825,45,24.23411960017515,0,FREE_FLOW,collector,Right Bank
2025-09-17 12:46:15.549655,road_0015,51.20247308795898,71.43455351818268,753,44.712349976310065,45,45.183739325506835,0,FREE_FLOW,collector,Right Bank
2025-09-17 12:46:15.549655,road_0016,51.16488352763151,71.45530260780878,1343,40.08625422211859,45,88.21445863052443,0,FREE_FLOW,collector,City Center
2025-09-17 12:46:15.549655,road_0017,51.1949632883288,71.44123238931239,800,29.274681033214453,35,100.0,0,FREE_FLOW,local,City Center
2025-09-17 12:46:15.549655,road_0018,51.15447620767163,71.43400349958901,1217,42.33934539875888,45,80.52410287853081,0,FREE_FLOW,collector,City Center
2025-09-17 12:46:15.549655,road_0019,51.117113160490625,71.37143752439205,586,35.0,35,77.10706689009372,0,FREE_FLOW,local,Left Bank
2025-09-17 12:51:15.549655,road_0000,51.14858964026895,71.43899067721357,1500,41.302968876054464,45,100.0,0,FREE_FLOW,collector,City Center
2025-09-17 12:51:15.549655,road_0001,51.19558998501542,71.45756838173378,2500,53.71983127125001,60,100.0,0,FREE_FLOW,arterial,City Center
2025-09-17 12:51:15.549655,road_0002,51.21222340415979,71.47718542988797,294,34.298867111408406,35,44.25177303294504,0,FREE_FLOW,local,Right Bank
2025-09-17 12:51:15.549655,road_0003,51.147142431523605,71.42424835420817,861,44.677947059863335,45,52.179668506171325,0,FREE_FLOW,collector,Left Bank
2025-09-17 12:51:15.549655,road_0004,51.194896034828155,71.42672451599276,1500,41.924667231312206,45,96.17178794502745,0,FREE_FLOW,collector,City Center
2025-09-17 12:51:15.549655,road_0005,51.13145373025382,71.42743582937553,676,40.55658591515515,45,51.64149451621708,0,FREE_FLOW,collector,Left Bank
2025-09-17 12:51:15.549655,road_0006,51.14525858091126,71.40871681129984,1241,40.16037541628096,45,79.500696721878,0,FREE_FLOW,collector,Left Bank
2025-09-17 12:51:15.549655,road_0007,51.13560924762398,71.46282559050066,951,43.61170573689532,45,55.87455054741439,0,FREE_FLOW,collector,Right Bank
2025-09-17 12:51:15.549655,road_0008,51.106594323500836,71.4923767530675,734,43.198460883846906,45,41.575372210793525,0,FREE_FLOW,collector,Esil District
2025-09-17 12:51:15.549655,road_0009,51.1749541456762,71.45018304431642,2166,60.0,60,81.33082567646557,0,FREE_FLOW,arterial,City Center
2025-09-17 12:51:15.549655,road_0010,51.204215781196154,71.42542980013923,497,41.09018142161034,45,31.776516616781393,0,FREE_FLOW,collector,Right Bank
2025-09-17 12:51:15.549655,road_0011,51.14911362341584,71.45849757916488,1112,54.56514511763763,60,40.40895005579682,0,FREE_FLOW,arterial,City Center
2025-09-17 12:51:15.549655,road_0012,51.14285817159553,71.49500780438362,839,60.0,60,29.327152370120707,0,FREE_FLOW,arterial,Esil District
2025-09-17 12:51:15.549655,road_0013,51.178395080248016,71.44450085336713,700,45.0,45,50.59506379759613,0,FREE_FLOW,collector,Esil District
2025-09-17 12:51:15.549655,road_0014,51.22329556186777,71.40648282801608,933,45.0,45,64.51155338715711,0,FREE_FLOW,collector,Right Bank
2025-09-17 12:51:15.549655,road_0015,51.20247308795898,71.43455351818268,886,45.0,45,51.57498541735006,0,FREE_FLOW,collector,Right Bank
2025-09-17 12:51:15.549655,road_0016,51.16488352763151,71.45530260780878,952,41.14296833677895,45,73.24226763378158,0,FREE_FLOW,collector,City Center
2025-09-17 12:51:15.549655,road_0017,51.1949632883288,71.44123238931239,800,30.87918400635388,35,99.90964430384193,0,FREE_FLOW,local,City Center
2025-09-17 12:51:15.549655,road_0018,51.15447620767163,71.43400349958901,1275,44.83265119835156,45,87.60205267290003,0,FREE_FLOW,collector,City Center
2025-09-17 12:51:15.549655,road_0019,51.117113160490625,71.37143752439205,800,31.874199498311746,35,100.0,0,FREE_FLOW,local,Left Bank
2025-09-17 12:56:15.549655,road_0000,51.14858964026895,71.43899067721357,1126,39.765985261683895,45,78.73692696653984,0,FREE_FLOW,collector,City Center
2025-09-17 12:56:15.549655,road_0001,51.19558998501542,71.45756838173378,2500,56.032099984630904,60,99.06991841962311,0,FREE_FLOW,arterial,City Center
2025-09-17 12:56:15.549655,road_0002,51.21222340415979,71.47718542988797,251,32.5043618925521,35,27.095682232717415,0,FREE_FLOW,local,Right Bank
2025-09-17 12:56:15.549655,road_0003,51.147142431523605,71.42424835420817,1500,41.432175980189754,45,100.0,0,FREE_FLOW,collector,Left Bank
2025-09-17 12:56:15.549655,road_0004,51.194896034828155,71.42672451599276,1169,39.173830872716124,45,70.77626997227037,0,FREE_FLOW,collector,City Center
2025-09-17 12:56:15.549655,road_0005,51.13145373025382,71.42743582937553,1362,40.442058047416,45,89.62135617960791,0,FREE_FLOW,collector,Left Bank
2025-09-17 12:56:15.549655,road_0006,51.14525858091126,71.40871681129984,1500,36.504062818725835,45,99.79745767035291,0,FREE_FLOW,collector,Left Bank
2025-09-17 12:56:15.549655,road_0007,51.13560924762398,71.46282559050066,883,42.22859272334735,45,57.128911713541214,0,FREE_FLOW,collector,Right Bank
2025-09-17 12:56:15.549655,road_0008,51.106594323500836,71.4923767530675,461,45.0,45,28.123870890126238,0,FREE_FLOW,collector,Esil District
2025-09-17 12:56:15.549655,road_0009,51.1749541456762,71.45018304431642,2500,55.81696426594746,60,93.92889290785604,0,FREE_FLOW,arterial,City Center
2025-09-17 12:56:15.549655,road_0010,51.204215781196154,71.42542980013923,921,43.94938308226784,45,63.27305188168089,0,FREE_FLOW,collector,Right Bank
2025-09-17 12:56:15.549655,road_0011,51.14911362341584,71.45849757916488,2500,51.89605156525569,60,100.0,0,FREE_FLOW,arterial,City Center
2025-09-17 12:56:15.549655,road_0012,51.14285817159553,71.49500780438362,1213,57.664593776767596,60,46.65369566947848,0,FREE_FLOW,arterial,Esil District
2025-09-17 12:56:15.549655,road_0013,51.178395080248016,71.44450085336713,1032,45.0,45,73.51042519899238,0,FREE_FLOW,collector,Esil District
2025-09-17 12:56:15.549655,road_0014,51.22329556186777,71.40648282801608,615,45.0,45,44.73168347166016,0,FREE_FLOW,collector,Right Bank
2025-09-17 12:56:15.549655,road_0015,51.20247308795898,71.43455351818268,754,45.0,45,47.41766621039572,0,FREE_FLOW,collector,Right Bank
2025-09-17 12:56:15.549655,road_0016,51.16488352763151,71.45530260780878,900,41.86356803799845,45,62.28839406693058,0,FREE_FLOW,collector,City Center
2025-09-17 12:56:15.549655,road_0017,51.1949632883288,71.44123238931239,800,30.8090964194116,35,100.0,0,FREE_FLOW,local,City Center
2025-09-17 12:56:15.549655,road_0018,51.15447620767163,71.43400349958901,1500,38.55752784564537,45,90.45259900107331,0,FREE_FLOW,collector,City Center
2025-09-17 12:56:15.549655,road_0019,51.117113160490625,71.37143752439205,741,34.42369159111781,35,86.77404008861369,0,FREE_FLOW,local,Left Bank
2025-09-17 13:01:15.549655,road_0000,51.14858964026895,71.43899067721357,1500,40.114981764839335,45,100.0,0,FREE_FLOW,collector,City Center
2025-09-17 13:01:15.549655,road_0001,51.19558998501542,71.45756838173378,2491,47.996367093501476,60,100.0,1,LIGHT,arterial,City Center
2025-09-17 13:01:15.549655,road_0002,51.21222340415979,71.47718542988797,471,35.0,35,61.53419339123569,0,FREE_FLOW,local,Right Bank
2025-09-17 13:01:15.549655,road_0003,51.147142431523605,71.42424835420817,1500,40.36050907520249,45,100.0,0,FREE_FLOW,collector,Left Bank
2025-09-17 13:01:15.549655,road_0004,51.194896034828155,71.42672451599276,1198,41.50043640611457,45,71.55763720887168,0,FREE_FLOW,collector,City Center
2025-09-17 13:01:15.549655,road_0005,51.13145373025382,71.42743582937553,1462,36.64535479417794,45,92.17158921932793,0,FREE_FLOW,collector,Left Bank
2025-09-17 13:01:15.549655,road_0006,51.14525858091126,71.40871681129984,1260,41.56005835550035,45,75.06264082038527,0,FREE_FLOW,collector,Left Bank
2025-09-17 13:01:15.549655,road_0007,51.13560924762398,71.46282559050066,400,41.41067760289575,45,35.74271972695519,0,FREE_FLOW,collector,Right Bank
2025-09-17 13:01:15.549655,road_0008,51.106594323500836,71.4923767530675,293,40.600503732281496,45,23.367060632043874,0,FREE_FLOW,collector,Esil District
2025-09-17 13:01:15.549655,road_0009,51.1749541456762,71.45018304431642,2377,58.066557634498125,60,86.45740543099467,0,FREE_FLOW,arterial,City Center
2025-09-17 13:01:15.549655,road_0010,51.204215781196154,71.42542980013923,412,42.65902751799586,45,29.56325838813057,0,FREE_FLOW,collector,Right Bank
2025-09-17 13:01:15.549655,road_0011,51.14911362341584,71.45849757916488,1343,60.0,60,51.137057731173066,0,FREE_FLOW,arterial,City Center
2025-09-17 13:01:15.549655,road_0012,51.14285817159553,71.49500780438362,843,55.67206842740323,60,30.247536146945514,0,FREE_FLOW,arterial,Esil District
2025-09-17 13:01:15.549655,road_0013,51.178395080248016,71.44450085336713,880,42.005275276011375,45,65.46118948787976,0,FREE_FLOW,collector,Esil District
2025-09-17 13:01:15.549655,road_0014,51.22329556186777,71.40648282801608,664,43.80153374493225,45,46.85936680991639,0,FREE_FLOW,collector,Right Bank
2025-09-17 13:01:15.549655,road_0015,51.20247308795898,71.43455351818268,501,42.64928882753309,45,35.385376674940275,0,FREE_FLOW,collector,Right Bank
2025-09-17 13:01:15.549655,road_0016,51.16488352763151,71.45530260780878,985,43.630101017261524,45,60.79546352844234,0,FREE_FLOW,collector,City Center
2025-09-17 13:01:15.549655,road_0017,51.1949632883288,71.44123238931239,800,30.532642665628146,35,95.90320273208184,0,FREE_FLOW,local,City Center
2025-09-17 13:01:15.549655,road_0018,51.15447620767163,71.43400349958901,743,42.39886619605111,45,42.23888533095889,0,FREE_FLOW,collector,City Center
2025-09-17 13:01:15.549655,road_0019,51.117113160490625,71.37143752439205,440,32.970564856879555,35,60.94477352370916,0,FREE_FLOW,local,Left Bank
2025-09-17 13:06:15.549655,road_0000,51.14858964026895,71.43899067721357,948,45.0,45,60.55692241157965,0,FREE_FLOW,collector,City Center
2025-09-17 13:06:15.549655,road_0001,51.19558998501542,71.45756838173378,1763,55.60463267101706,60,70.48332939483596,0,FREE_FLOW,arterial,City Center
2025-09-17 13:06:15.549655,road_0002,51.21222340415979,71.47718542988797,522,31.03807605783398,35,69.66993520599992,0,FREE_FLOW,local,Right Bank
2025-09-17 13:06:15.549655,road_0003,51.147142431523605,71.42424835420817,1288,42.94733187961528,45,77.7027979482598,0,FREE_FLOW,collector,Left Bank
2025-09-17 13:06:15.549655,road_0004,51.194896034828155,71.42672451599276,956,40.42348431921808,45,67.89156610843337,0,FREE_FLOW,collector,City Center
2025-09-17 13:06:15.549655,road_0005,51.13145373025382,71.42743582937553,785,42.01808881758218,45,51.325731546340535,0,FREE_FLOW,collector,Left Bank
2025-09-17 13:06:15.549655,road_0006,51.14525858091126,71.40871681129984,1183,39.749665214161716,45,76.96804667921278,0,FREE_FLOW,collector,Left Bank
2025-09-17 13:06:15.549655,road_0007,51.13560924762398,71.46282559050066,714,42.60944118050786,45,50.67070616739632,0,FREE_FLOW,collector,Right Bank
2025-09-17 13:06:15.549655,road_0008,51.106594323500836,71.4923767530675,320,42.551456242735306,45,17.532836825120505,0,FREE_FLOW,collector,Esil District
2025-09-17 13:06:15.549655,road_0009,51.1749541456762,71.45018304431642,2079,58.92388289835874,60,79.06039528719559,0,FREE_FLOW,arterial,City Center
2025-09-17 13:06:15.549655,road_0010,51.204215781196154,71.42542980013923,442,43.01953383407318,45,24.403403423435634,0,FREE_FLOW,collector,Right Bank
2025-09-17 13:06:15.549655,road_0011,51.14911362341584,71.45849757916488,2466,49.314430175325334,60,100.0,0,FREE_FLOW,arterial,City Center
2025-09-17 13:06:15.549655,road_0012,51.14285817159553,71.49500780438362,909,58.931733506903484,60,44.06565862207033,0,FREE_FLOW,arterial,Esil District
2025-09-17 13:06:15.549655,road_0013,51.178395080248016,71.44450085336713,891,41.34157378930602,45,66.07083118861888,0,FREE_FLOW,collector,Esil District
2025-09-17 13:06:15.549655,road_0014,51.22329556186777,71.40648282801608,860,42.33296114354777,45,66.8565323615338,0,FREE_FLOW,collector,Right Bank
2025-09-17 13:06:15.549655,road_0015,51.20247308795898,71.43455351818268,882,43.57632515460843,45,58.37141181702165,0,FREE_FLOW,collector,Right Bank
2025-09-17 13:06:15.549655,road_0016,51.16488352763151,71.45530260780878,1101,45.0,45,75.34407791916679,0,FREE_FLOW,collector,City Center
2025-09-17 13:06:15.549655,road_0017,51.1949632883288,71.44123238931239,800,30.53045011935852,35,100.0,0,FREE_FLOW,local,City Center
2025-09-17 13:06:15.549655,road_0018,51.15447620767163,71.43400349958901,1500,38.22135585883012,45,95.46336026631917,0,FREE_FLOW,collector,City Center
2025-09-17 13:06:15.549655,road_0019,51.117113160490625,71.37143752439205,509,32.81556715803139,35,70.32801928447755,0,FREE_FLOW,local,Left Bank
2025-09-17 13:11:15.549655,road_0000,51.14858964026895,71.43899067721357,1197,38.75372558989484,45,78.43253070500612,0,FREE_FLOW,collector,City Center
2025-09-17 13:11:15.549655,road_0001,51.19558998501542,71.45756838173378,1380,60.0,60,53.29583005202983,0,FREE_FLOW,arterial,City Center
2025-09-17 13:11:15.549655,road_0002,51.21222340415979,71.47718542988797,357,32.63921633370955,35,36.51071837526929,0,FREE_FLOW,local,Right Bank
2025-09-17 13:11:15.549655,road_0003,51.147142431523605,71.42424835420817,1058,45.0,45,64.4172151337192,0,FREE_FLOW,collector,Left Bank
2025-09-17 13:11:15.549655,road_0004,51.194896034828155,71.42672451599276,1043,45.0,45,66.28042027309695,0,FREE_FLOW,collector,City Center
2025-09-17 13:11:15.549655,road_0005,51.13145373025382,71.42743582937553,868,41.223079726225556,45,66.00244934352634,0,FREE_FLOW,collector,Left Bank
2025-09-17 13:11:15.549655,road_0006,51.14525858091126,71.40871681129984,1500,37.18951699227323,45,94.46355029115055,0,FREE_FLOW,collector,Left Bank
2025-09-17 13:11:15.549655,road_0007,51.13560924762398,71.46282559050066,721,42.94534155583512,45,52.37577796790028,0,FREE_FLOW,collector,Right Bank
2025-09-17 13:11:15.549655,road_0008,51.106594323500836,71.4923767530675,646,44.22292998791084,45,38.049678031693034,0,FREE_FLOW,collector,Esil District
2025-09-17 13:11:15.549655,road_0009,51.1749541456762,71.45018304431642,2500,48.021426243136084,60,100.0,0,FREE_FLOW,arterial,City Center
2025-09-17 13:11:15.549655,road_0010,51.204215781196154,71.42542980013923,450,43.9446228429779,45,32.25966985321361,0,FREE_FLOW,collector,Right Bank
2025-09-17 13:11:15.549655,road_0011,51.14911362341584,71.45849757916488,2500,49.46436153128592,60,100.0,0,FREE_FLOW,arterial,City Center
2025-09-17 13:11:15.549655,road_0012,51.14285817159553,71.49500780438362,1452,60.0,60,58.19288941816854,0,FREE_FLOW,arterial,Esil District
2025-09-17 13:11:15.549655,road_0013,51.178395080248016,71.44450085336713,767,42.275282758134345,45,46.04992089135155,0,FREE_FLOW,collector,Esil District
2025-09-17 13:11:15.549655,road_0014,51.22329556186777,71.40648282801608,992,40.57292744367287,45,73.81109706275502,0,FREE_FLOW,collector,Right Bank
2025-09-17 13:11:15.549655,road_0015,51.20247308795898,71.43455351818268,728,45.0,45,57.803602825643466,0,FREE_FLOW,collector,Right Bank
2025-09-17 13:11:15.549655,road_0016,51.16488352763151,71.45530260780878,807,41.64307603574584,45,56.79611587220575,0,FREE_FLOW,collector,City Center
2025-09-17 13:11:15.549655,road_0017,51.1949632883288,71.44123238931239,800,33.32243383163108,35,90.09033285585959,0,FREE_FLOW,local,City Center
2025-09-17 13:11:15.549655,road_0018,51.15447620767163,71.43400349958901,1135,44.87159173415521,45,71.21814794912096,0,FREE_FLOW,collector,City Center
2025-09-17 13:11:15.549655,road_0019,51.117113160490625,71.37143752439205,545,32.898547396042645,35,68.19338973243072,0,FREE_FLOW,local,Left Bank
2025-09-17 13:16:15.549655,road_0000,51.14858964026895,71.43899067721357,1070,40.202968356328284,45,74.09826889114781,0,FREE_FLOW,collector,City Center
2025-09-17 13:16:15.549655,road_0001,51.19558998501542,71.45756838173378,2485,50.696554518767236,60,94.93869879658583,0,FREE_FLOW,arterial,City Center
2025-09-17 13:16:15.549655,road_0002,51.21222340415979,71.47718542988797,200,34.01292912031482,35,31.94876312154681,0,FREE_FLOW,local,Right Bank
2025-09-17 13:16:15.549655,road_0003,51.147142431523605,71.42424835420817,1051,45.0,45,74.55232660836151,0,FREE_FLOW,collector,Left Bank
2025-09-17 13:16:15.549655,road_0004,51.194896034828155,71.42672451599276,1406,37.38468527995449,45,100.0,0,FREE_FLOW,collector,City Center
2025-09-17 13:16:15.549655,road_0005,51.13145373025382,71.42743582937553,1369,37.39926179831102,45,100.0,0,FREE_FLOW,collector,Left Bank
2025-09-17 13:16:15.549655,road_0006,51.14525858091126,71.40871681129984,1500,36.37230622088543,45,100.0,0,FREE_FLOW,collector,Left Bank
2025-09-17 13:16:15.549655,road_0007,51.13560924762398,71.46282559050066,748,45.0,45,51.57793626994108,0,FREE_FLOW,collector,Right Bank
2025-09-17 13:16:15.549655,road_0008,51.106594323500836,71.4923767530675,364,45.0,45,21.403510453517484,0,FREE_FLOW,collector,Esil District
2025-09-17 13:16:15.549655,road_0009,51.1749541456762,71.45018304431642,2500,54.62460183334909,60,100.0,0,FREE_FLOW,arterial,City Center
2025-09-17 13:16:15.549655,road_0010,51.204215781196154,71.42542980013923,740,45.0,45,55.28739944540763,0,FREE_FLOW,collector,Right Bank
2025-09-17 13:16:15.549655,road_0011,51.14911362341584,71.45849757916488,2500,55.16152169943788,60,100.0,0,FREE_FLOW,arterial,City Center
2025-09-17 13:16:15.549655,road_0012,51.14285817159553,71.49500780438362,944,59.73819623461946,60,45.496028133834685,0,FREE_FLOW,arterial,Esil District
2025-09-17 13:16:15.549655,road_0013,51.178395080248016,71.44450085336713,872,41.705160352333515,45,55.872059733766335,0,FREE_FLOW,collector,Esil District
2025-09-17 13:16:15.549655,road_0014,51.22329556186777,71.40648282801608,566,45.0,45,46.16595523074483,0,FREE_FLOW,collector,Right Bank
2025-09-17 13:16:15.549655,road_0015,51.20247308795898,71.43455351818268,846,43.60826443986308,45,47.64154062676366,0,FREE_FLOW,collector,Right Bank
2025-09-17 13:16:15.549655,road_0016,51.16488352763151,71.45530260780878,1500,35.680699182120115,45,100.0,1,LIGHT,collector,City Center
2025-09-17 13:16:15.549655,road_0017,51.1949632883288,71.44123238931239,541,30.691427288645986,35,61.844688718017444,0,FREE_FLOW,local,City Center
2025-09-17 13:16:15.549655,road_0018,51.15447620767163,71.43400349958901,1088,43.61425339162735,45,73.17678498991228,0,FREE_FLOW,collector,City Center
2025-09-17 13:16:15.549655,road_0019,51.117113160490625,71.37143752439205,468,32.22983719037475,35,52.810972029261414,0,FREE_FLOW,local,Left Bank
2025-09-17 13:21:15.549655,road_0000,51.14858964026895,71.43899067721357,1500,36.567574142130916,45,94.75053103330892,0,FREE_FLOW,collector,City Center
2025-09-17 13:21:15.549655,road_0001,51.19558998501542,71.45756838173378,2027,58.488108097784995,60,75.35240037042898,0,FREE_FLOW,arterial,City Center
2025-09-17 13:21:15.549655,road_0002,51.21222340415979,71.47718542988797,274,35.0,35,29.140377333022226,0,FREE_FLOW,local,Right Bank
2025-09-17 13:21:15.549655,road_0003,51.147142431523605,71.42424835420817,631,45.0,45,45.33298475321911,0,FREE_FLOW,collector,Left Bank
2025-09-17 13:21:15.549655,road_0004,51.194896034828155,71.42672451599276,1500,40.8797030478428,45,92.57211491275248,0,FREE_FLOW,collector,City Center
2025-09-17 13:21:15.549655,road_0005,51.13145373025382,71.42743582937553,959,45.0,45,56.740404748725105,0,FREE_FLOW,collector,Left Bank
2025-09-17 13:21:15.549655,road_0006,51.14525858091126,71.40871681129984,1018,44.36651627337554,45,73.63599643042595,0,FREE_FLOW,collector,Left Bank
2025-09-17 13:21:15.549655,road_0007,51.13560924762398,71.46282559050066,507,45.0,45,42.37870022112272,0,FREE_FLOW,collector,Right Bank
2025-09-17 13:21:15.549655,road_0008,51.106594323500836,71.4923767530675,427,42.08612361980767,45,22.985956596853544,0,FREE_FLOW,collector,Esil District
2025-09-17 13:21:15.549655,road_0009,51.1749541456762,71.45018304431642,2282,49.44772101661774,60,84.87981459656928,0,FREE_FLOW,arterial,City Center
2025-09-17 13:21:15.549655,road_0010,51.204215781196154,71.42542980013923,483,45.0,45,23.54959245090572,0,FREE_FLOW,collector,Right Bank
2025-09-17 13:21:15.549655,road_0011,51.14911362341584,71.45849757916488,1681,60.0,60,60.36123886298134,0,FREE_FLOW,arterial,City Center
2025-09-17 13:21:15.549655,road_0012,51.14285817159553,71.49500780438362,747,60.0,60,27.11093008587209,0,FREE_FLOW,arterial,Esil District
2025-09-17 13:21:15.549655,road_0013,51.178395080248016,71.44450085336713,814,44.85595777688394,45,62.105839447918115,0,FREE_FLOW,collector,Esil District
2025-09-17 13:21:15.549655,road_0014,51.22329556186777,71.40648282801608,907,45.0,45,67.93225947315969,0,FREE_FLOW,collector,Right Bank
2025-09-17 13:21:15.549655,road_0015,51.20247308795898,71.43455351818268,1052,40.130719252531286,45,66.29003573247321,0,FREE_FLOW,collector,Right Bank
2025-09-17 13:21:15.549655,road_0016,51.16488352763151,71.45530260780878,1500,35.59987241931977,45,100.0,1,LIGHT,collector,City Center
2025-09-17 13:21:15.549655,road_0017,51.1949632883288,71.44123238931239,800,30.754721715090593,35,97.3831941313146,0,FREE_FLOW,local,City Center
2025-09-17 13:21:15.549655,road_0018,51.15447620767163,71.43400349958901,1500,36.62067573806798,45,95.98310682801747,0,FREE_FLOW,collector,City Center
2025-09-17 13:21:15.549655,road_0019,51.117113160490625,71.37143752439205,628,35.0,35,69.61393450360464,0,FREE_FLOW,local,Left Bank
2025-09-17 13:26:15.549655,road_0000,51.14858964026895,71.43899067721357,1344,41.48994034134846,45,85.84065685986944,0,FREE_FLOW,collector,City Center
2025-09-17 13:26:15.549655,road_0001,51.19558998501542,71.45756838173378,1561,60.0,60,57.74070165350366,0,FREE_FLOW,arterial,City Center
2025-09-17 13:26:15.549655,road_0002,51.21222340415979,71.47718542988797,244,34.11582663434444,35,30.854191795603068,0,FREE_FLOW,local,Right Bank
2025-09-17 13:26:15.549655,road_0003,51.147142431523605,71.42424835420817,555,45.0,45,42.843433395783876,0,FREE_FLOW,collector,Left Bank
2025-09-17 13:26:15.549655,road_0004,51.194896034828155,71.42672451599276,1039,44.93832143698149,45,75.52811562427675,0,FREE_FLOW,collector,City Center
2025-09-17 13:26:15.549655,road_0005,51.13145373025382,71.42743582937553,624,45.0,45,32.95599685894792,0,FREE_FLOW,collector,Left Bank
2025-09-17 13:26:15.549655,road_0006,51.14525858091126,71.40871681129984,1061,45.0,45,73.36787696560057,0,FREE_FLOW,collector,Left Bank
2025-09-17 13:26:15.549655,road_0007,51.13560924762398,71.46282559050066,957,39.54470247109604,45,65.68831969831699,0,FREE_FLOW,collector,Right Bank
2025-09-17 13:26:15.549655,road_0008,51.106594323500836,71.4923767530675,455,45.0,45,22.889804336621648,0,FREE_FLOW,collector,Esil District
2025-09-17 13:26:15.549655,road_0009,51.1749541456762,71.45018304431642,1932,55.379501676947534,60,71.78724344160368,0,FREE_FLOW,arterial,City Center
2025-09-17 13:26:15.549655,road_0010,51.204215781196154,71.42542980013923,985,45.0,45,62.099057553182746,0,FREE_FLOW,collector,Right Bank
2025-09-17 13:26:15.549655,road_0011,51.14911362341584,71.45849757916488,2500,51.64226017674942,60,94.80873569393205,0,FREE_FLOW,arterial,City Center
2025-09-17 13:26:15.549655,road_0012,51.14285817159553,71.49500780438362,761,60.0,60,29.020741247136904,0,FREE_FLOW,arterial,Esil District
2025-09-17 13:26:15.549655,road_0013,51.178395080248016,71.44450085336713,466,45.0,45,32.08337469757238,0,FREE_FLOW,collector,Esil District
2025-09-17 13:26:15.549655,road_0014,51.22329556186777,71.40648282801608,821,45.0,45,64.1766178702664,0,FREE_FLOW,collector,Right Bank
2025-09-17 13:26:15.549655,road_0015,51.20247308795898,71.43455351818268,537,44.64692808644596,45,43.91611423410063,0,FREE_FLOW,collector,Right Bank
2025-09-17 13:26:15.549655,road_0016,51.16488352763151,71.45530260780878,1389,41.5676957630688,45,84.81188571569241,0,FREE_FLOW,collector,City Center
2025-09-17 13:26:15.549655,road_0017,51.1949632883288,71.44123238931239,637,32.71660770695654,35,75.7733670148897,0,FREE_FLOW,local,City Center
2025-09-17 13:26:15.549655,road_0018,51.15447620767163,71.43400349958901,716,44.233616310043885,45,46.6166467346407,0,FREE_FLOW,collector,City Center
2025-09-17 13:26:15.549655,road_0019,51.117113160490625,71.37143752439205,740,30.294989071129073,35,96.03720238280886,0,FREE_FLOW,local,Left Bank
2025-09-17 13:31:15.549655,road_0000,51.14858964026895,71.43899067721357,1195,41.35742374582448,45,80.90718193060036,0,FREE_FLOW,collector,City Center
2025-09-17 13:31:15.549655,road_0001,51.19558998501542,71.45756838173378,2495,56.76840431638474,60,100.0,0,FREE_FLOW,arterial,City Center
2025-09-17 13:31:15.549655,road_0002,51.21222340415979,71.47718542988797,567,32.79240169720981,35,64.67588578487579,0,FREE_FLOW,local,Right Bank
2025-09-17 13:31:15.549655,road_0003,51.147142431523605,71.42424835420817,951,45.0,45,67.0253281753133,0,FREE_FLOW,collector,Left Bank
2025-09-17 13:31:15.549655,road_0004,51.194896034828155,71.42672451599276,1500,42.237657578978876,45,100.0,0,FREE_FLOW,collector,City Center
2025-09-17 13:31:15.549655,road_0005,51.13145373025382,71.42743582937553,902,44.775921231859165,45,63.34079690017374,0,FREE_FLOW,collector,Left Bank
2025-09-17 13:31:15.549655,road_0006,51.14525858091126,71.40871681129984,1383,38.56304705446347,45,90.52561471987728,0,FREE_FLOW,collector,Left Bank
2025-09-17 13:31:15.549655,road_0007,51.13560924762398,71.46282559050066,799,40.555468467027,45,54.23874562962347,0,FREE_FLOW,collector,Right Bank
2025-09-17 13:31:15.549655,road_0008,51.106594323500836,71.4923767530675,713,42.42532885144218,45,52.377928806343064,0,FREE_FLOW,collector,Esil District
2025-09-17 13:31:15.549655,road_0009,51.1749541456762,71.45018304431642,2500,47.95050918949262,60,98.74145756482744,1,LIGHT,arterial,City Center
2025-09-17 13:31:15.549655,road_0010,51.204215781196154,71.42542980013923,791,45.0,45,54.72230873618676,0,FREE_FLOW,collector,Right Bank
2025-09-17 13:31:15.549655,road_0011,51.14911362341584,71.45849757916488,2500,48.311167018224346,60,100.0,0,FREE_FLOW,arterial,City Center
2025-09-17 13:31:15.549655,road_0012,51.14285817159553,71.49500780438362,833,60.0,60,30.23653149138403,0,FREE_FLOW,arterial,Esil District
2025-09-17 13:31:15.549655,road_0013,51.178395080248016,71.44450085336713,588,41.85611408937154,45,34.15442195591244,0,FREE_FLOW,collector,Esil District
2025-09-17 13:31:15.549655,road_0014,51.22329556186777,71.40648282801608,560,45.0,45,30.52359990360763,0,FREE_FLOW,collector,Right Bank
2025-09-17 13:31:15.549655,road_0015,51.20247308795898,71.43455351818268,833,45.0,45,45.62059047164602,0,FREE_FLOW,collector,Right Bank
2025-09-17 13:31:15.549655,road_0016,51.16488352763151,71.45530260780878,1500,40.12268284631247,45,100.0,0,FREE_FLOW,collector,City Center
2025-09-17 13:31:15.549655,road_0017,51.1949632883288,71.44123238931239,478,34.48038309198233,35,67.21340117331111,0,FREE_FLOW,local,City Center
2025-09-17 13:31:15.549655,road_0018,51.15447620767163,71.43400349958901,995,42.21030762213292,45,66.92869098416625,0,FREE_FLOW,collector,City Center
2025-09-17 13:31:15.549655,road_0019,51.117113160490625,71.37143752439205,744,32.096422763355235,35,86.29177906186645,0,FREE_FLOW,local,Left Bank
2025-09-17 13:36:15.549655,road_0000,51.14858964026895,71.43899067721357,1016,45.0,45,62.54411719655137,0,FREE_FLOW,collector,City Center
2025-09-17 13:36:15.549655,road_0001,51.19558998501542,71.45756838173378,2013,54.15848886688922,60,85.23864916546711,0,FREE_FLOW,arterial,City Center
2025-09-17 13:36:15.549655,road_0002,51.21222340415979,71.47718542988797,467,31.499283470110313,35,56.507115050923275,0,FREE_FLOW,local,Right Bank
2025-09-17 13:36:15.549655,road_0003,51.147142431523605,71.42424835420817,1333,41.57591599861571,45,91.32642499072642,0,FREE_FLOW,collector,Left Bank
2025-09-17 13:36:15.549655,road_0004,51.194896034828155,71.42672451599276,1500,38.823096703398456,45,100.0,0,FREE_FLOW,collector,City Center
2025-09-17 13:36:15.549655,road_0005,51.13145373025382,71.42743582937553,1030,41.97530913865379,45,72.63688803676307,0,FREE_FLOW,collector,Left Bank
2025-09-17 13:36:15.549655,road_0006,51.14525858091126,71.40871681129984,633,45.0,45,42.36584654097627,0,FREE_FLOW,collector,Left Bank
2025-09-17 13:36:15.549655,road_0007,51.13560924762398,71.46282559050066,860,40.461032138889514,45,64.62832544054817,0,FREE_FLOW,collector,Right Bank
2025-09-17 13:36:15.549655,road_0008,51.106594323500836,71.4923767530675,347,45.0,45,15.168209525356966,0,FREE_FLOW,collector,Esil District
2025-09-17 13:36:15.549655,road_0009,51.1749541456762,71.45018304431642,2031,56.851898535320444,60,86.53809812899947,0,FREE_FLOW,arterial,City Center
2025-09-17 13:36:15.549655,road_0010,51.204215781196154,71.42542980013923,749,44.84829528614676,45,53.843658594574215,0,FREE_FLOW,collector,Right Bank
2025-09-17 13:36:15.549655,road_0011,51.14911362341584,71.45849757916488,2127,59.0561224595429,60,94.31053313545743,0,FREE_FLOW,arterial,City Center
2025-09-17 13:36:15.549655,road_0012,51.14285817159553,71.49500780438362,982,60.0,60,37.10707652817678,0,FREE_FLOW,arterial,Esil District
2025-09-17 13:36:15.549655,road_0013,51.178395080248016,71.44450085336713,817,41.43543687250277,45,45.69101616404697,0,FREE_FLOW,collector,Esil District
2025-09-17 13:36:15.549655,road_0014,51.22329556186777,71.40648282801608,861,42.06089543826235,45,60.61630359753434,0,FREE_FLOW,collector,Right Bank
2025-09-17 13:36:15.549655,road_0015,51.20247308795898,71.43455351818268,833,45.0,45,50.43164789310768,0,FREE_FLOW,collector,Right Bank
2025-09-17 13:36:15.549655,road_0016,51.16488352763151,71.45530260780878,1500,40.170750348904804,45,98.35927140815967,0,FREE_FLOW,collector,City Center
2025-09-17 13:36:15.549655,road_0017,51.1949632883288,71.44123238931239,800,29.53095176124984,35,100.0,0,FREE_FLOW,local,City Center
2025-09-17 13:36:15.549655,road_0018,51.15447620767163,71.43400349958901,1068,45.0,45,67.89668525908915,0,FREE_FLOW,collector,City Center
2025-09-17 13:36:15.549655,road_0019,51.117113160490625,71.37143752439205,676,31.627140423510987,35,94.23066980888842,0,FREE_FLOW,local,Left Bank
2025-09-17 13:41:15.549655,road_0000,51.14858964026895,71.43899067721357,1166,40.91931375632423,45,68.56573257142053,0,FREE_FLOW,collector,City Center
2025-09-17 13:41:15.549655,road_0001,51.19558998501542,71.45756838173378,1129,60.0,60,45.60539509325706,0,FREE_FLOW,arterial,City Center
2025-09-17 13:41:15.549655,road_0002,51.21222340415979,71.47718542988797,295,33.69957368521561,35,34.53306028799534,0,FREE_FLOW,local,Right Bank
2025-09-17 13:41:15.549655,road_0003,51.147142431523605,71.42424835420817,996,43.415440540755036,45,60.37003804313145,0,FREE_FLOW,collector,Left Bank
2025-09-17 13:41:15.549655,road_0004,51.194896034828155,71.42672451599276,862,45.0,45,51.738036861836925,0,FREE_FLOW,collector,City Center
2025-09-17 13:41:15.549655,road_0005,51.13145373025382,71.42743582937553,1335,39.41853093659072,45,83.50418630708604,0,FREE_FLOW,collector,Left Bank
2025-09-17 13:41:15.549655,road_0006,51.14525858091126,71.40871681129984,1183,45.0,45,76.09058649998407,0,FREE_FLOW,collector,Left Bank
2025-09-17 13:41:15.549655,road_0007,51.13560924762398,71.46282559050066,452,42.016366968003254,45,37.73973562142274,0,FREE_FLOW,collector,Right Bank
2025-09-17 13:41:15.549655,road_0008,51.106594323500836,71.4923767530675,608,43.54303009655563,45,41.23471195319293,0,FREE_FLOW,collector,Esil District
2025-09-17 13:41:15.549655,road_0009,51.1749541456762,71.45018304431642,2308,50.26355461406612,60,94.84619029069671,0,FREE_FLOW,arterial,City Center
2025-09-17 13:41:15.549655,road_0010,51.204215781196154,71.42542980013923,448,41.626819727536436,45,23.55642682366951,0,FREE_FLOW,collector,Right Bank
2025-09-17 13:41:15.549655,road_0011,51.14911362341584,71.45849757916488,2500,48.30587135992039,60,94.30731746655903,0,FREE_FLOW,arterial,City Center
2025-09-17 13:41:15.549655,road_0012,51.14285817159553,71.49500780438362,891,59.908457091112915,60,36.47277648309853,0,FREE_FLOW,arterial,Esil District
2025-09-17 13:41:15.549655,road_0013,51.178395080248016,71.44450085336713,396,45.0,45,20.42814251183401,0,FREE_FLOW,collector,Esil District
2025-09-17 13:41:15.549655,road_0014,51.22329556186777,71.40648282801608,572,44.95353443037309,45,30.269022867179608,0,FREE_FLOW,collector,Right Bank
2025-09-17 13:41:15.549655,road_0015,51.20247308795898,71.43455351818268,757,45.0,45,44.49549656273012,0,FREE_FLOW,collector,Right Bank
2025-09-17 13:41:15.549655,road_0016,51.16488352763151,71.45530260780878,1096,45.0,45,73.2757789545655,0,FREE_FLOW,collector,City Center
2025-09-17 13:41:15.549655,road_0017,51.1949632883288,71.44123238931239,584,32.04290598405387,35,73.78661037799714,0,FREE_FLOW,local,City Center
2025-09-17 13:41:15.549655,road_0018,51.15447620767163,71.43400349958901,1107,45.0,45,74.82882153011151,0,FREE_FLOW,collector,City Center
2025-09-17 13:41:15.549655,road_0019,51.117113160490625,71.37143752439205,594,35.0,35,81.96745891834584,0,FREE_FLOW,local,Left Bank
2025-09-17 13:46:15.549655,road_0000,51.14858964026895,71.43899067721357,941,40.394052661078256,45,53.86987714262476,0,FREE_FLOW,collector,City Center
2025-09-17 13:46:15.549655,road_0001,51.19558998501542,71.45756838173378,1289,60.0,60,47.876611843664,0,FREE_FLOW,arterial,City Center
2025-09-17 13:46:15.549655,road_0002,51.21222340415979,71.47718542988797,429,32.67060193468934,35,48.361133455642694,0,FREE_FLOW,local,Right Bank
2025-09-17 13:46:15.549655,road_0003,51.147142431523605,71.42424835420817,886,41.34239407588279,45,66.23473824368105,0,FREE_FLOW,collector,Left Bank
2025-09-17 13:46:15.549655,road_0004,51.194896034828155,71.42672451599276,1500,41.74979960087827,45,100.0,0,FREE_FLOW,collector,City Center
2025-09-17 13:46:15.549655,road_0005,51.13145373025382,71.42743582937553,968,42.74713314611138,45,64.51127391304729,0,FREE_FLOW,collector,Left Bank
2025-09-17 13:46:15.549655,road_0006,51.14525858091126,71.40871681129984,1149,45.0,45,72.80214907119628,0,FREE_FLOW,collector,Left Bank
2025-09-17 13:46:15.549655,road_0007,51.13560924762398,71.46282559050066,1070,45.0,45,68.14883328859474,0,FREE_FLOW,collector,Right Bank
2025-09-17 13:46:15.549655,road_0008,51.106594323500836,71.4923767530675,334,41.47757908923013,45,14.116571927996336,0,FREE_FLOW,collector,Esil District
2025-09-17 13:46:15.549655,road_0009,51.1749541456762,71.45018304431642,2002,54.8052762932992,60,83.67666514199436,0,FREE_FLOW,arterial,City Center
2025-09-17 13:46:15.549655,road_0010,51.204215781196154,71.42542980013923,404,43.76447759350446,45,24.91930070184503,0,FREE_FLOW,collector,Right Bank
2025-09-17 13:46:15.549655,road_0011,51.14911362341584,71.45849757916488,2250,58.985586178459464,60,87.19237133359138,0,FREE_FLOW,arterial,City Center
2025-09-17 13:46:15.549655,road_0012,51.14285817159553,71.49500780438362,690,56.89370962581719,60,28.6732895766494,0,FREE_FLOW,arterial,Esil District
2025-09-17 13:46:15.549655,road_0013,51.178395080248016,71.44450085336713,325,45.0,45,30.572655486355462,0,FREE_FLOW,collector,Esil District
2025-09-17 13:46:15.549655,road_0014,51.22329556186777,71.40648282801608,820,44.866813753887186,45,46.13453594623688,0,FREE_FLOW,collector,Right Bank
2025-09-17 13:46:15.549655,road_0015,51.20247308795898,71.43455351818268,382,43.68954376947961,45,34.919175405350614,0,FREE_FLOW,collector,Right Bank
2025-09-17 13:46:15.549655,road_0016,51.16488352763151,71.45530260780878,1500,35.262854046019505,45,97.70232028243838,1,LIGHT,collector,City Center
2025-09-17 13:46:15.549655,road_0017,51.1949632883288,71.44123238931239,723,33.6916579935466,35,90.45460121903312,0,FREE_FLOW,local,City Center
2025-09-17 13:46:15.549655,road_0018,51.15447620767163,71.43400349958901,1491,41.19835658446191,45,98.84386592256787,0,FREE_FLOW,collector,City Center
2025-09-17 13:46:15.549655,road_0019,51.117113160490625,71.37143752439205,744,29.78247306671125,35,98.11781500348472,0,FREE_FLOW,local,Left Bank
2025-09-17 13:51:15.549655,road_0000,51.14858964026895,71.43899067721357,1500,38.95149872571179,45,100.0,0,FREE_FLOW,collector,City Center
2025-09-17 13:51:15.549655,road_0001,51.19558998501542,71.45756838173378,1636,54.23418136912283,60,59.326970836363145,0,FREE_FLOW,arterial,City Center
2025-09-17 13:51:15.549655,road_0002,51.21222340415979,71.47718542988797,613,31.90311448094094,35,72.91653087206238,0,FREE_FLOW,local,Right Bank
2025-09-17 13:51:15.549655,road_0003,51.147142431523605,71.42424835420817,1053,41.43403848988546,45,70.46381982389481,0,FREE_FLOW,collector,Left Bank
2025-09-17 13:51:15.549655,road_0004,51.194896034828155,71.42672451599276,1500,40.60764098542071,45,99.3520331568462,0,FREE_FLOW,collector,City Center
2025-09-17 13:51:15.549655,road_0005,51.13145373025382,71.42743582937553,1110,41.22843186543421,45,81.51055659970582,0,FREE_FLOW,collector,Left Bank
2025-09-17 13:51:15.549655,road_0006,51.14525858091126,71.40871681129984,1500,40.07685149839166,45,90.38592919222646,0,FREE_FLOW,collector,Left Bank
2025-09-17 13:51:15.549655,road_0007,51.13560924762398,71.46282559050066,1083,45.0,45,74.51263308312834,0,FREE_FLOW,collector,Right Bank
2025-09-17 13:51:15.549655,road_0008,51.106594323500836,71.4923767530675,568,43.51574110804298,45,37.07243865008762,0,FREE_FLOW,collector,Esil District
2025-09-17 13:51:15.549655,road_0009,51.1749541456762,71.45018304431642,1375,55.266463058348144,60,46.22185034580902,0,FREE_FLOW,arterial,City Center
2025-09-17 13:51:15.549655,road_0010,51.204215781196154,71.42542980013923,639,45.0,45,39.91972716965061,0,FREE_FLOW,collector,Right Bank
2025-09-17 13:51:15.549655,road_0011,51.14911362341584,71.45849757916488,2500,52.71869799242561,60,100.0,0,FREE_FLOW,arterial,City Center
2025-09-17 13:51:15.549655,road_0012,51.14285817159553,71.49500780438362,783,59.649512750459905,60,40.870178967631205,0,FREE_FLOW,arterial,Esil District
2025-09-17 13:51:15.549655,road_0013,51.178395080248016,71.44450085336713,749,45.0,45,42.104227428273994,0,FREE_FLOW,collector,Esil District
2025-09-17 13:51:15.549655,road_0014,51.22329556186777,71.40648282801608,1043,44.4183428197872,45,74.38997117729113,0,FREE_FLOW,collector,Right Bank
2025-09-17 13:51:15.549655,road_0015,51.20247308795898,71.43455351818268,852,45.0,45,54.58930874889624,0,FREE_FLOW,collector,Right Bank
2025-09-17 13:51:15.549655,road_0016,51.16488352763151,71.45530260780878,1418,41.52440899105756,45,84.87216486840026,0,FREE_FLOW,collector,City Center
2025-09-17 13:51:15.549655,road_0017,51.1949632883288,71.44123238931239,385,34.78548404395151,35,42.06922507625421,0,FREE_FLOW,local,City Center
2025-09-17 13:51:15.549655,road_0018,51.15447620767163,71.43400349958901,849,45.0,45,46.8128802134619,0,FREE_FLOW,collector,City Center
2025-09-17 13:51:15.549655,road_0019,51.117113160490625,71.37143752439205,408,32.45160387343838,35,46.994000937205314,0,FREE_FLOW,local,Left Bank
2025-09-17 13:56:15.549655,road_0000,51.14858964026895,71.43899067721357,1038,45.0,45,67.86483480388527,0,FREE_FLOW,collector,City Center
2025-09-17 13:56:15.549655,road_0001,51.19558998501542,71.45756838173378,1151,60.0,60,37.645468016401665,0,FREE_FLOW,arterial,City Center
2025-09-17 13:56:15.549655,road_0002,51.21222340415979,71.47718542988797,476,35.0,35,54.83347385579113,0,FREE_FLOW,local,Right Bank
2025-09-17 13:56:15.549655,road_0003,51.147142431523605,71.42424835420817,1197,39.259171396297454,45,81.8112590750149,0,FREE_FLOW,collector,Left Bank
2025-09-17 13:56:15.549655,road_0004,51.194896034828155,71.42672451599276,1126,40.52083507607136,45,77.87560823995607,0,FREE_FLOW,collector,City Center
2025-09-17 13:56:15.549655,road_0005,51.13145373025382,71.42743582937553,1500,42.83467499371805,45,100.0,0,FREE_FLOW,collector,Left Bank
2025-09-17 13:56:15.549655,road_0006,51.14525858091126,71.40871681129984,1328,38.87371417220967,45,93.56847958493603,0,FREE_FLOW,collector,Left Bank
2025-09-17 13:56:15.549655,road_0007,51.13560924762398,71.46282559050066,614,45.0,45,45.36876386925272,0,FREE_FLOW,collector,Right Bank
2025-09-17 13:56:15.549655,road_0008,51.106594323500836,71.4923767530675,706,45.0,45,45.10809659887375,0,FREE_FLOW,collector,Esil District
2025-09-17 13:56:15.549655,road_0009,51.1749541456762,71.45018304431642,1080,60.0,60,45.174783019168785,0,FREE_FLOW,arterial,City Center
2025-09-17 13:56:15.549655,road_0010,51.204215781196154,71.42542980013923,1047,45.0,45,65.11763698547576,0,FREE_FLOW,collector,Right Bank
2025-09-17 13:56:15.549655,road_0011,51.14911362341584,71.45849757916488,1794,57.99927286186323,60,72.20157832760582,0,FREE_FLOW,arterial,City Center
2025-09-17 13:56:15.549655,road_0012,51.14285817159553,71.49500780438362,639,60.0,60,18.409896541028367,0,FREE_FLOW,arterial,Esil District
2025-09-17 13:56:15.549655,road_0013,51.178395080248016,71.44450085336713,650,45.0,45,52.58285616677632,0,FREE_FLOW,collector,Esil District
2025-09-17 13:56:15.549655,road_0014,51.22329556186777,71.40648282801608,494,45.0,45,32.85461577883037,0,FREE_FLOW,collector,Right Bank
2025-09-17 13:56:15.549655,road_0015,51.20247308795898,71.43455351818268,965,40.118604764996824,45,71.55757951623575,0,FREE_FLOW,collector,Right Bank
2025-09-17 13:56:15.549655,road_0016,51.16488352763151,71.45530260780878,1500,39.997233989636385,45,90.57077468882446,0,FREE_FLOW,collector,City Center
2025-09-17 13:56:15.549655,road_0017,51.1949632883288,71.44123238931239,800,33.408965058678504,35,92.34552820128118,0,FREE_FLOW,local,City Center
2025-09-17 13:56:15.549655,road_0018,51.15447620767163,71.43400349958901,1249,42.68531259678138,45,92.61279222836237,0,FREE_FLOW,collector,City Center
2025-09-17 13:56:15.549655,road_0019,51.117113160490625,71.37143752439205,747,33.3035822485904,35,98.44472749188441,0,FREE_FLOW,local,Left Bank
2025-09-17 14:01:15.549655,road_0000,51.14858964026895,71.43899067721357,855,44.59855428634039,45,57.907079637831735,0,FREE_FLOW,collector,City Center
2025-09-17 14:01:15.549655,road_0001,51.19558998501542,71.45756838173378,2384,51.425408184727424,60,98.4784147839144,0,FREE_FLOW,arterial,City Center
2025-09-17 14:01:15.549655,road_0002,51.21222340415979,71.47718542988797,423,35.0,35,46.60758093176167,0,FREE_FLOW,local,Right Bank
2025-09-17 14:01:15.549655,road_0003,51.147142431523605,71.42424835420817,981,42.73868869807039,45,56.68989112263465,0,FREE_FLOW,collector,Left Bank
2025-09-17 14:01:15.549655,road_0004,51.194896034828155,71.42672451599276,1356,44.33083096115005,45,100.0,0,FREE_FLOW,collector,City Center
2025-09-17 14:01:15.549655,road_0005,51.13145373025382,71.42743582937553,1059,44.17657461617456,45,79.88025794216605,0,FREE_FLOW,collector,Left Bank
2025-09-17 14:01:15.549655,road_0006,51.14525858091126,71.40871681129984,900,44.39514599251814,45,62.18861309330467,0,FREE_FLOW,collector,Left Bank
2025-09-17 14:01:15.549655,road_0007,51.13560924762398,71.46282559050066,600,40.99356581026671,45,40.86284822884075,0,FREE_FLOW,collector,Right Bank
2025-09-17 14:01:15.549655,road_0008,51.106594323500836,71.4923767530675,264,45.0,45,23.633897162654687,0,FREE_FLOW,collector,Esil District
2025-09-17 14:01:15.549655,road_0009,51.1749541456762,71.45018304431642,2500,54.26138095762578,60,96.99688200864665,0,FREE_FLOW,arterial,City Center
2025-09-17 14:01:15.549655,road_0010,51.204215781196154,71.42542980013923,575,41.39847116738902,45,37.65430420514624,0,FREE_FLOW,collector,Right Bank
2025-09-17 14:01:15.549655,road_0011,51.14911362341584,71.45849757916488,1504,59.90584766159986,60,62.32910804782816,0,FREE_FLOW,arterial,City Center
2025-09-17 14:01:15.549655,road_0012,51.14285817159553,71.49500780438362,623,60.0,60,33.34013891087095,0,FREE_FLOW,arterial,Esil District
2025-09-17 14:01:15.549655,road_0013,51.178395080248016,71.44450085336713,644,43.98616467424843,45,46.43354311277965,0,FREE_FLOW,collector,Esil District
2025-09-17 14:01:15.549655,road_0014,51.22329556186777,71.40648282801608,760,43.040056930844635,45,57.759764426412005,0,FREE_FLOW,collector,Right Bank
2025-09-17 14:01:15.549655,road_0015,51.20247308795898,71.43455351818268,763,41.744434393662765,45,59.20498975041208,0,FREE_FLOW,collector,Right Bank
2025-09-17 14:01:15.549655,road_0016,51.16488352763151,71.45530260780878,1372,39.35482807359333,45,81.83586464749678,0,FREE_FLOW,collector,City Center
2025-09-17 14:01:15.549655,road_0017,51.1949632883288,71.44123238931239,472,31.43693448080447,35,54.19745546385028,0,FREE_FLOW,local,City Center
2025-09-17 14:01:15.549655,road_0018,51.15447620767163,71.43400349958901,1500,37.34150149334174,45,90.90676013934728,0,FREE_FLOW,collector,City Center
2025-09-17 14:01:15.549655,road_0019,51.117113160490625,71.37143752439205,548,34.53062646165093,35,64.13606763308991,0,FREE_FLOW,local,Left Bank
2025-09-17 14:06:15.549655,road_0000,51.14858964026895,71.43899067721357,908,42.56725234796302,45,52.31948328207383,0,FREE_FLOW,collector,City Center
2025-09-17 14:06:15.549655,road_0001,51.19558998501542,71.45756838173378,1183,60.0,60,50.976028084252164,0,FREE_FLOW,arterial,City Center
2025-09-17 14:06:15.549655,road_0002,51.21222340415979,71.47718542988797,261,32.959819477168054,35,24.310726347100882,0,FREE_FLOW,local,Right Bank
2025-09-17 14:06:15.549655,road_0003,51.147142431523605,71.42424835420817,1176,42.402166823253786,45,87.87114531835401,0,FREE_FLOW,collector,Left Bank
2025-09-17 14:06:15.549655,road_0004,51.194896034828155,71.42672451599276,1500,40.32849560676851,45,100.0,0,FREE_FLOW,collector,City Center
2025-09-17 14:06:15.549655,road_0005,51.13145373025382,71.42743582937553,1139,42.39665831122878,45,82.59566884072603,0,FREE_FLOW,collector,Left Bank
2025-09-17 14:06:15.549655,road_0006,51.14525858091126,71.40871681129984,1349,41.059021103193416,45,93.0449008624012,0,FREE_FLOW,collector,Left Bank
2025-09-17 14:06:15.549655,road_0007,51.13560924762398,71.46282559050066,733,45.0,45,40.70990126937927,0,FREE_FLOW,collector,Right Bank
2025-09-17 14:06:15.549655,road_0008,51.106594323500836,71.4923767530675,399,44.94489442072512,45,34.850641008321894,0,FREE_FLOW,collector,Esil District
2025-09-17 14:06:15.549655,road_0009,51.1749541456762,71.45018304431642,1934,53.4634137206064,60,79.81087764124572,0,FREE_FLOW,arterial,City Center
2025-09-17 14:06:15.549655,road_0010,51.204215781196154,71.42542980013923,691,45.0,45,50.361508413937564,0,FREE_FLOW,collector,Right Bank
2025-09-17 14:06:15.549655,road_0011,51.14911362341584,71.45849757916488,1188,57.206997974839084,60,44.570087341356086,0,FREE_FLOW,arterial,City Center
2025-09-17 14:06:15.549655,road_0012,51.14285817159553,71.49500780438362,801,60.0,60,24.330921260582183,0,FREE_FLOW,arterial,Esil District
2025-09-17 14:06:15.549655,road_0013,51.178395080248016,71.44450085336713,433,45.0,45,29.054256052813543,0,FREE_FLOW,collector,Esil District
2025-09-17 14:06:15.549655,road_0014,51.22329556186777,71.40648282801608,658,45.0,45,47.81124060104277,0,FREE_FLOW,collector,Right Bank
2025-09-17 14:06:15.549655,road_0015,51.20247308795898,71.43455351818268,392,45.0,45,33.149082103708224,0,FREE_FLOW,collector,Right Bank
2025-09-17 14:06:15.549655,road_0016,51.16488352763151,71.45530260780878,1029,45.0,45,65.99084469561379,0,FREE_FLOW,collector,City Center
2025-09-17 14:06:15.549655,road_0017,51.1949632883288,71.44123238931239,714,30.624939936888904,35,91.48907356036676,0,FREE_FLOW,local,City Center
2025-09-17 14:06:15.549655,road_0018,51.15447620767163,71.43400349958901,1088,45.0,45,79.23737453462985,0,FREE_FLOW,collector,City Center
2025-09-17 14:06:15.549655,road_0019,51.117113160490625,71.37143752439205,446,34.441313545029146,35,49.10670702998328,0,FREE_FLOW,local,Left Bank
2025-09-17 14:11:15.549655,road_0000,51.14858964026895,71.43899067721357,845,45.0,45,61.44708124161468,0,FREE_FLOW,collector,City Center
2025-09-17 14:11:15.549655,road_0001,51.19558998501542,71.45756838173378,2080,50.954985931840156,60,90.15684082787624,0,FREE_FLOW,arterial,City Center
2025-09-17 14:11:15.549655,road_0002,51.21222340415979,71.47718542988797,291,35.0,35,44.5092975661798,0,FREE_FLOW,local,Right Bank
2025-09-17 14:11:15.549655,road_0003,51.147142431523605,71.42424835420817,940,43.75321900846144,45,60.755459005385624,0,FREE_FLOW,collector,Left Bank
2025-09-17 14:11:15.549655,road_0004,51.194896034828155,71.42672451599276,1418,42.63231868270907,45,89.28697107118113,0,FREE_FLOW,collector,City Center
2025-09-17 14:11:15.549655,road_0005,51.13145373025382,71.42743582937553,1468,43.16905285863262,45,100.0,0,FREE_FLOW,collector,Left Bank
2025-09-17 14:11:15.549655,road_0006,51.14525858091126,71.40871681129984,733,43.524363773298155,45,55.775996219943565,0,FREE_FLOW,collector,Left Bank
2025-09-17 14:11:15.549655,road_0007,51.13560924762398,71.46282559050066,907,42.83182423820043,45,52.29336490901147,0,FREE_FLOW,collector,Right Bank
2025-09-17 14:11:15.549655,road_0008,51.106594323500836,71.4923767530675,770,45.0,45,43.168768370462786,0,FREE_FLOW,collector,Esil District
2025-09-17 14:11:15.549655,road_0009,51.1749541456762,71.45018304431642,2500,52.02741270891421,60,100.0,0,FREE_FLOW,arterial,City Center
2025-09-17 14:11:15.549655,road_0010,51.204215781196154,71.42542980013923,816,41.89378369929218,45,51.57154706240428,0,FREE_FLOW,collector,Right Bank
2025-09-17 14:11:15.549655,road_0011,51.14911362341584,71.45849757916488,1613,60.0,60,61.31651109921746,0,FREE_FLOW,arterial,City Center
2025-09-17 14:11:15.549655,road_0012,51.14285817159553,71.49500780438362,912,55.523193586697424,60,36.060045095482636,0,FREE_FLOW,arterial,Esil District
2025-09-17 14:11:15.549655,road_0013,51.178395080248016,71.44450085336713,532,45.0,45,44.31551538010655,0,FREE_FLOW,collector,Esil District
2025-09-17 14:11:15.549655,road_0014,51.22329556186777,71.40648282801608,843,41.614688135977424,45,55.82451774852777,0,FREE_FLOW,collector,Right Bank
2025-09-17 14:11:15.549655,road_0015,51.20247308795898,71.43455351818268,550,41.48176572858633,45,43.72202200047093,0,FREE_FLOW,collector,Right Bank
2025-09-17 14:11:15.549655,road_0016,51.16488352763151,71.45530260780878,807,45.0,45,58.563795125786314,0,FREE_FLOW,collector,City Center
2025-09-17 14:11:15.549655,road_0017,51.1949632883288,71.44123238931239,442,34.187717599019585,35,62.17861689731217,0,FREE_FLOW,local,City Center
2025-09-17 14:11:15.549655,road_0018,51.15447620767163,71.43400349958901,1325,37.13207010077887,45,85.48972005241038,0,FREE_FLOW,collector,City Center
2025-09-17 14:11:15.549655,road_0019,51.117113160490625,71.37143752439205,444,33.10867103440485,35,52.59291967957964,0,FREE_FLOW,local,Left Bank
2025-09-17 14:16:15.549655,road_0000,51.14858964026895,71.43899067721357,1500,36.96330632346645,45,96.04924091782686,0,FREE_FLOW,collector,City Center
2025-09-17 14:16:15.549655,road_0001,51.19558998501542,71.45756838173378,2500,52.770698077749145,60,100.0,0,FREE_FLOW,arterial,City Center
2025-09-17 14:16:15.549655,road_0002,51.21222340415979,71.47718542988797,346,35.0,35,37.588175541314776,0,FREE_FLOW,local,Right Bank
2025-09-17 14:16:15.549655,road_0003,51.147142431523605,71.42424835420817,1007,39.960444465552015,45,73.36701261391332,0,FREE_FLOW,collector,Left Bank
2025-09-17 14:16:15.549655,road_0004,51.194896034828155,71.42672451599276,1268,43.74991385109573,45,81.70923711303618,0,FREE_FLOW,collector,City Center
2025-09-17 14:16:15.549655,road_0005,51.13145373025382,71.42743582937553,1500,40.757076118286804,45,95.83393853295729,0,FREE_FLOW,collector,Left Bank
2025-09-17 14:16:15.549655,road_0006,51.14525858091126,71.40871681129984,814,45.0,45,46.727736658176795,0,FREE_FLOW,collector,Left Bank
2025-09-17 14:16:15.549655,road_0007,51.13560924762398,71.46282559050066,856,41.01154791309725,45,51.53681927811629,0,FREE_FLOW,collector,Right Bank
2025-09-17 14:16:15.549655,road_0008,51.106594323500836,71.4923767530675,782,45.0,45,45.571867298929874,0,FREE_FLOW,collector,Esil District
2025-09-17 14:16:15.549655,road_0009,51.1749541456762,71.45018304431642,1109,60.0,60,45.20660998848568,0,FREE_FLOW,arterial,City Center
2025-09-17 14:16:15.549655,road_0010,51.204215781196154,71.42542980013923,694,42.73954855814824,45,41.90770076429123,0,FREE_FLOW,collector,Right Bank
2025-09-17 14:16:15.549655,road_0011,51.14911362341584,71.45849757916488,1372,60.0,60,46.21058847555442,0,FREE_FLOW,arterial,City Center
2025-09-17 14:16:15.549655,road_0012,51.14285817159553,71.49500780438362,631,60.0,60,27.32395782644223,0,FREE_FLOW,arterial,Esil District
2025-09-17 14:16:15.549655,road_0013,51.178395080248016,71.44450085336713,542,45.0,45,34.415799216403556,0,FREE_FLOW,collector,Esil District
2025-09-17 14:16:15.549655,road_0014,51.22329556186777,71.40648282801608,364,44.55044366666377,45,22.023379512096867,0,FREE_FLOW,collector,Right Bank
2025-09-17 14:16:15.549655,road_0015,51.20247308795898,71.43455351818268,693,43.95209961853333,45,39.45357693300741,0,FREE_FLOW,collector,Right Bank
2025-09-17 14:16:15.549655,road_0016,51.16488352763151,71.45530260780878,1226,45.0,45,86.58977413970108,0,FREE_FLOW,collector,City Center
2025-09-17 14:16:15.549655,road_0017,51.1949632883288,71.44123238931239,620,35.0,35,76.98115977307793,0,FREE_FLOW,local,City Center
2025-09-17 14:16:15.549655,road_0018,51.15447620767163,71.43400349958901,1419,38.14417319943948,45,100.0,0,FREE_FLOW,collector,City Center
2025-09-17 14:16:15.549655,road_0019,51.117113160490625,71.37143752439205,644,30.90557293917432,35,88.90064788691014,0,FREE_FLOW,local,Left Bank
2025-09-17 14:21:15.549655,road_0000,51.14858964026895,71.43899067721357,1500,38.64298770565353,45,100.0,0,FREE_FLOW,collector,City Center
2025-09-17 14:21:15.549655,road_0001,51.19558998501542,71.45756838173378,1548,55.86305069743678,60,64.80914318522456,0,FREE_FLOW,arterial,City Center
2025-09-17 14:21:15.549655,road_0002,51.21222340415979,71.47718542988797,291,35.0,35,44.67082187833139,0,FREE_FLOW,local,Right Bank
2025-09-17 14:21:15.549655,road_0003,51.147142431523605,71.42424835420817,1094,41.161452604609956,45,76.1537753660495,0,FREE_FLOW,collector,Left Bank
2025-09-17 14:21:15.549655,road_0004,51.194896034828155,71.42672451599276,1500,42.345840240737374,45,100.0,0,FREE_FLOW,collector,City Center
2025-09-17 14:21:15.549655,road_0005,51.13145373025382,71.42743582937553,943,45.0,45,62.36377728375466,0,FREE_FLOW,collector,Left Bank
2025-09-17 14:21:15.549655,road_0006,51.14525858091126,71.40871681129984,1134,45.0,45,78.2184485748532,0,FREE_FLOW,collector,Left Bank
2025-09-17 14:21:15.549655,road_0007,51.13560924762398,71.46282559050066,571,45.0,45,47.04447043258811,0,FREE_FLOW,collector,Right Bank
2025-09-17 14:21:15.549655,road_0008,51.106594323500836,71.4923767530675,711,45.0,45,46.03297251798194,0,FREE_FLOW,collector,Esil District
2025-09-17 14:21:15.549655,road_0009,51.1749541456762,71.45018304431642,2141,60.0,60,95.55626290723126,0,FREE_FLOW,arterial,City Center
2025-09-17 14:21:15.549655,road_0010,51.204215781196154,71.42542980013923,637,41.9623139919696,45,44.81426051226974,0,FREE_FLOW,collector,Right Bank
2025-09-17 14:21:15.549655,road_0011,51.14911362341584,71.45849757916488,2388,56.93561862698439,60,98.26815422296141,0,FREE_FLOW,arterial,City Center
2025-09-17 14:21:15.549655,road_0012,51.14285817159553,71.49500780438362,917,54.91598840506977,60,35.18357171678633,0,FREE_FLOW,arterial,Esil District
2025-09-17 14:21:15.549655,road_0013,51.178395080248016,71.44450085336713,484,45.0,45,39.955241635692744,0,FREE_FLOW,collector,Esil District
2025-09-17 14:21:15.549655,road_0014,51.22329556186777,71.40648282801608,832,45.0,45,62.02952340959972,0,FREE_FLOW,collector,Right Bank
2025-09-17 14:21:15.549655,road_0015,51.20247308795898,71.43455351818268,667,40.69973935212181,45,41.44605080024138,0,FREE_FLOW,collector,Right Bank
2025-09-17 14:21:15.549655,road_0016,51.16488352763151,71.45530260780878,736,45.0,45,50.7803442791357,0,FREE_FLOW,collector,City Center
2025-09-17 14:21:15.549655,road_0017,51.1949632883288,71.44123238931239,335,32.26393853484355,35,49.5477660209604,0,FREE_FLOW,local,City Center
2025-09-17 14:21:15.549655,road_0018,51.15447620767163,71.43400349958901,956,40.455152261513284,45,64.43426155409087,0,FREE_FLOW,collector,City Center
2025-09-17 14:21:15.549655,road_0019,51.117113160490625,71.37143752439205,545,33.36601631384548,35,66.72905679576418,0,FREE_FLOW,local,Left Bank
2025-09-17 14:26:15.549655,road_0000,51.14858964026895,71.43899067721357,1500,39.470199470241276,45,91.41881533179796,0,FREE_FLOW,collector,City Center
2025-09-17 14:26:15.549655,road_0001,51.19558998501542,71.45756838173378,2229,50.657928181988154,60,91.33153006053283,0,FREE_FLOW,arterial,City Center
2025-09-17 14:26:15.549655,road_0002,51.21222340415979,71.47718542988797,284,35.0,35,30.973046656988714,0,FREE_FLOW,local,Right Bank
2025-09-17 14:26:15.549655,road_0003,51.147142431523605,71.42424835420817,1126,41.10528267394135,45,84.86293039156926,0,FREE_FLOW,collector,Left Bank
2025-09-17 14:26:15.549655,road_0004,51.194896034828155,71.42672451599276,929,45.0,45,64.92757087563045,0,FREE_FLOW,collector,City Center
2025-09-17 14:26:15.549655,road_0005,51.13145373025382,71.42743582937553,1500,39.50648814127984,45,95.6824335136695,0,FREE_FLOW,collector,Left Bank
2025-09-17 14:26:15.549655,road_0006,51.14525858091126,71.40871681129984,1007,41.980751097192815,45,63.26982480720147,0,FREE_FLOW,collector,Left Bank
2025-09-17 14:26:15.549655,road_0007,51.13560924762398,71.46282559050066,605,45.0,45,42.18410943294239,0,FREE_FLOW,collector,Right Bank
2025-09-17 14:26:15.549655,road_0008,51.106594323500836,71.4923767530675,631,45.0,45,42.4797691983266,0,FREE_FLOW,collector,Esil District
2025-09-17 14:26:15.549655,road_0009,51.1749541456762,71.45018304431642,1331,60.0,60,59.55000667181275,0,FREE_FLOW,arterial,City Center
2025-09-17 14:26:15.549655,road_0010,51.204215781196154,71.42542980013923,975,44.48224961925228,45,60.37217589533452,0,FREE_FLOW,collector,Right Bank
2025-09-17 14:26:15.549655,road_0011,51.14911362341584,71.45849757916488,2500,54.02810981607521,60,100.0,0,FREE_FLOW,arterial,City Center
2025-09-17 14:26:15.549655,road_0012,51.14285817159553,71.49500780438362,1112,60.0,60,45.17090108917169,0,FREE_FLOW,arterial,Esil District
2025-09-17 14:26:15.549655,road_0013,51.178395080248016,71.44450085336713,299,44.05027690107329,45,15.713004777371902,0,FREE_FLOW,collector,Esil District
2025-09-17 14:26:15.549655,road_0014,51.22329556186777,71.40648282801608,373,45.0,45,26.259689224712808,0,FREE_FLOW,collector,Right Bank
2025-09-17 14:26:15.549655,road_0015,51.20247308795898,71.43455351818268,808,40.21300097242864,45,59.77524814752476,0,FREE_FLOW,collector,Right Bank
2025-09-17 14:26:15.549655,road_0016,51.16488352763151,71.45530260780878,1500,37.21458923524234,45,100.0,0,FREE_FLOW,collector,City Center
2025-09-17 14:26:15.549655,road_0017,51.1949632883288,71.44123238931239,470,35.0,35,50.32743527835282,0,FREE_FLOW,local,City Center
2025-09-17 14:26:15.549655,road_0018,51.15447620767163,71.43400349958901,911,45.0,45,61.34527934138159,0,FREE_FLOW,collector,City Center
2025-09-17 14:26:15.549655,road_0019,51.117113160490625,71.37143752439205,319,35.0,35,42.07622354258835,0,FREE_FLOW,local,Left Bank
2025-09-17 14:31:15.549655,road_0000,51.14858964026895,71.43899067721357,798,45.0,45,52.68418233706501,0,FREE_FLOW,collector,City Center
2025-09-17 14:31:15.549655,road_0001,51.19558998501542,71.45756838173378,1442,60.0,60,59.70507705495336,0,FREE_FLOW,arterial,City Center
2025-09-17 14:31:15.549655,road_0002,51.21222340415979,71.47718542988797,376,35.0,35,41.26273439070363,0,FREE_FLOW,local,Right Bank
2025-09-17 14:31:15.549655,road_0003,51.147142431523605,71.42424835420817,587,45.0,45,38.91524535886231,0,FREE_FLOW,collector,Left Bank
2025-09-17 14:31:15.549655,road_0004,51.194896034828155,71.42672451599276,803,41.49781477196692,45,58.73566339743371,0,FREE_FLOW,collector,City Center
2025-09-17 14:31:15.549655,road_0005,51.13145373025382,71.42743582937553,912,44.81051052668514,45,61.58854373253923,0,FREE_FLOW,collector,Left Bank
2025-09-17 14:31:15.549655,road_0006,51.14525858091126,71.40871681129984,1077,44.11354675140846,45,63.0220776967429,0,FREE_FLOW,collector,Left Bank
2025-09-17 14:31:15.549655,road_0007,51.13560924762398,71.46282559050066,887,43.42475362417111,45,54.138317953157866,0,FREE_FLOW,collector,Right Bank
2025-09-17 14:31:15.549655,road_0008,51.106594323500836,71.4923767530675,457,41.43014112108542,45,31.82837532116868,0,FREE_FLOW,collector,Esil District
2025-09-17 14:31:15.549655,road_0009,51.1749541456762,71.45018304431642,1340,60.0,60,59.58697220072922,0,FREE_FLOW,arterial,City Center
2025-09-17 14:31:15.549655,road_0010,51.204215781196154,71.42542980013923,537,45.0,45,27.673800031885538,0,FREE_FLOW,collector,Right Bank
2025-09-17 14:31:15.549655,road_0011,51.14911362341584,71.45849757916488,2008,54.77734199511894,60,88.31413183931988,0,FREE_FLOW,arterial,City Center
2025-09-17 14:31:15.549655,road_0012,51.14285817159553,71.49500780438362,643,54.3657588790341,60,25.440572607822563,0,FREE_FLOW,arterial,Esil District
2025-09-17 14:31:15.549655,road_0013,51.178395080248016,71.44450085336713,708,45.0,45,53.51067783852624,0,FREE_FLOW,collector,Esil District
2025-09-17 14:31:15.549655,road_0014,51.22329556186777,71.40648282801608,777,42.86621595363499,45,45.60863073341286,0,FREE_FLOW,collector,Right Bank
2025-09-17 14:31:15.549655,road_0015,51.20247308795898,71.43455351818268,528,45.0,45,33.62061018766405,0,FREE_FLOW,collector,Right Bank
2025-09-17 14:31:15.549655,road_0016,51.16488352763151,71.45530260780878,824,45.0,45,62.344977584125935,0,FREE_FLOW,collector,City Center
2025-09-17 14:31:15.549655,road_0017,51.1949632883288,71.44123238931239,565,30.755095806537188,35,67.35174743646647,0,FREE_FLOW,local,City Center
2025-09-17 14:31:15.549655,road_0018,51.15447620767163,71.43400349958901,1449,43.3185748338444,45,97.06550491636365,0,FREE_FLOW,collector,City Center
2025-09-17 14:31:15.549655,road_0019,51.117113160490625,71.37143752439205,615,34.54424762312117,35,83.53194049647884,0,FREE_FLOW,local,Left Bank
2025-09-17 14:36:15.549655,road_0000,51.14858964026895,71.43899067721357,995,40.94830120003111,45,66.26664253033361,0,FREE_FLOW,collector,City Center
2025-09-17 14:36:15.549655,road_0001,51.19558998501542,71.45756838173378,1589,53.357314841120164,60,60.60988972230378,0,FREE_FLOW,arterial,City Center
2025-09-17 14:36:15.549655,road_0002,51.21222340415979,71.47718542988797,257,35.0,35,41.651170171121365,0,FREE_FLOW,local,Right Bank
2025-09-17 14:36:15.549655,road_0003,51.147142431523605,71.42424835420817,658,40.704476920350686,45,38.55379695415229,0,FREE_FLOW,collector,Left Bank
2025-09-17 14:36:15.549655,road_0004,51.194896034828155,71.42672451599276,1500,41.053480353532485,45,92.97757115220357,0,FREE_FLOW,collector,City Center
2025-09-17 14:36:15.549655,road_0005,51.13145373025382,71.42743582937553,612,44.15459655790288,45,42.83100233082619,0,FREE_FLOW,collector,Left Bank
2025-09-17 14:36:15.549655,road_0006,51.14525858091126,71.40871681129984,1397,40.2320592003126,45,86.78226769982086,0,FREE_FLOW,collector,Left Bank
2025-09-17 14:36:15.549655,road_0007,51.13560924762398,71.46282559050066,827,43.37674220721487,45,51.55739495270943,0,FREE_FLOW,collector,Right Bank
2025-09-17 14:36:15.549655,road_0008,51.106594323500836,71.4923767530675,612,45.0,45,32.275109743000556,0,FREE_FLOW,collector,Esil District
2025-09-17 14:36:15.549655,road_0009,51.1749541456762,71.45018304431642,2137,50.007620033883214,60,77.72671159927725,0,FREE_FLOW,arterial,City Center
2025-09-17 14:36:15.549655,road_0010,51.204215781196154,71.42542980013923,753,42.08818631658082,45,40.83037731686172,0,FREE_FLOW,collector,Right Bank
2025-09-17 14:36:15.549655,road_0011,51.14911362341584,71.45849757916488,2322,55.16861236871375,60,89.27973889408639,0,FREE_FLOW,arterial,City Center
2025-09-17 14:36:15.549655,road_0012,51.14285817159553,71.49500780438362,659,56.731485653489585,60,30.49345049997443,0,FREE_FLOW,arterial,Esil District
2025-09-17 14:36:15.549655,road_0013,51.178395080248016,71.44450085336713,321,45.0,45,25.37247158059732,0,FREE_FLOW,collector,Esil District
2025-09-17 14:36:15.549655,road_0014,51.22329556186777,71.40648282801608,387,44.21534459867927,45,20.947127457173224,0,FREE_FLOW,collector,Right Bank
2025-09-17 14:36:15.549655,road_0015,51.20247308795898,71.43455351818268,740,41.663197377025696,45,40.12936407897929,0,FREE_FLOW,collector,Right Bank
2025-09-17 14:36:15.549655,road_0016,51.16488352763151,71.45530260780878,1282,38.04030786551933,45,79.66433148569254,0,FREE_FLOW,collector,City Center
2025-09-17 14:36:15.549655,road_0017,51.1949632883288,71.44123238931239,800,27.690249320121566,35,98.21112272131998,1,LIGHT,local,City Center
2025-09-17 14:36:15.549655,road_0018,51.15447620767163,71.43400349958901,1500,37.652935443513186,45,100.0,0,FREE_FLOW,collector,City Center
2025-09-17 14:36:15.549655,road_0019,51.117113160490625,71.37143752439205,721,33.960700934223674,35,87.8698642356822,0,FREE_FLOW,local,Left Bank
2025-09-17 14:41:15.549655,road_0000,51.14858964026895,71.43899067721357,1488,42.97377617749757,45,98.14847950322641,0,FREE_FLOW,collector,City Center
2025-09-17 14:41:15.549655,road_0001,51.19558998501542,71.45756838173378,2077,51.59593208490659,60,88.00892208317896,0,FREE_FLOW,arterial,City Center
2025-09-17 14:41:15.549655,road_0002,51.21222340415979,71.47718542988797,197,35.0,35,15.328344181404784,0,FREE_FLOW,local,Right Bank
2025-09-17 14:41:15.549655,road_0003,51.147142431523605,71.42424835420817,520,45.0,45,29.553505600560626,0,FREE_FLOW,collector,Left Bank
2025-09-17 14:41:15.549655,road_0004,51.194896034828155,71.42672451599276,857,43.37349517720628,45,54.20010260121093,0,FREE_FLOW,collector,City Center
2025-09-17 14:41:15.549655,road_0005,51.13145373025382,71.42743582937553,1500,36.082313460666974,45,91.4494603833757,0,FREE_FLOW,collector,Left Bank
2025-09-17 14:41:15.549655,road_0006,51.14525858091126,71.40871681129984,562,45.0,45,44.4891003282716,0,FREE_FLOW,collector,Left Bank
2025-09-17 14:41:15.549655,road_0007,51.13560924762398,71.46282559050066,630,42.04927574547688,45,51.57965690059971,0,FREE_FLOW,collector,Right Bank
2025-09-17 14:41:15.549655,road_0008,51.106594323500836,71.4923767530675,831,45.0,45,47.69328557475428,0,FREE_FLOW,collector,Esil District
2025-09-17 14:41:15.549655,road_0009,51.1749541456762,71.45018304431642,1026,60.0,60,46.33204391790988,0,FREE_FLOW,arterial,City Center
2025-09-17 14:41:15.549655,road_0010,51.204215781196154,71.42542980013923,485,42.52995190819904,45,34.28452466498988,0,FREE_FLOW,collector,Right Bank
2025-09-17 14:41:15.549655,road_0011,51.14911362341584,71.45849757916488,1908,54.35737637740655,60,78.76779182220649,0,FREE_FLOW,arterial,City Center
2025-09-17 14:41:15.549655,road_0012,51.14285817159553,71.49500780438362,659,57.76708226887282,60,27.136769550709076,0,FREE_FLOW,arterial,Esil District
2025-09-17 14:41:15.549655,road_0013,51.178395080248016,71.44450085336713,539,43.77301795354133,45,33.239506272887766,0,FREE_FLOW,collector,Esil District
2025-09-17 14:41:15.549655,road_0014,51.22329556186777,71.40648282801608,484,45.0,45,38.571745737339285,0,FREE_FLOW,collector,Right Bank
2025-09-17 14:41:15.549655,road_0015,51.20247308795898,71.43455351818268,577,44.58275186123149,45,34.02449829827465,0,FREE_FLOW,collector,Right Bank
2025-09-17 14:41:15.549655,road_0016,51.16488352763151,71.45530260780878,789,45.0,45,52.816868691871036,0,FREE_FLOW,collector,City Center
2025-09-17 14:41:15.549655,road_0017,51.1949632883288,71.44123238931239,800,33.268178600338366,35,100.0,0,FREE_FLOW,local,City Center
2025-09-17 14:41:15.549655,road_0018,51.15447620767163,71.43400349958901,1109,42.783248036925194,45,74.57260411689712,0,FREE_FLOW,collector,City Center
2025-09-17 14:41:15.549655,road_0019,51.117113160490625,71.37143752439205,473,35.0,35,65.35213324610615,0,FREE_FLOW,local,Left Bank
2025-09-17 14:46:15.549655,road_0000,51.14858964026895,71.43899067721357,1421,39.654205052351934,45,92.21157390248817,0,FREE_FLOW,collector,City Center
2025-09-17 14:46:15.549655,road_0001,51.19558998501542,71.45756838173378,1397,60.0,60,48.684043175691535,0,FREE_FLOW,arterial,City Center
2025-09-17 14:46:15.549655,road_0002,51.21222340415979,71.47718542988797,265,35.0,35,23.160270304439543,0,FREE_FLOW,local,Right Bank
2025-09-17 14:46:15.549655,road_0003,51.147142431523605,71.42424835420817,1208,38.122365664016066,45,85.52038352359833,0,FREE_FLOW,collector,Left Bank
2025-09-17 14:46:15.549655,road_0004,51.194896034828155,71.42672451599276,770,41.66949796835841,45,42.56419053079665,0,FREE_FLOW,collector,City Center
2025-09-17 14:46:15.549655,road_0005,51.13145373025382,71.42743582937553,1045,41.06410121082945,45,76.87780245885536,0,FREE_FLOW,collector,Left Bank
2025-09-17 14:46:15.549655,road_0006,51.14525858091126,71.40871681129984,1169,45.0,45,69.14199386795237,0,FREE_FLOW,collector,Left Bank
2025-09-17 14:46:15.549655,road_0007,51.13560924762398,71.46282559050066,647,45.0,45,46.76926608176378,0,FREE_FLOW,collector,Right Bank
2025-09-17 14:46:15.549655,road_0008,51.106594323500836,71.4923767530675,365,41.453532253176746,45,22.955480563625464,0,FREE_FLOW,collector,Esil District
2025-09-17 14:46:15.549655,road_0009,51.1749541456762,71.45018304431642,2500,52.24078873568112,60,100.0,0,FREE_FLOW,arterial,City Center
2025-09-17 14:46:15.549655,road_0010,51.204215781196154,71.42542980013923,622,43.84088370195944,45,37.40331614898218,0,FREE_FLOW,collector,Right Bank
2025-09-17 14:46:15.549655,road_0011,51.14911362341584,71.45849757916488,2316,50.045424031691375,60,99.70912975917028,0,FREE_FLOW,arterial,City Center
2025-09-17 14:46:15.549655,road_0012,51.14285817159553,71.49500780438362,512,56.41880714092837,60,22.40759673626366,0,FREE_FLOW,arterial,Esil District
2025-09-17 14:46:15.549655,road_0013,51.178395080248016,71.44450085336713,634,45.0,45,49.43694987521364,0,FREE_FLOW,collector,Esil District
2025-09-17 14:46:15.549655,road_0014,51.22329556186777,71.40648282801608,452,45.0,45,23.76663468780938,0,FREE_FLOW,collector,Right Bank
2025-09-17 14:46:15.549655,road_0015,51.20247308795898,71.43455351818268,618,43.32624857668235,45,34.49699637515344,0,FREE_FLOW,collector,Right Bank
2025-09-17 14:46:15.549655,road_0016,51.16488352763151,71.45530260780878,889,45.0,45,50.075109433674996,0,FREE_FLOW,collector,City Center
2025-09-17 14:46:15.549655,road_0017,51.1949632883288,71.44123238931239,637,32.684144156141116,35,81.22092201478696,0,FREE_FLOW,local,City Center
2025-09-17 14:46:15.549655,road_0018,51.15447620767163,71.43400349958901,1046,45.0,45,67.42429483753666,0,FREE_FLOW,collector,City Center
2025-09-17 14:46:15.549655,road_0019,51.117113160490625,71.37143752439205,418,34.45099359478739,35,53.552410395250305,0,FREE_FLOW,local,Left Bank
2025-09-17 14:51:15.549655,road_0000,51.14858964026895,71.43899067721357,1448,40.74148721560615,45,89.53324441669659,0,FREE_FLOW,collector,City Center
2025-09-17 14:51:15.549655,road_0001,51.19558998501542,71.45756838173378,1201,60.0,60,41.985668333238095,0,FREE_FLOW,arterial,City Center
2025-09-17 14:51:15.549655,road_0002,51.21222340415979,71.47718542988797,267,35.0,35,33.69023761026736,0,FREE_FLOW,local,Right Bank
2025-09-17 14:51:15.549655,road_0003,51.147142431523605,71.42424835420817,698,44.16657722285082,45,49.23728667317445,0,FREE_FLOW,collector,Left Bank
2025-09-17 14:51:15.549655,road_0004,51.194896034828155,71.42672451599276,720,44.75468953028715,45,47.34291083205811,0,FREE_FLOW,collector,City Center
2025-09-17 14:51:15.549655,road_0005,51.13145373025382,71.42743582937553,629,41.502062514920425,45,46.838422015960745,0,FREE_FLOW,collector,Left Bank
2025-09-17 14:51:15.549655,road_0006,51.14525858091126,71.40871681129984,959,42.69393538553274,45,60.11516798055503,0,FREE_FLOW,collector,Left Bank
2025-09-17 14:51:15.549655,road_0007,51.13560924762398,71.46282559050066,728,45.0,45,43.80642834544166,0,FREE_FLOW,collector,Right Bank
2025-09-17 14:51:15.549655,road_0008,51.106594323500836,71.4923767530675,646,45.0,45,39.38607749376557,0,FREE_FLOW,collector,Esil District
2025-09-17 14:51:15.549655,road_0009,51.1749541456762,71.45018304431642,1950,56.35807432366026,60,74.29691067218032,0,FREE_FLOW,arterial,City Center
2025-09-17 14:51:15.549655,road_0010,51.204215781196154,71.42542980013923,982,42.80279030683376,45,69.05391789091702,0,FREE_FLOW,collector,Right Bank
2025-09-17 14:51:15.549655,road_0011,51.14911362341584,71.45849757916488,2500,55.31661759819475,60,90.23945933172729,0,FREE_FLOW,arterial,City Center
2025-09-17 14:51:15.549655,road_0012,51.14285817159553,71.49500780438362,765,60.0,60,21.058723895315513,0,FREE_FLOW,arterial,Esil District
2025-09-17 14:51:15.549655,road_0013,51.178395080248016,71.44450085336713,590,41.00255462245477,45,36.01169944355575,0,FREE_FLOW,collector,Esil District
2025-09-17 14:51:15.549655,road_0014,51.22329556186777,71.40648282801608,708,41.17004265848391,45,56.993769992889604,0,FREE_FLOW,collector,Right Bank
2025-09-17 14:51:15.549655,road_0015,51.20247308795898,71.43455351818268,488,45.0,45,38.48143632483847,0,FREE_FLOW,collector,Right Bank
2025-09-17 14:51:15.549655,road_0016,51.16488352763151,71.45530260780878,861,43.202046482982155,45,48.58223959379367,0,FREE_FLOW,collector,City Center
2025-09-17 14:51:15.549655,road_0017,51.1949632883288,71.44123238931239,516,31.82913962207587,35,70.65995486329271,0,FREE_FLOW,local,City Center
2025-09-17 14:51:15.549655,road_0018,51.15447620767163,71.43400349958901,1393,40.063136777759176,45,91.07878333104082,0,FREE_FLOW,collector,City Center
2025-09-17 14:51:15.549655,road_0019,51.117113160490625,71.37143752439205,450,31.6543072977988,35,58.181301018628446,0,FREE_FLOW,local,Left Bank
2025-09-17 14:56:15.549655,road_0000,51.14858964026895,71.43899067721357,828,44.30418231602747,45,64.85510634564946,0,FREE_FLOW,collector,City Center
2025-09-17 14:56:15.549655,road_0001,51.19558998501542,71.45756838173378,2500,50.38802247874008,60,97.39118545744348,0,FREE_FLOW,arterial,City Center
2025-09-17 14:56:15.549655,road_0002,51.21222340415979,71.47718542988797,495,33.00928047694039,35,68.9470676901884,0,FREE_FLOW,local,Right Bank
2025-09-17 14:56:15.549655,road_0003,51.147142431523605,71.42424835420817,940,45.0,45,59.01483713817912,0,FREE_FLOW,collector,Left Bank
2025-09-17 14:56:15.549655,road_0004,51.194896034828155,71.42672451599276,1098,45.0,45,68.92723126805664,0,FREE_FLOW,collector,City Center
2025-09-17 14:56:15.549655,road_0005,51.13145373025382,71.42743582937553,764,45.0,45,49.20214476039915,0,FREE_FLOW,collector,Left Bank
2025-09-17 14:56:15.549655,road_0006,51.14525858091126,71.40871681129984,1393,40.478961581837645,45,96.35573481259239,0,FREE_FLOW,collector,Left Bank
2025-09-17 14:56:15.549655,road_0007,51.13560924762398,71.46282559050066,613,43.477432833468484,45,41.40609965794464,0,FREE_FLOW,collector,Right Bank
2025-09-17 14:56:15.549655,road_0008,51.106594323500836,71.4923767530675,496,45.0,45,36.225293376229715,0,FREE_FLOW,collector,Esil District
2025-09-17 14:56:15.549655,road_0009,51.1749541456762,71.45018304431642,2337,48.565113551475996,60,93.66838987698102,0,FREE_FLOW,arterial,City Center
2025-09-17 14:56:15.549655,road_0010,51.204215781196154,71.42542980013923,792,41.39042125408189,45,51.621829882856034,0,FREE_FLOW,collector,Right Bank
2025-09-17 14:56:15.549655,road_0011,51.14911362341584,71.45849757916488,2342,54.16488491256012,60,90.97579511974735,0,FREE_FLOW,arterial,City Center
2025-09-17 14:56:15.549655,road_0012,51.14285817159553,71.49500780438362,682,60.0,60,22.59918294892408,0,FREE_FLOW,arterial,Esil District
2025-09-17 14:56:15.549655,road_0013,51.178395080248016,71.44450085336713,586,41.56901976014555,45,36.81734552572144,0,FREE_FLOW,collector,Esil District
2025-09-17 14:56:15.549655,road_0014,51.22329556186777,71.40648282801608,854,45.0,45,51.200151866622356,0,FREE_FLOW,collector,Right Bank
2025-09-17 14:56:15.549655,road_0015,51.20247308795898,71.43455351818268,772,45.0,45,56.528029841123576,0,FREE_FLOW,collector,Right Bank
2025-09-17 14:56:15.549655,road_0016,51.16488352763151,71.45530260780878,620,45.0,45,49.48054730358769,0,FREE_FLOW,collector,City Center
2025-09-17 14:56:15.549655,road_0017,51.1949632883288,71.44123238931239,569,35.0,35,68.49896571877782,0,FREE_FLOW,local,City Center
2025-09-17 14:56:15.549655,road_0018,51.15447620767163,71.43400349958901,1314,38.96973751207427,45,85.27788259726569,0,FREE_FLOW,collector,City Center
2025-09-17 14:56:15.549655,road_0019,51.117113160490625,71.37143752439205,255,31.660150667684604,35,24.811462486408736,0,FREE_FLOW,local,Left Bank
2025-09-17 15:01:15.549655,road_0000,51.14858964026895,71.43899067721357,1026,45.0,45,75.34822783249959,0,FREE_FLOW,collector,City Center
2025-09-17 15:01:15.549655,road_0001,51.19558998501542,71.45756838173378,2500,48.1399307872512,60,100.0,0,FREE_FLOW,arterial,City Center
2025-09-17 15:01:15.549655,road_0002,51.21222340415979,71.47718542988797,283,31.78423000360811,35,32.83398723288269,0,FREE_FLOW,local,Right Bank
2025-09-17 15:01:15.549655,road_0003,51.147142431523605,71.42424835420817,884,43.908889912466265,45,53.049306865876,0,FREE_FLOW,collector,Left Bank
2025-09-17 15:01:15.549655,road_0004,51.194896034828155,71.42672451599276,1500,39.033255365202514,45,90.28184997644703,0,FREE_FLOW,collector,City Center
2025-09-17 15:01:15.549655,road_0005,51.13145373025382,71.42743582937553,1371,37.371247593306144,45,83.87433940516439,0,FREE_FLOW,collector,Left Bank
2025-09-17 15:01:15.549655,road_0006,51.14525858091126,71.40871681129984,1053,44.037457301515424,45,74.52508112759432,0,FREE_FLOW,collector,Left Bank
2025-09-17 15:01:15.549655,road_0007,51.13560924762398,71.46282559050066,800,44.80764252551952,45,63.174631420911695,0,FREE_FLOW,collector,Right Bank
2025-09-17 15:01:15.549655,road_0008,51.106594323500836,71.4923767530675,337,45.0,45,28.08021448233206,0,FREE_FLOW,collector,Esil District
2025-09-17 15:01:15.549655,road_0009,51.1749541456762,71.45018304431642,2500,47.16023009128356,60,98.87560575589586,1,LIGHT,arterial,City Center
2025-09-17 15:01:15.549655,road_0010,51.204215781196154,71.42542980013923,1053,43.84022896687398,45,62.15223250008186,0,FREE_FLOW,collector,Right Bank
2025-09-17 15:01:15.549655,road_0011,51.14911362341584,71.45849757916488,2472,50.582496982912176,60,100.0,0,FREE_FLOW,arterial,City Center
2025-09-17 15:01:15.549655,road_0012,51.14285817159553,71.49500780438362,666,60.0,60,20.464771379697094,0,FREE_FLOW,arterial,Esil District
2025-09-17 15:01:15.549655,road_0013,51.178395080248016,71.44450085336713,491,41.37695609799719,45,40.860984137151256,0,FREE_FLOW,collector,Esil District
2025-09-17 15:01:15.549655,road_0014,51.22329556186777,71.40648282801608,590,40.7039313376351,45,44.74742141629947,0,FREE_FLOW,collector,Right Bank
2025-09-17 15:01:15.549655,road_0015,51.20247308795898,71.43455351818268,509,41.776431949667476,45,41.21730044221677,0,FREE_FLOW,collector,Right Bank
2025-09-17 15:01:15.549655,road_0016,51.16488352763151,71.45530260780878,1340,42.957192664616464,45,88.6767127625849,0,FREE_FLOW,collector,City Center
2025-09-17 15:01:15.549655,road_0017,51.1949632883288,71.44123238931239,379,32.399818992358085,35,53.21118157535541,0,FREE_FLOW,local,City Center
2025-09-17 15:01:15.549655,road_0018,51.15447620767163,71.43400349958901,1500,36.795995531671174,45,100.0,0,FREE_FLOW,collector,City Center
2025-09-17 15:01:15.549655,road_0019,51.117113160490625,71.37143752439205,575,35.0,35,79.50948547449833,0,FREE_FLOW,local,Left Bank
2025-09-17 15:06:15.549655,road_0000,51.14858964026895,71.43899067721357,1307,44.01898684245089,45,81.46732059743644,0,FREE_FLOW,collector,City Center
2025-09-17 15:06:15.549655,road_0001,51.19558998501542,71.45756838173378,2415,57.20516169232208,60,100.0,0,FREE_FLOW,arterial,City Center
2025-09-17 15:06:15.549655,road_0002,51.21222340415979,71.47718542988797,433,35.0,35,50.300131690575014,0,FREE_FLOW,local,Right Bank
2025-09-17 15:06:15.549655,road_0003,51.147142431523605,71.42424835420817,1183,42.46381350294803,45,87.6611082518334,0,FREE_FLOW,collector,Left Bank
2025-09-17 15:06:15.549655,road_0004,51.194896034828155,71.42672451599276,1270,39.39888954953633,45,87.71829495188688,0,FREE_FLOW,collector,City Center
2025-09-17 15:06:15.549655,road_0005,51.13145373025382,71.42743582937553,1081,43.43188537861995,45,71.97083050707197,0,FREE_FLOW,collector,Left Bank
2025-09-17 15:06:15.549655,road_0006,51.14525858091126,71.40871681129984,1209,44.06773499667494,45,85.69041201912408,0,FREE_FLOW,collector,Left Bank
2025-09-17 15:06:15.549655,road_0007,51.13560924762398,71.46282559050066,965,42.5418150592641,45,65.84611023873174,0,FREE_FLOW,collector,Right Bank
2025-09-17 15:06:15.549655,road_0008,51.106594323500836,71.4923767530675,361,43.96054117364706,45,18.621510220895765,0,FREE_FLOW,collector,Esil District
2025-09-17 15:06:15.549655,road_0009,51.1749541456762,71.45018304431642,1390,57.083414793539035,60,63.333785515801836,0,FREE_FLOW,arterial,City Center
2025-09-17 15:06:15.549655,road_0010,51.204215781196154,71.42542980013923,806,40.7087988576244,45,58.196095000987484,0,FREE_FLOW,collector,Right Bank
2025-09-17 15:06:15.549655,road_0011,51.14911362341584,71.45849757916488,1641,54.69103184349173,60,58.77576804440002,0,FREE_FLOW,arterial,City Center
2025-09-17 15:06:15.549655,road_0012,51.14285817159553,71.49500780438362,980,60.0,60,47.878149427846104,0,FREE_FLOW,arterial,Esil District
2025-09-17 15:06:15.549655,road_0013,51.178395080248016,71.44450085336713,543,45.0,45,40.588321401644144,0,FREE_FLOW,collector,Esil District
2025-09-17 15:06:15.549655,road_0014,51.22329556186777,71.40648282801608,959,45.0,45,71.55521372146653,0,FREE_FLOW,collector,Right Bank
2025-09-17 15:06:15.549655,road_0015,51.20247308795898,71.43455351818268,1076,43.17180224703304,45,71.56844159060334,0,FREE_FLOW,collector,Right Bank
2025-09-17 15:06:15.549655,road_0016,51.16488352763151,71.45530260780878,1500,42.079509394185415,45,91.76118998061958,0,FREE_FLOW,collector,City Center
2025-09-17 15:06:15.549655,road_0017,51.1949632883288,71.44123238931239,784,33.6478727471766,35,100.0,0,FREE_FLOW,local,City Center
2025-09-17 15:06:15.549655,road_0018,51.15447620767163,71.43400349958901,1455,37.12746276843828,45,100.0,0,FREE_FLOW,collector,City Center
2025-09-17 15:06:15.549655,road_0019,51.117113160490625,71.37143752439205,323,35.0,35,40.039774960193064,0,FREE_FLOW,local,Left Bank
2025-09-17 15:11:15.549655,road_0000,51.14858964026895,71.43899067721357,1007,41.848908841881766,45,59.95489779368418,0,FREE_FLOW,collector,City Center
2025-09-17 15:11:15.549655,road_0001,51.19558998501542,71.45756838173378,2500,49.56355182161523,60,100.0,0,FREE_FLOW,arterial,City Center
2025-09-17 15:11:15.549655,road_0002,51.21222340415979,71.47718542988797,310,31.767637071995704,35,47.6229321532215,0,FREE_FLOW,local,Right Bank
2025-09-17 15:11:15.549655,road_0003,51.147142431523605,71.42424835420817,1116,41.317201935040565,45,79.16806974766641,0,FREE_FLOW,collector,Left Bank
2025-09-17 15:11:15.549655,road_0004,51.194896034828155,71.42672451599276,1235,39.898181981834924,45,88.79241354630568,0,FREE_FLOW,collector,City Center
2025-09-17 15:11:15.549655,road_0005,51.13145373025382,71.42743582937553,880,45.0,45,52.798982971267705,0,FREE_FLOW,collector,Left Bank
2025-09-17 15:11:15.549655,road_0006,51.14525858091126,71.40871681129984,794,45.0,45,61.54518608197985,0,FREE_FLOW,collector,Left Bank
2025-09-17 15:11:15.549655,road_0007,51.13560924762398,71.46282559050066,1157,44.62518725404358,45,78.38497544647223,0,FREE_FLOW,collector,Right Bank
2025-09-17 15:11:15.549655,road_0008,51.106594323500836,71.4923767530675,350,45.0,45,14.173871533689114,0,FREE_FLOW,collector,Esil District
2025-09-17 15:11:15.549655,road_0009,51.1749541456762,71.45018304431642,2500,53.92845655821285,60,100.0,0,FREE_FLOW,arterial,City Center
2025-09-17 15:11:15.549655,road_0010,51.204215781196154,71.42542980013923,600,45.0,45,32.282069953325575,0,FREE_FLOW,collector,Right Bank
2025-09-17 15:11:15.549655,road_0011,51.14911362341584,71.45849757916488,1872,60.0,60,75.23113504495639,0,FREE_FLOW,arterial,City Center
2025-09-17 15:11:15.549655,road_0012,51.14285817159553,71.49500780438362,1447,60.0,60,61.132885374771725,0,FREE_FLOW,arterial,Esil District
2025-09-17 15:11:15.549655,road_0013,51.178395080248016,71.44450085336713,346,44.540289944882915,45,22.781373441615948,0,FREE_FLOW,collector,Esil District
2025-09-17 15:11:15.549655,road_0014,51.22329556186777,71.40648282801608,567,42.806505186611965,45,42.62172148151886,0,FREE_FLOW,collector,Right Bank
2025-09-17 15:11:15.549655,road_0015,51.20247308795898,71.43455351818268,556,43.658430429234684,45,32.63873826154898,0,FREE_FLOW,collector,Right Bank
2025-09-17 15:11:15.549655,road_0016,51.16488352763151,71.45530260780878,1256,42.89273963459659,45,83.4314899962818,0,FREE_FLOW,collector,City Center
2025-09-17 15:11:15.549655,road_0017,51.1949632883288,71.44123238931239,612,30.60457885828289,35,76.62195964681965,0,FREE_FLOW,local,City Center
2025-09-17 15:11:15.549655,road_0018,51.15447620767163,71.43400349958901,1361,42.049112490392794,45,81.67256582772643,0,FREE_FLOW,collector,City Center
2025-09-17 15:11:15.549655,road_0019,51.117113160490625,71.37143752439205,342,35.0,35,45.17299365746932,0,FREE_FLOW,local,Left Bank
2025-09-17 15:16:15.549655,road_0000,51.14858964026895,71.43899067721357,1256,39.359115701631914,45,83.57362248143977,0,FREE_FLOW,collector,City Center
2025-09-17 15:16:15.549655,road_0001,51.19558998501542,71.45756838173378,2415,53.38835201338174,60,89.32246926561224,0,FREE_FLOW,arterial,City Center
2025-09-17 15:16:15.549655,road_0002,51.21222340415979,71.47718542988797,406,35.0,35,55.46828346761657,0,FREE_FLOW,local,Right Bank
2025-09-17 15:16:15.549655,road_0003,51.147142431523605,71.42424835420817,1137,43.73785449708685,45,82.6053321128503,0,FREE_FLOW,collector,Left Bank
2025-09-17 15:16:15.549655,road_0004,51.194896034828155,71.42672451599276,1489,38.518268175513725,45,100.0,0,FREE_FLOW,collector,City Center
2025-09-17 15:16:15.549655,road_0005,51.13145373025382,71.42743582937553,1500,42.15700128209364,45,100.0,0,FREE_FLOW,collector,Left Bank
2025-09-17 15:16:15.549655,road_0006,51.14525858091126,71.40871681129984,1319,41.87568673333189,45,87.85368082570685,0,FREE_FLOW,collector,Left Bank
2025-09-17 15:16:15.549655,road_0007,51.13560924762398,71.46282559050066,1100,39.88054048071607,45,73.50421260401906,0,FREE_FLOW,collector,Right Bank
2025-09-17 15:16:15.549655,road_0008,51.106594323500836,71.4923767530675,699,43.272211744654776,45,55.400163374574774,0,FREE_FLOW,collector,Esil District
2025-09-17 15:16:15.549655,road_0009,51.1749541456762,71.45018304431642,2500,47.083742971230215,60,93.43553813280721,1,LIGHT,arterial,City Center
2025-09-17 15:16:15.549655,road_0010,51.204215781196154,71.42542980013923,987,42.92138475273081,45,61.423899058313914,0,FREE_FLOW,collector,Right Bank
2025-09-17 15:16:15.549655,road_0011,51.14911362341584,71.45849757916488,2500,47.87259244365422,60,94.51461838341638,1,LIGHT,arterial,City Center
2025-09-17 15:16:15.549655,road_0012,51.14285817159553,71.49500780438362,1307,60.0,60,54.97589004216401,0,FREE_FLOW,arterial,Esil District
2025-09-17 15:16:15.549655,road_0013,51.178395080248016,71.44450085336713,688,40.24265977372494,45,53.44750988590002,0,FREE_FLOW,collector,Esil District
2025-09-17 15:16:15.549655,road_0014,51.22329556186777,71.40648282801608,755,45.0,45,54.86983486166044,0,FREE_FLOW,collector,Right Bank
2025-09-17 15:16:15.549655,road_0015,51.20247308795898,71.43455351818268,647,45.0,45,36.71557354579504,0,FREE_FLOW,collector,Right Bank
2025-09-17 15:16:15.549655,road_0016,51.16488352763151,71.45530260780878,1500,42.88071967060492,45,100.0,0,FREE_FLOW,collector,City Center
2025-09-17 15:16:15.549655,road_0017,51.1949632883288,71.44123238931239,576,31.406995552252113,35,70.12333499910216,0,FREE_FLOW,local,City Center
2025-09-17 15:16:15.549655,road_0018,51.15447620767163,71.43400349958901,955,44.79038154044652,45,58.24635159829303,0,FREE_FLOW,collector,City Center
2025-09-17 15:16:15.549655,road_0019,51.117113160490625,71.37143752439205,443,34.70744420877637,35,60.221624339654596,0,FREE_FLOW,local,Left Bank
2025-09-17 15:21:15.549655,road_0000,51.14858964026895,71.43899067721357,1500,42.23817872290269,45,93.88478094299836,0,FREE_FLOW,collector,City Center
2025-09-17 15:21:15.549655,road_0001,51.19558998501542,71.45756838173378,2364,55.03391160949453,60,89.20775435447439,0,FREE_FLOW,arterial,City Center
2025-09-17 15:21:15.549655,road_0002,51.21222340415979,71.47718542988797,229,31.54195130079966,35,38.60292140234496,0,FREE_FLOW,local,Right Bank
2025-09-17 15:21:15.549655,road_0003,51.147142431523605,71.42424835420817,971,40.33674766253458,45,65.76797888475141,0,FREE_FLOW,collector,Left Bank
2025-09-17 15:21:15.549655,road_0004,51.194896034828155,71.42672451599276,1500,37.192051278167625,45,96.88684677154951,0,FREE_FLOW,collector,City Center
2025-09-17 15:21:15.549655,road_0005,51.13145373025382,71.42743582937553,722,44.992631236713734,45,47.08679536389734,0,FREE_FLOW,collector,Left Bank
2025-09-17 15:21:15.549655,road_0006,51.14525858091126,71.40871681129984,1036,44.32023595222864,45,67.33683686765222,0,FREE_FLOW,collector,Left Bank
2025-09-17 15:21:15.549655,road_0007,51.13560924762398,71.46282559050066,546,45.0,45,38.5260055768871,0,FREE_FLOW,collector,Right Bank
2025-09-17 15:21:15.549655,road_0008,51.106594323500836,71.4923767530675,678,45.0,45,37.179324844481044,0,FREE_FLOW,collector,Esil District
2025-09-17 15:21:15.549655,road_0009,51.1749541456762,71.45018304431642,2500,53.814810140108214,60,92.91149813024037,0,FREE_FLOW,arterial,City Center
2025-09-17 15:21:15.549655,road_0010,51.204215781196154,71.42542980013923,616,45.0,45,41.457249338212264,0,FREE_FLOW,collector,Right Bank
2025-09-17 15:21:15.549655,road_0011,51.14911362341584,71.45849757916488,2500,48.46252114029808,60,100.0,0,FREE_FLOW,arterial,City Center
2025-09-17 15:21:15.549655,road_0012,51.14285817159553,71.49500780438362,761,60.0,60,24.46621743645073,0,FREE_FLOW,arterial,Esil District
2025-09-17 15:21:15.549655,road_0013,51.178395080248016,71.44450085336713,431,44.71863137347589,45,34.89357613882827,0,FREE_FLOW,collector,Esil District
2025-09-17 15:21:15.549655,road_0014,51.22329556186777,71.40648282801608,744,45.0,45,49.37417061314781,0,FREE_FLOW,collector,Right Bank
2025-09-17 15:21:15.549655,road_0015,51.20247308795898,71.43455351818268,734,45.0,45,57.40651497889131,0,FREE_FLOW,collector,Right Bank
2025-09-17 15:21:15.549655,road_0016,51.16488352763151,71.45530260780878,1077,42.09247292849307,45,78.1521957340333,0,FREE_FLOW,collector,City Center
2025-09-17 15:21:15.549655,road_0017,51.1949632883288,71.44123238931239,435,32.83191432330756,35,56.08716347792731,0,FREE_FLOW,local,City Center
2025-09-17 15:21:15.549655,road_0018,51.15447620767163,71.43400349958901,1466,40.47843540416696,45,92.2450793991744,0,FREE_FLOW,collector,City Center
2025-09-17 15:21:15.549655,road_0019,51.117113160490625,71.37143752439205,382,35.0,35,57.237952351348966,0,FREE_FLOW,local,Left Bank
2025-09-17 15:26:15.549655,road_0000,51.14858964026895,71.43899067721357,1308,41.643845398325595,45,87.75689727998899,0,FREE_FLOW,collector,City Center
2025-09-17 15:26:15.549655,road_0001,51.19558998501542,71.45756838173378,1626,60.0,60,60.43912026666265,0,FREE_FLOW,arterial,City Center
2025-09-17 15:26:15.549655,road_0002,51.21222340415979,71.47718542988797,298,33.38053561206339,35,39.929838272116,0,FREE_FLOW,local,Right Bank
2025-09-17 15:26:15.549655,road_0003,51.147142431523605,71.42424835420817,1500,39.71419090878922,45,91.23385114241927,0,FREE_FLOW,collector,Left Bank
2025-09-17 15:26:15.549655,road_0004,51.194896034828155,71.42672451599276,1178,38.398930522621995,45,79.4698061390803,0,FREE_FLOW,collector,City Center
2025-09-17 15:26:15.549655,road_0005,51.13145373025382,71.42743582937553,1120,45.0,45,75.84910707062085,0,FREE_FLOW,collector,Left Bank
2025-09-17 15:26:15.549655,road_0006,51.14525858091126,71.40871681129984,728,44.554873784888045,45,39.8063319705292,0,FREE_FLOW,collector,Left Bank
2025-09-17 15:26:15.549655,road_0007,51.13560924762398,71.46282559050066,1010,45.0,45,64.38297616338818,0,FREE_FLOW,collector,Right Bank
2025-09-17 15:26:15.549655,road_0008,51.106594323500836,71.4923767530675,727,45.0,45,53.471205469202175,0,FREE_FLOW,collector,Esil District
2025-09-17 15:26:15.549655,road_0009,51.1749541456762,71.45018304431642,2500,53.64105973197578,60,100.0,0,FREE_FLOW,arterial,City Center
2025-09-17 15:26:15.549655,road_0010,51.204215781196154,71.42542980013923,582,45.0,45,35.499706158913554,0,FREE_FLOW,collector,Right Bank
2025-09-17 15:26:15.549655,road_0011,51.14911362341584,71.45849757916488,2244,59.06649908525618,60,81.9671679876936,0,FREE_FLOW,arterial,City Center
2025-09-17 15:26:15.549655,road_0012,51.14285817159553,71.49500780438362,1304,59.26084557943475,60,52.231924351004416,0,FREE_FLOW,arterial,Esil District
2025-09-17 15:26:15.549655,road_0013,51.178395080248016,71.44450085336713,482,43.37628873256846,45,24.599952729777513,0,FREE_FLOW,collector,Esil District
2025-09-17 15:26:15.549655,road_0014,51.22329556186777,71.40648282801608,680,45.0,45,39.05240673496039,0,FREE_FLOW,collector,Right Bank
2025-09-17 15:26:15.549655,road_0015,51.20247308795898,71.43455351818268,418,45.0,45,17.942709129933355,0,FREE_FLOW,collector,Right Bank
2025-09-17 15:26:15.549655,road_0016,51.16488352763151,71.45530260780878,1500,38.37624091342129,45,100.0,0,FREE_FLOW,collector,City Center
2025-09-17 15:26:15.549655,road_0017,51.1949632883288,71.44123238931239,800,32.239249038702255,35,100.0,0,FREE_FLOW,local,City Center
2025-09-17 15:26:15.549655,road_0018,51.15447620767163,71.43400349958901,1328,37.178733554501434,45,85.25952489867895,0,FREE_FLOW,collector,City Center
2025-09-17 15:26:15.549655,road_0019,51.117113160490625,71.37143752439205,374,35.0,35,48.86802273885496,0,FREE_FLOW,local,Left Bank
2025-09-17 15:31:15.549655,road_0000,51.14858964026895,71.43899067721357,1500,40.62835829983054,45,97.8828125184396,0,FREE_FLOW,collector,City Center
2025-09-17 15:31:15.549655,road_0001,51.19558998501542,71.45756838173378,1693,60.0,60,57.80226057817559,0,FREE_FLOW,arterial,City Center
2025-09-17 15:31:15.549655,road_0002,51.21222340415979,71.47718542988797,578,31.738476296208063,35,62.80110019176233,0,FREE_FLOW,local,Right Bank
2025-09-17 15:31:15.549655,road_0003,51.147142431523605,71.42424835420817,1500,41.52775498546621,45,100.0,0,FREE_FLOW,collector,Left Bank
2025-09-17 15:31:15.549655,road_0004,51.194896034828155,71.42672451599276,1500,35.3981287932499,45,98.60283387934152,1,LIGHT,collector,City Center
2025-09-17 15:31:15.549655,road_0005,51.13145373025382,71.42743582937553,1326,42.04869066116238,45,87.413382631927,0,FREE_FLOW,collector,Left Bank
2025-09-17 15:31:15.549655,road_0006,51.14525858091126,71.40871681129984,1500,42.67314845514828,45,100.0,0,FREE_FLOW,collector,Left Bank
2025-09-17 15:31:15.549655,road_0007,51.13560924762398,71.46282559050066,801,45.0,45,54.86073504950069,0,FREE_FLOW,collector,Right Bank
2025-09-17 15:31:15.549655,road_0008,51.106594323500836,71.4923767530675,383,45.0,45,18.978459631411983,0,FREE_FLOW,collector,Esil District
2025-09-17 15:31:15.549655,road_0009,51.1749541456762,71.45018304431642,2500,54.599934371649645,60,98.78237711797149,0,FREE_FLOW,arterial,City Center
2025-09-17 15:31:15.549655,road_0010,51.204215781196154,71.42542980013923,442,45.0,45,24.113176924332603,0,FREE_FLOW,collector,Right Bank
2025-09-17 15:31:15.549655,road_0011,51.14911362341584,71.45849757916488,1302,59.70056724854536,60,51.11603080193399,0,FREE_FLOW,arterial,City Center
2025-09-17 15:31:15.549655,road_0012,51.14285817159553,71.49500780438362,955,56.140481928606704,60,29.26920509254726,0,FREE_FLOW,arterial,Esil District
2025-09-17 15:31:15.549655,road_0013,51.178395080248016,71.44450085336713,334,44.835999871972184,45,26.0797460995576,0,FREE_FLOW,collector,Esil District
2025-09-17 15:31:15.549655,road_0014,51.22329556186777,71.40648282801608,695,45.0,45,43.05269599295585,0,FREE_FLOW,collector,Right Bank
2025-09-17 15:31:15.549655,road_0015,51.20247308795898,71.43455351818268,424,45.0,45,28.06417815441088,0,FREE_FLOW,collector,Right Bank
2025-09-17 15:31:15.549655,road_0016,51.16488352763151,71.45530260780878,1500,38.437738620416795,45,100.0,0,FREE_FLOW,collector,City Center
2025-09-17 15:31:15.549655,road_0017,51.1949632883288,71.44123238931239,566,33.767038154825315,35,61.38360717874551,0,FREE_FLOW,local,City Center
2025-09-17 15:31:15.549655,road_0018,51.15447620767163,71.43400349958901,1500,37.549930132966,45,100.0,0,FREE_FLOW,collector,City Center
2025-09-17 15:31:15.549655,road_0019,51.117113160490625,71.37143752439205,352,35.0,35,44.6849394728723,0,FREE_FLOW,local,Left Bank
2025-09-17 15:36:15.549655,road_0000,51.14858964026895,71.43899067721357,988,41.63767884784319,45,61.125258050471885,0,FREE_FLOW,collector,City Center
2025-09-17 15:36:15.549655,road_0001,51.19558998501542,71.45756838173378,1933,55.16566976818771,60,73.08413591923978,0,FREE_FLOW,arterial,City Center
2025-09-17 15:36:15.549655,road_0002,51.21222340415979,71.47718542988797,373,31.455345014487317,35,39.621960347850795,0,FREE_FLOW,local,Right Bank
2025-09-17 15:36:15.549655,road_0003,51.147142431523605,71.42424835420817,884,44.544819867497765,45,55.93890864848603,0,FREE_FLOW,collector,Left Bank
2025-09-17 15:36:15.549655,road_0004,51.194896034828155,71.42672451599276,1205,45.0,45,87.20279428948726,0,FREE_FLOW,collector,City Center
2025-09-17 15:36:15.549655,road_0005,51.13145373025382,71.42743582937553,923,45.0,45,66.649119771335,0,FREE_FLOW,collector,Left Bank
2025-09-17 15:36:15.549655,road_0006,51.14525858091126,71.40871681129984,1097,45.0,45,66.9335941631918,0,FREE_FLOW,collector,Left Bank
2025-09-17 15:36:15.549655,road_0007,51.13560924762398,71.46282559050066,741,45.0,45,56.95981728394348,0,FREE_FLOW,collector,Right Bank
2025-09-17 15:36:15.549655,road_0008,51.106594323500836,71.4923767530675,512,44.46797029298537,45,43.9718343668308,0,FREE_FLOW,collector,Esil District
2025-09-17 15:36:15.549655,road_0009,51.1749541456762,71.45018304431642,2500,52.27373865147618,60,91.51325272156907,0,FREE_FLOW,arterial,City Center
2025-09-17 15:36:15.549655,road_0010,51.204215781196154,71.42542980013923,786,45.0,45,51.21993663470131,0,FREE_FLOW,collector,Right Bank
2025-09-17 15:36:15.549655,road_0011,51.14911362341584,71.45849757916488,2299,57.25583524447489,60,89.62375039193788,0,FREE_FLOW,arterial,City Center
2025-09-17 15:36:15.549655,road_0012,51.14285817159553,71.49500780438362,709,54.63143200720807,60,32.78069256215289,0,FREE_FLOW,arterial,Esil District
2025-09-17 15:36:15.549655,road_0013,51.178395080248016,71.44450085336713,339,41.07827238744208,45,17.61576329226442,0,FREE_FLOW,collector,Esil District
2025-09-17 15:36:15.549655,road_0014,51.22329556186777,71.40648282801608,973,42.898077596612744,45,69.31716398311788,0,FREE_FLOW,collector,Right Bank
2025-09-17 15:36:15.549655,road_0015,51.20247308795898,71.43455351818268,919,43.466712783635394,45,58.75284838943139,0,FREE_FLOW,collector,Right Bank
2025-09-17 15:36:15.549655,road_0016,51.16488352763151,71.45530260780878,1500,41.8009351234442,45,100.0,0,FREE_FLOW,collector,City Center
2025-09-17 15:36:15.549655,road_0017,51.1949632883288,71.44123238931239,646,30.11511392126682,35,80.58074557201128,0,FREE_FLOW,local,City Center
2025-09-17 15:36:15.549655,road_0018,51.15447620767163,71.43400349958901,1221,38.78516925728279,45,79.17836005592217,0,FREE_FLOW,collector,City Center
2025-09-17 15:36:15.549655,road_0019,51.117113160490625,71.37143752439205,762,31.42151480846341,35,87.90714045504966,0,FREE_FLOW,local,Left Bank
2025-09-17 15:41:15.549655,road_0000,51.14858964026895,71.43899067721357,917,39.71493151451019,45,59.41153841947567,0,FREE_FLOW,collector,City Center
2025-09-17 15:41:15.549655,road_0001,51.19558998501542,71.45756838173378,1787,60.0,60,74.84737594260302,0,FREE_FLOW,arterial,City Center
2025-09-17 15:41:15.549655,road_0002,51.21222340415979,71.47718542988797,252,35.0,35,27.03365656561704,0,FREE_FLOW,local,Right Bank
2025-09-17 15:41:15.549655,road_0003,51.147142431523605,71.42424835420817,1183,39.22428012530289,45,76.24330150499924,0,FREE_FLOW,collector,Left Bank
2025-09-17 15:41:15.549655,road_0004,51.194896034828155,71.42672451599276,1500,39.71642486486972,45,100.0,0,FREE_FLOW,collector,City Center
2025-09-17 15:41:15.549655,road_0005,51.13145373025382,71.42743582937553,638,41.12925722760911,45,49.9378724900815,0,FREE_FLOW,collector,Left Bank
2025-09-17 15:41:15.549655,road_0006,51.14525858091126,71.40871681129984,1234,42.896519845730325,45,89.32214201115819,0,FREE_FLOW,collector,Left Bank
2025-09-17 15:41:15.549655,road_0007,51.13560924762398,71.46282559050066,717,43.92343943456406,45,43.275069109844466,0,FREE_FLOW,collector,Right Bank
2025-09-17 15:41:15.549655,road_0008,51.106594323500836,71.4923767530675,617,45.0,45,35.8125034094865,0,FREE_FLOW,collector,Esil District
2025-09-17 15:41:15.549655,road_0009,51.1749541456762,71.45018304431642,2312,55.97607233262864,60,100.0,0,FREE_FLOW,arterial,City Center
2025-09-17 15:41:15.549655,road_0010,51.204215781196154,71.42542980013923,616,40.65171205177079,45,41.52040775218088,0,FREE_FLOW,collector,Right Bank
2025-09-17 15:41:15.549655,road_0011,51.14911362341584,71.45849757916488,2202,58.35286337359005,60,91.1401618258101,0,FREE_FLOW,arterial,City Center
2025-09-17 15:41:15.549655,road_0012,51.14285817159553,71.49500780438362,1163,60.0,60,51.42920634096673,0,FREE_FLOW,arterial,Esil District
2025-09-17 15:41:15.549655,road_0013,51.178395080248016,71.44450085336713,292,42.33606911409479,45,13.715203079967088,0,FREE_FLOW,collector,Esil District
2025-09-17 15:41:15.549655,road_0014,51.22329556186777,71.40648282801608,725,40.26680037363224,45,51.99477408904954,0,FREE_FLOW,collector,Right Bank
2025-09-17 15:41:15.549655,road_0015,51.20247308795898,71.43455351818268,850,41.60450570975413,45,57.353697321279896,0,FREE_FLOW,collector,Right Bank
2025-09-17 15:41:15.549655,road_0016,51.16488352763151,71.45530260780878,1500,38.005822780573226,45,97.00167034916741,0,FREE_FLOW,collector,City Center
2025-09-17 15:41:15.549655,road_0017,51.1949632883288,71.44123238931239,698,31.975755800399934,35,83.540841575071,0,FREE_FLOW,local,City Center
2025-09-17 15:41:15.549655,road_0018,51.15447620767163,71.43400349958901,1052,41.59679277106139,45,79.0803641641611,0,FREE_FLOW,collector,City Center
2025-09-17 15:41:15.549655,road_0019,51.117113160490625,71.37143752439205,678,29.829558606790165,35,77.6438627352634,0,FREE_FLOW,local,Left Bank
2025-09-17 15:46:15.549655,road_0000,51.14858964026895,71.43899067721357,1500,35.273740167885386,45,100.0,1,LIGHT,collector,City Center
2025-09-17 15:46:15.549655,road_0001,51.19558998501542,71.45756838173378,2338,49.82964266691809,60,91.71896399406809,0,FREE_FLOW,arterial,City Center
2025-09-17 15:46:15.549655,road_0002,51.21222340415979,71.47718542988797,339,34.68737274108883,35,41.88168351337498,0,FREE_FLOW,local,Right Bank
2025-09-17 15:46:15.549655,road_0003,51.147142431523605,71.42424835420817,653,45.0,45,42.02807448774415,0,FREE_FLOW,collector,Left Bank
2025-09-17 15:46:15.549655,road_0004,51.194896034828155,71.42672451599276,1243,42.58393702892128,45,91.58447822104347,0,FREE_FLOW,collector,City Center
2025-09-17 15:46:15.549655,road_0005,51.13145373025382,71.42743582937553,536,45.0,45,45.0702816800401,0,FREE_FLOW,collector,Left Bank
2025-09-17 15:46:15.549655,road_0006,51.14525858091126,71.40871681129984,820,40.36275378860587,45,63.81468511333259,0,FREE_FLOW,collector,Left Bank
2025-09-17 15:46:15.549655,road_0007,51.13560924762398,71.46282559050066,650,45.0,45,42.268284199575795,0,FREE_FLOW,collector,Right Bank
2025-09-17 15:46:15.549655,road_0008,51.106594323500836,71.4923767530675,677,45.0,45,46.82517999765989,0,FREE_FLOW,collector,Esil District
2025-09-17 15:46:15.549655,road_0009,51.1749541456762,71.45018304431642,1496,53.82358683934464,60,52.93126684393806,0,FREE_FLOW,arterial,City Center
2025-09-17 15:46:15.549655,road_0010,51.204215781196154,71.42542980013923,791,44.818220100354274,45,57.874804169856546,0,FREE_FLOW,collector,Right Bank
2025-09-17 15:46:15.549655,road_0011,51.14911362341584,71.45849757916488,1729,56.09181420899144,60,59.389137425119614,0,FREE_FLOW,arterial,City Center
2025-09-17 15:46:15.549655,road_0012,51.14285817159553,71.49500780438362,1370,60.0,60,60.61371500530341,0,FREE_FLOW,arterial,Esil District
2025-09-17 15:46:15.549655,road_0013,51.178395080248016,71.44450085336713,610,45.0,45,49.63740143668277,0,FREE_FLOW,collector,Esil District
2025-09-17 15:46:15.549655,road_0014,51.22329556186777,71.40648282801608,486,45.0,45,39.810940544454596,0,FREE_FLOW,collector,Right Bank
2025-09-17 15:46:15.549655,road_0015,51.20247308795898,71.43455351818268,604,41.66478613991966,45,47.230712554549925,0,FREE_FLOW,collector,Right Bank
2025-09-17 15:46:15.549655,road_0016,51.16488352763151,71.45530260780878,1323,37.17079111106231,45,85.763547940384,0,FREE_FLOW,collector,City Center
2025-09-17 15:46:15.549655,road_0017,51.1949632883288,71.44123238931239,800,30.80983830093894,35,100.0,0,FREE_FLOW,local,City Center
2025-09-17 15:46:15.549655,road_0018,51.15447620767163,71.43400349958901,1500,39.9679571909038,45,100.0,0,FREE_FLOW,collector,City Center
2025-09-17 15:46:15.549655,road_0019,51.117113160490625,71.37143752439205,767,30.211107762240424,35,91.03539891318212,0,FREE_FLOW,local,Left Bank
2025-09-17 15:51:15.549655,road_0000,51.14858964026895,71.43899067721357,1316,42.08660862951197,45,93.92550496167335,0,FREE_FLOW,collector,City Center
2025-09-17 15:51:15.549655,road_0001,51.19558998501542,71.45756838173378,2500,51.62748148658178,60,100.0,0,FREE_FLOW,arterial,City Center
2025-09-17 15:51:15.549655,road_0002,51.21222340415979,71.47718542988797,334,33.410849936742366,35,45.976930393659984,0,FREE_FLOW,local,Right Bank
2025-09-17 15:51:15.549655,road_0003,51.147142431523605,71.42424835420817,790,40.94221259674878,45,60.85518246046095,0,FREE_FLOW,collector,Left Bank
2025-09-17 15:51:15.549655,road_0004,51.194896034828155,71.42672451599276,1079,39.980652169347586,45,71.28484115984404,0,FREE_FLOW,collector,City Center
2025-09-17 15:51:15.549655,road_0005,51.13145373025382,71.42743582937553,867,43.33619576579628,45,66.97384777882246,0,FREE_FLOW,collector,Left Bank
2025-09-17 15:51:15.549655,road_0006,51.14525858091126,71.40871681129984,861,41.088315605866846,45,56.080344722817884,0,FREE_FLOW,collector,Left Bank
2025-09-17 15:51:15.549655,road_0007,51.13560924762398,71.46282559050066,918,42.41146337418475,45,65.4105842543757,0,FREE_FLOW,collector,Right Bank
2025-09-17 15:51:15.549655,road_0008,51.106594323500836,71.4923767530675,522,45.0,45,28.677415078261646,0,FREE_FLOW,collector,Esil District
2025-09-17 15:51:15.549655,road_0009,51.1749541456762,71.45018304431642,1220,60.0,60,58.49851871618228,0,FREE_FLOW,arterial,City Center
2025-09-17 15:51:15.549655,road_0010,51.204215781196154,71.42542980013923,663,45.0,45,41.266473260783954,0,FREE_FLOW,collector,Right Bank
2025-09-17 15:51:15.549655,road_0011,51.14911362341584,71.45849757916488,1568,60.0,60,66.49489832060847,0,FREE_FLOW,arterial,City Center
2025-09-17 15:51:15.549655,road_0012,51.14285817159553,71.49500780438362,969,56.43871743503866,60,40.22179110658318,0,FREE_FLOW,arterial,Esil District
2025-09-17 15:51:15.549655,road_0013,51.178395080248016,71.44450085336713,414,44.7833379699789,45,27.22277668187679,0,FREE_FLOW,collector,Esil District
2025-09-17 15:51:15.549655,road_0014,51.22329556186777,71.40648282801608,929,45.0,45,61.01907099327428,0,FREE_FLOW,collector,Right Bank
2025-09-17 15:51:15.549655,road_0015,51.20247308795898,71.43455351818268,845,40.1951478134808,45,52.45799976226228,0,FREE_FLOW,collector,Right Bank
2025-09-17 15:51:15.549655,road_0016,51.16488352763151,71.45530260780878,1026,39.866769267772966,45,76.92419426347686,0,FREE_FLOW,collector,City Center
2025-09-17 15:51:15.549655,road_0017,51.1949632883288,71.44123238931239,800,32.02401391213015,35,100.0,0,FREE_FLOW,local,City Center
2025-09-17 15:51:15.549655,road_0018,51.15447620767163,71.43400349958901,649,45.0,45,37.55916812631943,0,FREE_FLOW,collector,City Center
2025-09-17 15:51:15.549655,road_0019,51.117113160490625,71.37143752439205,787,30.69497965327516,35,98.1348891206047,0,FREE_FLOW,local,Left Bank
2025-09-17 15:56:15.549655,road_0000,51.14858964026895,71.43899067721357,953,40.16612626476345,45,72.4452383238133,0,FREE_FLOW,collector,City Center
2025-09-17 15:56:15.549655,road_0001,51.19558998501542,71.45756838173378,2201,56.70960755370881,60,86.6066943553754,0,FREE_FLOW,arterial,City Center
2025-09-17 15:56:15.549655,road_0002,51.21222340415979,71.47718542988797,366,31.86723164141688,35,41.21125087452092,0,FREE_FLOW,local,Right Bank
2025-09-17 15:56:15.549655,road_0003,51.147142431523605,71.42424835420817,1305,45.0,45,94.73197404833088,0,FREE_FLOW,collector,Left Bank
2025-09-17 15:56:15.549655,road_0004,51.194896034828155,71.42672451599276,898,45.0,45,66.26924017438101,0,FREE_FLOW,collector,City Center
2025-09-17 15:56:15.549655,road_0005,51.13145373025382,71.42743582937553,859,42.15081754363962,45,56.51169539828987,0,FREE_FLOW,collector,Left Bank
2025-09-17 15:56:15.549655,road_0006,51.14525858091126,71.40871681129984,1241,42.940858258703436,45,74.9868199473917,0,FREE_FLOW,collector,Left Bank
2025-09-17 15:56:15.549655,road_0007,51.13560924762398,71.46282559050066,929,42.21815021017554,45,57.44506496346577,0,FREE_FLOW,collector,Right Bank
2025-09-17 15:56:15.549655,road_0008,51.106594323500836,71.4923767530675,489,45.0,45,30.144535595542422,0,FREE_FLOW,collector,Esil District
2025-09-17 15:56:15.549655,road_0009,51.1749541456762,71.45018304431642,2500,50.38545482816136,60,100.0,0,FREE_FLOW,arterial,City Center
2025-09-17 15:56:15.549655,road_0010,51.204215781196154,71.42542980013923,468,44.41613020196176,45,21.521170520904523,0,FREE_FLOW,collector,Right Bank
2025-09-17 15:56:15.549655,road_0011,51.14911362341584,71.45849757916488,2500,55.29154869978273,60,96.01388746141645,0,FREE_FLOW,arterial,City Center
2025-09-17 15:56:15.549655,road_0012,51.14285817159553,71.49500780438362,1473,54.64260772532663,60,59.15609875706472,0,FREE_FLOW,arterial,Esil District
2025-09-17 15:56:15.549655,road_0013,51.178395080248016,71.44450085336713,325,41.87883604943484,45,24.933153651523135,0,FREE_FLOW,collector,Esil District
2025-09-17 15:56:15.549655,road_0014,51.22329556186777,71.40648282801608,745,40.59815741568506,45,52.237572870301946,0,FREE_FLOW,collector,Right Bank
2025-09-17 15:56:15.549655,road_0015,51.20247308795898,71.43455351818268,1147,38.6632759621238,45,80.90146090648729,0,FREE_FLOW,collector,Right Bank
2025-09-17 15:56:15.549655,road_0016,51.16488352763151,71.45530260780878,887,45.0,45,51.32618761889389,0,FREE_FLOW,collector,City Center
2025-09-17 15:56:15.549655,road_0017,51.1949632883288,71.44123238931239,655,34.77511090927332,35,84.14752348511821,0,FREE_FLOW,local,City Center
2025-09-17 15:56:15.549655,road_0018,51.15447620767163,71.43400349958901,1500,40.97842100826542,45,99.20151575193813,0,FREE_FLOW,collector,City Center
2025-09-17 15:56:15.549655,road_0019,51.117113160490625,71.37143752439205,800,31.803802533486508,35,100.0,0,FREE_FLOW,local,Left Bank
2025-09-17 16:01:15.549655,road_0000,51.14858964026895,71.43899067721357,1500,40.28790843287729,45,100.0,0,FREE_FLOW,collector,City Center
2025-09-17 16:01:15.549655,road_0001,51.19558998501542,71.45756838173378,2500,55.10129035256079,60,100.0,0,FREE_FLOW,arterial,City Center
2025-09-17 16:01:15.549655,road_0002,51.21222340415979,71.47718542988797,303,31.91676863948606,35,28.473453846737907,0,FREE_FLOW,local,Right Bank
2025-09-17 16:01:15.549655,road_0003,51.147142431523605,71.42424835420817,1092,40.96874481583227,45,74.07578836554761,0,FREE_FLOW,collector,Left Bank
2025-09-17 16:01:15.549655,road_0004,51.194896034828155,71.42672451599276,1265,38.08691682842704,45,83.20085414759177,0,FREE_FLOW,collector,City Center
2025-09-17 16:01:15.549655,road_0005,51.13145373025382,71.42743582937553,1423,43.46200377235524,45,86.19974770251521,0,FREE_FLOW,collector,Left Bank
2025-09-17 16:01:15.549655,road_0006,51.14525858091126,71.40871681129984,1338,42.305550739755276,45,85.18883705028064,0,FREE_FLOW,collector,Left Bank
2025-09-17 16:01:15.549655,road_0007,51.13560924762398,71.46282559050066,561,44.371432472217684,45,29.38322964946942,0,FREE_FLOW,collector,Right Bank
2025-09-17 16:01:15.549655,road_0008,51.106594323500836,71.4923767530675,427,41.04754237217786,45,27.75600683584289,0,FREE_FLOW,collector,Esil District
2025-09-17 16:01:15.549655,road_0009,51.1749541456762,71.45018304431642,1888,55.60025605956004,60,79.4413883162298,0,FREE_FLOW,arterial,City Center
2025-09-17 16:01:15.549655,road_0010,51.204215781196154,71.42542980013923,1045,39.89412324403452,45,70.87840219342505,0,FREE_FLOW,collector,Right Bank
2025-09-17 16:01:15.549655,road_0011,51.14911362341584,71.45849757916488,2210,60.0,60,98.25586546687423,0,FREE_FLOW,arterial,City Center
2025-09-17 16:01:15.549655,road_0012,51.14285817159553,71.49500780438362,1355,54.364609951292174,60,49.92160748567267,0,FREE_FLOW,arterial,Esil District
2025-09-17 16:01:15.549655,road_0013,51.178395080248016,71.44450085336713,471,45.0,45,32.20811082348547,0,FREE_FLOW,collector,Esil District
2025-09-17 16:01:15.549655,road_0014,51.22329556186777,71.40648282801608,783,45.0,45,48.595434143635956,0,FREE_FLOW,collector,Right Bank
2025-09-17 16:01:15.549655,road_0015,51.20247308795898,71.43455351818268,1038,45.0,45,61.559174938245846,0,FREE_FLOW,collector,Right Bank
2025-09-17 16:01:15.549655,road_0016,51.16488352763151,71.45530260780878,1500,40.14974109941471,45,91.18356526243592,0,FREE_FLOW,collector,City Center
2025-09-17 16:01:15.549655,road_0017,51.1949632883288,71.44123238931239,656,32.61381583092446,35,78.06337728654347,0,FREE_FLOW,local,City Center
2025-09-17 16:01:15.549655,road_0018,51.15447620767163,71.43400349958901,1273,43.470102237740115,45,84.91063793925807,0,FREE_FLOW,collector,City Center
2025-09-17 16:01:15.549655,road_0019,51.117113160490625,71.37143752439205,577,31.981609511717103,35,80.05510532239454,0,FREE_FLOW,local,Left Bank
2025-09-17 16:06:15.549655,road_0000,51.14858964026895,71.43899067721357,1500,40.40727198806669,45,93.1778196148951,0,FREE_FLOW,collector,City Center
2025-09-17 16:06:15.549655,road_0001,51.19558998501542,71.45756838173378,2500,52.464238992869454,60,100.0,0,FREE_FLOW,arterial,City Center
2025-09-17 16:06:15.549655,road_0002,51.21222340415979,71.47718542988797,576,31.071851878558668,35,73.01629015944874,0,FREE_FLOW,local,Right Bank
2025-09-17 16:06:15.549655,road_0003,51.147142431523605,71.42424835420817,1500,38.50918091995392,45,100.0,0,FREE_FLOW,collector,Left Bank
2025-09-17 16:06:15.549655,road_0004,51.194896034828155,71.42672451599276,1033,41.59370705346185,45,69.35923988866298,0,FREE_FLOW,collector,City Center
2025-09-17 16:06:15.549655,road_0005,51.13145373025382,71.42743582937553,1067,42.8019419179449,45,65.11795821498264,0,FREE_FLOW,collector,Left Bank
2025-09-17 16:06:15.549655,road_0006,51.14525858091126,71.40871681129984,857,40.51007110725974,45,47.53191570720554,0,FREE_FLOW,collector,Left Bank
2025-09-17 16:06:15.549655,road_0007,51.13560924762398,71.46282559050066,628,45.0,45,34.86663376659827,0,FREE_FLOW,collector,Right Bank
2025-09-17 16:06:15.549655,road_0008,51.106594323500836,71.4923767530675,1030,39.6955894597863,45,65.70916916945096,0,FREE_FLOW,collector,Esil District
2025-09-17 16:06:15.549655,road_0009,51.1749541456762,71.45018304431642,1801,53.92482094775968,60,80.50296926410198,0,FREE_FLOW,arterial,City Center
2025-09-17 16:06:15.549655,road_0010,51.204215781196154,71.42542980013923,1281,43.32224092551992,45,88.93380514059018,0,FREE_FLOW,collector,Right Bank
2025-09-17 16:06:15.549655,road_0011,51.14911362341584,71.45849757916488,1707,60.0,60,67.9459804739131,0,FREE_FLOW,arterial,City Center
2025-09-17 16:06:15.549655,road_0012,51.14285817159553,71.49500780438362,1135,60.0,60,47.00947095748437,0,FREE_FLOW,arterial,Esil District
2025-09-17 16:06:15.549655,road_0013,51.178395080248016,71.44450085336713,571,44.072854106867524,45,33.094293963804,0,FREE_FLOW,collector,Esil District
2025-09-17 16:06:15.549655,road_0014,51.22329556186777,71.40648282801608,987,44.4263100553076,45,71.63273723976258,0,FREE_FLOW,collector,Right Bank
2025-09-17 16:06:15.549655,road_0015,51.20247308795898,71.43455351818268,776,40.33958113230109,45,48.92003434916977,0,FREE_FLOW,collector,Right Bank
2025-09-17 16:06:15.549655,road_0016,51.16488352763151,71.45530260780878,1282,43.494950516109206,45,80.57241843579686,0,FREE_FLOW,collector,City Center
2025-09-17 16:06:15.549655,road_0017,51.1949632883288,71.44123238931239,800,32.720645226756204,35,90.48435538672226,0,FREE_FLOW,local,City Center
2025-09-17 16:06:15.549655,road_0018,51.15447620767163,71.43400349958901,1402,37.12125230370968,45,93.4649053430098,0,FREE_FLOW,collector,City Center
2025-09-17 16:06:15.549655,road_0019,51.117113160490625,71.37143752439205,800,29.795981293421438,35,100.0,0,FREE_FLOW,local,Left Bank
2025-09-17 16:11:15.549655,road_0000,51.14858964026895,71.43899067721357,1500,38.64515056260784,45,100.0,0,FREE_FLOW,collector,City Center
2025-09-17 16:11:15.549655,road_0001,51.19558998501542,71.45756838173378,2404,54.30737160085148,60,87.19354216106595,0,FREE_FLOW,arterial,City Center
2025-09-17 16:11:15.549655,road_0002,51.21222340415979,71.47718542988797,675,31.59840855033743,35,86.03178323524992,0,FREE_FLOW,local,Right Bank
2025-09-17 16:11:15.549655,road_0003,51.147142431523605,71.42424835420817,1500,37.356810648188514,45,100.0,0,FREE_FLOW,collector,Left Bank
2025-09-17 16:11:15.549655,road_0004,51.194896034828155,71.42672451599276,835,45.0,45,60.527248102577666,0,FREE_FLOW,collector,City Center
2025-09-17 16:11:15.549655,road_0005,51.13145373025382,71.42743582937553,927,43.69578240596217,45,61.343691524740706,0,FREE_FLOW,collector,Left Bank
2025-09-17 16:11:15.549655,road_0006,51.14525858091126,71.40871681129984,1500,40.262955720167525,45,94.77451570028182,0,FREE_FLOW,collector,Left Bank
2025-09-17 16:11:15.549655,road_0007,51.13560924762398,71.46282559050066,1150,39.018850810958085,45,72.46209706334868,0,FREE_FLOW,collector,Right Bank
2025-09-17 16:11:15.549655,road_0008,51.106594323500836,71.4923767530675,876,45.0,45,67.7527705845997,0,FREE_FLOW,collector,Esil District
2025-09-17 16:11:15.549655,road_0009,51.1749541456762,71.45018304431642,2500,54.34853343570268,60,93.57630310145697,0,FREE_FLOW,arterial,City Center
2025-09-17 16:11:15.549655,road_0010,51.204215781196154,71.42542980013923,875,42.75989202908083,45,63.23824397255642,0,FREE_FLOW,collector,Right Bank
2025-09-17 16:11:15.549655,road_0011,51.14911362341584,71.45849757916488,2500,52.92203302332133,60,95.04697411621413,0,FREE_FLOW,arterial,City Center
2025-09-17 16:11:15.549655,road_0012,51.14285817159553,71.49500780438362,1312,54.62412922608534,60,61.92598478459135,0,FREE_FLOW,arterial,Esil District
2025-09-17 16:11:15.549655,road_0013,51.178395080248016,71.44450085336713,767,45.0,45,58.50678221987875,0,FREE_FLOW,collector,Esil District
2025-09-17 16:11:15.549655,road_0014,51.22329556186777,71.40648282801608,738,43.29802776046948,45,46.763487070038664,0,FREE_FLOW,collector,Right Bank
2025-09-17 16:11:15.549655,road_0015,51.20247308795898,71.43455351818268,1141,43.88250493152354,45,70.04520638086362,0,FREE_FLOW,collector,Right Bank
2025-09-17 16:11:15.549655,road_0016,51.16488352763151,71.45530260780878,1479,42.791480004022524,45,89.93059301284364,0,FREE_FLOW,collector,City Center
2025-09-17 16:11:15.549655,road_0017,51.1949632883288,71.44123238931239,800,32.65454663582649,35,100.0,0,FREE_FLOW,local,City Center
2025-09-17 16:11:15.549655,road_0018,51.15447620767163,71.43400349958901,1424,38.620669895787096,45,94.42709131578616,0,FREE_FLOW,collector,City Center
2025-09-17 16:11:15.549655,road_0019,51.117113160490625,71.37143752439205,795,32.361742965424824,35,97.5512365986366,0,FREE_FLOW,local,Left Bank
2025-09-17 16:16:15.549655,road_0000,51.14858964026895,71.43899067721357,1282,45.0,45,83.98813513187686,0,FREE_FLOW,collector,City Center
2025-09-17 16:16:15.549655,road_0001,51.19558998501542,71.45756838173378,1405,57.8326794525639,60,62.46758125628553,0,FREE_FLOW,arterial,City Center
2025-09-17 16:16:15.549655,road_0002,51.21222340415979,71.47718542988797,410,35.0,35,53.08454982999927,0,FREE_FLOW,local,Right Bank
2025-09-17 16:16:15.549655,road_0003,51.147142431523605,71.42424835420817,1068,43.37544680393791,45,72.71185070793321,0,FREE_FLOW,collector,Left Bank
2025-09-17 16:16:15.549655,road_0004,51.194896034828155,71.42672451599276,1236,43.19840506347146,45,85.41921258000981,0,FREE_FLOW,collector,City Center
2025-09-17 16:16:15.549655,road_0005,51.13145373025382,71.42743582937553,1222,41.95660734357957,45,77.52342717974408,0,FREE_FLOW,collector,Left Bank
2025-09-17 16:16:15.549655,road_0006,51.14525858091126,71.40871681129984,1468,38.126185649519094,45,100.0,0,FREE_FLOW,collector,Left Bank
2025-09-17 16:16:15.549655,road_0007,51.13560924762398,71.46282559050066,1226,38.543268516621765,45,86.01701054716521,0,FREE_FLOW,collector,Right Bank
2025-09-17 16:16:15.549655,road_0008,51.106594323500836,71.4923767530675,664,43.35367792136121,45,47.73172620761549,0,FREE_FLOW,collector,Esil District
2025-09-17 16:16:15.549655,road_0009,51.1749541456762,71.45018304431642,2419,57.413987759037894,60,100.0,0,FREE_FLOW,arterial,City Center
2025-09-17 16:16:15.549655,road_0010,51.204215781196154,71.42542980013923,1029,43.36265755345119,45,69.40210633881958,0,FREE_FLOW,collector,Right Bank
2025-09-17 16:16:15.549655,road_0011,51.14911362341584,71.45849757916488,1790,60.0,60,70.91928872264816,0,FREE_FLOW,arterial,City Center
2025-09-17 16:16:15.549655,road_0012,51.14285817159553,71.49500780438362,1506,60.0,60,58.779692999993884,0,FREE_FLOW,arterial,Esil District
2025-09-17 16:16:15.549655,road_0013,51.178395080248016,71.44450085336713,613,43.30990395362618,45,43.19289413242926,0,FREE_FLOW,collector,Esil District
2025-09-17 16:16:15.549655,road_0014,51.22329556186777,71.40648282801608,1213,40.54073975270625,45,86.35792860242738,0,FREE_FLOW,collector,Right Bank
2025-09-17 16:16:15.549655,road_0015,51.20247308795898,71.43455351818268,596,43.95272644583481,45,45.68412002456229,0,FREE_FLOW,collector,Right Bank
2025-09-17 16:16:15.549655,road_0016,51.16488352763151,71.45530260780878,1123,40.34526297359862,45,70.98198193581784,0,FREE_FLOW,collector,City Center
2025-09-17 16:16:15.549655,road_0017,51.1949632883288,71.44123238931239,800,30.35825952341041,35,100.0,0,FREE_FLOW,local,City Center
2025-09-17 16:16:15.549655,road_0018,51.15447620767163,71.43400349958901,1500,38.47976588896052,45,92.63845067024985,0,FREE_FLOW,collector,City Center
2025-09-17 16:16:15.549655,road_0019,51.117113160490625,71.37143752439205,733,30.54916918771643,35,95.26028899064461,0,FREE_FLOW,local,Left Bank
2025-09-17 16:21:15.549655,road_0000,51.14858964026895,71.43899067721357,1208,44.5132137980097,45,72.31971537968506,0,FREE_FLOW,collector,City Center
2025-09-17 16:21:15.549655,road_0001,51.19558998501542,71.45756838173378,2500,50.54322626671164,60,100.0,0,FREE_FLOW,arterial,City Center
2025-09-17 16:21:15.549655,road_0002,51.21222340415979,71.47718542988797,528,33.587137819911185,35,57.81160800854922,0,FREE_FLOW,local,Right Bank
2025-09-17 16:21:15.549655,road_0003,51.147142431523605,71.42424835420817,1500,37.8842033379088,45,100.0,0,FREE_FLOW,collector,Left Bank
2025-09-17 16:21:15.549655,road_0004,51.194896034828155,71.42672451599276,1272,43.49078409317287,45,76.33005580377632,0,FREE_FLOW,collector,City Center
2025-09-17 16:21:15.549655,road_0005,51.13145373025382,71.42743582937553,1500,35.630840450433276,45,100.0,1,LIGHT,collector,Left Bank
2025-09-17 16:21:15.549655,road_0006,51.14525858091126,71.40871681129984,1461,37.532500674224416,45,93.48019556660836,0,FREE_FLOW,collector,Left Bank
2025-09-17 16:21:15.549655,road_0007,51.13560924762398,71.46282559050066,784,42.08396346703493,45,61.7410086470949,0,FREE_FLOW,collector,Right Bank
2025-09-17 16:21:15.549655,road_0008,51.106594323500836,71.4923767530675,375,45.0,45,27.564894652473804,0,FREE_FLOW,collector,Esil District
2025-09-17 16:21:15.549655,road_0009,51.1749541456762,71.45018304431642,2160,60.0,60,94.96177659889251,0,FREE_FLOW,arterial,City Center
2025-09-17 16:21:15.549655,road_0010,51.204215781196154,71.42542980013923,924,44.11954629029647,45,69.57177012709514,0,FREE_FLOW,collector,Right Bank
2025-09-17 16:21:15.549655,road_0011,51.14911362341584,71.45849757916488,2500,47.88634655715377,60,100.0,1,LIGHT,arterial,City Center
2025-09-17 16:21:15.549655,road_0012,51.14285817159553,71.49500780438362,768,55.179534439484506,60,21.673429770009903,0,FREE_FLOW,arterial,Esil District
2025-09-17 16:21:15.549655,road_0013,51.178395080248016,71.44450085336713,589,43.329702245616666,45,47.2434006688884,0,FREE_FLOW,collector,Esil District
2025-09-17 16:21:15.549655,road_0014,51.22329556186777,71.40648282801608,781,45.0,45,52.3351853824525,0,FREE_FLOW,collector,Right Bank
2025-09-17 16:21:15.549655,road_0015,51.20247308795898,71.43455351818268,1386,39.45348897289459,45,86.45254314115468,0,FREE_FLOW,collector,Right Bank
2025-09-17 16:21:15.549655,road_0016,51.16488352763151,71.45530260780878,1051,43.32021996211956,45,71.29280485506588,0,FREE_FLOW,collector,City Center
2025-09-17 16:21:15.549655,road_0017,51.1949632883288,71.44123238931239,800,31.238766947355188,35,98.67312146648763,0,FREE_FLOW,local,City Center
2025-09-17 16:21:15.549655,road_0018,51.15447620767163,71.43400349958901,1500,40.05206860443515,45,100.0,0,FREE_FLOW,collector,City Center
2025-09-17 16:21:15.549655,road_0019,51.117113160490625,71.37143752439205,539,35.0,35,60.87317849820098,0,FREE_FLOW,local,Left Bank
2025-09-17 16:26:15.549655,road_0000,51.14858964026895,71.43899067721357,1232,43.255717122989935,45,87.7988554891119,0,FREE_FLOW,collector,City Center
2025-09-17 16:26:15.549655,road_0001,51.19558998501542,71.45756838173378,2500,51.971255141634984,60,90.69512189402327,0,FREE_FLOW,arterial,City Center
2025-09-17 16:26:15.549655,road_0002,51.21222340415979,71.47718542988797,780,29.49677831549978,35,94.81618873403099,0,FREE_FLOW,local,Right Bank
2025-09-17 16:26:15.549655,road_0003,51.147142431523605,71.42424835420817,1380,37.23552811202001,45,99.65412506788903,0,FREE_FLOW,collector,Left Bank
2025-09-17 16:26:15.549655,road_0004,51.194896034828155,71.42672451599276,1500,39.01736038218807,45,100.0,0,FREE_FLOW,collector,City Center
2025-09-17 16:26:15.549655,road_0005,51.13145373025382,71.42743582937553,1067,39.828729142146884,45,80.45943210655588,0,FREE_FLOW,collector,Left Bank
2025-09-17 16:26:15.549655,road_0006,51.14525858091126,71.40871681129984,756,43.30339711779204,45,52.22403546637369,0,FREE_FLOW,collector,Left Bank
2025-09-17 16:26:15.549655,road_0007,51.13560924762398,71.46282559050066,1097,45.0,45,70.07600907437826,0,FREE_FLOW,collector,Right Bank
2025-09-17 16:26:15.549655,road_0008,51.106594323500836,71.4923767530675,376,45.0,45,16.203192483419325,0,FREE_FLOW,collector,Esil District
2025-09-17 16:26:15.549655,road_0009,51.1749541456762,71.45018304431642,2500,52.08572275732833,60,95.67428388718189,0,FREE_FLOW,arterial,City Center
2025-09-17 16:26:15.549655,road_0010,51.204215781196154,71.42542980013923,785,40.226656126896714,45,59.238806835363185,0,FREE_FLOW,collector,Right Bank
2025-09-17 16:26:15.549655,road_0011,51.14911362341584,71.45849757916488,2500,56.94254594038344,60,100.0,0,FREE_FLOW,arterial,City Center
2025-09-17 16:26:15.549655,road_0012,51.14285817159553,71.49500780438362,1277,56.183245364653814,60,47.13505034523297,0,FREE_FLOW,arterial,Esil District
2025-09-17 16:26:15.549655,road_0013,51.178395080248016,71.44450085336713,759,45.0,45,59.0550584449253,0,FREE_FLOW,collector,Esil District
2025-09-17 16:26:15.549655,road_0014,51.22329556186777,71.40648282801608,1089,41.769619731313846,45,76.74116594335962,0,FREE_FLOW,collector,Right Bank
2025-09-17 16:26:15.549655,road_0015,51.20247308795898,71.43455351818268,1010,45.0,45,75.97178865726141,0,FREE_FLOW,collector,Right Bank
2025-09-17 16:26:15.549655,road_0016,51.16488352763151,71.45530260780878,1500,40.745820353246536,45,100.0,0,FREE_FLOW,collector,City Center
2025-09-17 16:26:15.549655,road_0017,51.1949632883288,71.44123238931239,800,27.872402797510844,35,100.0,1,LIGHT,local,City Center
2025-09-17 16:26:15.549655,road_0018,51.15447620767163,71.43400349958901,1329,44.13202367605857,45,88.84346166140477,0,FREE_FLOW,collector,City Center
2025-09-17 16:26:15.549655,road_0019,51.117113160490625,71.37143752439205,800,27.717284057076693,35,90.8338207290086,1,LIGHT,local,Left Bank
2025-09-17 16:31:15.549655,road_0000,51.14858964026895,71.43899067721357,1500,39.507941092507565,45,100.0,0,FREE_FLOW,collector,City Center
2025-09-17 16:31:15.549655,road_0001,51.19558998501542,71.45756838173378,2500,49.657449009427786,60,100.0,0,FREE_FLOW,arterial,City Center
2025-09-17 16:31:15.549655,road_0002,51.21222340415979,71.47718542988797,384,35.0,35,50.8926152342036,0,FREE_FLOW,local,Right Bank
2025-09-17 16:31:15.549655,road_0003,51.147142431523605,71.42424835420817,1182,44.64406733954961,45,75.22555510442263,0,FREE_FLOW,collector,Left Bank
2025-09-17 16:31:15.549655,road_0004,51.194896034828155,71.42672451599276,1500,40.42688600770399,45,94.97373188944694,0,FREE_FLOW,collector,City Center
2025-09-17 16:31:15.549655,road_0005,51.13145373025382,71.42743582937553,1500,41.614207792077615,45,95.69978507039397,0,FREE_FLOW,collector,Left Bank
2025-09-17 16:31:15.549655,road_0006,51.14525858091126,71.40871681129984,1500,41.69130097749534,45,92.05866068334227,0,FREE_FLOW,collector,Left Bank
2025-09-17 16:31:15.549655,road_0007,51.13560924762398,71.46282559050066,986,42.440450309678575,45,60.5981188331751,0,FREE_FLOW,collector,Right Bank
2025-09-17 16:31:15.549655,road_0008,51.106594323500836,71.4923767530675,683,42.35569562605168,45,45.7414077209769,0,FREE_FLOW,collector,Esil District
2025-09-17 16:31:15.549655,road_0009,51.1749541456762,71.45018304431642,2500,51.03585464287679,60,94.74407270766619,0,FREE_FLOW,arterial,City Center
2025-09-17 16:31:15.549655,road_0010,51.204215781196154,71.42542980013923,1289,45.0,45,95.40665983537792,0,FREE_FLOW,collector,Right Bank
2025-09-17 16:31:15.549655,road_0011,51.14911362341584,71.45849757916488,2500,52.40849805332808,60,96.75777892146412,0,FREE_FLOW,arterial,City Center
2025-09-17 16:31:15.549655,road_0012,51.14285817159553,71.49500780438362,1269,60.0,60,54.82273663734284,0,FREE_FLOW,arterial,Esil District
2025-09-17 16:31:15.549655,road_0013,51.178395080248016,71.44450085336713,601,40.94513613602079,45,47.883268420975185,0,FREE_FLOW,collector,Esil District
2025-09-17 16:31:15.549655,road_0014,51.22329556186777,71.40648282801608,1286,42.48065428273322,45,84.89111225181561,0,FREE_FLOW,collector,Right Bank
2025-09-17 16:31:15.549655,road_0015,51.20247308795898,71.43455351818268,715,43.06761146137442,45,53.843845764405096,0,FREE_FLOW,collector,Right Bank
2025-09-17 16:31:15.549655,road_0016,51.16488352763151,71.45530260780878,1481,40.40079646742428,45,98.08418845748766,0,FREE_FLOW,collector,City Center
2025-09-17 16:31:15.549655,road_0017,51.1949632883288,71.44123238931239,800,27.515887703004264,35,96.43542585521587,1,LIGHT,local,City Center
2025-09-17 16:31:15.549655,road_0018,51.15447620767163,71.43400349958901,1427,39.742582855522144,45,93.52445459855517,0,FREE_FLOW,collector,City Center
2025-09-17 16:31:15.549655,road_0019,51.117113160490625,71.37143752439205,800,29.31438220345125,35,93.91884882416447,0,FREE_FLOW,local,Left Bank
2025-09-17 16:36:15.549655,road_0000,51.14858964026895,71.43899067721357,1500,42.66992346823086,45,100.0,0,FREE_FLOW,collector,City Center
2025-09-17 16:36:15.549655,road_0001,51.19558998501542,71.45756838173378,2500,51.79004528968129,60,100.0,0,FREE_FLOW,arterial,City Center
2025-09-17 16:36:15.549655,road_0002,51.21222340415979,71.47718542988797,585,33.64060018049556,35,67.39074000647732,0,FREE_FLOW,local,Right Bank
2025-09-17 16:36:15.549655,road_0003,51.147142431523605,71.42424835420817,1500,39.82858601285568,45,97.0109707469127,0,FREE_FLOW,collector,Left Bank
2025-09-17 16:36:15.549655,road_0004,51.194896034828155,71.42672451599276,739,45.0,45,41.53547080956345,0,FREE_FLOW,collector,City Center
2025-09-17 16:36:15.549655,road_0005,51.13145373025382,71.42743582937553,1500,38.50905694680019,45,100.0,0,FREE_FLOW,collector,Left Bank
2025-09-17 16:36:15.549655,road_0006,51.14525858091126,71.40871681129984,1483,37.393636570056906,45,89.06899625203438,0,FREE_FLOW,collector,Left Bank
2025-09-17 16:36:15.549655,road_0007,51.13560924762398,71.46282559050066,545,44.48270792022712,45,32.44528845292034,0,FREE_FLOW,collector,Right Bank
2025-09-17 16:36:15.549655,road_0008,51.106594323500836,71.4923767530675,751,44.95142314228043,45,59.41149565500805,0,FREE_FLOW,collector,Esil District
2025-09-17 16:36:15.549655,road_0009,51.1749541456762,71.45018304431642,2500,51.87562988831721,60,90.96168354907556,0,FREE_FLOW,arterial,City Center
2025-09-17 16:36:15.549655,road_0010,51.204215781196154,71.42542980013923,1349,44.51985197094066,45,92.59042974905996,0,FREE_FLOW,collector,Right Bank
2025-09-17 16:36:15.549655,road_0011,51.14911362341584,71.45849757916488,2500,54.84514620531642,60,100.0,0,FREE_FLOW,arterial,City Center
2025-09-17 16:36:15.549655,road_0012,51.14285817159553,71.49500780438362,1160,60.0,60,41.14024010582374,0,FREE_FLOW,arterial,Esil District
2025-09-17 16:36:15.549655,road_0013,51.178395080248016,71.44450085336713,604,41.052988981648454,45,45.033745234657545,0,FREE_FLOW,collector,Esil District
2025-09-17 16:36:15.549655,road_0014,51.22329556186777,71.40648282801608,752,40.42553556394013,45,46.4347870798817,0,FREE_FLOW,collector,Right Bank
2025-09-17 16:36:15.549655,road_0015,51.20247308795898,71.43455351818268,598,45.0,45,37.31708023909879,0,FREE_FLOW,collector,Right Bank
2025-09-17 16:36:15.549655,road_0016,51.16488352763151,71.45530260780878,1333,44.85109007174452,45,96.42046881943719,0,FREE_FLOW,collector,City Center
2025-09-17 16:36:15.549655,road_0017,51.1949632883288,71.44123238931239,800,32.61370734696599,35,91.00737129923353,0,FREE_FLOW,local,City Center
2025-09-17 16:36:15.549655,road_0018,51.15447620767163,71.43400349958901,1181,43.92564107459391,45,80.33016825179513,0,FREE_FLOW,collector,City Center
2025-09-17 16:36:15.549655,road_0019,51.117113160490625,71.37143752439205,388,32.45141898215353,35,48.783189875343865,0,FREE_FLOW,local,Left Bank
2025-09-17 16:41:15.549655,road_0000,51.14858964026895,71.43899067721357,1500,40.46767939829694,45,92.78850373314629,0,FREE_FLOW,collector,City Center
2025-09-17 16:41:15.549655,road_0001,51.19558998501542,71.45756838173378,2311,55.83629422291964,60,88.25927846532068,0,FREE_FLOW,arterial,City Center
2025-09-17 16:41:15.549655,road_0002,51.21222340415979,71.47718542988797,750,32.66881097135513,35,90.72931536913202,0,FREE_FLOW,local,Right Bank
2025-09-17 16:41:15.549655,road_0003,51.147142431523605,71.42424835420817,1361,37.42621031705629,45,86.66785690632172,0,FREE_FLOW,collector,Left Bank
2025-09-17 16:41:15.549655,road_0004,51.194896034828155,71.42672451599276,1208,38.40760167599584,45,85.10645762246142,0,FREE_FLOW,collector,City Center
2025-09-17 16:41:15.549655,road_0005,51.13145373025382,71.42743582937553,1049,45.0,45,71.97575334688266,0,FREE_FLOW,collector,Left Bank
2025-09-17 16:41:15.549655,road_0006,51.14525858091126,71.40871681129984,1500,39.92034278315153,45,100.0,0,FREE_FLOW,collector,Left Bank
2025-09-17 16:41:15.549655,road_0007,51.13560924762398,71.46282559050066,764,41.58013113415631,45,55.42348387744948,0,FREE_FLOW,collector,Right Bank
2025-09-17 16:41:15.549655,road_0008,51.106594323500836,71.4923767530675,442,43.345046446586196,45,29.440377467448606,0,FREE_FLOW,collector,Esil District
2025-09-17 16:41:15.549655,road_0009,51.1749541456762,71.45018304431642,2500,56.09761151116262,60,96.48165730062517,0,FREE_FLOW,arterial,City Center
2025-09-17 16:41:15.549655,road_0010,51.204215781196154,71.42542980013923,1436,36.097154336792144,45,100.0,0,FREE_FLOW,collector,Right Bank
2025-09-17 16:41:15.549655,road_0011,51.14911362341584,71.45849757916488,2500,51.44306247942806,60,100.0,0,FREE_FLOW,arterial,City Center
2025-09-17 16:41:15.549655,road_0012,51.14285817159553,71.49500780438362,1162,57.09011602498505,60,47.96190705307741,0,FREE_FLOW,arterial,Esil District
2025-09-17 16:41:15.549655,road_0013,51.178395080248016,71.44450085336713,540,42.397946049578906,45,30.015312755028397,0,FREE_FLOW,collector,Esil District
2025-09-17 16:41:15.549655,road_0014,51.22329556186777,71.40648282801608,1240,42.65771153551081,45,84.94949460175391,0,FREE_FLOW,collector,Right Bank
2025-09-17 16:41:15.549655,road_0015,51.20247308795898,71.43455351818268,571,45.0,45,30.153258779297687,0,FREE_FLOW,collector,Right Bank
2025-09-17 16:41:15.549655,road_0016,51.16488352763151,71.45530260780878,929,45.0,45,70.18982522900215,0,FREE_FLOW,collector,City Center
2025-09-17 16:41:15.549655,road_0017,51.1949632883288,71.44123238931239,547,32.973300996525666,35,68.68865116022664,0,FREE_FLOW,local,City Center
2025-09-17 16:41:15.549655,road_0018,51.15447620767163,71.43400349958901,1402,37.724820150832315,45,100.0,0,FREE_FLOW,collector,City Center
2025-09-17 16:41:15.549655,road_0019,51.117113160490625,71.37143752439205,491,32.987828047668074,35,55.62683410764514,0,FREE_FLOW,local,Left Bank
2025-09-17 16:46:15.549655,road_0000,51.14858964026895,71.43899067721357,993,45.0,45,61.022426455751635,0,FREE_FLOW,collector,City Center
2025-09-17 16:46:15.549655,road_0001,51.19558998501542,71.45756838173378,1468,59.449139179106865,60,52.20429193482032,0,FREE_FLOW,arterial,City Center
2025-09-17 16:46:15.549655,road_0002,51.21222340415979,71.47718542988797,606,33.976910486164805,35,82.95736001762583,0,FREE_FLOW,local,Right Bank
2025-09-17 16:46:15.549655,road_0003,51.147142431523605,71.42424835420817,799,45.0,45,50.41901326855632,0,FREE_FLOW,collector,Left Bank
2025-09-17 16:46:15.549655,road_0004,51.194896034828155,71.42672451599276,1500,40.59166446815492,45,91.49320799122268,0,FREE_FLOW,collector,City Center
2025-09-17 16:46:15.549655,road_0005,51.13145373025382,71.42743582937553,1147,41.22351236857641,45,68.09843353660334,0,FREE_FLOW,collector,Left Bank
2025-09-17 16:46:15.549655,road_0006,51.14525858091126,71.40871681129984,1500,41.834168252010855,45,99.24186136469778,0,FREE_FLOW,collector,Left Bank
2025-09-17 16:46:15.549655,road_0007,51.13560924762398,71.46282559050066,587,45.0,45,40.214762411046756,0,FREE_FLOW,collector,Right Bank
2025-09-17 16:46:15.549655,road_0008,51.106594323500836,71.4923767530675,608,40.435712203689064,45,32.93260951810736,0,FREE_FLOW,collector,Esil District
2025-09-17 16:46:15.549655,road_0009,51.1749541456762,71.45018304431642,2500,50.39822351240653,60,94.62136530468733,0,FREE_FLOW,arterial,City Center
2025-09-17 16:46:15.549655,road_0010,51.204215781196154,71.42542980013923,1086,45.0,45,76.8194450196317,0,FREE_FLOW,collector,Right Bank
2025-09-17 16:46:15.549655,road_0011,51.14911362341584,71.45849757916488,1535,55.743388298738985,60,58.66043562572712,0,FREE_FLOW,arterial,City Center
2025-09-17 16:46:15.549655,road_0012,51.14285817159553,71.49500780438362,1487,58.748687360771996,60,52.878776465279216,0,FREE_FLOW,arterial,Esil District
2025-09-17 16:46:15.549655,road_0013,51.178395080248016,71.44450085336713,814,45.0,45,45.14105310329443,0,FREE_FLOW,collector,Esil District
2025-09-17 16:46:15.549655,road_0014,51.22329556186777,71.40648282801608,1433,42.78540814871998,45,100.0,0,FREE_FLOW,collector,Right Bank
2025-09-17 16:46:15.549655,road_0015,51.20247308795898,71.43455351818268,1258,38.15970451764669,45,75.39998521843808,0,FREE_FLOW,collector,Right Bank
2025-09-17 16:46:15.549655,road_0016,51.16488352763151,71.45530260780878,1039,39.39328772602712,45,64.09149999357251,0,FREE_FLOW,collector,City Center
2025-09-17 16:46:15.549655,road_0017,51.1949632883288,71.44123238931239,443,32.0480169031166,35,57.92528917075134,0,FREE_FLOW,local,City Center
2025-09-17 16:46:15.549655,road_0018,51.15447620767163,71.43400349958901,1500,39.4249935365674,45,98.82383566873106,0,FREE_FLOW,collector,City Center
2025-09-17 16:46:15.549655,road_0019,51.117113160490625,71.37143752439205,602,31.261906957261857,35,83.54987273378319,0,FREE_FLOW,local,Left Bank
2025-09-17 16:51:15.549655,road_0000,51.14858964026895,71.43899067721357,1500,42.351420774183104,45,95.31867591109787,0,FREE_FLOW,collector,City Center
2025-09-17 16:51:15.549655,road_0001,51.19558998501542,71.45756838173378,2400,54.73170585408154,60,100.0,0,FREE_FLOW,arterial,City Center
2025-09-17 16:51:15.549655,road_0002,51.21222340415979,71.47718542988797,510,35.0,35,71.20865074667022,0,FREE_FLOW,local,Right Bank
2025-09-17 16:51:15.549655,road_0003,51.147142431523605,71.42424835420817,1500,40.709191941418574,45,100.0,0,FREE_FLOW,collector,Left Bank
2025-09-17 16:51:15.549655,road_0004,51.194896034828155,71.42672451599276,924,45.0,45,57.36505916247944,0,FREE_FLOW,collector,City Center
2025-09-17 16:51:15.549655,road_0005,51.13145373025382,71.42743582937553,891,45.0,45,57.31168520083755,0,FREE_FLOW,collector,Left Bank
2025-09-17 16:51:15.549655,road_0006,51.14525858091126,71.40871681129984,1392,40.07212603365773,45,100.0,0,FREE_FLOW,collector,Left Bank
2025-09-17 16:51:15.549655,road_0007,51.13560924762398,71.46282559050066,572,42.35966668801365,45,33.4493721277464,0,FREE_FLOW,collector,Right Bank
2025-09-17 16:51:15.549655,road_0008,51.106594323500836,71.4923767530675,463,45.0,45,34.485363668680364,0,FREE_FLOW,collector,Esil District
2025-09-17 16:51:15.549655,road_0009,51.1749541456762,71.45018304431642,1509,53.008380507890266,60,58.05248884187257,0,FREE_FLOW,arterial,City Center
2025-09-17 16:51:15.549655,road_0010,51.204215781196154,71.42542980013923,449,45.0,45,36.24928114666618,0,FREE_FLOW,collector,Right Bank
2025-09-17 16:51:15.549655,road_0011,51.14911362341584,71.45849757916488,2074,56.75404209619468,60,79.8470277166802,0,FREE_FLOW,arterial,City Center
2025-09-17 16:51:15.549655,road_0012,51.14285817159553,71.49500780438362,1591,54.560130253228735,60,56.609641084116284,0,FREE_FLOW,arterial,Esil District
2025-09-17 16:51:15.549655,road_0013,51.178395080248016,71.44450085336713,475,45.0,45,29.651619506692,0,FREE_FLOW,collector,Esil District
2025-09-17 16:51:15.549655,road_0014,51.22329556186777,71.40648282801608,840,45.0,45,55.904323388431216,0,FREE_FLOW,collector,Right Bank
2025-09-17 16:51:15.549655,road_0015,51.20247308795898,71.43455351818268,840,39.96133929745182,45,62.022167587534085,0,FREE_FLOW,collector,Right Bank
2025-09-17 16:51:15.549655,road_0016,51.16488352763151,71.45530260780878,1440,39.189101747315924,45,92.76060017796708,0,FREE_FLOW,collector,City Center
2025-09-17 16:51:15.549655,road_0017,51.1949632883288,71.44123238931239,800,28.532360547120753,35,100.0,0,FREE_FLOW,local,City Center
2025-09-17 16:51:15.549655,road_0018,51.15447620767163,71.43400349958901,1500,39.379833586785246,45,97.03546991591418,0,FREE_FLOW,collector,City Center
2025-09-17 16:51:15.549655,road_0019,51.117113160490625,71.37143752439205,761,32.970819093299575,35,96.05199870177722,0,FREE_FLOW,local,Left Bank
2025-09-17 16:56:15.549655,road_0000,51.14858964026895,71.43899067721357,1500,36.97451822001384,45,100.0,0,FREE_FLOW,collector,City Center
2025-09-17 16:56:15.549655,road_0001,51.19558998501542,71.45756838173378,2500,53.714599008325216,60,91.07918101976972,0,FREE_FLOW,arterial,City Center
2025-09-17 16:56:15.549655,road_0002,51.21222340415979,71.47718542988797,407,35.0,35,50.3368364226127,0,FREE_FLOW,local,Right Bank
2025-09-17 16:56:15.549655,road_0003,51.147142431523605,71.42424835420817,1500,39.20511690905095,45,98.81030527438915,0,FREE_FLOW,collector,Left Bank
2025-09-17 16:56:15.549655,road_0004,51.194896034828155,71.42672451599276,1500,39.884648579781526,45,100.0,0,FREE_FLOW,collector,City Center
2025-09-17 16:56:15.549655,road_0005,51.13145373025382,71.42743582937553,1500,38.80665328108022,45,90.46181030764386,0,FREE_FLOW,collector,Left Bank
2025-09-17 16:56:15.549655,road_0006,51.14525858091126,71.40871681129984,969,45.0,45,68.21572059127693,0,FREE_FLOW,collector,Left Bank
2025-09-17 16:56:15.549655,road_0007,51.13560924762398,71.46282559050066,977,45.0,45,57.420020943612116,0,FREE_FLOW,collector,Right Bank
2025-09-17 16:56:15.549655,road_0008,51.106594323500836,71.4923767530675,1087,40.87332991262193,45,63.12758494869783,0,FREE_FLOW,collector,Esil District
2025-09-17 16:56:15.549655,road_0009,51.1749541456762,71.45018304431642,1983,52.06262787620839,60,84.31808596232311,0,FREE_FLOW,arterial,City Center
2025-09-17 16:56:15.549655,road_0010,51.204215781196154,71.42542980013923,830,42.542533153568435,45,59.63589121098471,0,FREE_FLOW,collector,Right Bank
2025-09-17 16:56:15.549655,road_0011,51.14911362341584,71.45849757916488,2231,50.538033240369806,60,89.75142583497464,0,FREE_FLOW,arterial,City Center
2025-09-17 16:56:15.549655,road_0012,51.14285817159553,71.49500780438362,1258,60.0,60,57.31699963317854,0,FREE_FLOW,arterial,Esil District
2025-09-17 16:56:15.549655,road_0013,51.178395080248016,71.44450085336713,906,45.0,45,69.29008375643627,0,FREE_FLOW,collector,Esil District
2025-09-17 16:56:15.549655,road_0014,51.22329556186777,71.40648282801608,994,39.61924925294615,45,62.68500297089824,0,FREE_FLOW,collector,Right Bank
2025-09-17 16:56:15.549655,road_0015,51.20247308795898,71.43455351818268,744,45.0,45,47.816662518285355,0,FREE_FLOW,collector,Right Bank
2025-09-17 16:56:15.549655,road_0016,51.16488352763151,71.45530260780878,1500,38.620024081661505,45,100.0,0,FREE_FLOW,collector,City Center
2025-09-17 16:56:15.549655,road_0017,51.1949632883288,71.44123238931239,550,35.0,35,64.21906905327553,0,FREE_FLOW,local,City Center
2025-09-17 16:56:15.549655,road_0018,51.15447620767163,71.43400349958901,1500,38.721946366475365,45,93.29265967486643,0,FREE_FLOW,collector,City Center
2025-09-17 16:56:15.549655,road_0019,51.117113160490625,71.37143752439205,565,32.08379133581924,35,66.81038891001612,0,FREE_FLOW,local,Left Bank
2025-09-17 17:01:15.549655,road_0000,51.14858964026895,71.43899067721357,1500,41.59466342119659,45,100.0,0,FREE_FLOW,collector,City Center
2025-09-17 17:01:15.549655,road_0001,51.19558998501542,71.45756838173378,2500,48.09544449983628,60,100.0,0,FREE_FLOW,arterial,City Center
2025-09-17 17:01:15.549655,road_0002,51.21222340415979,71.47718542988797,562,35.0,35,74.09158440630966,0,FREE_FLOW,local,Right Bank
2025-09-17 17:01:15.549655,road_0003,51.147142431523605,71.42424835420817,1500,41.65771146878856,45,96.73595243039803,0,FREE_FLOW,collector,Left Bank
2025-09-17 17:01:15.549655,road_0004,51.194896034828155,71.42672451599276,1500,37.99353204950966,45,100.0,0,FREE_FLOW,collector,City Center
2025-09-17 17:01:15.549655,road_0005,51.13145373025382,71.42743582937553,1500,42.715017027468846,45,100.0,0,FREE_FLOW,collector,Left Bank
2025-09-17 17:01:15.549655,road_0006,51.14525858091126,71.40871681129984,1500,36.34601237290148,45,97.57225737836758,0,FREE_FLOW,collector,Left Bank
2025-09-17 17:01:15.549655,road_0007,51.13560924762398,71.46282559050066,1500,42.73073109788792,45,95.11600166805478,0,FREE_FLOW,collector,Right Bank
2025-09-17 17:01:15.549655,road_0008,51.106594323500836,71.4923767530675,1500,39.8549738099656,45,93.48050828513782,0,FREE_FLOW,collector,Esil District
2025-09-17 17:01:15.549655,road_0009,51.1749541456762,71.45018304431642,2500,52.56104386547991,60,98.06737722299144,0,FREE_FLOW,arterial,City Center
2025-09-17 17:01:15.549655,road_0010,51.204215781196154,71.42542980013923,1007,39.38342954536191,45,63.591120620355014,0,FREE_FLOW,collector,Right Bank
2025-09-17 17:01:15.549655,road_0011,51.14911362341584,71.45849757916488,2500,52.506071196620205,60,90.38568761882178,0,FREE_FLOW,arterial,City Center
2025-09-17 17:01:15.549655,road_0012,51.14285817159553,71.49500780438362,2343,52.86246461777413,60,100.0,0,FREE_FLOW,arterial,Esil District
2025-09-17 17:01:15.549655,road_0013,51.178395080248016,71.44450085336713,1222,43.49747406754733,45,79.33000756655488,0,FREE_FLOW,collector,Esil District
2025-09-17 17:01:15.549655,road_0014,51.22329556186777,71.40648282801608,1500,40.26341659054993,45,100.0,0,FREE_FLOW,collector,Right Bank
2025-09-17 17:01:15.549655,road_0015,51.20247308795898,71.43455351818268,1500,36.4350457673008,45,99.48760727685068,0,FREE_FLOW,collector,Right Bank
2025-09-17 17:01:15.549655,road_0016,51.16488352763151,71.45530260780878,1500,41.989211954739034,45,100.0,0,FREE_FLOW,collector,City Center
2025-09-17 17:01:15.549655,road_0017,51.1949632883288,71.44123238931239,800,30.004459244312848,35,98.73055071667366,0,FREE_FLOW,local,City Center
2025-09-17 17:01:15.549655,road_0018,51.15447620767163,71.43400349958901,1500,36.40532899961856,45,93.00611739459812,0,FREE_FLOW,collector,City Center
2025-09-17 17:01:15.549655,road_0019,51.117113160490625,71.37143752439205,800,32.41595346623834,35,100.0,0,FREE_FLOW,local,Left Bank
2025-09-17 17:06:15.549655,road_0000,51.14858964026895,71.43899067721357,1500,39.90247167423997,45,93.85564762407978,0,FREE_FLOW,collector,City Center
2025-09-17 17:06:15.549655,road_0001,51.19558998501542,71.45756838173378,2500,50.76311381725598,60,91.9928627210163,0,FREE_FLOW,arterial,City Center
2025-09-17 17:06:15.549655,road_0002,51.21222340415979,71.47718542988797,559,32.830484045972874,35,69.37133907132186,0,FREE_FLOW,local,Right Bank
2025-09-17 17:06:15.549655,road_0003,51.147142431523605,71.42424835420817,1500,36.775951516790954,45,91.49784129109628,0,FREE_FLOW,collector,Left Bank
2025-09-17 17:06:15.549655,road_0004,51.194896034828155,71.42672451599276,1500,39.43203261027092,45,100.0,0,FREE_FLOW,collector,City Center
2025-09-17 17:06:15.549655,road_0005,51.13145373025382,71.42743582937553,1500,36.236426230529794,45,94.19449428764592,0,FREE_FLOW,collector,Left Bank
2025-09-17 17:06:15.549655,road_0006,51.14525858091126,71.40871681129984,1500,35.314662200999386,45,100.0,1,LIGHT,collector,Left Bank
2025-09-17 17:06:15.549655,road_0007,51.13560924762398,71.46282559050066,1500,42.77772746355437,45,100.0,0,FREE_FLOW,collector,Right Bank
2025-09-17 17:06:15.549655,road_0008,51.106594323500836,71.4923767530675,687,43.037295154662644,45,55.78050273775747,0,FREE_FLOW,collector,Esil District
2025-09-17 17:06:15.549655,road_0009,51.1749541456762,71.45018304431642,2500,49.99332212627604,60,98.06808280282843,0,FREE_FLOW,arterial,City Center
2025-09-17 17:06:15.549655,road_0010,51.204215781196154,71.42542980013923,1277,45.0,45,82.48924432774041,0,FREE_FLOW,collector,Right Bank
2025-09-17 17:06:15.549655,road_0011,51.14911362341584,71.45849757916488,2500,52.65451760644739,60,95.52905897615037,0,FREE_FLOW,arterial,City Center
2025-09-17 17:06:15.549655,road_0012,51.14285817159553,71.49500780438362,1673,60.0,60,64.8791805338742,0,FREE_FLOW,arterial,Esil District
2025-09-17 17:06:15.549655,road_0013,51.178395080248016,71.44450085336713,1493,35.85481706547542,45,97.5920732767235,1,LIGHT,collector,Esil District
2025-09-17 17:06:15.549655,road_0014,51.22329556186777,71.40648282801608,1500,38.74025110255742,45,93.7296127074082,0,FREE_FLOW,collector,Right Bank
2025-09-17 17:06:15.549655,road_0015,51.20247308795898,71.43455351818268,1371,40.71772740696594,45,91.28659528270109,0,FREE_FLOW,collector,Right Bank
2025-09-17 17:06:15.549655,road_0016,51.16488352763151,71.45530260780878,1500,39.986670776015536,45,100.0,0,FREE_FLOW,collector,City Center
2025-09-17 17:06:15.549655,road_0017,51.1949632883288,71.44123238931239,800,30.109264956087642,35,100.0,0,FREE_FLOW,local,City Center
2025-09-17 17:06:15.549655,road_0018,51.15447620767163,71.43400349958901,1500,38.76894210578659,45,99.93530860783973,0,FREE_FLOW,collector,City Center
2025-09-17 17:06:15.549655,road_0019,51.117113160490625,71.37143752439205,800,28.701896176526994,35,91.03539411515683,0,FREE_FLOW,local,Left Bank
2025-09-17 17:11:15.549655,road_0000,51.14858964026895,71.43899067721357,1500,37.10601170296631,45,100.0,0,FREE_FLOW,collector,City Center
2025-09-17 17:11:15.549655,road_0001,51.19558998501542,71.45756838173378,2500,48.74872422113234,60,100.0,0,FREE_FLOW,arterial,City Center
2025-09-17 17:11:15.549655,road_0002,51.21222340415979,71.47718542988797,800,32.19653103395681,35,93.5145002968878,0,FREE_FLOW,local,Right Bank
2025-09-17 17:11:15.549655,road_0003,51.147142431523605,71.42424835420817,1500,37.6538825250874,45,97.23630802618771,0,FREE_FLOW,collector,Left Bank
2025-09-17 17:11:15.549655,road_0004,51.194896034828155,71.42672451599276,1500,35.66435572885392,45,100.0,1,LIGHT,collector,City Center
2025-09-17 17:11:15.549655,road_0005,51.13145373025382,71.42743582937553,1500,38.89793098388603,45,97.71075151565711,0,FREE_FLOW,collector,Left Bank
2025-09-17 17:11:15.549655,road_0006,51.14525858091126,71.40871681129984,1500,35.721570714273504,45,100.0,1,LIGHT,collector,Left Bank
2025-09-17 17:11:15.549655,road_0007,51.13560924762398,71.46282559050066,1500,41.87690661439764,45,92.8928216557785,0,FREE_FLOW,collector,Right Bank
2025-09-17 17:11:15.549655,road_0008,51.106594323500836,71.4923767530675,1178,45.0,45,85.75087444418556,0,FREE_FLOW,collector,Esil District
2025-09-17 17:11:15.549655,road_0009,51.1749541456762,71.45018304431642,2500,54.2967028820761,60,99.88370396267901,0,FREE_FLOW,arterial,City Center
2025-09-17 17:11:15.549655,road_0010,51.204215781196154,71.42542980013923,1500,36.95554525949126,45,100.0,0,FREE_FLOW,collector,Right Bank
2025-09-17 17:11:15.549655,road_0011,51.14911362341584,71.45849757916488,2500,54.794138088809156,60,90.42308301836451,0,FREE_FLOW,arterial,City Center
2025-09-17 17:11:15.549655,road_0012,51.14285817159553,71.49500780438362,2500,47.841086917181954,60,100.0,1,LIGHT,arterial,Esil District
2025-09-17 17:11:15.549655,road_0013,51.178395080248016,71.44450085336713,1500,36.327587830870556,45,97.86738650284596,0,FREE_FLOW,collector,Esil District
2025-09-17 17:11:15.549655,road_0014,51.22329556186777,71.40648282801608,1500,42.86972501843185,45,91.77849846453003,0,FREE_FLOW,collector,Right Bank
2025-09-17 17:11:15.549655,road_0015,51.20247308795898,71.43455351818268,1500,41.916334546094284,45,98.19130769829604,0,FREE_FLOW,collector,Right Bank
2025-09-17 17:11:15.549655,road_0016,51.16488352763151,71.45530260780878,1500,39.81259624903581,45,100.0,0,FREE_FLOW,collector,City Center
2025-09-17 17:11:15.549655,road_0017,51.1949632883288,71.44123238931239,800,27.797683893652092,35,100.0,1,LIGHT,local,City Center
2025-09-17 17:11:15.549655,road_0018,51.15447620767163,71.43400349958901,1500,35.60421693410264,45,100.0,1,LIGHT,collector,City Center
2025-09-17 17:11:15.549655,road_0019,51.117113160490625,71.37143752439205,800,28.668227716320207,35,100.0,0,FREE_FLOW,local,Left Bank
2025-09-17 17:16:15.549655,road_0000,51.14858964026895,71.43899067721357,1500,40.037267591874034,45,100.0,0,FREE_FLOW,collector,City Center
2025-09-17 17:16:15.549655,road_0001,51.19558998501542,71.45756838173378,2500,54.297148174014374,60,100.0,0,FREE_FLOW,arterial,City Center
2025-09-17 17:16:15.549655,road_0002,51.21222340415979,71.47718542988797,800,27.45287149107649,35,100.0,1,LIGHT,local,Right Bank
2025-09-17 17:16:15.549655,road_0003,51.147142431523605,71.42424835420817,1500,38.182199420485134,45,100.0,0,FREE_FLOW,collector,Left Bank
2025-09-17 17:16:15.549655,road_0004,51.194896034828155,71.42672451599276,1500,40.15332469362883,45,99.59821459049232,0,FREE_FLOW,collector,City Center
2025-09-17 17:16:15.549655,road_0005,51.13145373025382,71.42743582937553,1500,37.20358995868129,45,97.27213901322237,0,FREE_FLOW,collector,Left Bank
2025-09-17 17:16:15.549655,road_0006,51.14525858091126,71.40871681129984,1500,37.437329816563114,45,100.0,0,FREE_FLOW,collector,Left Bank
2025-09-17 17:16:15.549655,road_0007,51.13560924762398,71.46282559050066,1500,37.71071816983299,45,94.66877458583166,0,FREE_FLOW,collector,Right Bank
2025-09-17 17:16:15.549655,road_0008,51.106594323500836,71.4923767530675,1310,45.0,45,78.66411048141738,0,FREE_FLOW,collector,Esil District
2025-09-17 17:16:15.549655,road_0009,51.1749541456762,71.45018304431642,2500,51.12622417691617,60,95.09809824262956,0,FREE_FLOW,arterial,City Center
2025-09-17 17:16:15.549655,road_0010,51.204215781196154,71.42542980013923,1257,44.38451321591257,45,83.94035144318333,0,FREE_FLOW,collector,Right Bank
2025-09-17 17:16:15.549655,road_0011,51.14911362341584,71.45849757916488,2500,56.92058556341521,60,92.47742583340536,0,FREE_FLOW,arterial,City Center
2025-09-17 17:16:15.549655,road_0012,51.14285817159553,71.49500780438362,1536,60.0,60,58.16945943986087,0,FREE_FLOW,arterial,Esil District
2025-09-17 17:16:15.549655,road_0013,51.178395080248016,71.44450085336713,869,44.71013250312571,45,53.205738733012,0,FREE_FLOW,collector,Esil District
2025-09-17 17:16:15.549655,road_0014,51.22329556186777,71.40648282801608,1500,38.57071152026384,45,92.87540028901074,0,FREE_FLOW,collector,Right Bank
2025-09-17 17:16:15.549655,road_0015,51.20247308795898,71.43455351818268,1500,35.72426850898392,45,100.0,1,LIGHT,collector,Right Bank
2025-09-17 17:16:15.549655,road_0016,51.16488352763151,71.45530260780878,1500,37.866277860855774,45,96.45904481662768,0,FREE_FLOW,collector,City Center
2025-09-17 17:16:15.549655,road_0017,51.1949632883288,71.44123238931239,800,28.65752497674866,35,93.65021920527275,0,FREE_FLOW,local,City Center
2025-09-17 17:16:15.549655,road_0018,51.15447620767163,71.43400349958901,1500,39.608435518283564,45,96.7192242794133,0,FREE_FLOW,collector,City Center
2025-09-17 17:16:15.549655,road_0019,51.117113160490625,71.37143752439205,800,29.349454307916353,35,97.07533388836899,0,FREE_FLOW,local,Left Bank
2025-09-17 17:21:15.549655,road_0000,51.14858964026895,71.43899067721357,1500,36.220551712774615,45,97.83837596287029,0,FREE_FLOW,collector,City Center
2025-09-17 17:21:15.549655,road_0001,51.19558998501542,71.45756838173378,2500,57.31438527423363,60,100.0,0,FREE_FLOW,arterial,City Center
2025-09-17 17:21:15.549655,road_0002,51.21222340415979,71.47718542988797,800,33.093731741017024,35,100.0,0,FREE_FLOW,local,Right Bank
2025-09-17 17:21:15.549655,road_0003,51.147142431523605,71.42424835420817,1500,35.526091158968825,45,100.0,1,LIGHT,collector,Left Bank
2025-09-17 17:21:15.549655,road_0004,51.194896034828155,71.42672451599276,1500,41.05472435120916,45,91.97961160623896,0,FREE_FLOW,collector,City Center
2025-09-17 17:21:15.549655,road_0005,51.13145373025382,71.42743582937553,1500,40.05531378029187,45,100.0,0,FREE_FLOW,collector,Left Bank
2025-09-17 17:21:15.549655,road_0006,51.14525858091126,71.40871681129984,1500,41.67672145040951,45,100.0,0,FREE_FLOW,collector,Left Bank
2025-09-17 17:21:15.549655,road_0007,51.13560924762398,71.46282559050066,1472,38.90701159899612,45,95.08109906759307,0,FREE_FLOW,collector,Right Bank
2025-09-17 17:21:15.549655,road_0008,51.106594323500836,71.4923767530675,1250,42.47489504692626,45,84.79682204289873,0,FREE_FLOW,collector,Esil District
2025-09-17 17:21:15.549655,road_0009,51.1749541456762,71.45018304431642,2500,54.47947688671442,60,100.0,0,FREE_FLOW,arterial,City Center
2025-09-17 17:21:15.549655,road_0010,51.204215781196154,71.42542980013923,1026,45.0,45,60.49713934813789,0,FREE_FLOW,collector,Right Bank
2025-09-17 17:21:15.549655,road_0011,51.14911362341584,71.45849757916488,2500,50.473522612086164,60,100.0,0,FREE_FLOW,arterial,City Center
2025-09-17 17:21:15.549655,road_0012,51.14285817159553,71.49500780438362,2300,53.08160048478542,60,85.24629353592358,0,FREE_FLOW,arterial,Esil District
2025-09-17 17:21:15.549655,road_0013,51.178395080248016,71.44450085336713,1256,42.875540640081994,45,91.52624912739822,0,FREE_FLOW,collector,Esil District
2025-09-17 17:21:15.549655,road_0014,51.22329556186777,71.40648282801608,1500,37.56338642061802,45,91.6892293315141,0,FREE_FLOW,collector,Right Bank
2025-09-17 17:21:15.549655,road_0015,51.20247308795898,71.43455351818268,1500,39.32935862078703,45,100.0,0,FREE_FLOW,collector,Right Bank
2025-09-17 17:21:15.549655,road_0016,51.16488352763151,71.45530260780878,1500,36.10398088109091,45,100.0,0,FREE_FLOW,collector,City Center
2025-09-17 17:21:15.549655,road_0017,51.1949632883288,71.44123238931239,800,30.531557024471258,35,100.0,0,FREE_FLOW,local,City Center
2025-09-17 17:21:15.549655,road_0018,51.15447620767163,71.43400349958901,1500,37.21433119019013,45,90.81895508094277,0,FREE_FLOW,collector,City Center
2025-09-17 17:21:15.549655,road_0019,51.117113160490625,71.37143752439205,800,33.40679948500561,35,90.14348095945267,0,FREE_FLOW,local,Left Bank
2025-09-17 17:26:15.549655,road_0000,51.14858964026895,71.43899067721357,1500,42.86793828376217,45,100.0,0,FREE_FLOW,collector,City Center
2025-09-17 17:26:15.549655,road_0001,51.19558998501542,71.45756838173378,2500,56.38277766982736,60,93.24947054436974,0,FREE_FLOW,arterial,City Center
2025-09-17 17:26:15.549655,road_0002,51.21222340415979,71.47718542988797,503,33.96876650247871,35,54.15064090649041,0,FREE_FLOW,local,Right Bank
2025-09-17 17:26:15.549655,road_0003,51.147142431523605,71.42424835420817,1500,37.084145111326265,45,97.09333384816925,0,FREE_FLOW,collector,Left Bank
2025-09-17 17:26:15.549655,road_0004,51.194896034828155,71.42672451599276,1500,35.26667785990676,45,91.8690440146551,1,LIGHT,collector,City Center
2025-09-17 17:26:15.549655,road_0005,51.13145373025382,71.42743582937553,1500,37.771467288424425,45,100.0,0,FREE_FLOW,collector,Left Bank
2025-09-17 17:26:15.549655,road_0006,51.14525858091126,71.40871681129984,1500,41.84536418452525,45,100.0,0,FREE_FLOW,collector,Left Bank
2025-09-17 17:26:15.549655,road_0007,51.13560924762398,71.46282559050066,1500,37.90778961785941,45,95.29174419618748,0,FREE_FLOW,collector,Right Bank
2025-09-17 17:26:15.549655,road_0008,51.106594323500836,71.4923767530675,1093,45.0,45,68.38184982016824,0,FREE_FLOW,collector,Esil District
2025-09-17 17:26:15.549655,road_0009,51.1749541456762,71.45018304431642,2500,50.13993165419251,60,93.69282308426719,0,FREE_FLOW,arterial,City Center
2025-09-17 17:26:15.549655,road_0010,51.204215781196154,71.42542980013923,1500,38.38989003696967,45,94.21631913843521,0,FREE_FLOW,collector,Right Bank
2025-09-17 17:26:15.549655,road_0011,51.14911362341584,71.45849757916488,2500,49.77469759496319,60,100.0,0,FREE_FLOW,arterial,City Center
2025-09-17 17:26:15.549655,road_0012,51.14285817159553,71.49500780438362,2100,55.98594855945132,60,82.37947375458057,0,FREE_FLOW,arterial,Esil District
2025-09-17 17:26:15.549655,road_0013,51.178395080248016,71.44450085336713,710,45.0,45,38.59666972690346,0,FREE_FLOW,collector,Esil District
2025-09-17 17:26:15.549655,road_0014,51.22329556186777,71.40648282801608,1128,45.0,45,81.03278127885545,0,FREE_FLOW,collector,Right Bank
2025-09-17 17:26:15.549655,road_0015,51.20247308795898,71.43455351818268,1500,42.38531661201454,45,100.0,0,FREE_FLOW,collector,Right Bank
2025-09-17 17:26:15.549655,road_0016,51.16488352763151,71.45530260780878,1500,41.48545244891644,45,100.0,0,FREE_FLOW,collector,City Center
2025-09-17 17:26:15.549655,road_0017,51.1949632883288,71.44123238931239,800,33.464438417413945,35,100.0,0,FREE_FLOW,local,City Center
2025-09-17 17:26:15.549655,road_0018,51.15447620767163,71.43400349958901,1500,39.07663390952959,45,94.84657160540834,0,FREE_FLOW,collector,City Center
2025-09-17 17:26:15.549655,road_0019,51.117113160490625,71.37143752439205,800,28.313058941455278,35,98.13201704515295,0,FREE_FLOW,local,Left Bank
2025-09-17 17:31:15.549655,road_0000,51.14858964026895,71.43899067721357,1500,40.98818969066368,45,99.91176851517189,0,FREE_FLOW,collector,City Center
2025-09-17 17:31:15.549655,road_0001,51.19558998501542,71.45756838173378,2500,50.680321411525114,60,100.0,0,FREE_FLOW,arterial,City Center
2025-09-17 17:31:15.549655,road_0002,51.21222340415979,71.47718542988797,800,33.271003931613556,35,99.52653765167497,0,FREE_FLOW,local,Right Bank
2025-09-17 17:31:15.549655,road_0003,51.147142431523605,71.42424835420817,1500,38.292330498782505,45,97.85700719168587,0,FREE_FLOW,collector,Left Bank
2025-09-17 17:31:15.549655,road_0004,51.194896034828155,71.42672451599276,1500,38.312625141965796,45,92.8241571946972,0,FREE_FLOW,collector,City Center
2025-09-17 17:31:15.549655,road_0005,51.13145373025382,71.42743582937553,1500,41.18370977635663,45,100.0,0,FREE_FLOW,collector,Left Bank
2025-09-17 17:31:15.549655,road_0006,51.14525858091126,71.40871681129984,1500,35.94277607993098,45,96.18443827726259,1,LIGHT,collector,Left Bank
2025-09-17 17:31:15.549655,road_0007,51.13560924762398,71.46282559050066,1500,40.65432718331279,45,100.0,0,FREE_FLOW,collector,Right Bank
2025-09-17 17:31:15.549655,road_0008,51.106594323500836,71.4923767530675,1403,39.46287033100527,45,88.288227776022,0,FREE_FLOW,collector,Esil District
2025-09-17 17:31:15.549655,road_0009,51.1749541456762,71.45018304431642,2500,47.743154499711075,60,90.780699352487,1,LIGHT,arterial,City Center
2025-09-17 17:31:15.549655,road_0010,51.204215781196154,71.42542980013923,1500,41.62922591408267,45,100.0,0,FREE_FLOW,collector,Right Bank
2025-09-17 17:31:15.549655,road_0011,51.14911362341584,71.45849757916488,2500,55.70874102460392,60,100.0,0,FREE_FLOW,arterial,City Center
2025-09-17 17:31:15.549655,road_0012,51.14285817159553,71.49500780438362,1480,60.0,60,59.02177595317396,0,FREE_FLOW,arterial,Esil District
2025-09-17 17:31:15.549655,road_0013,51.178395080248016,71.44450085336713,1500,36.877412563685084,45,100.0,0,FREE_FLOW,collector,Esil District
2025-09-17 17:31:15.549655,road_0014,51.22329556186777,71.40648282801608,1500,41.96359546844824,45,91.74192632446297,0,FREE_FLOW,collector,Right Bank
2025-09-17 17:31:15.549655,road_0015,51.20247308795898,71.43455351818268,1500,41.50531274054757,45,90.01504089283573,0,FREE_FLOW,collector,Right Bank
2025-09-17 17:31:15.549655,road_0016,51.16488352763151,71.45530260780878,1500,39.62985430757562,45,90.67084868168436,0,FREE_FLOW,collector,City Center
2025-09-17 17:31:15.549655,road_0017,51.1949632883288,71.44123238931239,800,31.642403289915556,35,100.0,0,FREE_FLOW,local,City Center
2025-09-17 17:31:15.549655,road_0018,51.15447620767163,71.43400349958901,1500,37.15408695499733,45,100.0,0,FREE_FLOW,collector,City Center
2025-09-17 17:31:15.549655,road_0019,51.117113160490625,71.37143752439205,800,30.26935208890597,35,100.0,0,FREE_FLOW,local,Left Bank
2025-09-17 17:36:15.549655,road_0000,51.14858964026895,71.43899067721357,1500,40.804575311442086,45,100.0,0,FREE_FLOW,collector,City Center
2025-09-17 17:36:15.549655,road_0001,51.19558998501542,71.45756838173378,2500,49.165204573613366,60,100.0,0,FREE_FLOW,arterial,City Center
2025-09-17 17:36:15.549655,road_0002,51.21222340415979,71.47718542988797,800,33.28382578509299,35,100.0,0,FREE_FLOW,local,Right Bank
2025-09-17 17:36:15.549655,road_0003,51.147142431523605,71.42424835420817,1500,40.534752831149866,45,93.53524448879404,0,FREE_FLOW,collector,Left Bank
2025-09-17 17:36:15.549655,road_0004,51.194896034828155,71.42672451599276,1500,40.589547150057825,45,99.42341107964384,0,FREE_FLOW,collector,City Center
2025-09-17 17:36:15.549655,road_0005,51.13145373025382,71.42743582937553,1500,36.03788423679781,45,94.79200673629809,0,FREE_FLOW,collector,Left Bank
2025-09-17 17:36:15.549655,road_0006,51.14525858091126,71.40871681129984,1500,42.484472644035485,45,96.10210186706696,0,FREE_FLOW,collector,Left Bank
2025-09-17 17:36:15.549655,road_0007,51.13560924762398,71.46282559050066,1127,41.8227452719721,45,75.74700548672224,0,FREE_FLOW,collector,Right Bank
2025-09-17 17:36:15.549655,road_0008,51.106594323500836,71.4923767530675,1238,42.14062052631415,45,83.69410424745536,0,FREE_FLOW,collector,Esil District
2025-09-17 17:36:15.549655,road_0009,51.1749541456762,71.45018304431642,2500,56.52927761794367,60,93.5697019902509,0,FREE_FLOW,arterial,City Center
2025-09-17 17:36:15.549655,road_0010,51.204215781196154,71.42542980013923,1500,37.97857798174555,45,100.0,0,FREE_FLOW,collector,Right Bank
2025-09-17 17:36:15.549655,road_0011,51.14911362341584,71.45849757916488,2500,54.80311818339027,60,95.40713099459563,0,FREE_FLOW,arterial,City Center
2025-09-17 17:36:15.549655,road_0012,51.14285817159553,71.49500780438362,1386,60.0,60,47.368487594833624,0,FREE_FLOW,arterial,Esil District
2025-09-17 17:36:15.549655,road_0013,51.178395080248016,71.44450085336713,852,42.149446137874,45,49.778721768695824,0,FREE_FLOW,collector,Esil District
2025-09-17 17:36:15.549655,road_0014,51.22329556186777,71.40648282801608,1500,37.154816244121825,45,94.32029811260853,0,FREE_FLOW,collector,Right Bank
2025-09-17 17:36:15.549655,road_0015,51.20247308795898,71.43455351818268,1500,41.50084531393349,45,93.47853723969011,0,FREE_FLOW,collector,Right Bank
2025-09-17 17:36:15.549655,road_0016,51.16488352763151,71.45530260780878,1500,36.000827429091174,45,100.0,0,FREE_FLOW,collector,City Center
2025-09-17 17:36:15.549655,road_0017,51.1949632883288,71.44123238931239,800,32.63980343714833,35,97.01460903174235,0,FREE_FLOW,local,City Center
2025-09-17 17:36:15.549655,road_0018,51.15447620767163,71.43400349958901,1500,36.997024413174984,45,100.0,0,FREE_FLOW,collector,City Center
2025-09-17 17:36:15.549655,road_0019,51.117113160490625,71.37143752439205,800,30.4183765020485,35,90.58607280221742,0,FREE_FLOW,local,Left Bank
2025-09-17 17:41:15.549655,road_0000,51.14858964026895,71.43899067721357,1500,40.23395765122632,45,99.49165123845745,0,FREE_FLOW,collector,City Center
2025-09-17 17:41:15.549655,road_0001,51.19558998501542,71.45756838173378,2500,50.88556762685892,60,100.0,0,FREE_FLOW,arterial,City Center
2025-09-17 17:41:15.549655,road_0002,51.21222340415979,71.47718542988797,800,33.14454265063102,35,90.19233130547347,0,FREE_FLOW,local,Right Bank
2025-09-17 17:41:15.549655,road_0003,51.147142431523605,71.42424835420817,1500,38.278593438172436,45,100.0,0,FREE_FLOW,collector,Left Bank
2025-09-17 17:41:15.549655,road_0004,51.194896034828155,71.42672451599276,1500,36.92701743530149,45,100.0,0,FREE_FLOW,collector,City Center
2025-09-17 17:41:15.549655,road_0005,51.13145373025382,71.42743582937553,1500,37.15187052601248,45,98.49703709137071,0,FREE_FLOW,collector,Left Bank
2025-09-17 17:41:15.549655,road_0006,51.14525858091126,71.40871681129984,1500,37.68048472488687,45,100.0,0,FREE_FLOW,collector,Left Bank
2025-09-17 17:41:15.549655,road_0007,51.13560924762398,71.46282559050066,1500,39.801722726080385,45,100.0,0,FREE_FLOW,collector,Right Bank
2025-09-17 17:41:15.549655,road_0008,51.106594323500836,71.4923767530675,1243,40.20149934479033,45,79.18108394941281,0,FREE_FLOW,collector,Esil District
2025-09-17 17:41:15.549655,road_0009,51.1749541456762,71.45018304431642,2500,51.100531581842795,60,100.0,0,FREE_FLOW,arterial,City Center
2025-09-17 17:41:15.549655,road_0010,51.204215781196154,71.42542980013923,1500,42.84030727554717,45,91.04093777273526,0,FREE_FLOW,collector,Right Bank
2025-09-17 17:41:15.549655,road_0011,51.14911362341584,71.45849757916488,2500,47.47712216087408,60,99.33760869353699,1,LIGHT,arterial,City Center
2025-09-17 17:41:15.549655,road_0012,51.14285817159553,71.49500780438362,2500,52.41947336414603,60,92.85205195508001,0,FREE_FLOW,arterial,Esil District
2025-09-17 17:41:15.549655,road_0013,51.178395080248016,71.44450085336713,1029,41.78177710399346,45,71.95791296847023,0,FREE_FLOW,collector,Esil District
2025-09-17 17:41:15.549655,road_0014,51.22329556186777,71.40648282801608,1363,41.67594946293655,45,93.59573138948262,0,FREE_FLOW,collector,Right Bank
2025-09-17 17:41:15.549655,road_0015,51.20247308795898,71.43455351818268,1500,38.40065702767137,45,94.56811126386098,0,FREE_FLOW,collector,Right Bank
2025-09-17 17:41:15.549655,road_0016,51.16488352763151,71.45530260780878,1500,35.5823278007771,45,100.0,1,LIGHT,collector,City Center
2025-09-17 17:41:15.549655,road_0017,51.1949632883288,71.44123238931239,800,27.6330379588331,35,96.37543242659203,1,LIGHT,local,City Center
2025-09-17 17:41:15.549655,road_0018,51.15447620767163,71.43400349958901,1500,35.900998358099606,45,91.76823510488268,1,LIGHT,collector,City Center
2025-09-17 17:41:15.549655,road_0019,51.117113160490625,71.37143752439205,800,28.61424610597074,35,100.0,0,FREE_FLOW,local,Left Bank
2025-09-17 17:46:15.549655,road_0000,51.14858964026895,71.43899067721357,1500,39.54066119478159,45,98.59605575471548,0,FREE_FLOW,collector,City Center
2025-09-17 17:46:15.549655,road_0001,51.19558998501542,71.45756838173378,2500,47.28190371134605,60,100.0,1,LIGHT,arterial,City Center
2025-09-17 17:46:15.549655,road_0002,51.21222340415979,71.47718542988797,800,32.110976408736846,35,100.0,0,FREE_FLOW,local,Right Bank
2025-09-17 17:46:15.549655,road_0003,51.147142431523605,71.42424835420817,1500,41.776268477296824,45,90.12981393448351,0,FREE_FLOW,collector,Left Bank
2025-09-17 17:46:15.549655,road_0004,51.194896034828155,71.42672451599276,1500,41.51687830611873,45,97.50848517412182,0,FREE_FLOW,collector,City Center
2025-09-17 17:46:15.549655,road_0005,51.13145373025382,71.42743582937553,1500,39.95744104907396,45,94.84605493280421,0,FREE_FLOW,collector,Left Bank
2025-09-17 17:46:15.549655,road_0006,51.14525858091126,71.40871681129984,1500,39.15708991303896,45,100.0,0,FREE_FLOW,collector,Left Bank
2025-09-17 17:46:15.549655,road_0007,51.13560924762398,71.46282559050066,1440,36.363195117617174,45,100.0,0,FREE_FLOW,collector,Right Bank
2025-09-17 17:46:15.549655,road_0008,51.106594323500836,71.4923767530675,984,40.979630872859815,45,55.637006921958694,0,FREE_FLOW,collector,Esil District
2025-09-17 17:46:15.549655,road_0009,51.1749541456762,71.45018304431642,2500,53.55322071406096,60,100.0,0,FREE_FLOW,arterial,City Center
2025-09-17 17:46:15.549655,road_0010,51.204215781196154,71.42542980013923,1010,45.0,45,66.27687401886905,0,FREE_FLOW,collector,Right Bank
2025-09-17 17:46:15.549655,road_0011,51.14911362341584,71.45849757916488,2500,49.16924699092482,60,100.0,0,FREE_FLOW,arterial,City Center
2025-09-17 17:46:15.549655,road_0012,51.14285817159553,71.49500780438362,2105,54.937092780054634,60,87.65024401356627,0,FREE_FLOW,arterial,Esil District
2025-09-17 17:46:15.549655,road_0013,51.178395080248016,71.44450085336713,1500,39.392801719403394,45,91.34262748697391,0,FREE_FLOW,collector,Esil District
2025-09-17 17:46:15.549655,road_0014,51.22329556186777,71.40648282801608,1500,37.87330913350856,45,100.0,0,FREE_FLOW,collector,Right Bank
2025-09-17 17:46:15.549655,road_0015,51.20247308795898,71.43455351818268,1270,44.60720495155664,45,85.10550902657167,0,FREE_FLOW,collector,Right Bank
2025-09-17 17:46:15.549655,road_0016,51.16488352763151,71.45530260780878,1500,43.0038093099393,45,100.0,0,FREE_FLOW,collector,City Center
2025-09-17 17:46:15.549655,road_0017,51.1949632883288,71.44123238931239,800,30.21828939480774,35,98.22450618136072,0,FREE_FLOW,local,City Center
2025-09-17 17:46:15.549655,road_0018,51.15447620767163,71.43400349958901,1500,36.65067252064472,45,95.31691112755847,0,FREE_FLOW,collector,City Center
2025-09-17 17:46:15.549655,road_0019,51.117113160490625,71.37143752439205,800,31.43123741017392,35,100.0,0,FREE_FLOW,local,Left Bank
2025-09-17 17:51:15.549655,road_0000,51.14858964026895,71.43899067721357,1500,41.10260253627866,45,93.77711014866674,0,FREE_FLOW,collector,City Center
2025-09-17 17:51:15.549655,road_0001,51.19558998501542,71.45756838173378,2500,51.301717145703286,60,100.0,0,FREE_FLOW,arterial,City Center
2025-09-17 17:51:15.549655,road_0002,51.21222340415979,71.47718542988797,800,33.39291233591111,35,97.86416033728179,0,FREE_FLOW,local,Right Bank
2025-09-17 17:51:15.549655,road_0003,51.147142431523605,71.42424835420817,1500,36.52404044343998,45,94.70412665213831,0,FREE_FLOW,collector,Left Bank
2025-09-17 17:51:15.549655,road_0004,51.194896034828155,71.42672451599276,1500,43.004566115737134,45,100.0,0,FREE_FLOW,collector,City Center
2025-09-17 17:51:15.549655,road_0005,51.13145373025382,71.42743582937553,1500,38.56646576906517,45,96.13842006374145,0,FREE_FLOW,collector,Left Bank
2025-09-17 17:51:15.549655,road_0006,51.14525858091126,71.40871681129984,1500,40.72885773414203,45,94.03310404202337,0,FREE_FLOW,collector,Left Bank
2025-09-17 17:51:15.549655,road_0007,51.13560924762398,71.46282559050066,1500,39.9006206974455,45,96.83922198761255,0,FREE_FLOW,collector,Right Bank
2025-09-17 17:51:15.549655,road_0008,51.106594323500836,71.4923767530675,1275,45.0,45,90.45943442874747,0,FREE_FLOW,collector,Esil District
2025-09-17 17:51:15.549655,road_0009,51.1749541456762,71.45018304431642,2500,48.311336941785086,60,100.0,0,FREE_FLOW,arterial,City Center
2025-09-17 17:51:15.549655,road_0010,51.204215781196154,71.42542980013923,1500,37.53862550692127,45,98.30290311507598,0,FREE_FLOW,collector,Right Bank
2025-09-17 17:51:15.549655,road_0011,51.14911362341584,71.45849757916488,2500,52.19571635974672,60,100.0,0,FREE_FLOW,arterial,City Center
2025-09-17 17:51:15.549655,road_0012,51.14285817159553,71.49500780438362,1426,60.0,60,48.72772782931946,0,FREE_FLOW,arterial,Esil District
2025-09-17 17:51:15.549655,road_0013,51.178395080248016,71.44450085336713,1500,40.9005358208222,45,100.0,0,FREE_FLOW,collector,Esil District
2025-09-17 17:51:15.549655,road_0014,51.22329556186777,71.40648282801608,1500,42.95365451015852,45,95.51897681047768,0,FREE_FLOW,collector,Right Bank
2025-09-17 17:51:15.549655,road_0015,51.20247308795898,71.43455351818268,1251,42.106154418190854,45,82.81840319176,0,FREE_FLOW,collector,Right Bank
2025-09-17 17:51:15.549655,road_0016,51.16488352763151,71.45530260780878,1500,41.02023440384643,45,95.8512524068534,0,FREE_FLOW,collector,City Center
2025-09-17 17:51:15.549655,road_0017,51.1949632883288,71.44123238931239,800,29.31520370363857,35,91.83985559229609,0,FREE_FLOW,local,City Center
2025-09-17 17:51:15.549655,road_0018,51.15447620767163,71.43400349958901,1500,37.260343661441375,45,98.06005038130553,0,FREE_FLOW,collector,City Center
2025-09-17 17:51:15.549655,road_0019,51.117113160490625,71.37143752439205,800,31.655281068595457,35,100.0,0,FREE_FLOW,local,Left Bank
2025-09-17 17:56:15.549655,road_0000,51.14858964026895,71.43899067721357,1500,40.29364718352717,45,100.0,0,FREE_FLOW,collector,City Center
2025-09-17 17:56:15.549655,road_0001,51.19558998501542,71.45756838173378,2500,47.75967128870225,60,98.24190910122034,1,LIGHT,arterial,City Center
2025-09-17 17:56:15.549655,road_0002,51.21222340415979,71.47718542988797,800,30.283408502470728,35,99.88428519626986,0,FREE_FLOW,local,Right Bank
2025-09-17 17:56:15.549655,road_0003,51.147142431523605,71.42424835420817,1500,36.22239574221535,45,100.0,0,FREE_FLOW,collector,Left Bank
2025-09-17 17:56:15.549655,road_0004,51.194896034828155,71.42672451599276,1500,37.13572126278576,45,93.11698552855644,0,FREE_FLOW,collector,City Center
2025-09-17 17:56:15.549655,road_0005,51.13145373025382,71.42743582937553,1500,36.50469382775375,45,100.0,0,FREE_FLOW,collector,Left Bank
2025-09-17 17:56:15.549655,road_0006,51.14525858091126,71.40871681129984,1500,36.90710550757933,45,100.0,0,FREE_FLOW,collector,Left Bank
2025-09-17 17:56:15.549655,road_0007,51.13560924762398,71.46282559050066,1500,36.914667402862285,45,92.23959104875267,0,FREE_FLOW,collector,Right Bank
2025-09-17 17:56:15.549655,road_0008,51.106594323500836,71.4923767530675,1320,40.00222717639347,45,80.4383703052193,0,FREE_FLOW,collector,Esil District
2025-09-17 17:56:15.549655,road_0009,51.1749541456762,71.45018304431642,2500,57.007052999476144,60,97.12816947210206,0,FREE_FLOW,arterial,City Center
2025-09-17 17:56:15.549655,road_0010,51.204215781196154,71.42542980013923,1500,41.481647659469935,45,100.0,0,FREE_FLOW,collector,Right Bank
2025-09-17 17:56:15.549655,road_0011,51.14911362341584,71.45849757916488,2500,47.56911268304779,60,98.3640823518207,1,LIGHT,arterial,City Center
2025-09-17 17:56:15.549655,road_0012,51.14285817159553,71.49500780438362,2500,54.410914006075025,60,100.0,0,FREE_FLOW,arterial,Esil District
2025-09-17 17:56:15.549655,road_0013,51.178395080248016,71.44450085336713,1431,36.08867011322652,45,98.27403220645492,0,FREE_FLOW,collector,Esil District
2025-09-17 17:56:15.549655,road_0014,51.22329556186777,71.40648282801608,1500,36.381398086742486,45,99.76748591102499,0,FREE_FLOW,collector,Right Bank
2025-09-17 17:56:15.549655,road_0015,51.20247308795898,71.43455351818268,1167,41.68921204778676,45,81.89081677201462,0,FREE_FLOW,collector,Right Bank
2025-09-17 17:56:15.549655,road_0016,51.16488352763151,71.45530260780878,1500,39.03902804633544,45,93.01651599984913,0,FREE_FLOW,collector,City Center
2025-09-17 17:56:15.549655,road_0017,51.1949632883288,71.44123238931239,800,28.58374391408992,35,100.0,0,FREE_FLOW,local,City Center
2025-09-17 17:56:15.549655,road_0018,51.15447620767163,71.43400349958901,1500,39.28264828949504,45,97.73673748337546,0,FREE_FLOW,collector,City Center
2025-09-17 17:56:15.549655,road_0019,51.117113160490625,71.37143752439205,800,31.609343894932213,35,100.0,0,FREE_FLOW,local,Left Bank
2025-09-17 18:01:15.549655,road_0000,51.14858964026895,71.43899067721357,1500,36.21305365716039,45,100.0,0,FREE_FLOW,collector,City Center
2025-09-17 18:01:15.549655,road_0001,51.19558998501542,71.45756838173378,2500,50.840682104051254,60,100.0,0,FREE_FLOW,arterial,City Center
2025-09-17 18:01:15.549655,road_0002,51.21222340415979,71.47718542988797,800,33.237645378105164,35,100.0,0,FREE_FLOW,local,Right Bank
2025-09-17 18:01:15.549655,road_0003,51.147142431523605,71.42424835420817,1500,39.74426418234777,45,91.74900512216861,0,FREE_FLOW,collector,Left Bank
2025-09-17 18:01:15.549655,road_0004,51.194896034828155,71.42672451599276,1500,39.30370251395228,45,96.7134345623948,0,FREE_FLOW,collector,City Center
2025-09-17 18:01:15.549655,road_0005,51.13145373025382,71.42743582937553,1500,35.38279777877551,45,100.0,1,LIGHT,collector,Left Bank
2025-09-17 18:01:15.549655,road_0006,51.14525858091126,71.40871681129984,1500,36.37476180846011,45,100.0,0,FREE_FLOW,collector,Left Bank
2025-09-17 18:01:15.549655,road_0007,51.13560924762398,71.46282559050066,1500,41.58325085557309,45,100.0,0,FREE_FLOW,collector,Right Bank
2025-09-17 18:01:15.549655,road_0008,51.106594323500836,71.4923767530675,1493,36.4872599880952,45,100.0,0,FREE_FLOW,collector,Esil District
2025-09-17 18:01:15.549655,road_0009,51.1749541456762,71.45018304431642,2500,54.35311131619496,60,100.0,0,FREE_FLOW,arterial,City Center
2025-09-17 18:01:15.549655,road_0010,51.204215781196154,71.42542980013923,1500,38.875497816701035,45,94.60759231053328,0,FREE_FLOW,collector,Right Bank
2025-09-17 18:01:15.549655,road_0011,51.14911362341584,71.45849757916488,2500,52.22048448506303,60,100.0,0,FREE_FLOW,arterial,City Center
2025-09-17 18:01:15.549655,road_0012,51.14285817159553,71.49500780438362,1448,53.361309508346025,60,57.10349084563327,0,FREE_FLOW,arterial,Esil District
2025-09-17 18:01:15.549655,road_0013,51.178395080248016,71.44450085336713,955,40.57895431399038,45,69.44560016741323,0,FREE_FLOW,collector,Esil District
2025-09-17 18:01:15.549655,road_0014,51.22329556186777,71.40648282801608,1500,39.457489916555254,45,100.0,0,FREE_FLOW,collector,Right Bank
2025-09-17 18:01:15.549655,road_0015,51.20247308795898,71.43455351818268,1500,42.3669259548519,45,91.30223863323474,0,FREE_FLOW,collector,Right Bank
2025-09-17 18:01:15.549655,road_0016,51.16488352763151,71.45530260780878,1500,40.59126921778756,45,94.52722922145954,0,FREE_FLOW,collector,City Center
2025-09-17 18:01:15.549655,road_0017,51.1949632883288,71.44123238931239,800,31.937863924557597,35,100.0,0,FREE_FLOW,local,City Center
2025-09-17 18:01:15.549655,road_0018,51.15447620767163,71.43400349958901,1500,42.305273777319975,45,91.72439648287163,0,FREE_FLOW,collector,City Center
2025-09-17 18:01:15.549655,road_0019,51.117113160490625,71.37143752439205,800,27.43680619190831,35,100.0,1,LIGHT,local,Left Bank
2025-09-17 18:06:15.549655,road_0000,51.14858964026895,71.43899067721357,1500,41.874392864089515,45,100.0,0,FREE_FLOW,collector,City Center
2025-09-17 18:06:15.549655,road_0001,51.19558998501542,71.45756838173378,2500,52.20300694870122,60,99.72371162322992,0,FREE_FLOW,arterial,City Center
2025-09-17 18:06:15.549655,road_0002,51.21222340415979,71.47718542988797,800,32.5998386586899,35,100.0,0,FREE_FLOW,local,Right Bank
2025-09-17 18:06:15.549655,road_0003,51.147142431523605,71.42424835420817,1500,37.65442894696107,45,100.0,0,FREE_FLOW,collector,Left Bank
2025-09-17 18:06:15.549655,road_0004,51.194896034828155,71.42672451599276,1500,36.33452177690333,45,100.0,0,FREE_FLOW,collector,City Center
2025-09-17 18:06:15.549655,road_0005,51.13145373025382,71.42743582937553,1500,37.40719584301187,45,97.89149672164041,0,FREE_FLOW,collector,Left Bank
2025-09-17 18:06:15.549655,road_0006,51.14525858091126,71.40871681129984,1500,41.76854772691489,45,96.90171003402446,0,FREE_FLOW,collector,Left Bank
2025-09-17 18:06:15.549655,road_0007,51.13560924762398,71.46282559050066,1500,36.30060256804641,45,100.0,0,FREE_FLOW,collector,Right Bank
2025-09-17 18:06:15.549655,road_0008,51.106594323500836,71.4923767530675,1500,36.48823337252323,45,90.70040931863089,0,FREE_FLOW,collector,Esil District
2025-09-17 18:06:15.549655,road_0009,51.1749541456762,71.45018304431642,2500,55.71534147677958,60,97.32188531325276,0,FREE_FLOW,arterial,City Center
2025-09-17 18:06:15.549655,road_0010,51.204215781196154,71.42542980013923,972,44.234006071050665,45,57.18480618538197,0,FREE_FLOW,collector,Right Bank
2025-09-17 18:06:15.549655,road_0011,51.14911362341584,71.45849757916488,2500,53.947902762245384,60,100.0,0,FREE_FLOW,arterial,City Center
2025-09-17 18:06:15.549655,road_0012,51.14285817159553,71.49500780438362,1628,58.392099636529814,60,62.53338562194085,0,FREE_FLOW,arterial,Esil District
2025-09-17 18:06:15.549655,road_0013,51.178395080248016,71.44450085336713,1363,39.77077124890433,45,82.20017522803421,0,FREE_FLOW,collector,Esil District
2025-09-17 18:06:15.549655,road_0014,51.22329556186777,71.40648282801608,1500,36.63468900070893,45,100.0,0,FREE_FLOW,collector,Right Bank
2025-09-17 18:06:15.549655,road_0015,51.20247308795898,71.43455351818268,1238,42.141380444853404,45,85.85232224985937,0,FREE_FLOW,collector,Right Bank
2025-09-17 18:06:15.549655,road_0016,51.16488352763151,71.45530260780878,1500,36.54394188108906,45,92.58215097479014,0,FREE_FLOW,collector,City Center
2025-09-17 18:06:15.549655,road_0017,51.1949632883288,71.44123238931239,800,28.937050814509465,35,100.0,0,FREE_FLOW,local,City Center
2025-09-17 18:06:15.549655,road_0018,51.15447620767163,71.43400349958901,1500,40.08799559993707,45,90.48302216597449,0,FREE_FLOW,collector,City Center
2025-09-17 18:06:15.549655,road_0019,51.117113160490625,71.37143752439205,800,30.719286789561036,35,100.0,0,FREE_FLOW,local,Left Bank
2025-09-17 18:11:15.549655,road_0000,51.14858964026895,71.43899067721357,1500,38.87668679743849,45,95.01107626174989,0,FREE_FLOW,collector,City Center
2025-09-17 18:11:15.549655,road_0001,51.19558998501542,71.45756838173378,2500,54.53741603724737,60,95.6670366997363,0,FREE_FLOW,arterial,City Center
2025-09-17 18:11:15.549655,road_0002,51.21222340415979,71.47718542988797,800,30.445124157003782,35,93.05813219128713,0,FREE_FLOW,local,Right Bank
2025-09-17 18:11:15.549655,road_0003,51.147142431523605,71.42424835420817,1500,42.24229564027651,45,91.75314923270307,0,FREE_FLOW,collector,Left Bank
2025-09-17 18:11:15.549655,road_0004,51.194896034828155,71.42672451599276,1500,35.86717836170706,45,99.32309556281646,1,LIGHT,collector,City Center
2025-09-17 18:11:15.549655,road_0005,51.13145373025382,71.42743582937553,1500,41.82637163644949,45,100.0,0,FREE_FLOW,collector,Left Bank
2025-09-17 18:11:15.549655,road_0006,51.14525858091126,71.40871681129984,1500,39.75311203028221,45,95.73598449536928,0,FREE_FLOW,collector,Left Bank
2025-09-17 18:11:15.549655,road_0007,51.13560924762398,71.46282559050066,1500,36.58056107750545,45,100.0,0,FREE_FLOW,collector,Right Bank
2025-09-17 18:11:15.549655,road_0008,51.106594323500836,71.4923767530675,1133,39.90625802376635,45,75.73391312986462,0,FREE_FLOW,collector,Esil District
2025-09-17 18:11:15.549655,road_0009,51.1749541456762,71.45018304431642,2500,56.05463592724028,60,90.6970700088469,0,FREE_FLOW,arterial,City Center
2025-09-17 18:11:15.549655,road_0010,51.204215781196154,71.42542980013923,1500,39.70568501799858,45,100.0,0,FREE_FLOW,collector,Right Bank
2025-09-17 18:11:15.549655,road_0011,51.14911362341584,71.45849757916488,2500,53.26090350233311,60,95.05849260857966,0,FREE_FLOW,arterial,City Center
2025-09-17 18:11:15.549655,road_0012,51.14285817159553,71.49500780438362,1755,52.47070224996248,60,73.29145792036122,0,FREE_FLOW,arterial,Esil District
2025-09-17 18:11:15.549655,road_0013,51.178395080248016,71.44450085336713,913,45.0,45,67.58980481269981,0,FREE_FLOW,collector,Esil District
2025-09-17 18:11:15.549655,road_0014,51.22329556186777,71.40648282801608,1228,43.34308438934244,45,74.1032860731249,0,FREE_FLOW,collector,Right Bank
2025-09-17 18:11:15.549655,road_0015,51.20247308795898,71.43455351818268,1500,41.497560102514086,45,100.0,0,FREE_FLOW,collector,Right Bank
2025-09-17 18:11:15.549655,road_0016,51.16488352763151,71.45530260780878,1500,40.27280178392404,45,100.0,0,FREE_FLOW,collector,City Center
2025-09-17 18:11:15.549655,road_0017,51.1949632883288,71.44123238931239,800,29.806503146305207,35,100.0,0,FREE_FLOW,local,City Center
2025-09-17 18:11:15.549655,road_0018,51.15447620767163,71.43400349958901,1500,35.69949097699338,45,92.30353571441574,1,LIGHT,collector,City Center
2025-09-17 18:11:15.549655,road_0019,51.117113160490625,71.37143752439205,800,31.26033195516449,35,100.0,0,FREE_FLOW,local,Left Bank
2025-09-17 18:16:15.549655,road_0000,51.14858964026895,71.43899067721357,1500,36.868072932968495,45,100.0,0,FREE_FLOW,collector,City Center
2025-09-17 18:16:15.549655,road_0001,51.19558998501542,71.45756838173378,2500,51.360410365179035,60,97.10502324937536,0,FREE_FLOW,arterial,City Center
2025-09-17 18:16:15.549655,road_0002,51.21222340415979,71.47718542988797,800,31.583366740380473,35,94.86401268943766,0,FREE_FLOW,local,Right Bank
2025-09-17 18:16:15.549655,road_0003,51.147142431523605,71.42424835420817,1500,35.361144279827215,45,99.0196169496768,1,LIGHT,collector,Left Bank
2025-09-17 18:16:15.549655,road_0004,51.194896034828155,71.42672451599276,1500,37.767227677590334,45,97.62433069340686,0,FREE_FLOW,collector,City Center
2025-09-17 18:16:15.549655,road_0005,51.13145373025382,71.42743582937553,1500,37.200324400689524,45,100.0,0,FREE_FLOW,collector,Left Bank
2025-09-17 18:16:15.549655,road_0006,51.14525858091126,71.40871681129984,1500,42.09972402143518,45,96.79244897179055,0,FREE_FLOW,collector,Left Bank
2025-09-17 18:16:15.549655,road_0007,51.13560924762398,71.46282559050066,1500,37.626878098782505,45,100.0,0,FREE_FLOW,collector,Right Bank
2025-09-17 18:16:15.549655,road_0008,51.106594323500836,71.4923767530675,1281,38.70636319922131,45,89.56703420009792,0,FREE_FLOW,collector,Esil District
2025-09-17 18:16:15.549655,road_0009,51.1749541456762,71.45018304431642,2500,53.22744507064734,60,91.3050733578043,0,FREE_FLOW,arterial,City Center
2025-09-17 18:16:15.549655,road_0010,51.204215781196154,71.42542980013923,1500,36.99731034539387,45,100.0,0,FREE_FLOW,collector,Right Bank
2025-09-17 18:16:15.549655,road_0011,51.14911362341584,71.45849757916488,2500,56.56998298331027,60,94.00697100258162,0,FREE_FLOW,arterial,City Center
2025-09-17 18:16:15.549655,road_0012,51.14285817159553,71.49500780438362,2456,56.03181302528467,60,90.61945823005547,0,FREE_FLOW,arterial,Esil District
2025-09-17 18:16:15.549655,road_0013,51.178395080248016,71.44450085336713,1398,41.301805690857755,45,84.63227230810564,0,FREE_FLOW,collector,Esil District
2025-09-17 18:16:15.549655,road_0014,51.22329556186777,71.40648282801608,1500,42.57090295664095,45,100.0,0,FREE_FLOW,collector,Right Bank
2025-09-17 18:16:15.549655,road_0015,51.20247308795898,71.43455351818268,1098,42.97540739446227,45,78.66111646603484,0,FREE_FLOW,collector,Right Bank
2025-09-17 18:16:15.549655,road_0016,51.16488352763151,71.45530260780878,1500,35.252961447455974,45,94.5549849500773,1,LIGHT,collector,City Center
2025-09-17 18:16:15.549655,road_0017,51.1949632883288,71.44123238931239,800,28.85827172838401,35,90.91441386965997,0,FREE_FLOW,local,City Center
2025-09-17 18:16:15.549655,road_0018,51.15447620767163,71.43400349958901,1500,36.050001765614105,45,90.08079434893251,0,FREE_FLOW,collector,City Center
2025-09-17 18:16:15.549655,road_0019,51.117113160490625,71.37143752439205,800,29.700469077529906,35,100.0,0,FREE_FLOW,local,Left Bank
2025-09-17 18:21:15.549655,road_0000,51.14858964026895,71.43899067721357,1500,40.61535195658808,45,96.95756290458756,0,FREE_FLOW,collector,City Center
2025-09-17 18:21:15.549655,road_0001,51.19558998501542,71.45756838173378,2500,56.192798828994285,60,90.13633105082104,0,FREE_FLOW,arterial,City Center
2025-09-17 18:21:15.549655,road_0002,51.21222340415979,71.47718542988797,800,27.698948620462815,35,94.43917172236236,1,LIGHT,local,Right Bank
2025-09-17 18:21:15.549655,road_0003,51.147142431523605,71.42424835420817,1500,41.88603414230425,45,94.33626383941774,0,FREE_FLOW,collector,Left Bank
2025-09-17 18:21:15.549655,road_0004,51.194896034828155,71.42672451599276,1500,35.339809658299906,45,100.0,1,LIGHT,collector,City Center
2025-09-17 18:21:15.549655,road_0005,51.13145373025382,71.42743582937553,1500,42.39764063393699,45,100.0,0,FREE_FLOW,collector,Left Bank
2025-09-17 18:21:15.549655,road_0006,51.14525858091126,71.40871681129984,1500,35.97365662427448,45,100.0,1,LIGHT,collector,Left Bank
2025-09-17 18:21:15.549655,road_0007,51.13560924762398,71.46282559050066,1450,42.155275604579714,45,92.7396581570922,0,FREE_FLOW,collector,Right Bank
2025-09-17 18:21:15.549655,road_0008,51.106594323500836,71.4923767530675,925,44.22023870903933,45,53.38205888353086,0,FREE_FLOW,collector,Esil District
2025-09-17 18:21:15.549655,road_0009,51.1749541456762,71.45018304431642,2500,50.110663923342294,60,100.0,0,FREE_FLOW,arterial,City Center
2025-09-17 18:21:15.549655,road_0010,51.204215781196154,71.42542980013923,811,44.41411729969529,45,48.42584827691449,0,FREE_FLOW,collector,Right Bank
2025-09-17 18:21:15.549655,road_0011,51.14911362341584,71.45849757916488,2500,52.66085853627426,60,100.0,0,FREE_FLOW,arterial,City Center
2025-09-17 18:21:15.549655,road_0012,51.14285817159553,71.49500780438362,2500,54.65066865894415,60,100.0,0,FREE_FLOW,arterial,Esil District
2025-09-17 18:21:15.549655,road_0013,51.178395080248016,71.44450085336713,1500,35.297708155194755,45,100.0,1,LIGHT,collector,Esil District
2025-09-17 18:21:15.549655,road_0014,51.22329556186777,71.40648282801608,1500,38.76072215530471,45,99.77343701852978,0,FREE_FLOW,collector,Right Bank
2025-09-17 18:21:15.549655,road_0015,51.20247308795898,71.43455351818268,1338,39.077426092683424,45,93.86927358921116,0,FREE_FLOW,collector,Right Bank
2025-09-17 18:21:15.549655,road_0016,51.16488352763151,71.45530260780878,1500,39.78776530046488,45,100.0,0,FREE_FLOW,collector,City Center
2025-09-17 18:21:15.549655,road_0017,51.1949632883288,71.44123238931239,800,31.637784078857386,35,96.42554568577862,0,FREE_FLOW,local,City Center
2025-09-17 18:21:15.549655,road_0018,51.15447620767163,71.43400349958901,1500,38.57848514430408,45,100.0,0,FREE_FLOW,collector,City Center
2025-09-17 18:21:15.549655,road_0019,51.117113160490625,71.37143752439205,800,33.287779788120254,35,100.0,0,FREE_FLOW,local,Left Bank
2025-09-17 18:26:15.549655,road_0000,51.14858964026895,71.43899067721357,1500,39.75739554837561,45,95.23800451642003,0,FREE_FLOW,collector,City Center
2025-09-17 18:26:15.549655,road_0001,51.19558998501542,71.45756838173378,2500,52.939303563909775,60,91.58359313847095,0,FREE_FLOW,arterial,City Center
2025-09-17 18:26:15.549655,road_0002,51.21222340415979,71.47718542988797,800,31.956094282767378,35,100.0,0,FREE_FLOW,local,Right Bank
2025-09-17 18:26:15.549655,road_0003,51.147142431523605,71.42424835420817,1500,37.006034441940976,45,93.24307445397787,0,FREE_FLOW,collector,Left Bank
2025-09-17 18:26:15.549655,road_0004,51.194896034828155,71.42672451599276,1500,35.54281027340418,45,97.59454142598388,1,LIGHT,collector,City Center
2025-09-17 18:26:15.549655,road_0005,51.13145373025382,71.42743582937553,1500,36.93589931446108,45,100.0,0,FREE_FLOW,collector,Left Bank
2025-09-17 18:26:15.549655,road_0006,51.14525858091126,71.40871681129984,1500,35.91523314670538,45,100.0,1,LIGHT,collector,Left Bank
2025-09-17 18:26:15.549655,road_0007,51.13560924762398,71.46282559050066,1500,38.37789718542449,45,91.16823602062246,0,FREE_FLOW,collector,Right Bank
2025-09-17 18:26:15.549655,road_0008,51.106594323500836,71.4923767530675,1500,40.547880774268585,45,100.0,0,FREE_FLOW,collector,Esil District
2025-09-17 18:26:15.549655,road_0009,51.1749541456762,71.45018304431642,2500,52.98469506389785,60,100.0,0,FREE_FLOW,arterial,City Center
2025-09-17 18:26:15.549655,road_0010,51.204215781196154,71.42542980013923,1500,36.21473126655838,45,100.0,0,FREE_FLOW,collector,Right Bank
2025-09-17 18:26:15.549655,road_0011,51.14911362341584,71.45849757916488,2500,49.934176800249986,60,100.0,0,FREE_FLOW,arterial,City Center
2025-09-17 18:26:15.549655,road_0012,51.14285817159553,71.49500780438362,2001,51.772089296664284,60,74.45205251544505,0,FREE_FLOW,arterial,Esil District
2025-09-17 18:26:15.549655,road_0013,51.178395080248016,71.44450085336713,1281,40.933019052996016,45,93.95291671083929,0,FREE_FLOW,collector,Esil District
2025-09-17 18:26:15.549655,road_0014,51.22329556186777,71.40648282801608,1500,38.8304587739037,45,100.0,0,FREE_FLOW,collector,Right Bank
2025-09-17 18:26:15.549655,road_0015,51.20247308795898,71.43455351818268,1500,40.59263038246194,45,95.67088575155061,0,FREE_FLOW,collector,Right Bank
2025-09-17 18:26:15.549655,road_0016,51.16488352763151,71.45530260780878,1500,40.811074751262,45,93.97172361742771,0,FREE_FLOW,collector,City Center
2025-09-17 18:26:15.549655,road_0017,51.1949632883288,71.44123238931239,800,32.5913356560951,35,100.0,0,FREE_FLOW,local,City Center
2025-09-17 18:26:15.549655,road_0018,51.15447620767163,71.43400349958901,1500,39.493533405268025,45,93.47466493141553,0,FREE_FLOW,collector,City Center
2025-09-17 18:26:15.549655,road_0019,51.117113160490625,71.37143752439205,800,31.326366041648228,35,100.0,0,FREE_FLOW,local,Left Bank
2025-09-17 18:31:15.549655,road_0000,51.14858964026895,71.43899067721357,1500,35.590940992202036,45,100.0,1,LIGHT,collector,City Center
2025-09-17 18:31:15.549655,road_0001,51.19558998501542,71.45756838173378,2500,50.618273313502094,60,95.63880408578589,0,FREE_FLOW,arterial,City Center
2025-09-17 18:31:15.549655,road_0002,51.21222340415979,71.47718542988797,740,29.03282403056105,35,100.0,0,FREE_FLOW,local,Right Bank
2025-09-17 18:31:15.549655,road_0003,51.147142431523605,71.42424835420817,1500,35.62648102002528,45,100.0,1,LIGHT,collector,Left Bank
2025-09-17 18:31:15.549655,road_0004,51.194896034828155,71.42672451599276,1500,39.49670184093272,45,100.0,0,FREE_FLOW,collector,City Center
2025-09-17 18:31:15.549655,road_0005,51.13145373025382,71.42743582937553,1500,37.37503284910781,45,100.0,0,FREE_FLOW,collector,Left Bank
2025-09-17 18:31:15.549655,road_0006,51.14525858091126,71.40871681129984,1500,35.64028506198804,45,90.42199890711923,1,LIGHT,collector,Left Bank
2025-09-17 18:31:15.549655,road_0007,51.13560924762398,71.46282559050066,1104,39.61768757009237,45,64.13821905008072,0,FREE_FLOW,collector,Right Bank
2025-09-17 18:31:15.549655,road_0008,51.106594323500836,71.4923767530675,1290,40.386848065203424,45,83.32097153101606,0,FREE_FLOW,collector,Esil District
2025-09-17 18:31:15.549655,road_0009,51.1749541456762,71.45018304431642,2500,49.41649636994967,60,100.0,0,FREE_FLOW,arterial,City Center
2025-09-17 18:31:15.549655,road_0010,51.204215781196154,71.42542980013923,1500,37.18392733771658,45,100.0,0,FREE_FLOW,collector,Right Bank
2025-09-17 18:31:15.549655,road_0011,51.14911362341584,71.45849757916488,2500,53.208801139814874,60,96.28221604361258,0,FREE_FLOW,arterial,City Center
2025-09-17 18:31:15.549655,road_0012,51.14285817159553,71.49500780438362,2178,56.83473222355687,60,79.56843013124453,0,FREE_FLOW,arterial,Esil District
2025-09-17 18:31:15.549655,road_0013,51.178395080248016,71.44450085336713,815,41.86983083156627,45,55.241246282357714,0,FREE_FLOW,collector,Esil District
2025-09-17 18:31:15.549655,road_0014,51.22329556186777,71.40648282801608,1500,35.69330933814531,45,93.30951855288703,1,LIGHT,collector,Right Bank
2025-09-17 18:31:15.549655,road_0015,51.20247308795898,71.43455351818268,1500,39.46405087612286,45,91.60016404783175,0,FREE_FLOW,collector,Right Bank
2025-09-17 18:31:15.549655,road_0016,51.16488352763151,71.45530260780878,1500,37.93720514334263,45,90.96529014450152,0,FREE_FLOW,collector,City Center
2025-09-17 18:31:15.549655,road_0017,51.1949632883288,71.44123238931239,800,31.015136026994554,35,97.44322607537225,0,FREE_FLOW,local,City Center
2025-09-17 18:31:15.549655,road_0018,51.15447620767163,71.43400349958901,1500,41.472133477295635,45,93.25714825522317,0,FREE_FLOW,collector,City Center
2025-09-17 18:31:15.549655,road_0019,51.117113160490625,71.37143752439205,800,29.519568373509493,35,100.0,0,FREE_FLOW,local,Left Bank
2025-09-17 18:36:15.549655,road_0000,51.14858964026895,71.43899067721357,1500,42.06803719333194,45,93.34838051485394,0,FREE_FLOW,collector,City Center
2025-09-17 18:36:15.549655,road_0001,51.19558998501542,71.45756838173378,2500,50.12191038966571,60,100.0,0,FREE_FLOW,arterial,City Center
2025-09-17 18:36:15.549655,road_0002,51.21222340415979,71.47718542988797,800,29.989084628587413,35,100.0,0,FREE_FLOW,local,Right Bank
2025-09-17 18:36:15.549655,road_0003,51.147142431523605,71.42424835420817,1500,36.93510461680282,45,96.57178114629205,0,FREE_FLOW,collector,Left Bank
2025-09-17 18:36:15.549655,road_0004,51.194896034828155,71.42672451599276,1500,40.16245959439659,45,100.0,0,FREE_FLOW,collector,City Center
2025-09-17 18:36:15.549655,road_0005,51.13145373025382,71.42743582937553,1500,35.81090275201903,45,100.0,1,LIGHT,collector,Left Bank
2025-09-17 18:36:15.549655,road_0006,51.14525858091126,71.40871681129984,1500,39.38996598740506,45,90.59547310903174,0,FREE_FLOW,collector,Left Bank
2025-09-17 18:36:15.549655,road_0007,51.13560924762398,71.46282559050066,1500,35.635135028583875,45,100.0,1,LIGHT,collector,Right Bank
2025-09-17 18:36:15.549655,road_0008,51.106594323500836,71.4923767530675,804,40.590243911634225,45,58.881342819962406,0,FREE_FLOW,collector,Esil District
2025-09-17 18:36:15.549655,road_0009,51.1749541456762,71.45018304431642,2500,53.71425221036221,60,100.0,0,FREE_FLOW,arterial,City Center
2025-09-17 18:36:15.549655,road_0010,51.204215781196154,71.42542980013923,1500,42.65958602442342,45,100.0,0,FREE_FLOW,collector,Right Bank
2025-09-17 18:36:15.549655,road_0011,51.14911362341584,71.45849757916488,2500,48.50212855370314,60,95.83170991449202,0,FREE_FLOW,arterial,City Center
2025-09-17 18:36:15.549655,road_0012,51.14285817159553,71.49500780438362,1260,60.0,60,53.25521812188467,0,FREE_FLOW,arterial,Esil District
2025-09-17 18:36:15.549655,road_0013,51.178395080248016,71.44450085336713,1103,44.13715433247946,45,83.05732779167008,0,FREE_FLOW,collector,Esil District
2025-09-17 18:36:15.549655,road_0014,51.22329556186777,71.40648282801608,1500,35.26364989954139,45,100.0,1,LIGHT,collector,Right Bank
2025-09-17 18:36:15.549655,road_0015,51.20247308795898,71.43455351818268,1500,43.02875715933711,45,95.39823427513176,0,FREE_FLOW,collector,Right Bank
2025-09-17 18:36:15.549655,road_0016,51.16488352763151,71.45530260780878,1500,36.43388739727013,45,93.69964545199355,0,FREE_FLOW,collector,City Center
2025-09-17 18:36:15.549655,road_0017,51.1949632883288,71.44123238931239,800,30.62036206584323,35,100.0,0,FREE_FLOW,local,City Center
2025-09-17 18:36:15.549655,road_0018,51.15447620767163,71.43400349958901,1500,42.14856968907375,45,95.3385858498731,0,FREE_FLOW,collector,City Center
2025-09-17 18:36:15.549655,road_0019,51.117113160490625,71.37143752439205,800,32.33785305233264,35,96.53475665706799,0,FREE_FLOW,local,Left Bank
2025-09-17 18:41:15.549655,road_0000,51.14858964026895,71.43899067721357,1500,39.0312805726796,45,100.0,0,FREE_FLOW,collector,City Center
2025-09-17 18:41:15.549655,road_0001,51.19558998501542,71.45756838173378,2500,55.53695954048013,60,97.99531586253335,0,FREE_FLOW,arterial,City Center
2025-09-17 18:41:15.549655,road_0002,51.21222340415979,71.47718542988797,564,35.0,35,68.13478549105278,0,FREE_FLOW,local,Right Bank
2025-09-17 18:41:15.549655,road_0003,51.147142431523605,71.42424835420817,1500,38.90536015026965,45,100.0,0,FREE_FLOW,collector,Left Bank
2025-09-17 18:41:15.549655,road_0004,51.194896034828155,71.42672451599276,1500,41.406370970066995,45,98.31341095595403,0,FREE_FLOW,collector,City Center
2025-09-17 18:41:15.549655,road_0005,51.13145373025382,71.42743582937553,1500,42.37798828041307,45,92.23834696201973,0,FREE_FLOW,collector,Left Bank
2025-09-17 18:41:15.549655,road_0006,51.14525858091126,71.40871681129984,1500,40.57692684151718,45,100.0,0,FREE_FLOW,collector,Left Bank
2025-09-17 18:41:15.549655,road_0007,51.13560924762398,71.46282559050066,1500,39.598301835164136,45,100.0,0,FREE_FLOW,collector,Right Bank
2025-09-17 18:41:15.549655,road_0008,51.106594323500836,71.4923767530675,838,45.0,45,50.94172673169352,0,FREE_FLOW,collector,Esil District
2025-09-17 18:41:15.549655,road_0009,51.1749541456762,71.45018304431642,2500,56.27847687418112,60,100.0,0,FREE_FLOW,arterial,City Center
2025-09-17 18:41:15.549655,road_0010,51.204215781196154,71.42542980013923,1391,43.89308208377427,45,95.64831599531107,0,FREE_FLOW,collector,Right Bank
2025-09-17 18:41:15.549655,road_0011,51.14911362341584,71.45849757916488,2500,55.57497986828759,60,100.0,0,FREE_FLOW,arterial,City Center
2025-09-17 18:41:15.549655,road_0012,51.14285817159553,71.49500780438362,1534,53.915368795499056,60,56.54527693867198,0,FREE_FLOW,arterial,Esil District
2025-09-17 18:41:15.549655,road_0013,51.178395080248016,71.44450085336713,1442,37.596509315148275,45,94.13267067981116,0,FREE_FLOW,collector,Esil District
2025-09-17 18:41:15.549655,road_0014,51.22329556186777,71.40648282801608,1166,45.0,45,87.37630150784699,0,FREE_FLOW,collector,Right Bank
2025-09-17 18:41:15.549655,road_0015,51.20247308795898,71.43455351818268,1500,41.131067810886464,45,100.0,0,FREE_FLOW,collector,Right Bank
2025-09-17 18:41:15.549655,road_0016,51.16488352763151,71.45530260780878,1500,39.660323392123566,45,100.0,0,FREE_FLOW,collector,City Center
2025-09-17 18:41:15.549655,road_0017,51.1949632883288,71.44123238931239,800,31.723839229947366,35,93.22822513216987,0,FREE_FLOW,local,City Center
2025-09-17 18:41:15.549655,road_0018,51.15447620767163,71.43400349958901,1500,39.2969614633892,45,100.0,0,FREE_FLOW,collector,City Center
2025-09-17 18:41:15.549655,road_0019,51.117113160490625,71.37143752439205,800,31.09661974785743,35,100.0,0,FREE_FLOW,local,Left Bank
2025-09-17 18:46:15.549655,road_0000,51.14858964026895,71.43899067721357,1500,36.97333970676312,45,100.0,0,FREE_FLOW,collector,City Center
2025-09-17 18:46:15.549655,road_0001,51.19558998501542,71.45756838173378,2500,50.75650618859247,60,93.22257169016372,0,FREE_FLOW,arterial,City Center
2025-09-17 18:46:15.549655,road_0002,51.21222340415979,71.47718542988797,593,30.8345297632575,35,77.0216967312023,0,FREE_FLOW,local,Right Bank
2025-09-17 18:46:15.549655,road_0003,51.147142431523605,71.42424835420817,1500,42.13680850204768,45,93.22477442547238,0,FREE_FLOW,collector,Left Bank
2025-09-17 18:46:15.549655,road_0004,51.194896034828155,71.42672451599276,1500,35.963757396518595,45,100.0,1,LIGHT,collector,City Center
2025-09-17 18:46:15.549655,road_0005,51.13145373025382,71.42743582937553,1500,40.47331330151024,45,97.15057731523544,0,FREE_FLOW,collector,Left Bank
2025-09-17 18:46:15.549655,road_0006,51.14525858091126,71.40871681129984,1500,38.711710543164635,45,100.0,0,FREE_FLOW,collector,Left Bank
2025-09-17 18:46:15.549655,road_0007,51.13560924762398,71.46282559050066,1470,39.62363291390961,45,95.1869517635474,0,FREE_FLOW,collector,Right Bank
2025-09-17 18:46:15.549655,road_0008,51.106594323500836,71.4923767530675,982,41.33211962192965,45,61.88714897876798,0,FREE_FLOW,collector,Esil District
2025-09-17 18:46:15.549655,road_0009,51.1749541456762,71.45018304431642,2500,49.08702796965143,60,100.0,0,FREE_FLOW,arterial,City Center
2025-09-17 18:46:15.549655,road_0010,51.204215781196154,71.42542980013923,1500,39.95109491753872,45,90.23006293334271,0,FREE_FLOW,collector,Right Bank
2025-09-17 18:46:15.549655,road_0011,51.14911362341584,71.45849757916488,2500,53.69850054514209,60,100.0,0,FREE_FLOW,arterial,City Center
2025-09-17 18:46:15.549655,road_0012,51.14285817159553,71.49500780438362,2119,51.71222315464592,60,76.17944368002775,0,FREE_FLOW,arterial,Esil District
2025-09-17 18:46:15.549655,road_0013,51.178395080248016,71.44450085336713,1500,39.353030332340396,45,100.0,0,FREE_FLOW,collector,Esil District
2025-09-17 18:46:15.549655,road_0014,51.22329556186777,71.40648282801608,1225,44.126349908272445,45,76.3567544064769,0,FREE_FLOW,collector,Right Bank
2025-09-17 18:46:15.549655,road_0015,51.20247308795898,71.43455351818268,1500,35.681454371456795,45,100.0,1,LIGHT,collector,Right Bank
2025-09-17 18:46:15.549655,road_0016,51.16488352763151,71.45530260780878,1500,40.42597496903662,45,98.32639661914807,0,FREE_FLOW,collector,City Center
2025-09-17 18:46:15.549655,road_0017,51.1949632883288,71.44123238931239,800,30.619969354866484,35,90.45034288087722,0,FREE_FLOW,local,City Center
2025-09-17 18:46:15.549655,road_0018,51.15447620767163,71.43400349958901,1500,36.92217964020603,45,92.73407494637496,0,FREE_FLOW,collector,City Center
2025-09-17 18:46:15.549655,road_0019,51.117113160490625,71.37143752439205,800,32.95486418901853,35,90.66152112926181,0,FREE_FLOW,local,Left Bank
2025-09-17 18:51:15.549655,road_0000,51.14858964026895,71.43899067721357,1500,38.24602875484983,45,99.6737647577377,0,FREE_FLOW,collector,City Center
2025-09-17 18:51:15.549655,road_0001,51.19558998501542,71.45756838173378,2500,57.18063842067033,60,91.48456788234117,0,FREE_FLOW,arterial,City Center
2025-09-17 18:51:15.549655,road_0002,51.21222340415979,71.47718542988797,800,33.21807498073489,35,91.31235455609145,0,FREE_FLOW,local,Right Bank
2025-09-17 18:51:15.549655,road_0003,51.147142431523605,71.42424835420817,1500,41.04982614750587,45,95.77307529490523,0,FREE_FLOW,collector,Left Bank
2025-09-17 18:51:15.549655,road_0004,51.194896034828155,71.42672451599276,1500,35.33416347145783,45,99.20343916718602,1,LIGHT,collector,City Center
2025-09-17 18:51:15.549655,road_0005,51.13145373025382,71.42743582937553,1500,35.75380114985691,45,94.38707922686791,1,LIGHT,collector,Left Bank
2025-09-17 18:51:15.549655,road_0006,51.14525858091126,71.40871681129984,1500,42.50389106132585,45,99.08618800556054,0,FREE_FLOW,collector,Left Bank
2025-09-17 18:51:15.549655,road_0007,51.13560924762398,71.46282559050066,1500,41.47601025833817,45,91.48425467833226,0,FREE_FLOW,collector,Right Bank
2025-09-17 18:51:15.549655,road_0008,51.106594323500836,71.4923767530675,855,45.0,45,60.23201321197275,0,FREE_FLOW,collector,Esil District
2025-09-17 18:51:15.549655,road_0009,51.1749541456762,71.45018304431642,2500,56.57268319127366,60,100.0,0,FREE_FLOW,arterial,City Center
2025-09-17 18:51:15.549655,road_0010,51.204215781196154,71.42542980013923,1500,42.9166471050198,45,97.37120868682142,0,FREE_FLOW,collector,Right Bank
2025-09-17 18:51:15.549655,road_0011,51.14911362341584,71.45849757916488,2500,56.16182803056469,60,98.98882646569889,0,FREE_FLOW,arterial,City Center
2025-09-17 18:51:15.549655,road_0012,51.14285817159553,71.49500780438362,1650,60.0,60,67.98140095009745,0,FREE_FLOW,arterial,Esil District
2025-09-17 18:51:15.549655,road_0013,51.178395080248016,71.44450085336713,625,42.738678026540285,45,50.59221353013487,0,FREE_FLOW,collector,Esil District
2025-09-17 18:51:15.549655,road_0014,51.22329556186777,71.40648282801608,1500,38.28574769967605,45,95.20932490612871,0,FREE_FLOW,collector,Right Bank
2025-09-17 18:51:15.549655,road_0015,51.20247308795898,71.43455351818268,1500,37.14169708366145,45,100.0,0,FREE_FLOW,collector,Right Bank
2025-09-17 18:51:15.549655,road_0016,51.16488352763151,71.45530260780878,1500,41.27022384941856,45,92.55644729204141,0,FREE_FLOW,collector,City Center
2025-09-17 18:51:15.549655,road_0017,51.1949632883288,71.44123238931239,800,30.650306144100096,35,99.21151677852654,0,FREE_FLOW,local,City Center
2025-09-17 18:51:15.549655,road_0018,51.15447620767163,71.43400349958901,1500,40.68789370876003,45,90.38079627329824,0,FREE_FLOW,collector,City Center
2025-09-17 18:51:15.549655,road_0019,51.117113160490625,71.37143752439205,800,32.64741146694325,35,100.0,0,FREE_FLOW,local,Left Bank
2025-09-17 18:56:15.549655,road_0000,51.14858964026895,71.43899067721357,1500,38.42956634068626,45,94.7867548762414,0,FREE_FLOW,collector,City Center
2025-09-17 18:56:15.549655,road_0001,51.19558998501542,71.45756838173378,2500,54.36339443992435,60,95.87483810948986,0,FREE_FLOW,arterial,City Center
2025-09-17 18:56:15.549655,road_0002,51.21222340415979,71.47718542988797,772,30.391769507781817,35,91.64645403740234,0,FREE_FLOW,local,Right Bank
2025-09-17 18:56:15.549655,road_0003,51.147142431523605,71.42424835420817,1500,42.875471638304674,45,97.88279401615023,0,FREE_FLOW,collector,Left Bank
2025-09-17 18:56:15.549655,road_0004,51.194896034828155,71.42672451599276,1500,40.61152345290657,45,100.0,0,FREE_FLOW,collector,City Center
2025-09-17 18:56:15.549655,road_0005,51.13145373025382,71.42743582937553,1500,40.432828746818075,45,99.84458087470335,0,FREE_FLOW,collector,Left Bank
2025-09-17 18:56:15.549655,road_0006,51.14525858091126,71.40871681129984,1500,40.673431840238095,45,93.34652289193602,0,FREE_FLOW,collector,Left Bank
2025-09-17 18:56:15.549655,road_0007,51.13560924762398,71.46282559050066,1324,37.6191361299366,45,92.01601816093535,0,FREE_FLOW,collector,Right Bank
2025-09-17 18:56:15.549655,road_0008,51.106594323500836,71.4923767530675,1290,38.474445072013935,45,83.69411978254344,0,FREE_FLOW,collector,Esil District
2025-09-17 18:56:15.549655,road_0009,51.1749541456762,71.45018304431642,2500,52.053109310432454,60,93.22205483177714,0,FREE_FLOW,arterial,City Center
2025-09-17 18:56:15.549655,road_0010,51.204215781196154,71.42542980013923,1500,40.46051874167528,45,91.28600812947022,0,FREE_FLOW,collector,Right Bank
2025-09-17 18:56:15.549655,road_0011,51.14911362341584,71.45849757916488,2500,48.15937526340367,60,100.0,0,FREE_FLOW,arterial,City Center
2025-09-17 18:56:15.549655,road_0012,51.14285817159553,71.49500780438362,2232,58.85691893956523,60,97.53656837592447,0,FREE_FLOW,arterial,Esil District
2025-09-17 18:56:15.549655,road_0013,51.178395080248016,71.44450085336713,800,45.0,45,54.642193754364484,0,FREE_FLOW,collector,Esil District
2025-09-17 18:56:15.549655,road_0014,51.22329556186777,71.40648282801608,1309,38.369289783317534,45,86.43429192614835,0,FREE_FLOW,collector,Right Bank
2025-09-17 18:56:15.549655,road_0015,51.20247308795898,71.43455351818268,894,45.0,45,49.93441949877001,0,FREE_FLOW,collector,Right Bank
2025-09-17 18:56:15.549655,road_0016,51.16488352763151,71.45530260780878,1500,41.194274677247854,45,100.0,0,FREE_FLOW,collector,City Center
2025-09-17 18:56:15.549655,road_0017,51.1949632883288,71.44123238931239,800,30.2380886185962,35,100.0,0,FREE_FLOW,local,City Center
2025-09-17 18:56:15.549655,road_0018,51.15447620767163,71.43400349958901,1500,37.470474699933675,45,100.0,0,FREE_FLOW,collector,City Center
2025-09-17 18:56:15.549655,road_0019,51.117113160490625,71.37143752439205,800,32.000630493756965,35,100.0,0,FREE_FLOW,local,Left Bank
2025-09-17 19:01:15.549655,road_0000,51.14858964026895,71.43899067721357,1500,42.08927990245345,45,97.21165816566817,0,FREE_FLOW,collector,City Center
2025-09-17 19:01:15.549655,road_0001,51.19558998501542,71.45756838173378,2500,55.74031939777392,60,97.45940795608841,0,FREE_FLOW,arterial,City Center
2025-09-17 19:01:15.549655,road_0002,51.21222340415979,71.47718542988797,800,32.56914823289461,35,100.0,0,FREE_FLOW,local,Right Bank
2025-09-17 19:01:15.549655,road_0003,51.147142431523605,71.42424835420817,1500,40.00726016235635,45,98.46215229833646,0,FREE_FLOW,collector,Left Bank
2025-09-17 19:01:15.549655,road_0004,51.194896034828155,71.42672451599276,1500,36.45974900876331,45,95.63072018627915,0,FREE_FLOW,collector,City Center
2025-09-17 19:01:15.549655,road_0005,51.13145373025382,71.42743582937553,1141,38.7498352756459,45,73.20118135710138,0,FREE_FLOW,collector,Left Bank
2025-09-17 19:01:15.549655,road_0006,51.14525858091126,71.40871681129984,1500,39.82644787606494,45,100.0,0,FREE_FLOW,collector,Left Bank
2025-09-17 19:01:15.549655,road_0007,51.13560924762398,71.46282559050066,1236,38.97287155714542,45,72.71511795651776,0,FREE_FLOW,collector,Right Bank
2025-09-17 19:01:15.549655,road_0008,51.106594323500836,71.4923767530675,1500,37.72942606573386,45,96.22276952788651,0,FREE_FLOW,collector,Esil District
2025-09-17 19:01:15.549655,road_0009,51.1749541456762,71.45018304431642,2500,48.18697189086781,60,93.42823855330644,0,FREE_FLOW,arterial,City Center
2025-09-17 19:01:15.549655,road_0010,51.204215781196154,71.42542980013923,1434,42.49971908973226,45,85.8891169248573,0,FREE_FLOW,collector,Right Bank
2025-09-17 19:01:15.549655,road_0011,51.14911362341584,71.45849757916488,2500,52.00039363903393,60,100.0,0,FREE_FLOW,arterial,City Center
2025-09-17 19:01:15.549655,road_0012,51.14285817159553,71.49500780438362,1394,57.05108188871004,60,58.8047561196478,0,FREE_FLOW,arterial,Esil District
2025-09-17 19:01:15.549655,road_0013,51.178395080248016,71.44450085336713,1111,43.87398406283553,45,68.29602276498868,0,FREE_FLOW,collector,Esil District
2025-09-17 19:01:15.549655,road_0014,51.22329556186777,71.40648282801608,1500,36.822203025778215,45,100.0,0,FREE_FLOW,collector,Right Bank
2025-09-17 19:01:15.549655,road_0015,51.20247308795898,71.43455351818268,1412,38.98748019677034,45,91.11826872566519,0,FREE_FLOW,collector,Right Bank
2025-09-17 19:01:15.549655,road_0016,51.16488352763151,71.45530260780878,1500,38.76643212808857,45,100.0,0,FREE_FLOW,collector,City Center
2025-09-17 19:01:15.549655,road_0017,51.1949632883288,71.44123238931239,800,33.401090299162576,35,99.1271799183106,0,FREE_FLOW,local,City Center
2025-09-17 19:01:15.549655,road_0018,51.15447620767163,71.43400349958901,1500,38.93764066669455,45,100.0,0,FREE_FLOW,collector,City Center
2025-09-17 19:01:15.549655,road_0019,51.117113160490625,71.37143752439205,800,30.17701618568963,35,93.25504142353635,0,FREE_FLOW,local,Left Bank
2025-09-17 19:06:15.549655,road_0000,51.14858964026895,71.43899067721357,1500,41.27330100687181,45,95.77551199159099,0,FREE_FLOW,collector,City Center
2025-09-17 19:06:15.549655,road_0001,51.19558998501542,71.45756838173378,2500,53.247525130525574,60,100.0,0,FREE_FLOW,arterial,City Center
2025-09-17 19:06:15.549655,road_0002,51.21222340415979,71.47718542988797,800,30.772921928373314,35,100.0,0,FREE_FLOW,local,Right Bank
2025-09-17 19:06:15.549655,road_0003,51.147142431523605,71.42424835420817,1500,38.83297851374705,45,93.1576700411821,0,FREE_FLOW,collector,Left Bank
2025-09-17 19:06:15.549655,road_0004,51.194896034828155,71.42672451599276,1500,42.888388840665385,45,90.84982108537595,0,FREE_FLOW,collector,City Center
2025-09-17 19:06:15.549655,road_0005,51.13145373025382,71.42743582937553,1500,41.65641664905812,45,100.0,0,FREE_FLOW,collector,Left Bank
2025-09-17 19:06:15.549655,road_0006,51.14525858091126,71.40871681129984,1500,39.37464314488292,45,93.46306717531982,0,FREE_FLOW,collector,Left Bank
2025-09-17 19:06:15.549655,road_0007,51.13560924762398,71.46282559050066,1212,38.78150772897267,45,71.39877380661677,0,FREE_FLOW,collector,Right Bank
2025-09-17 19:06:15.549655,road_0008,51.106594323500836,71.4923767530675,550,40.4267861369189,45,43.22684292356712,0,FREE_FLOW,collector,Esil District
2025-09-17 19:06:15.549655,road_0009,51.1749541456762,71.45018304431642,2500,51.23898615426218,60,100.0,0,FREE_FLOW,arterial,City Center
2025-09-17 19:06:15.549655,road_0010,51.204215781196154,71.42542980013923,1500,36.11106997980721,45,97.27681454787138,0,FREE_FLOW,collector,Right Bank
2025-09-17 19:06:15.549655,road_0011,51.14911362341584,71.45849757916488,2500,50.832372464027195,60,100.0,0,FREE_FLOW,arterial,City Center
2025-09-17 19:06:15.549655,road_0012,51.14285817159553,71.49500780438362,1932,60.0,60,71.20488387042647,0,FREE_FLOW,arterial,Esil District
2025-09-17 19:06:15.549655,road_0013,51.178395080248016,71.44450085336713,862,45.0,45,52.164976267532076,0,FREE_FLOW,collector,Esil District
2025-09-17 19:06:15.549655,road_0014,51.22329556186777,71.40648282801608,1233,41.125788647301604,45,77.38628356896778,0,FREE_FLOW,collector,Right Bank
2025-09-17 19:06:15.549655,road_0015,51.20247308795898,71.43455351818268,1500,40.997615788740795,45,94.14490479501653,0,FREE_FLOW,collector,Right Bank
2025-09-17 19:06:15.549655,road_0016,51.16488352763151,71.45530260780878,1500,38.955987221410304,45,97.31657067599964,0,FREE_FLOW,collector,City Center
2025-09-17 19:06:15.549655,road_0017,51.1949632883288,71.44123238931239,800,27.569771979934814,35,97.74524589261927,1,LIGHT,local,City Center
2025-09-17 19:06:15.549655,road_0018,51.15447620767163,71.43400349958901,1500,37.21618217541748,45,93.20504088835123,0,FREE_FLOW,collector,City Center
2025-09-17 19:06:15.549655,road_0019,51.117113160490625,71.37143752439205,800,28.862630489418848,35,100.0,0,FREE_FLOW,local,Left Bank
2025-09-17 19:11:15.549655,road_0000,51.14858964026895,71.43899067721357,1500,37.535791203021866,45,100.0,0,FREE_FLOW,collector,City Center
2025-09-17 19:11:15.549655,road_0001,51.19558998501542,71.45756838173378,2500,47.876804903657536,60,90.99976188927074,1,LIGHT,arterial,City Center
2025-09-17 19:11:15.549655,road_0002,51.21222340415979,71.47718542988797,587,30.8800897891327,35,82.11251100924726,0,FREE_FLOW,local,Right Bank
2025-09-17 19:11:15.549655,road_0003,51.147142431523605,71.42424835420817,1500,40.24929302509975,45,97.27836787031268,0,FREE_FLOW,collector,Left Bank
2025-09-17 19:11:15.549655,road_0004,51.194896034828155,71.42672451599276,1500,39.529098011431145,45,100.0,0,FREE_FLOW,collector,City Center
2025-09-17 19:11:15.549655,road_0005,51.13145373025382,71.42743582937553,1500,39.807994208819174,45,100.0,0,FREE_FLOW,collector,Left Bank
2025-09-17 19:11:15.549655,road_0006,51.14525858091126,71.40871681129984,1500,38.078458389061595,45,99.2667042071145,0,FREE_FLOW,collector,Left Bank
2025-09-17 19:11:15.549655,road_0007,51.13560924762398,71.46282559050066,838,43.020656077787166,45,49.52907361545637,0,FREE_FLOW,collector,Right Bank
2025-09-17 19:11:15.549655,road_0008,51.106594323500836,71.4923767530675,931,45.0,45,66.10206097540598,0,FREE_FLOW,collector,Esil District
2025-09-17 19:11:15.549655,road_0009,51.1749541456762,71.45018304431642,2500,52.16551019095311,60,93.71634470696881,0,FREE_FLOW,arterial,City Center
2025-09-17 19:11:15.549655,road_0010,51.204215781196154,71.42542980013923,904,45.0,45,52.82549366395935,0,FREE_FLOW,collector,Right Bank
2025-09-17 19:11:15.549655,road_0011,51.14911362341584,71.45849757916488,2500,49.09731683196564,60,90.81161848389016,0,FREE_FLOW,arterial,City Center
2025-09-17 19:11:15.549655,road_0012,51.14285817159553,71.49500780438362,2500,53.204385938365334,60,95.61403551475934,0,FREE_FLOW,arterial,Esil District
2025-09-17 19:11:15.549655,road_0013,51.178395080248016,71.44450085336713,757,45.0,45,43.203805050509686,0,FREE_FLOW,collector,Esil District
2025-09-17 19:11:15.549655,road_0014,51.22329556186777,71.40648282801608,1026,42.9373664855384,45,69.35890643729317,0,FREE_FLOW,collector,Right Bank
2025-09-17 19:11:15.549655,road_0015,51.20247308795898,71.43455351818268,1463,41.51423614650954,45,93.45805420946326,0,FREE_FLOW,collector,Right Bank
2025-09-17 19:11:15.549655,road_0016,51.16488352763151,71.45530260780878,1500,37.421117845915035,45,100.0,0,FREE_FLOW,collector,City Center
2025-09-17 19:11:15.549655,road_0017,51.1949632883288,71.44123238931239,800,31.349569641304733,35,98.13419883010937,0,FREE_FLOW,local,City Center
2025-09-17 19:11:15.549655,road_0018,51.15447620767163,71.43400349958901,1500,36.37970724673564,45,99.0087173824605,0,FREE_FLOW,collector,City Center
2025-09-17 19:11:15.549655,road_0019,51.117113160490625,71.37143752439205,800,31.02865023788267,35,92.03853196049087,0,FREE_FLOW,local,Left Bank
2025-09-17 19:16:15.549655,road_0000,51.14858964026895,71.43899067721357,1500,36.91058273649091,45,90.37382265131362,0,FREE_FLOW,collector,City Center
2025-09-17 19:16:15.549655,road_0001,51.19558998501542,71.45756838173378,2500,57.16795246483843,60,95.1847136899917,0,FREE_FLOW,arterial,City Center
2025-09-17 19:16:15.549655,road_0002,51.21222340415979,71.47718542988797,587,35.0,35,70.68050639676437,0,FREE_FLOW,local,Right Bank
2025-09-17 19:16:15.549655,road_0003,51.147142431523605,71.42424835420817,1500,42.235545086726624,45,100.0,0,FREE_FLOW,collector,Left Bank
2025-09-17 19:16:15.549655,road_0004,51.194896034828155,71.42672451599276,1500,38.24477066134269,45,100.0,0,FREE_FLOW,collector,City Center
2025-09-17 19:16:15.549655,road_0005,51.13145373025382,71.42743582937553,1500,41.56068542109629,45,100.0,0,FREE_FLOW,collector,Left Bank
2025-09-17 19:16:15.549655,road_0006,51.14525858091126,71.40871681129984,1500,35.925776398322284,45,100.0,1,LIGHT,collector,Left Bank
2025-09-17 19:16:15.549655,road_0007,51.13560924762398,71.46282559050066,887,39.91776277336196,45,50.38772298535315,0,FREE_FLOW,collector,Right Bank
2025-09-17 19:16:15.549655,road_0008,51.106594323500836,71.4923767530675,891,42.623833449434024,45,54.23354875609799,0,FREE_FLOW,collector,Esil District
2025-09-17 19:16:15.549655,road_0009,51.1749541456762,71.45018304431642,2500,54.385075687209095,60,94.73682448709442,0,FREE_FLOW,arterial,City Center
2025-09-17 19:16:15.549655,road_0010,51.204215781196154,71.42542980013923,1500,38.20325374020142,45,90.2099640667015,0,FREE_FLOW,collector,Right Bank
2025-09-17 19:16:15.549655,road_0011,51.14911362341584,71.45849757916488,2500,50.59590518500841,60,98.396050056905,0,FREE_FLOW,arterial,City Center
2025-09-17 19:16:15.549655,road_0012,51.14285817159553,71.49500780438362,2073,52.99330750950555,60,88.77584988725286,0,FREE_FLOW,arterial,Esil District
2025-09-17 19:16:15.549655,road_0013,51.178395080248016,71.44450085336713,1321,39.928893775694945,45,80.31536286092907,0,FREE_FLOW,collector,Esil District
2025-09-17 19:16:15.549655,road_0014,51.22329556186777,71.40648282801608,1500,36.295306261817615,45,100.0,0,FREE_FLOW,collector,Right Bank
2025-09-17 19:16:15.549655,road_0015,51.20247308795898,71.43455351818268,817,43.690246179369076,45,45.21676204219233,0,FREE_FLOW,collector,Right Bank
2025-09-17 19:16:15.549655,road_0016,51.16488352763151,71.45530260780878,1500,40.36143271924714,45,100.0,0,FREE_FLOW,collector,City Center
2025-09-17 19:16:15.549655,road_0017,51.1949632883288,71.44123238931239,800,30.666371544253472,35,96.99333184055341,0,FREE_FLOW,local,City Center
2025-09-17 19:16:15.549655,road_0018,51.15447620767163,71.43400349958901,1500,35.314276579811064,45,93.06548589113211,1,LIGHT,collector,City Center
2025-09-17 19:16:15.549655,road_0019,51.117113160490625,71.37143752439205,800,31.078642419365277,35,91.10755111192894,0,FREE_FLOW,local,Left Bank
2025-09-17 19:21:15.549655,road_0000,51.14858964026895,71.43899067721357,1500,40.689848757860005,45,100.0,0,FREE_FLOW,collector,City Center
2025-09-17 19:21:15.549655,road_0001,51.19558998501542,71.45756838173378,2500,50.217867382436886,60,96.40034550591045,0,FREE_FLOW,arterial,City Center
2025-09-17 19:21:15.549655,road_0002,51.21222340415979,71.47718542988797,747,33.16126035659248,35,89.26397337601847,0,FREE_FLOW,local,Right Bank
2025-09-17 19:21:15.549655,road_0003,51.147142431523605,71.42424835420817,1500,42.42974403151119,45,100.0,0,FREE_FLOW,collector,Left Bank
2025-09-17 19:21:15.549655,road_0004,51.194896034828155,71.42672451599276,1500,37.46621977786305,45,97.83279221458939,0,FREE_FLOW,collector,City Center
2025-09-17 19:21:15.549655,road_0005,51.13145373025382,71.42743582937553,1500,42.73781235500571,45,98.21401738051688,0,FREE_FLOW,collector,Left Bank
2025-09-17 19:21:15.549655,road_0006,51.14525858091126,71.40871681129984,1500,38.32705641281954,45,100.0,0,FREE_FLOW,collector,Left Bank
2025-09-17 19:21:15.549655,road_0007,51.13560924762398,71.46282559050066,758,42.077107707035395,45,56.814580796559405,0,FREE_FLOW,collector,Right Bank
2025-09-17 19:21:15.549655,road_0008,51.106594323500836,71.4923767530675,681,42.87463864829368,45,53.36146659290939,0,FREE_FLOW,collector,Esil District
2025-09-17 19:21:15.549655,road_0009,51.1749541456762,71.45018304431642,2500,53.15033497340423,60,100.0,0,FREE_FLOW,arterial,City Center
2025-09-17 19:21:15.549655,road_0010,51.204215781196154,71.42542980013923,1500,40.569843009925364,45,93.75230740358751,0,FREE_FLOW,collector,Right Bank
2025-09-17 19:21:15.549655,road_0011,51.14911362341584,71.45849757916488,2500,52.33256742104187,60,100.0,0,FREE_FLOW,arterial,City Center
2025-09-17 19:21:15.549655,road_0012,51.14285817159553,71.49500780438362,2064,52.80907186323589,60,88.41831491828333,0,FREE_FLOW,arterial,Esil District
2025-09-17 19:21:15.549655,road_0013,51.178395080248016,71.44450085336713,1386,41.36980237918189,45,90.84721327292391,0,FREE_FLOW,collector,Esil District
2025-09-17 19:21:15.549655,road_0014,51.22329556186777,71.40648282801608,1500,41.8259503208236,45,100.0,0,FREE_FLOW,collector,Right Bank
2025-09-17 19:21:15.549655,road_0015,51.20247308795898,71.43455351818268,1170,42.76684721530631,45,71.77168669184798,0,FREE_FLOW,collector,Right Bank
2025-09-17 19:21:15.549655,road_0016,51.16488352763151,71.45530260780878,1500,41.92799222104658,45,100.0,0,FREE_FLOW,collector,City Center
2025-09-17 19:21:15.549655,road_0017,51.1949632883288,71.44123238931239,800,31.778184080504587,35,94.41050209684839,0,FREE_FLOW,local,City Center
2025-09-17 19:21:15.549655,road_0018,51.15447620767163,71.43400349958901,1500,40.323263028017074,45,100.0,0,FREE_FLOW,collector,City Center
2025-09-17 19:21:15.549655,road_0019,51.117113160490625,71.37143752439205,800,32.67010810082599,35,96.84701970982789,0,FREE_FLOW,local,Left Bank
2025-09-17 19:26:15.549655,road_0000,51.14858964026895,71.43899067721357,1500,36.8316316395423,45,96.1064090338493,0,FREE_FLOW,collector,City Center
2025-09-17 19:26:15.549655,road_0001,51.19558998501542,71.45756838173378,2500,51.267296817552435,60,100.0,0,FREE_FLOW,arterial,City Center
2025-09-17 19:26:15.549655,road_0002,51.21222340415979,71.47718542988797,800,30.441791030550107,35,97.01353981837867,0,FREE_FLOW,local,Right Bank
2025-09-17 19:26:15.549655,road_0003,51.147142431523605,71.42424835420817,1500,35.724942525647556,45,91.99180498236599,1,LIGHT,collector,Left Bank
2025-09-17 19:26:15.549655,road_0004,51.194896034828155,71.42672451599276,1500,41.665667025463755,45,99.89643394331618,0,FREE_FLOW,collector,City Center
2025-09-17 19:26:15.549655,road_0005,51.13145373025382,71.42743582937553,1500,42.36785492085532,45,100.0,0,FREE_FLOW,collector,Left Bank
2025-09-17 19:26:15.549655,road_0006,51.14525858091126,71.40871681129984,1500,36.70130319465453,45,90.20377439144792,0,FREE_FLOW,collector,Left Bank
2025-09-17 19:26:15.549655,road_0007,51.13560924762398,71.46282559050066,1012,40.05590064115982,45,71.61854972849001,0,FREE_FLOW,collector,Right Bank
2025-09-17 19:26:15.549655,road_0008,51.106594323500836,71.4923767530675,722,43.251744538914245,45,53.56069038218819,0,FREE_FLOW,collector,Esil District
2025-09-17 19:26:15.549655,road_0009,51.1749541456762,71.45018304431642,2500,55.77628029759986,60,100.0,0,FREE_FLOW,arterial,City Center
2025-09-17 19:26:15.549655,road_0010,51.204215781196154,71.42542980013923,1500,38.29880574055782,45,100.0,0,FREE_FLOW,collector,Right Bank
2025-09-17 19:26:15.549655,road_0011,51.14911362341584,71.45849757916488,2500,50.53816472973451,60,98.60352927100243,0,FREE_FLOW,arterial,City Center
2025-09-17 19:26:15.549655,road_0012,51.14285817159553,71.49500780438362,1151,60.0,60,52.7926476760468,0,FREE_FLOW,arterial,Esil District
2025-09-17 19:26:15.549655,road_0013,51.178395080248016,71.44450085336713,842,41.74758997692012,45,46.38776548815798,0,FREE_FLOW,collector,Esil District
2025-09-17 19:26:15.549655,road_0014,51.22329556186777,71.40648282801608,989,42.15116774155475,45,74.34855831316756,0,FREE_FLOW,collector,Right Bank
2025-09-17 19:26:15.549655,road_0015,51.20247308795898,71.43455351818268,1500,36.74222922048008,45,100.0,0,FREE_FLOW,collector,Right Bank
2025-09-17 19:26:15.549655,road_0016,51.16488352763151,71.45530260780878,1500,36.04665953371621,45,94.52444874388299,0,FREE_FLOW,collector,City Center
2025-09-17 19:26:15.549655,road_0017,51.1949632883288,71.44123238931239,800,27.884520321011966,35,100.0,1,LIGHT,local,City Center
2025-09-17 19:26:15.549655,road_0018,51.15447620767163,71.43400349958901,1500,39.89772590264187,45,100.0,0,FREE_FLOW,collector,City Center
2025-09-17 19:26:15.549655,road_0019,51.117113160490625,71.37143752439205,796,33.43234125984167,35,100.0,0,FREE_FLOW,local,Left Bank
2025-09-17 19:31:15.549655,road_0000,51.14858964026895,71.43899067721357,1500,35.243492815778765,45,100.0,1,LIGHT,collector,City Center
2025-09-17 19:31:15.549655,road_0001,51.19558998501542,71.45756838173378,2500,47.43568100834085,60,100.0,1,LIGHT,arterial,City Center
2025-09-17 19:31:15.549655,road_0002,51.21222340415979,71.47718542988797,501,35.0,35,61.09261946090397,0,FREE_FLOW,local,Right Bank
2025-09-17 19:31:15.549655,road_0003,51.147142431523605,71.42424835420817,1500,40.14653313181626,45,100.0,0,FREE_FLOW,collector,Left Bank
2025-09-17 19:31:15.549655,road_0004,51.194896034828155,71.42672451599276,1500,39.99086817841895,45,90.94872450351703,0,FREE_FLOW,collector,City Center
2025-09-17 19:31:15.549655,road_0005,51.13145373025382,71.42743582937553,1500,36.185006931202025,45,100.0,0,FREE_FLOW,collector,Left Bank
2025-09-17 19:31:15.549655,road_0006,51.14525858091126,71.40871681129984,1500,39.35013688251706,45,97.95335839359315,0,FREE_FLOW,collector,Left Bank
2025-09-17 19:31:15.549655,road_0007,51.13560924762398,71.46282559050066,1476,35.74023150453156,45,91.31782843693635,1,LIGHT,collector,Right Bank
2025-09-17 19:31:15.549655,road_0008,51.106594323500836,71.4923767530675,1148,41.25456448123825,45,82.36798920488826,0,FREE_FLOW,collector,Esil District
2025-09-17 19:31:15.549655,road_0009,51.1749541456762,71.45018304431642,2500,55.54163892541765,60,92.10880003022746,0,FREE_FLOW,arterial,City Center
2025-09-17 19:31:15.549655,road_0010,51.204215781196154,71.42542980013923,1121,41.46609978244207,45,76.98735891331711,0,FREE_FLOW,collector,Right Bank
2025-09-17 19:31:15.549655,road_0011,51.14911362341584,71.45849757916488,2500,54.82038675448657,60,100.0,0,FREE_FLOW,arterial,City Center
2025-09-17 19:31:15.549655,road_0012,51.14285817159553,71.49500780438362,1495,60.0,60,69.47837678407814,0,FREE_FLOW,arterial,Esil District
2025-09-17 19:31:15.549655,road_0013,51.178395080248016,71.44450085336713,1063,43.13087439456152,45,69.85073804259466,0,FREE_FLOW,collector,Esil District
2025-09-17 19:31:15.549655,road_0014,51.22329556186777,71.40648282801608,1375,41.65348015621945,45,84.27083332217073,0,FREE_FLOW,collector,Right Bank
2025-09-17 19:31:15.549655,road_0015,51.20247308795898,71.43455351818268,927,42.36270518963355,45,67.88895818605583,0,FREE_FLOW,collector,Right Bank
2025-09-17 19:31:15.549655,road_0016,51.16488352763151,71.45530260780878,1500,35.93464593764128,45,90.79526263063627,1,LIGHT,collector,City Center
2025-09-17 19:31:15.549655,road_0017,51.1949632883288,71.44123238931239,800,30.575266288753774,35,99.37904033152536,0,FREE_FLOW,local,City Center
2025-09-17 19:31:15.549655,road_0018,51.15447620767163,71.43400349958901,1500,41.87503020093112,45,100.0,0,FREE_FLOW,collector,City Center
2025-09-17 19:31:15.549655,road_0019,51.117113160490625,71.37143752439205,800,32.177185025771216,35,95.72347995847214,0,FREE_FLOW,local,Left Bank
2025-09-17 19:36:15.549655,road_0000,51.14858964026895,71.43899067721357,1500,40.52469259676509,45,92.0969416563504,0,FREE_FLOW,collector,City Center
2025-09-17 19:36:15.549655,road_0001,51.19558998501542,71.45756838173378,2500,57.09173253901321,60,92.22450773547021,0,FREE_FLOW,arterial,City Center
2025-09-17 19:36:15.549655,road_0002,51.21222340415979,71.47718542988797,778,30.568573514710344,35,100.0,0,FREE_FLOW,local,Right Bank
2025-09-17 19:36:15.549655,road_0003,51.147142431523605,71.42424835420817,1500,40.76158674276057,45,96.38637129933956,0,FREE_FLOW,collector,Left Bank
2025-09-17 19:36:15.549655,road_0004,51.194896034828155,71.42672451599276,1500,36.10123617227565,45,98.64677263414748,0,FREE_FLOW,collector,City Center
2025-09-17 19:36:15.549655,road_0005,51.13145373025382,71.42743582937553,1500,36.50638081126957,45,100.0,0,FREE_FLOW,collector,Left Bank
2025-09-17 19:36:15.549655,road_0006,51.14525858091126,71.40871681129984,1500,37.578455980120154,45,94.05497528228548,0,FREE_FLOW,collector,Left Bank
2025-09-17 19:36:15.549655,road_0007,51.13560924762398,71.46282559050066,1361,42.81844439247787,45,88.3606604639213,0,FREE_FLOW,collector,Right Bank
2025-09-17 19:36:15.549655,road_0008,51.106594323500836,71.4923767530675,1086,45.0,45,77.9096301388129,0,FREE_FLOW,collector,Esil District
2025-09-17 19:36:15.549655,road_0009,51.1749541456762,71.45018304431642,2500,48.236163764910096,60,93.65141695137237,0,FREE_FLOW,arterial,City Center
2025-09-17 19:36:15.549655,road_0010,51.204215781196154,71.42542980013923,1412,43.26076819552101,45,96.68361023462835,0,FREE_FLOW,collector,Right Bank
2025-09-17 19:36:15.549655,road_0011,51.14911362341584,71.45849757916488,2500,53.01705198793928,60,100.0,0,FREE_FLOW,arterial,City Center
2025-09-17 19:36:15.549655,road_0012,51.14285817159553,71.49500780438362,1496,60.0,60,69.52285209844837,0,FREE_FLOW,arterial,Esil District
2025-09-17 19:36:15.549655,road_0013,51.178395080248016,71.44450085336713,904,41.357363609861935,45,62.62623371909068,0,FREE_FLOW,collector,Esil District
2025-09-17 19:36:15.549655,road_0014,51.22329556186777,71.40648282801608,1204,42.99545129753352,45,82.36258059716805,0,FREE_FLOW,collector,Right Bank
2025-09-17 19:36:15.549655,road_0015,51.20247308795898,71.43455351818268,972,43.292455385650044,45,65.80279796024125,0,FREE_FLOW,collector,Right Bank
2025-09-17 19:36:15.549655,road_0016,51.16488352763151,71.45530260780878,1500,35.88447560922226,45,91.21847418321431,1,LIGHT,collector,City Center
2025-09-17 19:36:15.549655,road_0017,51.1949632883288,71.44123238931239,800,28.822437246173983,35,95.66219128382194,0,FREE_FLOW,local,City Center
2025-09-17 19:36:15.549655,road_0018,51.15447620767163,71.43400349958901,1500,42.55190186701112,45,96.76469353006893,0,FREE_FLOW,collector,City Center
2025-09-17 19:36:15.549655,road_0019,51.117113160490625,71.37143752439205,800,31.66515991749987,35,100.0,0,FREE_FLOW,local,Left Bank
2025-09-17 19:41:15.549655,road_0000,51.14858964026895,71.43899067721357,1500,41.85218632983316,45,100.0,0,FREE_FLOW,collector,City Center
2025-09-17 19:41:15.549655,road_0001,51.19558998501542,71.45756838173378,2500,50.010806490084526,60,100.0,0,FREE_FLOW,arterial,City Center
2025-09-17 19:41:15.549655,road_0002,51.21222340415979,71.47718542988797,800,28.317116489910944,35,100.0,0,FREE_FLOW,local,Right Bank
2025-09-17 19:41:15.549655,road_0003,51.147142431523605,71.42424835420817,1152,43.165120350025404,45,84.13417665315238,0,FREE_FLOW,collector,Left Bank
2025-09-17 19:41:15.549655,road_0004,51.194896034828155,71.42672451599276,1500,40.06275202026903,45,100.0,0,FREE_FLOW,collector,City Center
2025-09-17 19:41:15.549655,road_0005,51.13145373025382,71.42743582937553,1500,42.39875398078634,45,93.23527133033419,0,FREE_FLOW,collector,Left Bank
2025-09-17 19:41:15.549655,road_0006,51.14525858091126,71.40871681129984,1500,41.63588516706535,45,96.57743789824426,0,FREE_FLOW,collector,Left Bank
2025-09-17 19:41:15.549655,road_0007,51.13560924762398,71.46282559050066,1500,38.41281144571965,45,91.04712015810952,0,FREE_FLOW,collector,Right Bank
2025-09-17 19:41:15.549655,road_0008,51.106594323500836,71.4923767530675,1099,39.1355857461203,45,76.78457954299466,0,FREE_FLOW,collector,Esil District
2025-09-17 19:41:15.549655,road_0009,51.1749541456762,71.45018304431642,2500,57.09084542028269,60,93.85123138920532,0,FREE_FLOW,arterial,City Center
2025-09-17 19:41:15.549655,road_0010,51.204215781196154,71.42542980013923,1030,40.71778179773064,45,62.553349479264035,0,FREE_FLOW,collector,Right Bank
2025-09-17 19:41:15.549655,road_0011,51.14911362341584,71.45849757916488,2500,56.69756157993027,60,100.0,0,FREE_FLOW,arterial,City Center
2025-09-17 19:41:15.549655,road_0012,51.14285817159553,71.49500780438362,1705,56.21600712334101,60,68.61886174287663,0,FREE_FLOW,arterial,Esil District
2025-09-17 19:41:15.549655,road_0013,51.178395080248016,71.44450085336713,795,41.80119363908784,45,49.455857286608826,0,FREE_FLOW,collector,Esil District
2025-09-17 19:41:15.549655,road_0014,51.22329556186777,71.40648282801608,1500,35.73692924541238,45,100.0,1,LIGHT,collector,Right Bank
2025-09-17 19:41:15.549655,road_0015,51.20247308795898,71.43455351818268,1500,41.25931290021794,45,92.01183112089976,0,FREE_FLOW,collector,Right Bank
2025-09-17 19:41:15.549655,road_0016,51.16488352763151,71.45530260780878,1500,36.49472492986809,45,100.0,0,FREE_FLOW,collector,City Center
2025-09-17 19:41:15.549655,road_0017,51.1949632883288,71.44123238931239,800,30.463601061313945,35,100.0,0,FREE_FLOW,local,City Center
2025-09-17 19:41:15.549655,road_0018,51.15447620767163,71.43400349958901,1500,39.387876580284036,45,96.6959567101326,0,FREE_FLOW,collector,City Center
2025-09-17 19:41:15.549655,road_0019,51.117113160490625,71.37143752439205,800,31.43030355252801,35,100.0,0,FREE_FLOW,local,Left Bank
2025-09-17 19:46:15.549655,road_0000,51.14858964026895,71.43899067721357,1500,38.40791716322668,45,100.0,0,FREE_FLOW,collector,City Center
2025-09-17 19:46:15.549655,road_0001,51.19558998501542,71.45756838173378,2500,51.225482765612135,60,100.0,0,FREE_FLOW,arterial,City Center
2025-09-17 19:46:15.549655,road_0002,51.21222340415979,71.47718542988797,676,29.876282192822888,35,75.42906031322761,0,FREE_FLOW,local,Right Bank
2025-09-17 19:46:15.549655,road_0003,51.147142431523605,71.42424835420817,1500,39.55775118742905,45,100.0,0,FREE_FLOW,collector,Left Bank
2025-09-17 19:46:15.549655,road_0004,51.194896034828155,71.42672451599276,1500,36.64411320424349,45,94.2839042320293,0,FREE_FLOW,collector,City Center
2025-09-17 19:46:15.549655,road_0005,51.13145373025382,71.42743582937553,1500,38.64869768821902,45,100.0,0,FREE_FLOW,collector,Left Bank
2025-09-17 19:46:15.549655,road_0006,51.14525858091126,71.40871681129984,1500,38.30829066495971,45,94.32503928432065,0,FREE_FLOW,collector,Left Bank
2025-09-17 19:46:15.549655,road_0007,51.13560924762398,71.46282559050066,1500,40.07957281776929,45,96.72004224275915,0,FREE_FLOW,collector,Right Bank
2025-09-17 19:46:15.549655,road_0008,51.106594323500836,71.4923767530675,625,45.0,45,49.5866015241196,0,FREE_FLOW,collector,Esil District
2025-09-17 19:46:15.549655,road_0009,51.1749541456762,71.45018304431642,2500,53.021635220255064,60,94.21900353407275,0,FREE_FLOW,arterial,City Center
2025-09-17 19:46:15.549655,road_0010,51.204215781196154,71.42542980013923,765,45.0,45,43.866995269012115,0,FREE_FLOW,collector,Right Bank
2025-09-17 19:46:15.549655,road_0011,51.14911362341584,71.45849757916488,2500,47.2362939015799,60,98.11793717940066,1,LIGHT,arterial,City Center
2025-09-17 19:46:15.549655,road_0012,51.14285817159553,71.49500780438362,1216,59.51625410857786,60,45.801709231814975,0,FREE_FLOW,arterial,Esil District
2025-09-17 19:46:15.549655,road_0013,51.178395080248016,71.44450085336713,831,44.90572882586625,45,63.55742356233693,0,FREE_FLOW,collector,Esil District
2025-09-17 19:46:15.549655,road_0014,51.22329556186777,71.40648282801608,1500,42.22269859573109,45,100.0,0,FREE_FLOW,collector,Right Bank
2025-09-17 19:46:15.549655,road_0015,51.20247308795898,71.43455351818268,1406,37.64340363874668,45,95.24960091590461,0,FREE_FLOW,collector,Right Bank
2025-09-17 19:46:15.549655,road_0016,51.16488352763151,71.45530260780878,1500,39.490099312459684,45,99.04936274459344,0,FREE_FLOW,collector,City Center
2025-09-17 19:46:15.549655,road_0017,51.1949632883288,71.44123238931239,800,27.867096818954316,35,93.51434744152337,1,LIGHT,local,City Center
2025-09-17 19:46:15.549655,road_0018,51.15447620767163,71.43400349958901,1500,37.433421477817866,45,93.59586424348163,0,FREE_FLOW,collector,City Center
2025-09-17 19:46:15.549655,road_0019,51.117113160490625,71.37143752439205,800,28.01084356253075,35,97.71418862416301,0,FREE_FLOW,local,Left Bank
2025-09-17 19:51:15.549655,road_0000,51.14858964026895,71.43899067721357,1500,39.588858787600785,45,92.9767515948866,0,FREE_FLOW,collector,City Center
2025-09-17 19:51:15.549655,road_0001,51.19558998501542,71.45756838173378,2500,49.546411032702416,60,98.57824956967596,0,FREE_FLOW,arterial,City Center
2025-09-17 19:51:15.549655,road_0002,51.21222340415979,71.47718542988797,800,31.55874539023047,35,100.0,0,FREE_FLOW,local,Right Bank
2025-09-17 19:51:15.549655,road_0003,51.147142431523605,71.42424835420817,1500,36.00303381118707,45,100.0,0,FREE_FLOW,collector,Left Bank
2025-09-17 19:51:15.549655,road_0004,51.194896034828155,71.42672451599276,1500,40.29107431413056,45,94.81581144097447,0,FREE_FLOW,collector,City Center
2025-09-17 19:51:15.549655,road_0005,51.13145373025382,71.42743582937553,1500,41.35227891663597,45,100.0,0,FREE_FLOW,collector,Left Bank
2025-09-17 19:51:15.549655,road_0006,51.14525858091126,71.40871681129984,1500,35.29729145069892,45,92.02744217424697,1,LIGHT,collector,Left Bank
2025-09-17 19:51:15.549655,road_0007,51.13560924762398,71.46282559050066,621,40.37484113166051,45,40.084547276449214,0,FREE_FLOW,collector,Right Bank
2025-09-17 19:51:15.549655,road_0008,51.106594323500836,71.4923767530675,884,45.0,45,51.50339821287954,0,FREE_FLOW,collector,Esil District
2025-09-17 19:51:15.549655,road_0009,51.1749541456762,71.45018304431642,2500,50.33510064265256,60,94.88044836049124,0,FREE_FLOW,arterial,City Center
2025-09-17 19:51:15.549655,road_0010,51.204215781196154,71.42542980013923,1434,36.16344671786446,45,100.0,0,FREE_FLOW,collector,Right Bank
2025-09-17 19:51:15.549655,road_0011,51.14911362341584,71.45849757916488,2500,56.810657930258046,60,100.0,0,FREE_FLOW,arterial,City Center
2025-09-17 19:51:15.549655,road_0012,51.14285817159553,71.49500780438362,1070,54.67023252582117,60,44.27517734598948,0,FREE_FLOW,arterial,Esil District
2025-09-17 19:51:15.549655,road_0013,51.178395080248016,71.44450085336713,1064,40.39372402530839,45,75.13424932537774,0,FREE_FLOW,collector,Esil District
2025-09-17 19:51:15.549655,road_0014,51.22329556186777,71.40648282801608,1213,42.77763846199652,45,80.2939698042265,0,FREE_FLOW,collector,Right Bank
2025-09-17 19:51:15.549655,road_0015,51.20247308795898,71.43455351818268,1500,38.55812377206953,45,94.6598408023099,0,FREE_FLOW,collector,Right Bank
2025-09-17 19:51:15.549655,road_0016,51.16488352763151,71.45530260780878,1500,38.67118264711399,45,97.59874986807773,0,FREE_FLOW,collector,City Center
2025-09-17 19:51:15.549655,road_0017,51.1949632883288,71.44123238931239,800,29.910420308978495,35,91.38174859138479,0,FREE_FLOW,local,City Center
2025-09-17 19:51:15.549655,road_0018,51.15447620767163,71.43400349958901,1500,36.76083189943451,45,100.0,0,FREE_FLOW,collector,City Center
2025-09-17 19:51:15.549655,road_0019,51.117113160490625,71.37143752439205,800,29.89607363002114,35,100.0,0,FREE_FLOW,local,Left Bank
2025-09-17 19:56:15.549655,road_0000,51.14858964026895,71.43899067721357,1500,36.105977489210034,45,100.0,0,FREE_FLOW,collector,City Center
2025-09-17 19:56:15.549655,road_0001,51.19558998501542,71.45756838173378,2500,50.47069236748113,60,100.0,0,FREE_FLOW,arterial,City Center
2025-09-17 19:56:15.549655,road_0002,51.21222340415979,71.47718542988797,547,35.0,35,65.17771363880836,0,FREE_FLOW,local,Right Bank
2025-09-17 19:56:15.549655,road_0003,51.147142431523605,71.42424835420817,1500,39.71127353349228,45,94.2262786742354,0,FREE_FLOW,collector,Left Bank
2025-09-17 19:56:15.549655,road_0004,51.194896034828155,71.42672451599276,1500,37.05139345293489,45,100.0,0,FREE_FLOW,collector,City Center
2025-09-17 19:56:15.549655,road_0005,51.13145373025382,71.42743582937553,1500,41.586532248674544,45,94.48055986353572,0,FREE_FLOW,collector,Left Bank
2025-09-17 19:56:15.549655,road_0006,51.14525858091126,71.40871681129984,1500,36.523789408697375,45,90.76690097733524,0,FREE_FLOW,collector,Left Bank
2025-09-17 19:56:15.549655,road_0007,51.13560924762398,71.46282559050066,1289,39.82387422682646,45,78.04906274954502,0,FREE_FLOW,collector,Right Bank
2025-09-17 19:56:15.549655,road_0008,51.106594323500836,71.4923767530675,892,45.0,45,67.4330983647035,0,FREE_FLOW,collector,Esil District
2025-09-17 19:56:15.549655,road_0009,51.1749541456762,71.45018304431642,2500,48.105288557583165,60,100.0,0,FREE_FLOW,arterial,City Center
2025-09-17 19:56:15.549655,road_0010,51.204215781196154,71.42542980013923,1090,45.0,45,69.48781150740736,0,FREE_FLOW,collector,Right Bank
2025-09-17 19:56:15.549655,road_0011,51.14911362341584,71.45849757916488,2500,48.710323984965996,60,100.0,0,FREE_FLOW,arterial,City Center
2025-09-17 19:56:15.549655,road_0012,51.14285817159553,71.49500780438362,1003,56.56786860716747,60,38.10566247968395,0,FREE_FLOW,arterial,Esil District
2025-09-17 19:56:15.549655,road_0013,51.178395080248016,71.44450085336713,1025,44.10896353689732,45,74.9538995630771,0,FREE_FLOW,collector,Esil District
2025-09-17 19:56:15.549655,road_0014,51.22329556186777,71.40648282801608,833,41.45916514746043,45,56.22061292282136,0,FREE_FLOW,collector,Right Bank
2025-09-17 19:56:15.549655,road_0015,51.20247308795898,71.43455351818268,803,45.0,45,54.7553704104876,0,FREE_FLOW,collector,Right Bank
2025-09-17 19:56:15.549655,road_0016,51.16488352763151,71.45530260780878,1500,42.90165561898501,45,90.17118407473487,0,FREE_FLOW,collector,City Center
2025-09-17 19:56:15.549655,road_0017,51.1949632883288,71.44123238931239,800,27.90494130973312,35,100.0,1,LIGHT,local,City Center
2025-09-17 19:56:15.549655,road_0018,51.15447620767163,71.43400349958901,1500,37.71019530956839,45,100.0,0,FREE_FLOW,collector,City Center
2025-09-17 19:56:15.549655,road_0019,51.117113160490625,71.37143752439205,800,30.576302337844364,35,90.08824901062188,0,FREE_FLOW,local,Left Bank
2025-09-17 20:01:15.549655,road_0000,51.14858964026895,71.43899067721357,1012,42.61633744208891,45,67.12183678156795,0,FREE_FLOW,collector,City Center
2025-09-17 20:01:15.549655,road_0001,51.19558998501542,71.45756838173378,1075,60.0,60,52.88060257905478,0,FREE_FLOW,arterial,City Center
2025-09-17 20:01:15.549655,road_0002,51.21222340415979,71.47718542988797,265,35.0,35,43.08274694965007,0,FREE_FLOW,local,Right Bank
2025-09-17 20:01:15.549655,road_0003,51.147142431523605,71.42424835420817,603,42.90153143128359,45,46.18546798909739,0,FREE_FLOW,collector,Left Bank
2025-09-17 20:01:15.549655,road_0004,51.194896034828155,71.42672451599276,594,41.37295963704952,45,31.742766627490028,0,FREE_FLOW,collector,City Center
2025-09-17 20:01:15.549655,road_0005,51.13145373025382,71.42743582937553,971,45.0,45,72.58757591925814,0,FREE_FLOW,collector,Left Bank
2025-09-17 20:01:15.549655,road_0006,51.14525858091126,71.40871681129984,645,45.0,45,33.114632552917,0,FREE_FLOW,collector,Left Bank
2025-09-17 20:01:15.549655,road_0007,51.13560924762398,71.46282559050066,961,44.109394564761544,45,68.38875903502235,0,FREE_FLOW,collector,Right Bank
2025-09-17 20:01:15.549655,road_0008,51.106594323500836,71.4923767530675,705,41.82842644956023,45,53.612004005297095,0,FREE_FLOW,collector,Esil District
2025-09-17 20:01:15.549655,road_0009,51.1749541456762,71.45018304431642,1572,57.602119787551544,60,69.04536617380936,0,FREE_FLOW,arterial,City Center
2025-09-17 20:01:15.549655,road_0010,51.204215781196154,71.42542980013923,406,45.0,45,36.662649272433,0,FREE_FLOW,collector,Right Bank
2025-09-17 20:01:15.549655,road_0011,51.14911362341584,71.45849757916488,2191,56.12482183470953,60,85.62191244555244,0,FREE_FLOW,arterial,City Center
2025-09-17 20:01:15.549655,road_0012,51.14285817159553,71.49500780438362,925,60.0,60,46.461820095749715,0,FREE_FLOW,arterial,Esil District
2025-09-17 20:01:15.549655,road_0013,51.178395080248016,71.44450085336713,552,45.0,45,42.0269399533969,0,FREE_FLOW,collector,Esil District
2025-09-17 20:01:15.549655,road_0014,51.22329556186777,71.40648282801608,455,45.0,45,38.5770963810247,0,FREE_FLOW,collector,Right Bank
2025-09-17 20:01:15.549655,road_0015,51.20247308795898,71.43455351818268,596,45.0,45,42.488221451085955,0,FREE_FLOW,collector,Right Bank
2025-09-17 20:01:15.549655,road_0016,51.16488352763151,71.45530260780878,778,45.0,45,50.54569521491305,0,FREE_FLOW,collector,City Center
2025-09-17 20:01:15.549655,road_0017,51.1949632883288,71.44123238931239,655,32.5313127317754,35,75.79590326158589,0,FREE_FLOW,local,City Center
2025-09-17 20:01:15.549655,road_0018,51.15447620767163,71.43400349958901,1378,39.12377670401351,45,99.52864326514042,0,FREE_FLOW,collector,City Center
2025-09-17 20:01:15.549655,road_0019,51.117113160490625,71.37143752439205,415,34.07028759205794,35,57.34202511929658,0,FREE_FLOW,local,Left Bank
2025-09-17 20:06:15.549655,road_0000,51.14858964026895,71.43899067721357,1094,42.92437437853326,45,77.53084868507935,0,FREE_FLOW,collector,City Center
2025-09-17 20:06:15.549655,road_0001,51.19558998501542,71.45756838173378,1654,57.4442653815538,60,75.00800312092152,0,FREE_FLOW,arterial,City Center
2025-09-17 20:06:15.549655,road_0002,51.21222340415979,71.47718542988797,206,35.0,35,19.078070148739258,0,FREE_FLOW,local,Right Bank
2025-09-17 20:06:15.549655,road_0003,51.147142431523605,71.42424835420817,1197,40.3817259648296,45,86.7182144587601,0,FREE_FLOW,collector,Left Bank
2025-09-17 20:06:15.549655,road_0004,51.194896034828155,71.42672451599276,1409,38.31641241238908,45,87.47649349264564,0,FREE_FLOW,collector,City Center
2025-09-17 20:06:15.549655,road_0005,51.13145373025382,71.42743582937553,1244,39.366103655197726,45,90.42869732428511,0,FREE_FLOW,collector,Left Bank
2025-09-17 20:06:15.549655,road_0006,51.14525858091126,71.40871681129984,1179,42.36280735807243,45,88.46421701048853,0,FREE_FLOW,collector,Left Bank
2025-09-17 20:06:15.549655,road_0007,51.13560924762398,71.46282559050066,368,40.522901507419725,45,27.832913157053586,0,FREE_FLOW,collector,Right Bank
2025-09-17 20:06:15.549655,road_0008,51.106594323500836,71.4923767530675,557,44.869561506445656,45,40.45062657313794,0,FREE_FLOW,collector,Esil District
2025-09-17 20:06:15.549655,road_0009,51.1749541456762,71.45018304431642,1626,60.0,60,58.975522383240985,0,FREE_FLOW,arterial,City Center
2025-09-17 20:06:15.549655,road_0010,51.204215781196154,71.42542980013923,548,45.0,45,35.67470443042649,0,FREE_FLOW,collector,Right Bank
2025-09-17 20:06:15.549655,road_0011,51.14911362341584,71.45849757916488,1429,60.0,60,48.361608318904075,0,FREE_FLOW,arterial,City Center
2025-09-17 20:06:15.549655,road_0012,51.14285817159553,71.49500780438362,1174,54.968421582708345,60,42.502512570241784,0,FREE_FLOW,arterial,Esil District
2025-09-17 20:06:15.549655,road_0013,51.178395080248016,71.44450085336713,493,44.97458674620246,45,39.25064598889593,0,FREE_FLOW,collector,Esil District
2025-09-17 20:06:15.549655,road_0014,51.22329556186777,71.40648282801608,706,43.05355278590641,45,38.02224590919151,0,FREE_FLOW,collector,Right Bank
2025-09-17 20:06:15.549655,road_0015,51.20247308795898,71.43455351818268,575,45.0,45,30.23425918545251,0,FREE_FLOW,collector,Right Bank
2025-09-17 20:06:15.549655,road_0016,51.16488352763151,71.45530260780878,756,41.36461645794296,45,52.230340727932706,0,FREE_FLOW,collector,City Center
2025-09-17 20:06:15.549655,road_0017,51.1949632883288,71.44123238931239,536,32.48537275909499,35,72.78701148322514,0,FREE_FLOW,local,City Center
2025-09-17 20:06:15.549655,road_0018,51.15447620767163,71.43400349958901,966,42.11706320303686,45,65.74029799738932,0,FREE_FLOW,collector,City Center
2025-09-17 20:06:15.549655,road_0019,51.117113160490625,71.37143752439205,528,35.0,35,69.71962347736661,0,FREE_FLOW,local,Left Bank
2025-09-17 20:11:15.549655,road_0000,51.14858964026895,71.43899067721357,849,40.73786632424014,45,65.59382434873102,0,FREE_FLOW,collector,City Center
2025-09-17 20:11:15.549655,road_0001,51.19558998501542,71.45756838173378,2184,53.66671302806808,60,78.58862733280675,0,FREE_FLOW,arterial,City Center
2025-09-17 20:11:15.549655,road_0002,51.21222340415979,71.47718542988797,198,33.17492516023844,35,31.804537071526873,0,FREE_FLOW,local,Right Bank
2025-09-17 20:11:15.549655,road_0003,51.147142431523605,71.42424835420817,640,45.0,45,39.7743002397703,0,FREE_FLOW,collector,Left Bank
2025-09-17 20:11:15.549655,road_0004,51.194896034828155,71.42672451599276,808,40.129218002573104,45,60.08146624497361,0,FREE_FLOW,collector,City Center
2025-09-17 20:11:15.549655,road_0005,51.13145373025382,71.42743582937553,806,44.38217191016105,45,60.8374220959439,0,FREE_FLOW,collector,Left Bank
2025-09-17 20:11:15.549655,road_0006,51.14525858091126,71.40871681129984,752,40.80056465963488,45,56.12953138057716,0,FREE_FLOW,collector,Left Bank
2025-09-17 20:11:15.549655,road_0007,51.13560924762398,71.46282559050066,552,43.62046608819504,45,35.473730699545975,0,FREE_FLOW,collector,Right Bank
2025-09-17 20:11:15.549655,road_0008,51.106594323500836,71.4923767530675,439,42.46081676046585,45,22.07432397291463,0,FREE_FLOW,collector,Esil District
2025-09-17 20:11:15.549655,road_0009,51.1749541456762,71.45018304431642,1179,60.0,60,38.21935499960592,0,FREE_FLOW,arterial,City Center
2025-09-17 20:11:15.549655,road_0010,51.204215781196154,71.42542980013923,954,41.416228720617866,45,60.12428014235668,0,FREE_FLOW,collector,Right Bank
2025-09-17 20:11:15.549655,road_0011,51.14911362341584,71.45849757916488,2402,49.22089820878262,60,93.12804852520604,0,FREE_FLOW,arterial,City Center
2025-09-17 20:11:15.549655,road_0012,51.14285817159553,71.49500780438362,588,56.12242525074644,60,17.548051506644093,0,FREE_FLOW,arterial,Esil District
2025-09-17 20:11:15.549655,road_0013,51.178395080248016,71.44450085336713,451,45.0,45,31.853984085026962,0,FREE_FLOW,collector,Esil District
2025-09-17 20:11:15.549655,road_0014,51.22329556186777,71.40648282801608,817,41.084674122088494,45,58.27473427860631,0,FREE_FLOW,collector,Right Bank
2025-09-17 20:11:15.549655,road_0015,51.20247308795898,71.43455351818268,455,45.0,45,24.633611775870282,0,FREE_FLOW,collector,Right Bank
2025-09-17 20:11:15.549655,road_0016,51.16488352763151,71.45530260780878,1350,37.86092491571702,45,87.64660550116794,0,FREE_FLOW,collector,City Center
2025-09-17 20:11:15.549655,road_0017,51.1949632883288,71.44123238931239,771,28.868110668113772,35,100.0,0,FREE_FLOW,local,City Center
2025-09-17 20:11:15.549655,road_0018,51.15447620767163,71.43400349958901,1196,41.408336808158204,45,81.69145221488446,0,FREE_FLOW,collector,City Center
2025-09-17 20:11:15.549655,road_0019,51.117113160490625,71.37143752439205,611,33.321193178707,35,80.02842886228123,0,FREE_FLOW,local,Left Bank
2025-09-17 20:16:15.549655,road_0000,51.14858964026895,71.43899067721357,1359,41.33938432237642,45,89.64348232011542,0,FREE_FLOW,collector,City Center
2025-09-17 20:16:15.549655,road_0001,51.19558998501542,71.45756838173378,1201,60.0,60,45.581253524740134,0,FREE_FLOW,arterial,City Center
2025-09-17 20:16:15.549655,road_0002,51.21222340415979,71.47718542988797,347,32.87984649727494,35,37.01855791087816,0,FREE_FLOW,local,Right Bank
2025-09-17 20:16:15.549655,road_0003,51.147142431523605,71.42424835420817,1104,42.620146515178234,45,77.51017581382953,0,FREE_FLOW,collector,Left Bank
2025-09-17 20:16:15.549655,road_0004,51.194896034828155,71.42672451599276,1500,42.29105877862419,45,100.0,0,FREE_FLOW,collector,City Center
2025-09-17 20:16:15.549655,road_0005,51.13145373025382,71.42743582937553,921,45.0,45,64.73777702482735,0,FREE_FLOW,collector,Left Bank
2025-09-17 20:16:15.549655,road_0006,51.14525858091126,71.40871681129984,901,45.0,45,58.65068364658656,0,FREE_FLOW,collector,Left Bank
2025-09-17 20:16:15.549655,road_0007,51.13560924762398,71.46282559050066,351,43.287561129381935,45,32.30010286677354,0,FREE_FLOW,collector,Right Bank
2025-09-17 20:16:15.549655,road_0008,51.106594323500836,71.4923767530675,513,45.0,45,37.000910212254986,0,FREE_FLOW,collector,Esil District
2025-09-17 20:16:15.549655,road_0009,51.1749541456762,71.45018304431642,1806,56.398351995322514,60,69.88387277684981,0,FREE_FLOW,arterial,City Center
2025-09-17 20:16:15.549655,road_0010,51.204215781196154,71.42542980013923,676,41.91108186258841,45,41.623656147836975,0,FREE_FLOW,collector,Right Bank
2025-09-17 20:16:15.549655,road_0011,51.14911362341584,71.45849757916488,1231,60.0,60,48.75894215585986,0,FREE_FLOW,arterial,City Center
2025-09-17 20:16:15.549655,road_0012,51.14285817159553,71.49500780438362,716,54.89749454818792,60,26.812251734553293,0,FREE_FLOW,arterial,Esil District
2025-09-17 20:16:15.549655,road_0013,51.178395080248016,71.44450085336713,537,45.0,45,27.124493805667168,0,FREE_FLOW,collector,Esil District
2025-09-17 20:16:15.549655,road_0014,51.22329556186777,71.40648282801608,363,41.1902836394574,45,33.74103550296029,0,FREE_FLOW,collector,Right Bank
2025-09-17 20:16:15.549655,road_0015,51.20247308795898,71.43455351818268,753,40.87952773332746,45,50.63461283824355,0,FREE_FLOW,collector,Right Bank
2025-09-17 20:16:15.549655,road_0016,51.16488352763151,71.45530260780878,728,41.04982728011967,45,58.20266574758324,0,FREE_FLOW,collector,City Center
2025-09-17 20:16:15.549655,road_0017,51.1949632883288,71.44123238931239,274,35.0,35,39.94402583701138,0,FREE_FLOW,local,City Center
2025-09-17 20:16:15.549655,road_0018,51.15447620767163,71.43400349958901,1197,43.92225870389947,45,85.62142539243452,0,FREE_FLOW,collector,City Center
2025-09-17 20:16:15.549655,road_0019,51.117113160490625,71.37143752439205,653,29.96927106392673,35,75.37964910714064,0,FREE_FLOW,local,Left Bank
2025-09-17 20:21:15.549655,road_0000,51.14858964026895,71.43899067721357,1357,42.791302192746244,45,96.18467996234298,0,FREE_FLOW,collector,City Center
2025-09-17 20:21:15.549655,road_0001,51.19558998501542,71.45756838173378,1535,56.18758151139272,60,56.88575774118691,0,FREE_FLOW,arterial,City Center
2025-09-17 20:21:15.549655,road_0002,51.21222340415979,71.47718542988797,404,31.426517625942314,35,43.23768161036986,0,FREE_FLOW,local,Right Bank
2025-09-17 20:21:15.549655,road_0003,51.147142431523605,71.42424835420817,1014,43.44462037476668,45,76.82387183854813,0,FREE_FLOW,collector,Left Bank
2025-09-17 20:21:15.549655,road_0004,51.194896034828155,71.42672451599276,888,45.0,45,52.586724390162054,0,FREE_FLOW,collector,City Center
2025-09-17 20:21:15.549655,road_0005,51.13145373025382,71.42743582937553,1069,39.95568855859949,45,64.93478615487086,0,FREE_FLOW,collector,Left Bank
2025-09-17 20:21:15.549655,road_0006,51.14525858091126,71.40871681129984,1136,40.856434924288976,45,74.67709313901022,0,FREE_FLOW,collector,Left Bank
2025-09-17 20:21:15.549655,road_0007,51.13560924762398,71.46282559050066,813,42.29705395015796,45,45.67744207835805,0,FREE_FLOW,collector,Right Bank
2025-09-17 20:21:15.549655,road_0008,51.106594323500836,71.4923767530675,362,42.16164457996768,45,31.791427634143957,0,FREE_FLOW,collector,Esil District
2025-09-17 20:21:15.549655,road_0009,51.1749541456762,71.45018304431642,2405,50.82006825157975,60,86.44264104744786,0,FREE_FLOW,arterial,City Center
2025-09-17 20:21:15.549655,road_0010,51.204215781196154,71.42542980013923,517,41.6226327639831,45,40.82592113923934,0,FREE_FLOW,collector,Right Bank
2025-09-17 20:21:15.549655,road_0011,51.14911362341584,71.45849757916488,1250,60.0,60,40.470402696264436,0,FREE_FLOW,arterial,City Center
2025-09-17 20:21:15.549655,road_0012,51.14285817159553,71.49500780438362,839,60.0,60,28.614903788327897,0,FREE_FLOW,arterial,Esil District
2025-09-17 20:21:15.549655,road_0013,51.178395080248016,71.44450085336713,334,41.63024657140532,45,21.365079888317595,0,FREE_FLOW,collector,Esil District
2025-09-17 20:21:15.549655,road_0014,51.22329556186777,71.40648282801608,821,44.26380921603489,45,56.73794317703628,0,FREE_FLOW,collector,Right Bank
2025-09-17 20:21:15.549655,road_0015,51.20247308795898,71.43455351818268,379,43.32947521107505,45,34.57584375867347,0,FREE_FLOW,collector,Right Bank
2025-09-17 20:21:15.549655,road_0016,51.16488352763151,71.45530260780878,623,45.0,45,36.41436370301035,0,FREE_FLOW,collector,City Center
2025-09-17 20:21:15.549655,road_0017,51.1949632883288,71.44123238931239,578,34.81160366144058,35,70.96168648183168,0,FREE_FLOW,local,City Center
2025-09-17 20:21:15.549655,road_0018,51.15447620767163,71.43400349958901,1500,41.506131309290325,45,100.0,0,FREE_FLOW,collector,City Center
2025-09-17 20:21:15.549655,road_0019,51.117113160490625,71.37143752439205,370,33.606246426031355,35,36.91433329142654,0,FREE_FLOW,local,Left Bank
2025-09-17 20:26:15.549655,road_0000,51.14858964026895,71.43899067721357,1027,45.0,45,67.93879429991539,0,FREE_FLOW,collector,City Center
2025-09-17 20:26:15.549655,road_0001,51.19558998501542,71.45756838173378,1561,60.0,60,71.22964566841314,0,FREE_FLOW,arterial,City Center
2025-09-17 20:26:15.549655,road_0002,51.21222340415979,71.47718542988797,346,35.0,35,36.964637153643466,0,FREE_FLOW,local,Right Bank
2025-09-17 20:26:15.549655,road_0003,51.147142431523605,71.42424835420817,1004,42.321014165353795,45,75.67178982199883,0,FREE_FLOW,collector,Left Bank
2025-09-17 20:26:15.549655,road_0004,51.194896034828155,71.42672451599276,546,45.0,45,33.77278430624783,0,FREE_FLOW,collector,City Center
2025-09-17 20:26:15.549655,road_0005,51.13145373025382,71.42743582937553,1063,41.00387254008821,45,74.8843930198619,0,FREE_FLOW,collector,Left Bank
2025-09-17 20:26:15.549655,road_0006,51.14525858091126,71.40871681129984,967,45.0,45,62.441889422708854,0,FREE_FLOW,collector,Left Bank
2025-09-17 20:26:15.549655,road_0007,51.13560924762398,71.46282559050066,656,42.53381806547226,45,37.05684935287785,0,FREE_FLOW,collector,Right Bank
2025-09-17 20:26:15.549655,road_0008,51.106594323500836,71.4923767530675,479,40.94724594469554,45,41.07650689896309,0,FREE_FLOW,collector,Esil District
2025-09-17 20:26:15.549655,road_0009,51.1749541456762,71.45018304431642,2500,49.50051660774925,60,99.67705736469176,0,FREE_FLOW,arterial,City Center
2025-09-17 20:26:15.549655,road_0010,51.204215781196154,71.42542980013923,494,40.71022048521125,45,31.342106297361802,0,FREE_FLOW,collector,Right Bank
2025-09-17 20:26:15.549655,road_0011,51.14911362341584,71.45849757916488,2500,53.6680110195322,60,100.0,0,FREE_FLOW,arterial,City Center
2025-09-17 20:26:15.549655,road_0012,51.14285817159553,71.49500780438362,750,60.0,60,27.78399926439868,0,FREE_FLOW,arterial,Esil District
2025-09-17 20:26:15.549655,road_0013,51.178395080248016,71.44450085336713,763,40.72537322804407,45,60.84189272844456,0,FREE_FLOW,collector,Esil District
2025-09-17 20:26:15.549655,road_0014,51.22329556186777,71.40648282801608,408,45.0,45,17.80822120938438,0,FREE_FLOW,collector,Right Bank
2025-09-17 20:26:15.549655,road_0015,51.20247308795898,71.43455351818268,787,45.0,45,60.07391300033004,0,FREE_FLOW,collector,Right Bank
2025-09-17 20:26:15.549655,road_0016,51.16488352763151,71.45530260780878,829,41.86939485417511,45,53.2872490628863,0,FREE_FLOW,collector,City Center
2025-09-17 20:26:15.549655,road_0017,51.1949632883288,71.44123238931239,800,32.69000304484972,35,93.70504133865622,0,FREE_FLOW,local,City Center
2025-09-17 20:26:15.549655,road_0018,51.15447620767163,71.43400349958901,1132,40.54117834925802,45,68.0008977982622,0,FREE_FLOW,collector,City Center
2025-09-17 20:26:15.549655,road_0019,51.117113160490625,71.37143752439205,686,34.6067676711706,35,93.78004131954094,0,FREE_FLOW,local,Left Bank
2025-09-17 20:31:15.549655,road_0000,51.14858964026895,71.43899067721357,878,45.0,45,62.950957042772934,0,FREE_FLOW,collector,City Center
2025-09-17 20:31:15.549655,road_0001,51.19558998501542,71.45756838173378,1533,60.0,60,65.05956920127194,0,FREE_FLOW,arterial,City Center
2025-09-17 20:31:15.549655,road_0002,51.21222340415979,71.47718542988797,327,35.0,35,36.46708262578091,0,FREE_FLOW,local,Right Bank
2025-09-17 20:31:15.549655,road_0003,51.147142431523605,71.42424835420817,792,42.161014444125094,45,51.26764566858094,0,FREE_FLOW,collector,Left Bank
2025-09-17 20:31:15.549655,road_0004,51.194896034828155,71.42672451599276,1088,39.12828434585352,45,74.79661909045464,0,FREE_FLOW,collector,City Center
2025-09-17 20:31:15.549655,road_0005,51.13145373025382,71.42743582937553,849,44.135228547467655,45,49.17206577440549,0,FREE_FLOW,collector,Left Bank
2025-09-17 20:31:15.549655,road_0006,51.14525858091126,71.40871681129984,572,40.41472031275937,45,33.540008623432286,0,FREE_FLOW,collector,Left Bank
2025-09-17 20:31:15.549655,road_0007,51.13560924762398,71.46282559050066,635,45.0,45,49.8217001864889,0,FREE_FLOW,collector,Right Bank
2025-09-17 20:31:15.549655,road_0008,51.106594323500836,71.4923767530675,255,45.0,45,21.848966727800793,0,FREE_FLOW,collector,Esil District
2025-09-17 20:31:15.549655,road_0009,51.1749541456762,71.45018304431642,1768,59.11166902153234,60,64.68870682359452,0,FREE_FLOW,arterial,City Center
2025-09-17 20:31:15.549655,road_0010,51.204215781196154,71.42542980013923,497,43.14689299350454,45,33.884179477783356,0,FREE_FLOW,collector,Right Bank
2025-09-17 20:31:15.549655,road_0011,51.14911362341584,71.45849757916488,1316,60.0,60,53.18884215425831,0,FREE_FLOW,arterial,City Center
2025-09-17 20:31:15.549655,road_0012,51.14285817159553,71.49500780438362,817,55.30501633932628,60,36.43105128796083,0,FREE_FLOW,arterial,Esil District
2025-09-17 20:31:15.549655,road_0013,51.178395080248016,71.44450085336713,339,45.0,45,23.737574125678087,0,FREE_FLOW,collector,Esil District
2025-09-17 20:31:15.549655,road_0014,51.22329556186777,71.40648282801608,558,45.0,45,43.22493951370728,0,FREE_FLOW,collector,Right Bank
2025-09-17 20:31:15.549655,road_0015,51.20247308795898,71.43455351818268,632,45.0,45,48.5268354967147,0,FREE_FLOW,collector,Right Bank
2025-09-17 20:31:15.549655,road_0016,51.16488352763151,71.45530260780878,1049,41.58693455013244,45,78.54837641455767,0,FREE_FLOW,collector,City Center
2025-09-17 20:31:15.549655,road_0017,51.1949632883288,71.44123238931239,800,29.28261317483122,35,100.0,0,FREE_FLOW,local,City Center
2025-09-17 20:31:15.549655,road_0018,51.15447620767163,71.43400349958901,694,44.35001001317167,45,38.592369554818504,0,FREE_FLOW,collector,City Center
2025-09-17 20:31:15.549655,road_0019,51.117113160490625,71.37143752439205,389,35.0,35,44.92187245686367,0,FREE_FLOW,local,Left Bank
2025-09-17 20:36:15.549655,road_0000,51.14858964026895,71.43899067721357,825,45.0,45,57.91524246612574,0,FREE_FLOW,collector,City Center
2025-09-17 20:36:15.549655,road_0001,51.19558998501542,71.45756838173378,1682,54.729862121482576,60,66.2031088006924,0,FREE_FLOW,arterial,City Center
2025-09-17 20:36:15.549655,road_0002,51.21222340415979,71.47718542988797,362,35.0,35,40.23400045731771,0,FREE_FLOW,local,Right Bank
2025-09-17 20:36:15.549655,road_0003,51.147142431523605,71.42424835420817,1341,38.333169594572155,45,82.85053332151796,0,FREE_FLOW,collector,Left Bank
2025-09-17 20:36:15.549655,road_0004,51.194896034828155,71.42672451599276,1490,39.227356343166136,45,91.9294217070601,0,FREE_FLOW,collector,City Center
2025-09-17 20:36:15.549655,road_0005,51.13145373025382,71.42743582937553,941,45.0,45,70.9413952043329,0,FREE_FLOW,collector,Left Bank
2025-09-17 20:36:15.549655,road_0006,51.14525858091126,71.40871681129984,1044,41.28034646043426,45,62.5749711138597,0,FREE_FLOW,collector,Left Bank
2025-09-17 20:36:15.549655,road_0007,51.13560924762398,71.46282559050066,705,42.79769528487091,45,40.620338970511206,0,FREE_FLOW,collector,Right Bank
2025-09-17 20:36:15.549655,road_0008,51.106594323500836,71.4923767530675,419,42.28429103520146,45,20.89871936612972,0,FREE_FLOW,collector,Esil District
2025-09-17 20:36:15.549655,road_0009,51.1749541456762,71.45018304431642,2500,53.198474340610886,60,94.24906119448856,0,FREE_FLOW,arterial,City Center
2025-09-17 20:36:15.549655,road_0010,51.204215781196154,71.42542980013923,413,40.512672326614506,45,20.60217321948956,0,FREE_FLOW,collector,Right Bank
2025-09-17 20:36:15.549655,road_0011,51.14911362341584,71.45849757916488,2500,54.6112835973302,60,92.65230598529571,0,FREE_FLOW,arterial,City Center
2025-09-17 20:36:15.549655,road_0012,51.14285817159553,71.49500780438362,749,60.0,60,29.822208281720425,0,FREE_FLOW,arterial,Esil District
2025-09-17 20:36:15.549655,road_0013,51.178395080248016,71.44450085336713,478,41.570115032216236,45,23.761220647952996,0,FREE_FLOW,collector,Esil District
2025-09-17 20:36:15.549655,road_0014,51.22329556186777,71.40648282801608,688,43.692606049584974,45,38.471194055471145,0,FREE_FLOW,collector,Right Bank
2025-09-17 20:36:15.549655,road_0015,51.20247308795898,71.43455351818268,404,45.0,45,31.606809329822877,0,FREE_FLOW,collector,Right Bank
2025-09-17 20:36:15.549655,road_0016,51.16488352763151,71.45530260780878,918,39.730745380929704,45,70.5090567981942,0,FREE_FLOW,collector,City Center
2025-09-17 20:36:15.549655,road_0017,51.1949632883288,71.44123238931239,628,31.187952406100703,35,76.38487969563614,0,FREE_FLOW,local,City Center
2025-09-17 20:36:15.549655,road_0018,51.15447620767163,71.43400349958901,799,44.195294789147106,45,43.87524289318296,0,FREE_FLOW,collector,City Center
2025-09-17 20:36:15.549655,road_0019,51.117113160490625,71.37143752439205,290,33.6256912371056,35,33.30199818964111,0,FREE_FLOW,local,Left Bank
2025-09-17 20:41:15.549655,road_0000,51.14858964026895,71.43899067721357,1000,40.487610878404254,45,66.75376262305213,0,FREE_FLOW,collector,City Center
2025-09-17 20:41:15.549655,road_0001,51.19558998501542,71.45756838173378,1128,60.0,60,36.73598596970414,0,FREE_FLOW,arterial,City Center
2025-09-17 20:41:15.549655,road_0002,51.21222340415979,71.47718542988797,174,35.0,35,24.49511402522854,0,FREE_FLOW,local,Right Bank
2025-09-17 20:41:15.549655,road_0003,51.147142431523605,71.42424835420817,564,44.686812468817436,45,33.54204096211865,0,FREE_FLOW,collector,Left Bank
2025-09-17 20:41:15.549655,road_0004,51.194896034828155,71.42672451599276,1011,45.0,45,58.25470147008953,0,FREE_FLOW,collector,City Center
2025-09-17 20:41:15.549655,road_0005,51.13145373025382,71.42743582937553,512,41.45317226725305,45,40.41528497858148,0,FREE_FLOW,collector,Left Bank
2025-09-17 20:41:15.549655,road_0006,51.14525858091126,71.40871681129984,892,40.14808685431494,45,53.44070906911887,0,FREE_FLOW,collector,Left Bank
2025-09-17 20:41:15.549655,road_0007,51.13560924762398,71.46282559050066,588,45.0,45,43.28721072436723,0,FREE_FLOW,collector,Right Bank
2025-09-17 20:41:15.549655,road_0008,51.106594323500836,71.4923767530675,675,43.02843701037379,45,46.8709804577708,0,FREE_FLOW,collector,Esil District
2025-09-17 20:41:15.549655,road_0009,51.1749541456762,71.45018304431642,2191,55.776228687821124,60,81.10220861729084,0,FREE_FLOW,arterial,City Center
2025-09-17 20:41:15.549655,road_0010,51.204215781196154,71.42542980013923,317,44.242800461806205,45,28.08420438529022,0,FREE_FLOW,collector,Right Bank
2025-09-17 20:41:15.549655,road_0011,51.14911362341584,71.45849757916488,1741,54.685701992340704,60,69.49926148750384,0,FREE_FLOW,arterial,City Center
2025-09-17 20:41:15.549655,road_0012,51.14285817159553,71.49500780438362,1137,60.0,60,48.501188176371144,0,FREE_FLOW,arterial,Esil District
2025-09-17 20:41:15.549655,road_0013,51.178395080248016,71.44450085336713,454,43.807301191402,45,27.056587533780736,0,FREE_FLOW,collector,Esil District
2025-09-17 20:41:15.549655,road_0014,51.22329556186777,71.40648282801608,722,43.74642686287358,45,49.26239209852983,0,FREE_FLOW,collector,Right Bank
2025-09-17 20:41:15.549655,road_0015,51.20247308795898,71.43455351818268,792,45.0,45,59.27685632775449,0,FREE_FLOW,collector,Right Bank
2025-09-17 20:41:15.549655,road_0016,51.16488352763151,71.45530260780878,885,40.508430048130826,45,56.440392521869285,0,FREE_FLOW,collector,City Center
2025-09-17 20:41:15.549655,road_0017,51.1949632883288,71.44123238931239,480,32.12178821308489,35,54.11743679736378,0,FREE_FLOW,local,City Center
2025-09-17 20:41:15.549655,road_0018,51.15447620767163,71.43400349958901,728,45.0,45,48.395692651463484,0,FREE_FLOW,collector,City Center
2025-09-17 20:41:15.549655,road_0019,51.117113160490625,71.37143752439205,455,31.769327828662377,35,64.08847803788416,0,FREE_FLOW,local,Left Bank
2025-09-17 20:46:15.549655,road_0000,51.14858964026895,71.43899067721357,485,45.0,45,36.81219034281986,0,FREE_FLOW,collector,City Center
2025-09-17 20:46:15.549655,road_0001,51.19558998501542,71.45756838173378,2000,60.0,60,87.49733319846808,0,FREE_FLOW,arterial,City Center
2025-09-17 20:46:15.549655,road_0002,51.21222340415979,71.47718542988797,435,35.0,35,61.19641442376118,0,FREE_FLOW,local,Right Bank
2025-09-17 20:46:15.549655,road_0003,51.147142431523605,71.42424835420817,1295,38.90186094113534,45,79.63616481861614,0,FREE_FLOW,collector,Left Bank
2025-09-17 20:46:15.549655,road_0004,51.194896034828155,71.42672451599276,1059,40.73476924289831,45,63.407833909106536,0,FREE_FLOW,collector,City Center
2025-09-17 20:46:15.549655,road_0005,51.13145373025382,71.42743582937553,462,45.0,45,25.202417260098514,0,FREE_FLOW,collector,Left Bank
2025-09-17 20:46:15.549655,road_0006,51.14525858091126,71.40871681129984,651,44.939983865362684,45,36.56836432413894,0,FREE_FLOW,collector,Left Bank
2025-09-17 20:46:15.549655,road_0007,51.13560924762398,71.46282559050066,419,42.17310268516301,45,19.839239912247873,0,FREE_FLOW,collector,Right Bank
2025-09-17 20:46:15.549655,road_0008,51.106594323500836,71.4923767530675,628,41.68038546759033,45,51.65005406136204,0,FREE_FLOW,collector,Esil District
2025-09-17 20:46:15.549655,road_0009,51.1749541456762,71.45018304431642,885,60.0,60,44.10684134861323,0,FREE_FLOW,arterial,City Center
2025-09-17 20:46:15.549655,road_0010,51.204215781196154,71.42542980013923,469,45.0,45,35.26997340728576,0,FREE_FLOW,collector,Right Bank
2025-09-17 20:46:15.549655,road_0011,51.14911362341584,71.45849757916488,1619,57.90102255784648,60,61.6118614985104,0,FREE_FLOW,arterial,City Center
2025-09-17 20:46:15.549655,road_0012,51.14285817159553,71.49500780438362,860,54.98739830026158,60,33.04886656000345,0,FREE_FLOW,arterial,Esil District
2025-09-17 20:46:15.549655,road_0013,51.178395080248016,71.44450085336713,318,45.0,45,22.450617416007688,0,FREE_FLOW,collector,Esil District
2025-09-17 20:46:15.549655,road_0014,51.22329556186777,71.40648282801608,914,45.0,45,69.62574077330162,0,FREE_FLOW,collector,Right Bank
2025-09-17 20:46:15.549655,road_0015,51.20247308795898,71.43455351818268,760,45.0,45,59.520620854425964,0,FREE_FLOW,collector,Right Bank
2025-09-17 20:46:15.549655,road_0016,51.16488352763151,71.45530260780878,1449,39.88263554227326,45,100.0,0,FREE_FLOW,collector,City Center
2025-09-17 20:46:15.549655,road_0017,51.1949632883288,71.44123238931239,662,34.81791422497737,35,89.35183555433662,0,FREE_FLOW,local,City Center
2025-09-17 20:46:15.549655,road_0018,51.15447620767163,71.43400349958901,1310,39.34173188149945,45,87.94297609421118,0,FREE_FLOW,collector,City Center
2025-09-17 20:46:15.549655,road_0019,51.117113160490625,71.37143752439205,528,33.096737229706136,35,72.33143866365148,0,FREE_FLOW,local,Left Bank
2025-09-17 20:51:15.549655,road_0000,51.14858964026895,71.43899067721357,1050,42.719657160301786,45,64.1427758385147,0,FREE_FLOW,collector,City Center
2025-09-17 20:51:15.549655,road_0001,51.19558998501542,71.45756838173378,1242,55.154426430418745,60,48.17591600945816,0,FREE_FLOW,arterial,City Center
2025-09-17 20:51:15.549655,road_0002,51.21222340415979,71.47718542988797,396,35.0,35,57.30877471856347,0,FREE_FLOW,local,Right Bank
2025-09-17 20:51:15.549655,road_0003,51.147142431523605,71.42424835420817,685,45.0,45,55.19273255301038,0,FREE_FLOW,collector,Left Bank
2025-09-17 20:51:15.549655,road_0004,51.194896034828155,71.42672451599276,1053,40.97805372505246,45,60.524318384890904,0,FREE_FLOW,collector,City Center
2025-09-17 20:51:15.549655,road_0005,51.13145373025382,71.42743582937553,758,45.0,45,58.10169383537924,0,FREE_FLOW,collector,Left Bank
2025-09-17 20:51:15.549655,road_0006,51.14525858091126,71.40871681129984,794,42.110802768884014,45,45.56095683770888,0,FREE_FLOW,collector,Left Bank
2025-09-17 20:51:15.549655,road_0007,51.13560924762398,71.46282559050066,364,40.67604232328949,45,29.213336358678447,0,FREE_FLOW,collector,Right Bank
2025-09-17 20:51:15.549655,road_0008,51.106594323500836,71.4923767530675,673,44.955072302347375,45,42.23886932324426,0,FREE_FLOW,collector,Esil District
2025-09-17 20:51:15.549655,road_0009,51.1749541456762,71.45018304431642,1241,58.00944515842659,60,55.27257023033519,0,FREE_FLOW,arterial,City Center
2025-09-17 20:51:15.549655,road_0010,51.204215781196154,71.42542980013923,467,45.0,45,27.588093108997434,0,FREE_FLOW,collector,Right Bank
2025-09-17 20:51:15.549655,road_0011,51.14911362341584,71.45849757916488,2463,47.9011600349344,60,95.57457510162384,1,LIGHT,arterial,City Center
2025-09-17 20:51:15.549655,road_0012,51.14285817159553,71.49500780438362,835,56.98043851540859,60,32.35008520337137,0,FREE_FLOW,arterial,Esil District
2025-09-17 20:51:15.549655,road_0013,51.178395080248016,71.44450085336713,369,45.0,45,28.08926125147962,0,FREE_FLOW,collector,Esil District
2025-09-17 20:51:15.549655,road_0014,51.22329556186777,71.40648282801608,561,45.0,45,29.068859566839258,0,FREE_FLOW,collector,Right Bank
2025-09-17 20:51:15.549655,road_0015,51.20247308795898,71.43455351818268,579,45.0,45,34.13349580528144,0,FREE_FLOW,collector,Right Bank
2025-09-17 20:51:15.549655,road_0016,51.16488352763151,71.45530260780878,868,42.287901493927485,45,51.04673694865893,0,FREE_FLOW,collector,City Center
2025-09-17 20:51:15.549655,road_0017,51.1949632883288,71.44123238931239,638,32.64821970073189,35,71.39696266742676,0,FREE_FLOW,local,City Center
2025-09-17 20:51:15.549655,road_0018,51.15447620767163,71.43400349958901,899,42.51375344532421,45,57.39288482551859,0,FREE_FLOW,collector,City Center
2025-09-17 20:51:15.549655,road_0019,51.117113160490625,71.37143752439205,357,35.0,35,45.24432257950365,0,FREE_FLOW,local,Left Bank
2025-09-17 20:56:15.549655,road_0000,51.14858964026895,71.43899067721357,1046,44.24061261126321,45,62.16988624121936,0,FREE_FLOW,collector,City Center
2025-09-17 20:56:15.549655,road_0001,51.19558998501542,71.45756838173378,1395,60.0,60,60.297833261532254,0,FREE_FLOW,arterial,City Center
2025-09-17 20:56:15.549655,road_0002,51.21222340415979,71.47718542988797,386,35.0,35,48.82156574334744,0,FREE_FLOW,local,Right Bank
2025-09-17 20:56:15.549655,road_0003,51.147142431523605,71.42424835420817,1120,44.78048843482762,45,73.32351706499551,0,FREE_FLOW,collector,Left Bank
2025-09-17 20:56:15.549655,road_0004,51.194896034828155,71.42672451599276,1500,38.24531095667051,45,96.5078712523109,0,FREE_FLOW,collector,City Center
2025-09-17 20:56:15.549655,road_0005,51.13145373025382,71.42743582937553,1095,42.958106527835035,45,65.55563508013351,0,FREE_FLOW,collector,Left Bank
2025-09-17 20:56:15.549655,road_0006,51.14525858091126,71.40871681129984,839,41.74429671550449,45,46.57256826740348,0,FREE_FLOW,collector,Left Bank
2025-09-17 20:56:15.549655,road_0007,51.13560924762398,71.46282559050066,695,45.0,45,54.66442309999932,0,FREE_FLOW,collector,Right Bank
2025-09-17 20:56:15.549655,road_0008,51.106594323500836,71.4923767530675,310,43.80844382337878,45,17.007494648665883,0,FREE_FLOW,collector,Esil District
2025-09-17 20:56:15.549655,road_0009,51.1749541456762,71.45018304431642,2500,47.06323957704293,60,100.0,1,LIGHT,arterial,City Center
2025-09-17 20:56:15.549655,road_0010,51.204215781196154,71.42542980013923,276,45.0,45,23.650559399832442,0,FREE_FLOW,collector,Right Bank
2025-09-17 20:56:15.549655,road_0011,51.14911362341584,71.45849757916488,1080,60.0,60,41.736713264294146,0,FREE_FLOW,arterial,City Center
2025-09-17 20:56:15.549655,road_0012,51.14285817159553,71.49500780438362,860,60.0,60,38.570521739749225,0,FREE_FLOW,arterial,Esil District
2025-09-17 20:56:15.549655,road_0013,51.178395080248016,71.44450085336713,793,42.99757612159073,45,53.66744096309672,0,FREE_FLOW,collector,Esil District
2025-09-17 20:56:15.549655,road_0014,51.22329556186777,71.40648282801608,787,42.71436425862261,45,58.140599951345415,0,FREE_FLOW,collector,Right Bank
2025-09-17 20:56:15.549655,road_0015,51.20247308795898,71.43455351818268,542,43.711231634626486,45,30.523505137697647,0,FREE_FLOW,collector,Right Bank
2025-09-17 20:56:15.549655,road_0016,51.16488352763151,71.45530260780878,1141,45.0,45,72.63681902388008,0,FREE_FLOW,collector,City Center
2025-09-17 20:56:15.549655,road_0017,51.1949632883288,71.44123238931239,800,30.17750991686856,35,93.69623658739096,0,FREE_FLOW,local,City Center
2025-09-17 20:56:15.549655,road_0018,51.15447620767163,71.43400349958901,1336,40.46506129404709,45,87.00344584580965,0,FREE_FLOW,collector,City Center
2025-09-17 20:56:15.549655,road_0019,51.117113160490625,71.37143752439205,529,35.0,35,57.594170381055164,0,FREE_FLOW,local,Left Bank
2025-09-17 21:01:15.549655,road_0000,51.14858964026895,71.43899067721357,734,41.933781583212344,45,40.12525719570613,0,FREE_FLOW,collector,City Center
2025-09-17 21:01:15.549655,road_0001,51.19558998501542,71.45756838173378,1424,60.0,60,53.255102241190926,0,FREE_FLOW,arterial,City Center
2025-09-17 21:01:15.549655,road_0002,51.21222340415979,71.47718542988797,232,35.0,35,34.53973579216683,0,FREE_FLOW,local,Right Bank
2025-09-17 21:01:15.549655,road_0003,51.147142431523605,71.42424835420817,469,43.816600356623155,45,34.63802979163488,0,FREE_FLOW,collector,Left Bank
2025-09-17 21:01:15.549655,road_0004,51.194896034828155,71.42672451599276,857,41.392318502965416,45,58.887870300461344,0,FREE_FLOW,collector,City Center
2025-09-17 21:01:15.549655,road_0005,51.13145373025382,71.42743582937553,423,41.57416350625391,45,20.627513815472355,0,FREE_FLOW,collector,Left Bank
2025-09-17 21:01:15.549655,road_0006,51.14525858091126,71.40871681129984,1161,45.0,45,82.08144552192554,0,FREE_FLOW,collector,Left Bank
2025-09-17 21:01:15.549655,road_0007,51.13560924762398,71.46282559050066,439,44.85278781098609,45,35.561013856291375,0,FREE_FLOW,collector,Right Bank
2025-09-17 21:01:15.549655,road_0008,51.106594323500836,71.4923767530675,466,45.0,45,27.991528322996672,0,FREE_FLOW,collector,Esil District
2025-09-17 21:01:15.549655,road_0009,51.1749541456762,71.45018304431642,1246,59.567418784895175,60,42.00267403980024,0,FREE_FLOW,arterial,City Center
2025-09-17 21:01:15.549655,road_0010,51.204215781196154,71.42542980013923,518,44.377345678304295,45,37.46735192663796,0,FREE_FLOW,collector,Right Bank
2025-09-17 21:01:15.549655,road_0011,51.14911362341584,71.45849757916488,1342,60.0,60,60.871428197607344,0,FREE_FLOW,arterial,City Center
2025-09-17 21:01:15.549655,road_0012,51.14285817159553,71.49500780438362,669,59.425984578073454,60,33.23431058095865,0,FREE_FLOW,arterial,Esil District
2025-09-17 21:01:15.549655,road_0013,51.178395080248016,71.44450085336713,452,43.68672934937961,45,31.991980730671607,0,FREE_FLOW,collector,Esil District
2025-09-17 21:01:15.549655,road_0014,51.22329556186777,71.40648282801608,363,45.0,45,23.992533298143226,0,FREE_FLOW,collector,Right Bank
2025-09-17 21:01:15.549655,road_0015,51.20247308795898,71.43455351818268,511,45.0,45,35.7849179892699,0,FREE_FLOW,collector,Right Bank
2025-09-17 21:01:15.549655,road_0016,51.16488352763151,71.45530260780878,1313,41.48221037068221,45,85.05236305363285,0,FREE_FLOW,collector,City Center
2025-09-17 21:01:15.549655,road_0017,51.1949632883288,71.44123238931239,569,34.42717424346659,35,66.3367893189354,0,FREE_FLOW,local,City Center
2025-09-17 21:01:15.549655,road_0018,51.15447620767163,71.43400349958901,1016,45.0,45,59.15134025611742,0,FREE_FLOW,collector,City Center
2025-09-17 21:01:15.549655,road_0019,51.117113160490625,71.37143752439205,487,35.0,35,51.451886299085174,0,FREE_FLOW,local,Left Bank
2025-09-17 21:06:15.549655,road_0000,51.14858964026895,71.43899067721357,1177,43.67264145001572,45,84.31188642604265,0,FREE_FLOW,collector,City Center
2025-09-17 21:06:15.549655,road_0001,51.19558998501542,71.45756838173378,1997,56.865040343225594,60,78.01296689649135,0,FREE_FLOW,arterial,City Center
2025-09-17 21:06:15.549655,road_0002,51.21222340415979,71.47718542988797,301,33.84781906371738,35,39.65401570131337,0,FREE_FLOW,local,Right Bank
2025-09-17 21:06:15.549655,road_0003,51.147142431523605,71.42424835420817,378,45.0,45,17.46932330878318,0,FREE_FLOW,collector,Left Bank
2025-09-17 21:06:15.549655,road_0004,51.194896034828155,71.42672451599276,593,45.0,45,44.211733953083815,0,FREE_FLOW,collector,City Center
2025-09-17 21:06:15.549655,road_0005,51.13145373025382,71.42743582937553,907,45.0,45,65.22981514698701,0,FREE_FLOW,collector,Left Bank
2025-09-17 21:06:15.549655,road_0006,51.14525858091126,71.40871681129984,656,45.0,45,52.45920351183297,0,FREE_FLOW,collector,Left Bank
2025-09-17 21:06:15.549655,road_0007,51.13560924762398,71.46282559050066,583,45.0,45,31.870341623223844,0,FREE_FLOW,collector,Right Bank
2025-09-17 21:06:15.549655,road_0008,51.106594323500836,71.4923767530675,235,44.591660752371794,45,11.042002282711087,0,FREE_FLOW,collector,Esil District
2025-09-17 21:06:15.549655,road_0009,51.1749541456762,71.45018304431642,1165,56.03427552766089,60,48.316143011244336,0,FREE_FLOW,arterial,City Center
2025-09-17 21:06:15.549655,road_0010,51.204215781196154,71.42542980013923,502,45.0,45,36.85456376807709,0,FREE_FLOW,collector,Right Bank
2025-09-17 21:06:15.549655,road_0011,51.14911362341584,71.45849757916488,1300,58.99003609678863,60,50.90684998200516,0,FREE_FLOW,arterial,City Center
2025-09-17 21:06:15.549655,road_0012,51.14285817159553,71.49500780438362,501,57.911644448259835,60,20.302894682490326,0,FREE_FLOW,arterial,Esil District
2025-09-17 21:06:15.549655,road_0013,51.178395080248016,71.44450085336713,249,45.0,45,24.213587964295623,0,FREE_FLOW,collector,Esil District
2025-09-17 21:06:15.549655,road_0014,51.22329556186777,71.40648282801608,662,44.452730312226116,45,53.36663525699517,0,FREE_FLOW,collector,Right Bank
2025-09-17 21:06:15.549655,road_0015,51.20247308795898,71.43455351818268,275,45.0,45,11.914707922833587,0,FREE_FLOW,collector,Right Bank
2025-09-17 21:06:15.549655,road_0016,51.16488352763151,71.45530260780878,716,45.0,45,56.42106727412115,0,FREE_FLOW,collector,City Center
2025-09-17 21:06:15.549655,road_0017,51.1949632883288,71.44123238931239,446,35.0,35,54.53908136747101,0,FREE_FLOW,local,City Center
2025-09-17 21:06:15.549655,road_0018,51.15447620767163,71.43400349958901,560,45.0,45,43.69224527531378,0,FREE_FLOW,collector,City Center
2025-09-17 21:06:15.549655,road_0019,51.117113160490625,71.37143752439205,578,35.0,35,62.95974239958618,0,FREE_FLOW,local,Left Bank
2025-09-17 21:11:15.549655,road_0000,51.14858964026895,71.43899067721357,544,44.351086807235916,45,37.514356646189164,0,FREE_FLOW,collector,City Center
2025-09-17 21:11:15.549655,road_0001,51.19558998501542,71.45756838173378,1260,59.34586887367705,60,55.26459021782156,0,FREE_FLOW,arterial,City Center
2025-09-17 21:11:15.549655,road_0002,51.21222340415979,71.47718542988797,322,35.0,35,40.226901599390416,0,FREE_FLOW,local,Right Bank
2025-09-17 21:11:15.549655,road_0003,51.147142431523605,71.42424835420817,584,45.0,45,39.163877009930644,0,FREE_FLOW,collector,Left Bank
2025-09-17 21:11:15.549655,road_0004,51.194896034828155,71.42672451599276,785,44.64473656301485,45,56.95268925525091,0,FREE_FLOW,collector,City Center
2025-09-17 21:11:15.549655,road_0005,51.13145373025382,71.42743582937553,726,45.0,45,41.73596889056848,0,FREE_FLOW,collector,Left Bank
2025-09-17 21:11:15.549655,road_0006,51.14525858091126,71.40871681129984,776,41.78596015888352,45,58.66107586560588,0,FREE_FLOW,collector,Left Bank
2025-09-17 21:11:15.549655,road_0007,51.13560924762398,71.46282559050066,544,40.91582312051769,45,41.37988351260576,0,FREE_FLOW,collector,Right Bank
2025-09-17 21:11:15.549655,road_0008,51.106594323500836,71.4923767530675,302,45.0,45,24.426762308399944,0,FREE_FLOW,collector,Esil District
2025-09-17 21:11:15.549655,road_0009,51.1749541456762,71.45018304431642,2147,54.73778368541245,60,81.91619618817057,0,FREE_FLOW,arterial,City Center
2025-09-17 21:11:15.549655,road_0010,51.204215781196154,71.42542980013923,257,45.0,45,17.48492500717198,0,FREE_FLOW,collector,Right Bank
2025-09-17 21:11:15.549655,road_0011,51.14911362341584,71.45849757916488,1266,53.85022781799352,60,47.971890210413584,0,FREE_FLOW,arterial,City Center
2025-09-17 21:11:15.549655,road_0012,51.14285817159553,71.49500780438362,480,60.0,60,13.780577512198944,0,FREE_FLOW,arterial,Esil District
2025-09-17 21:11:15.549655,road_0013,51.178395080248016,71.44450085336713,309,41.91843810777346,45,26.177947524352795,0,FREE_FLOW,collector,Esil District
2025-09-17 21:11:15.549655,road_0014,51.22329556186777,71.40648282801608,625,44.94824379084709,45,47.97190787401563,0,FREE_FLOW,collector,Right Bank
2025-09-17 21:11:15.549655,road_0015,51.20247308795898,71.43455351818268,515,42.196230233425126,45,28.499935018978817,0,FREE_FLOW,collector,Right Bank
2025-09-17 21:11:15.549655,road_0016,51.16488352763151,71.45530260780878,538,45.0,45,42.664267519294114,0,FREE_FLOW,collector,City Center
2025-09-17 21:11:15.549655,road_0017,51.1949632883288,71.44123238931239,370,35.0,35,50.94208174034081,0,FREE_FLOW,local,City Center
2025-09-17 21:11:15.549655,road_0018,51.15447620767163,71.43400349958901,909,45.0,45,61.98207240920071,0,FREE_FLOW,collector,City Center
2025-09-17 21:11:15.549655,road_0019,51.117113160490625,71.37143752439205,508,31.724560440232818,35,70.35746847438983,0,FREE_FLOW,local,Left Bank
2025-09-17 21:16:15.549655,road_0000,51.14858964026895,71.43899067721357,780,43.282491011707805,45,45.054553405786564,0,FREE_FLOW,collector,City Center
2025-09-17 21:16:15.549655,road_0001,51.19558998501542,71.45756838173378,1562,54.39474612971053,60,62.10872360710566,0,FREE_FLOW,arterial,City Center
2025-09-17 21:16:15.549655,road_0002,51.21222340415979,71.47718542988797,162,35.0,35,24.788764961343258,0,FREE_FLOW,local,Right Bank
2025-09-17 21:16:15.549655,road_0003,51.147142431523605,71.42424835420817,796,44.3293547539305,45,54.79094212248052,0,FREE_FLOW,collector,Left Bank
2025-09-17 21:16:15.549655,road_0004,51.194896034828155,71.42672451599276,654,45.0,45,50.507828888870435,0,FREE_FLOW,collector,City Center
2025-09-17 21:16:15.549655,road_0005,51.13145373025382,71.42743582937553,746,40.24630157127214,45,55.02373143713549,0,FREE_FLOW,collector,Left Bank
2025-09-17 21:16:15.549655,road_0006,51.14525858091126,71.40871681129984,454,40.86153879019735,45,21.94636034601963,0,FREE_FLOW,collector,Left Bank
2025-09-17 21:16:15.549655,road_0007,51.13560924762398,71.46282559050066,605,45.0,45,42.19140105229867,0,FREE_FLOW,collector,Right Bank
2025-09-17 21:16:15.549655,road_0008,51.106594323500836,71.4923767530675,337,44.601458025120806,45,18.975758068264554,0,FREE_FLOW,collector,Esil District
2025-09-17 21:16:15.549655,road_0009,51.1749541456762,71.45018304431642,1541,57.2487876802042,60,70.24937586466466,0,FREE_FLOW,arterial,City Center
2025-09-17 21:16:15.549655,road_0010,51.204215781196154,71.42542980013923,417,44.787967715242,45,24.101705014106216,0,FREE_FLOW,collector,Right Bank
2025-09-17 21:16:15.549655,road_0011,51.14911362341584,71.45849757916488,1844,56.41357348581222,60,71.41981226667026,0,FREE_FLOW,arterial,City Center
2025-09-17 21:16:15.549655,road_0012,51.14285817159553,71.49500780438362,427,60.0,60,10.900733561794187,0,FREE_FLOW,arterial,Esil District
2025-09-17 21:16:15.549655,road_0013,51.178395080248016,71.44450085336713,357,45.0,45,15.411805934020638,0,FREE_FLOW,collector,Esil District
2025-09-17 21:16:15.549655,road_0014,51.22329556186777,71.40648282801608,608,40.7404617195101,45,40.39620352264238,0,FREE_FLOW,collector,Right Bank
2025-09-17 21:16:15.549655,road_0015,51.20247308795898,71.43455351818268,337,45.0,45,31.218577440086374,0,FREE_FLOW,collector,Right Bank
2025-09-17 21:16:15.549655,road_0016,51.16488352763151,71.45530260780878,949,45.0,45,62.203824730071446,0,FREE_FLOW,collector,City Center
2025-09-17 21:16:15.549655,road_0017,51.1949632883288,71.44123238931239,565,33.90580256640296,35,76.5896259980818,0,FREE_FLOW,local,City Center
2025-09-17 21:16:15.549655,road_0018,51.15447620767163,71.43400349958901,956,44.7653128879382,45,69.61719034885024,0,FREE_FLOW,collector,City Center
2025-09-17 21:16:15.549655,road_0019,51.117113160490625,71.37143752439205,630,32.84109686648663,35,84.1477886830422,0,FREE_FLOW,local,Left Bank
2025-09-17 21:21:15.549655,road_0000,51.14858964026895,71.43899067721357,984,45.0,45,55.72390638121183,0,FREE_FLOW,collector,City Center
2025-09-17 21:21:15.549655,road_0001,51.19558998501542,71.45756838173378,2061,55.657432412163665,60,75.85025000564627,0,FREE_FLOW,arterial,City Center
2025-09-17 21:21:15.549655,road_0002,51.21222340415979,71.47718542988797,158,35.0,35,23.120048647712746,0,FREE_FLOW,local,Right Bank
2025-09-17 21:21:15.549655,road_0003,51.147142431523605,71.42424835420817,667,45.0,45,39.919886501870415,0,FREE_FLOW,collector,Left Bank
2025-09-17 21:21:15.549655,road_0004,51.194896034828155,71.42672451599276,801,45.0,45,52.54596216909758,0,FREE_FLOW,collector,City Center
2025-09-17 21:21:15.549655,road_0005,51.13145373025382,71.42743582937553,1101,44.03941674476947,45,71.54702672057952,0,FREE_FLOW,collector,Left Bank
2025-09-17 21:21:15.549655,road_0006,51.14525858091126,71.40871681129984,497,45.0,45,26.49894615451039,0,FREE_FLOW,collector,Left Bank
2025-09-17 21:21:15.549655,road_0007,51.13560924762398,71.46282559050066,502,40.981953900429,45,42.72354242613965,0,FREE_FLOW,collector,Right Bank
2025-09-17 21:21:15.549655,road_0008,51.106594323500836,71.4923767530675,331,45.0,45,21.14794666668001,0,FREE_FLOW,collector,Esil District
2025-09-17 21:21:15.549655,road_0009,51.1749541456762,71.45018304431642,1328,60.0,60,48.45765287191469,0,FREE_FLOW,arterial,City Center
2025-09-17 21:21:15.549655,road_0010,51.204215781196154,71.42542980013923,498,41.62753845943324,45,35.36264184815418,0,FREE_FLOW,collector,Right Bank
2025-09-17 21:21:15.549655,road_0011,51.14911362341584,71.45849757916488,863,57.15322035242668,60,31.682602813011975,0,FREE_FLOW,arterial,City Center
2025-09-17 21:21:15.549655,road_0012,51.14285817159553,71.49500780438362,438,60.0,60,21.8390489667029,0,FREE_FLOW,arterial,Esil District
2025-09-17 21:21:15.549655,road_0013,51.178395080248016,71.44450085336713,315,40.580466173844634,45,18.59504728675708,0,FREE_FLOW,collector,Esil District
2025-09-17 21:21:15.549655,road_0014,51.22329556186777,71.40648282801608,766,42.847636040129146,45,45.83936751940422,0,FREE_FLOW,collector,Right Bank
2025-09-17 21:21:15.549655,road_0015,51.20247308795898,71.43455351818268,608,45.0,45,32.38013390588714,0,FREE_FLOW,collector,Right Bank
2025-09-17 21:21:15.549655,road_0016,51.16488352763151,71.45530260780878,1069,44.95121360295736,45,72.35291072446279,0,FREE_FLOW,collector,City Center
2025-09-17 21:21:15.549655,road_0017,51.1949632883288,71.44123238931239,736,32.51199812850824,35,86.6650922596507,0,FREE_FLOW,local,City Center
2025-09-17 21:21:15.549655,road_0018,51.15447620767163,71.43400349958901,1162,38.92464208290035,45,85.68673349815953,0,FREE_FLOW,collector,City Center
2025-09-17 21:21:15.549655,road_0019,51.117113160490625,71.37143752439205,209,35.0,35,29.96796657605136,0,FREE_FLOW,local,Left Bank
2025-09-17 21:26:15.549655,road_0000,51.14858964026895,71.43899067721357,983,45.0,45,72.32986759123726,0,FREE_FLOW,collector,City Center
2025-09-17 21:26:15.549655,road_0001,51.19558998501542,71.45756838173378,2170,57.76047570807444,60,96.74991464165151,0,FREE_FLOW,arterial,City Center
2025-09-17 21:26:15.549655,road_0002,51.21222340415979,71.47718542988797,261,35.0,35,28.566393660960042,0,FREE_FLOW,local,Right Bank
2025-09-17 21:26:15.549655,road_0003,51.147142431523605,71.42424835420817,771,45.0,45,57.5798980925425,0,FREE_FLOW,collector,Left Bank
2025-09-17 21:26:15.549655,road_0004,51.194896034828155,71.42672451599276,1193,45.0,45,76.32978346816243,0,FREE_FLOW,collector,City Center
2025-09-17 21:26:15.549655,road_0005,51.13145373025382,71.42743582937553,738,45.0,45,49.22322577837477,0,FREE_FLOW,collector,Left Bank
2025-09-17 21:26:15.549655,road_0006,51.14525858091126,71.40871681129984,716,42.211392574016045,45,38.06385020942045,0,FREE_FLOW,collector,Left Bank
2025-09-17 21:26:15.549655,road_0007,51.13560924762398,71.46282559050066,491,41.05889318459028,45,22.960550652672737,0,FREE_FLOW,collector,Right Bank
2025-09-17 21:26:15.549655,road_0008,51.106594323500836,71.4923767530675,347,45.0,45,28.314833264381377,0,FREE_FLOW,collector,Esil District
2025-09-17 21:26:15.549655,road_0009,51.1749541456762,71.45018304431642,1600,58.73174197335131,60,61.00617546762378,0,FREE_FLOW,arterial,City Center
2025-09-17 21:26:15.549655,road_0010,51.204215781196154,71.42542980013923,328,45.0,45,30.320711538622234,0,FREE_FLOW,collector,Right Bank
2025-09-17 21:26:15.549655,road_0011,51.14911362341584,71.45849757916488,939,57.28207527986684,60,45.323192344922276,0,FREE_FLOW,arterial,City Center
2025-09-17 21:26:15.549655,road_0012,51.14285817159553,71.49500780438362,561,60.0,60,16.703027695006963,0,FREE_FLOW,arterial,Esil District
2025-09-17 21:26:15.549655,road_0013,51.178395080248016,71.44450085336713,488,43.482459831342744,45,26.922115183748023,0,FREE_FLOW,collector,Esil District
2025-09-17 21:26:15.549655,road_0014,51.22329556186777,71.40648282801608,487,45.0,45,42.09924950505767,0,FREE_FLOW,collector,Right Bank
2025-09-17 21:26:15.549655,road_0015,51.20247308795898,71.43455351818268,415,45.0,45,29.213729281683253,0,FREE_FLOW,collector,Right Bank
2025-09-17 21:26:15.549655,road_0016,51.16488352763151,71.45530260780878,1056,41.040213026408026,45,70.48408108296755,0,FREE_FLOW,collector,City Center
2025-09-17 21:26:15.549655,road_0017,51.1949632883288,71.44123238931239,380,35.0,35,57.45663071131625,0,FREE_FLOW,local,City Center
2025-09-17 21:26:15.549655,road_0018,51.15447620767163,71.43400349958901,1040,42.15898916330522,45,76.56941321651402,0,FREE_FLOW,collector,City Center
2025-09-17 21:26:15.549655,road_0019,51.117113160490625,71.37143752439205,181,34.432288251036915,35,29.136720204539348,0,FREE_FLOW,local,Left Bank
2025-09-17 21:31:15.549655,road_0000,51.14858964026895,71.43899067721357,1228,41.91100332454427,45,90.78580255607986,0,FREE_FLOW,collector,City Center
2025-09-17 21:31:15.549655,road_0001,51.19558998501542,71.45756838173378,1636,56.35650471806736,60,66.41768717651061,0,FREE_FLOW,arterial,City Center
2025-09-17 21:31:15.549655,road_0002,51.21222340415979,71.47718542988797,273,35.0,35,31.283225692354915,0,FREE_FLOW,local,Right Bank
2025-09-17 21:31:15.549655,road_0003,51.147142431523605,71.42424835420817,556,45.0,45,34.67418873721556,0,FREE_FLOW,collector,Left Bank
2025-09-17 21:31:15.549655,road_0004,51.194896034828155,71.42672451599276,736,45.0,45,39.48584295245709,0,FREE_FLOW,collector,City Center
2025-09-17 21:31:15.549655,road_0005,51.13145373025382,71.42743582937553,1077,42.62519341041681,45,72.79102826098597,0,FREE_FLOW,collector,Left Bank
2025-09-17 21:31:15.549655,road_0006,51.14525858091126,71.40871681129984,563,44.236736601552366,45,39.06728345414809,0,FREE_FLOW,collector,Left Bank
2025-09-17 21:31:15.549655,road_0007,51.13560924762398,71.46282559050066,645,45.0,45,35.71677704186405,0,FREE_FLOW,collector,Right Bank
2025-09-17 21:31:15.549655,road_0008,51.106594323500836,71.4923767530675,477,45.0,45,41.674820657765395,0,FREE_FLOW,collector,Esil District
2025-09-17 21:31:15.549655,road_0009,51.1749541456762,71.45018304431642,1326,60.0,60,55.15732674406986,0,FREE_FLOW,arterial,City Center
2025-09-17 21:31:15.549655,road_0010,51.204215781196154,71.42542980013923,439,41.62664338123287,45,35.82560661457012,0,FREE_FLOW,collector,Right Bank
2025-09-17 21:31:15.549655,road_0011,51.14911362341584,71.45849757916488,2500,55.808119703435445,60,97.0868771407461,0,FREE_FLOW,arterial,City Center
2025-09-17 21:31:15.549655,road_0012,51.14285817159553,71.49500780438362,446,60.0,60,24.928472599198688,0,FREE_FLOW,arterial,Esil District
2025-09-17 21:31:15.549655,road_0013,51.178395080248016,71.44450085336713,269,42.01361703782012,45,15.60312216663092,0,FREE_FLOW,collector,Esil District
2025-09-17 21:31:15.549655,road_0014,51.22329556186777,71.40648282801608,501,44.725285495896145,45,39.470053496484134,0,FREE_FLOW,collector,Right Bank
2025-09-17 21:31:15.549655,road_0015,51.20247308795898,71.43455351818268,535,40.79177629491936,45,27.857855490978697,0,FREE_FLOW,collector,Right Bank
2025-09-17 21:31:15.549655,road_0016,51.16488352763151,71.45530260780878,795,42.241030706973525,45,43.21407757566657,0,FREE_FLOW,collector,City Center
2025-09-17 21:31:15.549655,road_0017,51.1949632883288,71.44123238931239,319,35.0,35,44.800471581700535,0,FREE_FLOW,local,City Center
2025-09-17 21:31:15.549655,road_0018,51.15447620767163,71.43400349958901,1153,45.0,45,76.0119114487706,0,FREE_FLOW,collector,City Center
2025-09-17 21:31:15.549655,road_0019,51.117113160490625,71.37143752439205,356,35.0,35,49.8656967598735,0,FREE_FLOW,local,Left Bank
2025-09-17 21:36:15.549655,road_0000,51.14858964026895,71.43899067721357,600,42.588026370862075,45,37.53921996534405,0,FREE_FLOW,collector,City Center
2025-09-17 21:36:15.549655,road_0001,51.19558998501542,71.45756838173378,1727,56.943033499771126,60,62.14981454425327,0,FREE_FLOW,arterial,City Center
2025-09-17 21:36:15.549655,road_0002,51.21222340415979,71.47718542988797,344,35.0,35,37.77554302654068,0,FREE_FLOW,local,Right Bank
2025-09-17 21:36:15.549655,road_0003,51.147142431523605,71.42424835420817,1110,43.19211205058171,45,70.54245934129108,0,FREE_FLOW,collector,Left Bank
2025-09-17 21:36:15.549655,road_0004,51.194896034828155,71.42672451599276,769,41.27713650590166,45,58.08231386790243,0,FREE_FLOW,collector,City Center
2025-09-17 21:36:15.549655,road_0005,51.13145373025382,71.42743582937553,720,45.0,45,47.30153849561846,0,FREE_FLOW,collector,Left Bank
2025-09-17 21:36:15.549655,road_0006,51.14525858091126,71.40871681129984,590,43.58257012847947,45,48.89884937091493,0,FREE_FLOW,collector,Left Bank
2025-09-17 21:36:15.549655,road_0007,51.13560924762398,71.46282559050066,383,44.900838402981954,45,22.55049029738132,0,FREE_FLOW,collector,Right Bank
2025-09-17 21:36:15.549655,road_0008,51.106594323500836,71.4923767530675,249,42.63498971474017,45,9.109098244071944,0,FREE_FLOW,collector,Esil District
2025-09-17 21:36:15.549655,road_0009,51.1749541456762,71.45018304431642,2397,51.32541938161618,60,94.29113423415423,0,FREE_FLOW,arterial,City Center
2025-09-17 21:36:15.549655,road_0010,51.204215781196154,71.42542980013923,332,45.0,45,30.275802668616567,0,FREE_FLOW,collector,Right Bank
2025-09-17 21:36:15.549655,road_0011,51.14911362341584,71.45849757916488,1675,54.06484752249359,60,60.16137833701625,0,FREE_FLOW,arterial,City Center
2025-09-17 21:36:15.549655,road_0012,51.14285817159553,71.49500780438362,388,58.19930172459801,60,7.447138612395463,0,FREE_FLOW,arterial,Esil District
2025-09-17 21:36:15.549655,road_0013,51.178395080248016,71.44450085336713,234,42.324782914157616,45,16.08935977101042,0,FREE_FLOW,collector,Esil District
2025-09-17 21:36:15.549655,road_0014,51.22329556186777,71.40648282801608,294,45.0,45,16.17109256640613,0,FREE_FLOW,collector,Right Bank
2025-09-17 21:36:15.549655,road_0015,51.20247308795898,71.43455351818268,786,45.0,45,45.95482344107089,0,FREE_FLOW,collector,Right Bank
2025-09-17 21:36:15.549655,road_0016,51.16488352763151,71.45530260780878,538,42.22367769948533,45,34.40147805323735,0,FREE_FLOW,collector,City Center
2025-09-17 21:36:15.549655,road_0017,51.1949632883288,71.44123238931239,692,30.669633509154465,35,81.66183711742909,0,FREE_FLOW,local,City Center
2025-09-17 21:36:15.549655,road_0018,51.15447620767163,71.43400349958901,692,40.79677611267992,45,37.26139546060554,0,FREE_FLOW,collector,City Center
2025-09-17 21:36:15.549655,road_0019,51.117113160490625,71.37143752439205,283,35.0,35,30.42869309418197,0,FREE_FLOW,local,Left Bank
2025-09-17 21:41:15.549655,road_0000,51.14858964026895,71.43899067721357,796,45.0,45,44.37394763457092,0,FREE_FLOW,collector,City Center
2025-09-17 21:41:15.549655,road_0001,51.19558998501542,71.45756838173378,1750,54.76022929396413,60,74.51862185025902,0,FREE_FLOW,arterial,City Center
2025-09-17 21:41:15.549655,road_0002,51.21222340415979,71.47718542988797,341,35.0,35,40.5694832939483,0,FREE_FLOW,local,Right Bank
2025-09-17 21:41:15.549655,road_0003,51.147142431523605,71.42424835420817,830,45.0,45,49.55370522023362,0,FREE_FLOW,collector,Left Bank
2025-09-17 21:41:15.549655,road_0004,51.194896034828155,71.42672451599276,817,45.0,45,48.491147615386936,0,FREE_FLOW,collector,City Center
2025-09-17 21:41:15.549655,road_0005,51.13145373025382,71.42743582937553,767,43.34936114727954,45,60.68118798417191,0,FREE_FLOW,collector,Left Bank
2025-09-17 21:41:15.549655,road_0006,51.14525858091126,71.40871681129984,380,41.879502715470416,45,30.26321100538331,0,FREE_FLOW,collector,Left Bank
2025-09-17 21:41:15.549655,road_0007,51.13560924762398,71.46282559050066,334,44.62248743741329,45,21.32270549444185,0,FREE_FLOW,collector,Right Bank
2025-09-17 21:41:15.549655,road_0008,51.106594323500836,71.4923767530675,255,45.0,45,22.380907397528187,0,FREE_FLOW,collector,Esil District
2025-09-17 21:41:15.549655,road_0009,51.1749541456762,71.45018304431642,1092,55.33641071911781,60,51.232648406895045,0,FREE_FLOW,arterial,City Center
2025-09-17 21:41:15.549655,road_0010,51.204215781196154,71.42542980013923,556,40.89550571923873,45,44.20378325886675,0,FREE_FLOW,collector,Right Bank
2025-09-17 21:41:15.549655,road_0011,51.14911362341584,71.45849757916488,1453,58.01990272375166,60,59.49755464836943,0,FREE_FLOW,arterial,City Center
2025-09-17 21:41:15.549655,road_0012,51.14285817159553,71.49500780438362,472,60.0,60,12.62268248039781,0,FREE_FLOW,arterial,Esil District
2025-09-17 21:41:15.549655,road_0013,51.178395080248016,71.44450085336713,269,45.0,45,14.315999710002117,0,FREE_FLOW,collector,Esil District
2025-09-17 21:41:15.549655,road_0014,51.22329556186777,71.40648282801608,372,42.978466006825315,45,25.06088441149699,0,FREE_FLOW,collector,Right Bank
2025-09-17 21:41:15.549655,road_0015,51.20247308795898,71.43455351818268,549,43.4301190623215,45,30.53679904041138,0,FREE_FLOW,collector,Right Bank
2025-09-17 21:41:15.549655,road_0016,51.16488352763151,71.45530260780878,1388,37.349648468948814,45,88.0190479533801,0,FREE_FLOW,collector,City Center
2025-09-17 21:41:15.549655,road_0017,51.1949632883288,71.44123238931239,568,32.58078799698773,35,68.29419417582301,0,FREE_FLOW,local,City Center
2025-09-17 21:41:15.549655,road_0018,51.15447620767163,71.43400349958901,487,43.741088866132095,45,28.11435364836001,0,FREE_FLOW,collector,City Center
2025-09-17 21:41:15.549655,road_0019,51.117113160490625,71.37143752439205,573,31.168910563386465,35,79.80686330872825,0,FREE_FLOW,local,Left Bank
2025-09-17 21:46:15.549655,road_0000,51.14858964026895,71.43899067721357,587,45.0,45,36.63486565633013,0,FREE_FLOW,collector,City Center
2025-09-17 21:46:15.549655,road_0001,51.19558998501542,71.45756838173378,1253,59.468909125265824,60,58.431005103660084,0,FREE_FLOW,arterial,City Center
2025-09-17 21:46:15.549655,road_0002,51.21222340415979,71.47718542988797,276,34.355687217471186,35,30.106002776789982,0,FREE_FLOW,local,Right Bank
2025-09-17 21:46:15.549655,road_0003,51.147142431523605,71.42424835420817,937,40.6164043482704,45,60.84437489933453,0,FREE_FLOW,collector,Left Bank
2025-09-17 21:46:15.549655,road_0004,51.194896034828155,71.42672451599276,717,45.0,45,43.14477207749684,0,FREE_FLOW,collector,City Center
2025-09-17 21:46:15.549655,road_0005,51.13145373025382,71.42743582937553,1065,41.07282391442393,45,75.25634956132777,0,FREE_FLOW,collector,Left Bank
2025-09-17 21:46:15.549655,road_0006,51.14525858091126,71.40871681129984,512,45.0,45,42.093838369079634,0,FREE_FLOW,collector,Left Bank
2025-09-17 21:46:15.549655,road_0007,51.13560924762398,71.46282559050066,638,45.0,45,37.49356589908989,0,FREE_FLOW,collector,Right Bank
2025-09-17 21:46:15.549655,road_0008,51.106594323500836,71.4923767530675,378,43.7635641981648,45,20.49179583022635,0,FREE_FLOW,collector,Esil District
2025-09-17 21:46:15.549655,road_0009,51.1749541456762,71.45018304431642,1349,58.896562495097015,60,49.47090868089422,0,FREE_FLOW,arterial,City Center
2025-09-17 21:46:15.549655,road_0010,51.204215781196154,71.42542980013923,707,42.998329489776594,45,46.01988735399641,0,FREE_FLOW,collector,Right Bank
2025-09-17 21:46:15.549655,road_0011,51.14911362341584,71.45849757916488,1133,54.45628678719247,60,53.037788146823985,0,FREE_FLOW,arterial,City Center
2025-09-17 21:46:15.549655,road_0012,51.14285817159553,71.49500780438362,933,57.907043482207754,60,42.04786455066237,0,FREE_FLOW,arterial,Esil District
2025-09-17 21:46:15.549655,road_0013,51.178395080248016,71.44450085336713,340,45.0,45,23.520999163574942,0,FREE_FLOW,collector,Esil District
2025-09-17 21:46:15.549655,road_0014,51.22329556186777,71.40648282801608,562,40.38870347686391,45,44.67332766900948,0,FREE_FLOW,collector,Right Bank
2025-09-17 21:46:15.549655,road_0015,51.20247308795898,71.43455351818268,383,45.0,45,27.383390009068137,0,FREE_FLOW,collector,Right Bank
2025-09-17 21:46:15.549655,road_0016,51.16488352763151,71.45530260780878,956,45.0,45,68.23081005512563,0,FREE_FLOW,collector,City Center
2025-09-17 21:46:15.549655,road_0017,51.1949632883288,71.44123238931239,492,34.018767245126774,35,65.14319493147295,0,FREE_FLOW,local,City Center
2025-09-17 21:46:15.549655,road_0018,51.15447620767163,71.43400349958901,1087,41.60261807266157,45,71.19863706894122,0,FREE_FLOW,collector,City Center
2025-09-17 21:46:15.549655,road_0019,51.117113160490625,71.37143752439205,456,33.09520460310054,35,54.94669776528487,0,FREE_FLOW,local,Left Bank
2025-09-17 21:51:15.549655,road_0000,51.14858964026895,71.43899067721357,788,45.0,45,47.890512826690596,0,FREE_FLOW,collector,City Center
2025-09-17 21:51:15.549655,road_0001,51.19558998501542,71.45756838173378,1950,52.332669904495745,60,84.68313127158632,0,FREE_FLOW,arterial,City Center
2025-09-17 21:51:15.549655,road_0002,51.21222340415979,71.47718542988797,203,33.241680682894646,35,28.933110342624722,0,FREE_FLOW,local,Right Bank
2025-09-17 21:51:15.549655,road_0003,51.147142431523605,71.42424835420817,1090,39.7885939678655,45,81.09596516347402,0,FREE_FLOW,collector,Left Bank
2025-09-17 21:51:15.549655,road_0004,51.194896034828155,71.42672451599276,897,39.85586081489533,45,67.13191267093546,0,FREE_FLOW,collector,City Center
2025-09-17 21:51:15.549655,road_0005,51.13145373025382,71.42743582937553,798,44.13086912301058,45,61.00067713673173,0,FREE_FLOW,collector,Left Bank
2025-09-17 21:51:15.549655,road_0006,51.14525858091126,71.40871681129984,587,40.90986673552156,45,39.196424558703434,0,FREE_FLOW,collector,Left Bank
2025-09-17 21:51:15.549655,road_0007,51.13560924762398,71.46282559050066,256,44.40266540698303,45,21.33928663489459,0,FREE_FLOW,collector,Right Bank
2025-09-17 21:51:15.549655,road_0008,51.106594323500836,71.4923767530675,346,43.73275784236782,45,27.471900405807208,0,FREE_FLOW,collector,Esil District
2025-09-17 21:51:15.549655,road_0009,51.1749541456762,71.45018304431642,1303,53.69546090912997,60,57.42971004523132,0,FREE_FLOW,arterial,City Center
2025-09-17 21:51:15.549655,road_0010,51.204215781196154,71.42542980013923,244,45.0,45,23.18846691192256,0,FREE_FLOW,collector,Right Bank
2025-09-17 21:51:15.549655,road_0011,51.14911362341584,71.45849757916488,1368,60.0,60,59.73867688054576,0,FREE_FLOW,arterial,City Center
2025-09-17 21:51:15.549655,road_0012,51.14285817159553,71.49500780438362,1019,59.25975851664236,60,39.73036727768843,0,FREE_FLOW,arterial,Esil District
2025-09-17 21:51:15.549655,road_0013,51.178395080248016,71.44450085336713,390,41.20541345276842,45,26.285014008174954,0,FREE_FLOW,collector,Esil District
2025-09-17 21:51:15.549655,road_0014,51.22329556186777,71.40648282801608,510,40.65706859865222,45,24.62148748492173,0,FREE_FLOW,collector,Right Bank
2025-09-17 21:51:15.549655,road_0015,51.20247308795898,71.43455351818268,808,41.1104392790017,45,49.81117910257326,0,FREE_FLOW,collector,Right Bank
2025-09-17 21:51:15.549655,road_0016,51.16488352763151,71.45530260780878,581,44.77932255298479,45,35.88709577693713,0,FREE_FLOW,collector,City Center
2025-09-17 21:51:15.549655,road_0017,51.1949632883288,71.44123238931239,489,35.0,35,67.77551579457582,0,FREE_FLOW,local,City Center
2025-09-17 21:51:15.549655,road_0018,51.15447620767163,71.43400349958901,739,42.02912416995548,45,51.30786218391296,0,FREE_FLOW,collector,City Center
2025-09-17 21:51:15.549655,road_0019,51.117113160490625,71.37143752439205,392,34.26384083390503,35,56.42179887990085,0,FREE_FLOW,local,Left Bank
2025-09-17 21:56:15.549655,road_0000,51.14858964026895,71.43899067721357,769,41.81494376821141,45,56.52603352721957,0,FREE_FLOW,collector,City Center
2025-09-17 21:56:15.549655,road_0001,51.19558998501542,71.45756838173378,1780,58.348828385833336,60,73.40208313956191,0,FREE_FLOW,arterial,City Center
2025-09-17 21:56:15.549655,road_0002,51.21222340415979,71.47718542988797,228,33.77975136453085,35,36.10146122132322,0,FREE_FLOW,local,Right Bank
2025-09-17 21:56:15.549655,road_0003,51.147142431523605,71.42424835420817,827,42.546749811289004,45,55.80854454270988,0,FREE_FLOW,collector,Left Bank
2025-09-17 21:56:15.549655,road_0004,51.194896034828155,71.42672451599276,1015,45.0,45,58.041072082151786,0,FREE_FLOW,collector,City Center
2025-09-17 21:56:15.549655,road_0005,51.13145373025382,71.42743582937553,779,45.0,45,60.77457344163767,0,FREE_FLOW,collector,Left Bank
2025-09-17 21:56:15.549655,road_0006,51.14525858091126,71.40871681129984,610,45.0,45,39.2373173328353,0,FREE_FLOW,collector,Left Bank
2025-09-17 21:56:15.549655,road_0007,51.13560924762398,71.46282559050066,658,45.0,45,35.74873804862649,0,FREE_FLOW,collector,Right Bank
2025-09-17 21:56:15.549655,road_0008,51.106594323500836,71.4923767530675,276,41.245864839106424,45,16.25631505703941,0,FREE_FLOW,collector,Esil District
2025-09-17 21:56:15.549655,road_0009,51.1749541456762,71.45018304431642,1052,60.0,60,43.60110901706713,0,FREE_FLOW,arterial,City Center
2025-09-17 21:56:15.549655,road_0010,51.204215781196154,71.42542980013923,611,43.25607665806748,45,47.84373547827204,0,FREE_FLOW,collector,Right Bank
2025-09-17 21:56:15.549655,road_0011,51.14911362341584,71.45849757916488,1022,59.85168817606806,60,36.583701009028566,0,FREE_FLOW,arterial,City Center
2025-09-17 21:56:15.549655,road_0012,51.14285817159553,71.49500780438362,689,60.0,60,28.44292167156201,0,FREE_FLOW,arterial,Esil District
2025-09-17 21:56:15.549655,road_0013,51.178395080248016,71.44450085336713,512,43.40490248150866,45,37.105174544180514,0,FREE_FLOW,collector,Esil District
2025-09-17 21:56:15.549655,road_0014,51.22329556186777,71.40648282801608,310,45.0,45,22.187480087598978,0,FREE_FLOW,collector,Right Bank
2025-09-17 21:56:15.549655,road_0015,51.20247308795898,71.43455351818268,491,45.0,45,41.88802683126781,0,FREE_FLOW,collector,Right Bank
2025-09-17 21:56:15.549655,road_0016,51.16488352763151,71.45530260780878,534,45.0,45,37.00349876320617,0,FREE_FLOW,collector,City Center
2025-09-17 21:56:15.549655,road_0017,51.1949632883288,71.44123238931239,302,34.85393202082517,35,47.19195846221943,0,FREE_FLOW,local,City Center
2025-09-17 21:56:15.549655,road_0018,51.15447620767163,71.43400349958901,1008,42.38410261692034,45,66.24019511540511,0,FREE_FLOW,collector,City Center
2025-09-17 21:56:15.549655,road_0019,51.117113160490625,71.37143752439205,228,35.0,35,26.474757356974244,0,FREE_FLOW,local,Left Bank
2025-09-17 22:01:15.549655,road_0000,51.14858964026895,71.43899067721357,607,44.30597034557354,45,32.48849858359661,0,FREE_FLOW,collector,City Center
2025-09-17 22:01:15.549655,road_0001,51.19558998501542,71.45756838173378,1286,60.0,60,49.139278232941166,0,FREE_FLOW,arterial,City Center
2025-09-17 22:01:15.549655,road_0002,51.21222340415979,71.47718542988797,143,35.0,35,18.66445689630977,0,FREE_FLOW,local,Right Bank
2025-09-17 22:01:15.549655,road_0003,51.147142431523605,71.42424835420817,640,41.90429640388428,45,33.43200195055646,0,FREE_FLOW,collector,Left Bank
2025-09-17 22:01:15.549655,road_0004,51.194896034828155,71.42672451599276,551,42.426318317142176,45,41.81073371504033,0,FREE_FLOW,collector,City Center
2025-09-17 22:01:15.549655,road_0005,51.13145373025382,71.42743582937553,337,42.785147790527816,45,20.991723528206265,0,FREE_FLOW,collector,Left Bank
2025-09-17 22:01:15.549655,road_0006,51.14525858091126,71.40871681129984,243,43.57601308222994,45,14.048164529796672,0,FREE_FLOW,collector,Left Bank
2025-09-17 22:01:15.549655,road_0007,51.13560924762398,71.46282559050066,403,44.142729883797955,45,25.17111568119228,0,FREE_FLOW,collector,Right Bank
2025-09-17 22:01:15.549655,road_0008,51.106594323500836,71.4923767530675,334,45.0,45,25.759087125172876,0,FREE_FLOW,collector,Esil District
2025-09-17 22:01:15.549655,road_0009,51.1749541456762,71.45018304431642,804,57.44673529545665,60,36.16309010104124,0,FREE_FLOW,arterial,City Center
2025-09-17 22:01:15.549655,road_0010,51.204215781196154,71.42542980013923,478,45.0,45,31.221970602814586,0,FREE_FLOW,collector,Right Bank
2025-09-17 22:01:15.549655,road_0011,51.14911362341584,71.45849757916488,507,60.0,60,25.814017013234263,0,FREE_FLOW,arterial,City Center
2025-09-17 22:01:15.549655,road_0012,51.14285817159553,71.49500780438362,611,56.24506998640243,60,24.39165746479034,0,FREE_FLOW,arterial,Esil District
2025-09-17 22:01:15.549655,road_0013,51.178395080248016,71.44450085336713,199,42.70551088307903,45,7.4825936247421385,0,FREE_FLOW,collector,Esil District
2025-09-17 22:01:15.549655,road_0014,51.22329556186777,71.40648282801608,437,41.130999431013066,45,27.29709348067901,0,FREE_FLOW,collector,Right Bank
2025-09-17 22:01:15.549655,road_0015,51.20247308795898,71.43455351818268,366,45.0,45,32.03937866228695,0,FREE_FLOW,collector,Right Bank
2025-09-17 22:01:15.549655,road_0016,51.16488352763151,71.45530260780878,561,45.0,45,31.662643942172636,0,FREE_FLOW,collector,City Center
2025-09-17 22:01:15.549655,road_0017,51.1949632883288,71.44123238931239,336,35.0,35,48.20775166165681,0,FREE_FLOW,local,City Center
2025-09-17 22:01:15.549655,road_0018,51.15447620767163,71.43400349958901,655,43.32309117770131,45,38.50189772203572,0,FREE_FLOW,collector,City Center
2025-09-17 22:01:15.549655,road_0019,51.117113160490625,71.37143752439205,271,35.0,35,31.485111804638066,0,FREE_FLOW,local,Left Bank
2025-09-17 22:06:15.549655,road_0000,51.14858964026895,71.43899067721357,416,45.0,45,28.933146964893076,0,FREE_FLOW,collector,City Center
2025-09-17 22:06:15.549655,road_0001,51.19558998501542,71.45756838173378,1267,55.83935806474176,60,55.98501347569398,0,FREE_FLOW,arterial,City Center
2025-09-17 22:06:15.549655,road_0002,51.21222340415979,71.47718542988797,175,31.84400978995431,35,26.676061270078876,0,FREE_FLOW,local,Right Bank
2025-09-17 22:06:15.549655,road_0003,51.147142431523605,71.42424835420817,712,43.3071458181389,45,54.047480173235584,0,FREE_FLOW,collector,Left Bank
2025-09-17 22:06:15.549655,road_0004,51.194896034828155,71.42672451599276,856,45.0,45,54.651412855449735,0,FREE_FLOW,collector,City Center
2025-09-17 22:06:15.549655,road_0005,51.13145373025382,71.42743582937553,354,42.00558266062572,45,16.86683570743518,0,FREE_FLOW,collector,Left Bank
2025-09-17 22:06:15.549655,road_0006,51.14525858091126,71.40871681129984,430,40.45989611860881,45,26.7608982323421,0,FREE_FLOW,collector,Left Bank
2025-09-17 22:06:15.549655,road_0007,51.13560924762398,71.46282559050066,324,45.0,45,26.32394440906453,0,FREE_FLOW,collector,Right Bank
2025-09-17 22:06:15.549655,road_0008,51.106594323500836,71.4923767530675,171,45.0,45,14.193317004209435,0,FREE_FLOW,collector,Esil District
2025-09-17 22:06:15.549655,road_0009,51.1749541456762,71.45018304431642,1001,60.0,60,41.39411400562499,0,FREE_FLOW,arterial,City Center
2025-09-17 22:06:15.549655,road_0010,51.204215781196154,71.42542980013923,322,45.0,45,20.09360673767572,0,FREE_FLOW,collector,Right Bank
2025-09-17 22:06:15.549655,road_0011,51.14911362341584,71.45849757916488,995,58.754631963274356,60,36.38293682613203,0,FREE_FLOW,arterial,City Center
2025-09-17 22:06:15.549655,road_0012,51.14285817159553,71.49500780438362,468,60.0,60,16.1261144375786,0,FREE_FLOW,arterial,Esil District
2025-09-17 22:06:15.549655,road_0013,51.178395080248016,71.44450085336713,310,40.54898694799617,45,25.365148328594767,0,FREE_FLOW,collector,Esil District
2025-09-17 22:06:15.549655,road_0014,51.22329556186777,71.40648282801608,361,45.0,45,24.35704459120588,0,FREE_FLOW,collector,Right Bank
2025-09-17 22:06:15.549655,road_0015,51.20247308795898,71.43455351818268,344,40.56958190677734,45,15.909996472536356,0,FREE_FLOW,collector,Right Bank
2025-09-17 22:06:15.549655,road_0016,51.16488352763151,71.45530260780878,538,45.0,45,33.33568394640635,0,FREE_FLOW,collector,City Center
2025-09-17 22:06:15.549655,road_0017,51.1949632883288,71.44123238931239,481,35.0,35,53.54677349658802,0,FREE_FLOW,local,City Center
2025-09-17 22:06:15.549655,road_0018,51.15447620767163,71.43400349958901,745,45.0,45,54.76800772775826,0,FREE_FLOW,collector,City Center
2025-09-17 22:06:15.549655,road_0019,51.117113160490625,71.37143752439205,312,34.86571078549549,35,43.96138607124481,0,FREE_FLOW,local,Left Bank
2025-09-17 22:11:15.549655,road_0000,51.14858964026895,71.43899067721357,404,45.0,45,18.807049780143736,0,FREE_FLOW,collector,City Center
2025-09-17 22:11:15.549655,road_0001,51.19558998501542,71.45756838173378,972,60.0,60,42.525548626654384,0,FREE_FLOW,arterial,City Center
2025-09-17 22:11:15.549655,road_0002,51.21222340415979,71.47718542988797,133,33.09092991649197,35,23.902524428225796,0,FREE_FLOW,local,Right Bank
2025-09-17 22:11:15.549655,road_0003,51.147142431523605,71.42424835420817,568,45.0,45,44.17682698363816,0,FREE_FLOW,collector,Left Bank
2025-09-17 22:11:15.549655,road_0004,51.194896034828155,71.42672451599276,648,41.392228423386584,45,49.71736316802527,0,FREE_FLOW,collector,City Center
2025-09-17 22:11:15.549655,road_0005,51.13145373025382,71.42743582937553,298,44.686154301917156,45,28.85836240105606,0,FREE_FLOW,collector,Left Bank
2025-09-17 22:11:15.549655,road_0006,51.14525858091126,71.40871681129984,446,42.56594517058995,45,29.127389976487944,0,FREE_FLOW,collector,Left Bank
2025-09-17 22:11:15.549655,road_0007,51.13560924762398,71.46282559050066,421,44.851453659458244,45,36.575613263076185,0,FREE_FLOW,collector,Right Bank
2025-09-17 22:11:15.549655,road_0008,51.106594323500836,71.4923767530675,279,42.89442102284751,45,18.49241937651061,0,FREE_FLOW,collector,Esil District
2025-09-17 22:11:15.549655,road_0009,51.1749541456762,71.45018304431642,909,58.89032961683186,60,32.263292717639224,0,FREE_FLOW,arterial,City Center
2025-09-17 22:11:15.549655,road_0010,51.204215781196154,71.42542980013923,254,42.23349190925363,45,19.732986131043283,0,FREE_FLOW,collector,Right Bank
2025-09-17 22:11:15.549655,road_0011,51.14911362341584,71.45849757916488,1133,60.0,60,47.245302514944854,0,FREE_FLOW,arterial,City Center
2025-09-17 22:11:15.549655,road_0012,51.14285817159553,71.49500780438362,463,60.0,60,19.436162796687107,0,FREE_FLOW,arterial,Esil District
2025-09-17 22:11:15.549655,road_0013,51.178395080248016,71.44450085336713,161,45.0,45,3.693815156423714,0,FREE_FLOW,collector,Esil District
2025-09-17 22:11:15.549655,road_0014,51.22329556186777,71.40648282801608,495,45.0,45,27.92474310358957,0,FREE_FLOW,collector,Right Bank
2025-09-17 22:11:15.549655,road_0015,51.20247308795898,71.43455351818268,369,45.0,45,23.03487485486503,0,FREE_FLOW,collector,Right Bank
2025-09-17 22:11:15.549655,road_0016,51.16488352763151,71.45530260780878,604,44.780526404122,45,30.945413699548993,0,FREE_FLOW,collector,City Center
2025-09-17 22:11:15.549655,road_0017,51.1949632883288,71.44123238931239,257,35.0,35,31.85067094171086,0,FREE_FLOW,local,City Center
2025-09-17 22:11:15.549655,road_0018,51.15447620767163,71.43400349958901,340,42.19673596446654,45,31.39724496167478,0,FREE_FLOW,collector,City Center
2025-09-17 22:11:15.549655,road_0019,51.117113160490625,71.37143752439205,201,35.0,35,28.276557923873728,0,FREE_FLOW,local,Left Bank
2025-09-17 22:16:15.549655,road_0000,51.14858964026895,71.43899067721357,785,43.40841497025369,45,57.934753935970036,0,FREE_FLOW,collector,City Center
2025-09-17 22:16:15.549655,road_0001,51.19558998501542,71.45756838173378,874,58.55492938256972,60,34.63323833422911,0,FREE_FLOW,arterial,City Center
2025-09-17 22:16:15.549655,road_0002,51.21222340415979,71.47718542988797,283,31.56360629465612,35,34.40357209704814,0,FREE_FLOW,local,Right Bank
2025-09-17 22:16:15.549655,road_0003,51.147142431523605,71.42424835420817,297,45.0,45,26.840410188484718,0,FREE_FLOW,collector,Left Bank
2025-09-17 22:16:15.549655,road_0004,51.194896034828155,71.42672451599276,910,45.0,45,68.11165929190102,0,FREE_FLOW,collector,City Center
2025-09-17 22:16:15.549655,road_0005,51.13145373025382,71.42743582937553,603,43.18431554489723,45,38.07400739096016,0,FREE_FLOW,collector,Left Bank
2025-09-17 22:16:15.549655,road_0006,51.14525858091126,71.40871681129984,316,45.0,45,29.214703289123083,0,FREE_FLOW,collector,Left Bank
2025-09-17 22:16:15.549655,road_0007,51.13560924762398,71.46282559050066,239,42.355945504183914,45,25.2724681915754,0,FREE_FLOW,collector,Right Bank
2025-09-17 22:16:15.549655,road_0008,51.106594323500836,71.4923767530675,317,45.0,45,19.340016352357136,0,FREE_FLOW,collector,Esil District
2025-09-17 22:16:15.549655,road_0009,51.1749541456762,71.45018304431642,580,60.0,60,23.314291847894395,0,FREE_FLOW,arterial,City Center
2025-09-17 22:16:15.549655,road_0010,51.204215781196154,71.42542980013923,414,44.90378393180119,45,23.95757551926704,0,FREE_FLOW,collector,Right Bank
2025-09-17 22:16:15.549655,road_0011,51.14911362341584,71.45849757916488,670,60.0,60,21.465675853177064,0,FREE_FLOW,arterial,City Center
2025-09-17 22:16:15.549655,road_0012,51.14285817159553,71.49500780438362,346,57.88489094604337,60,12.237393919065417,0,FREE_FLOW,arterial,Esil District
2025-09-17 22:16:15.549655,road_0013,51.178395080248016,71.44450085336713,412,45.0,45,21.61536623417076,0,FREE_FLOW,collector,Esil District
2025-09-17 22:16:15.549655,road_0014,51.22329556186777,71.40648282801608,393,41.487535881842874,45,34.53397360551668,0,FREE_FLOW,collector,Right Bank
2025-09-17 22:16:15.549655,road_0015,51.20247308795898,71.43455351818268,200,45.0,45,18.239694538279615,0,FREE_FLOW,collector,Right Bank
2025-09-17 22:16:15.549655,road_0016,51.16488352763151,71.45530260780878,383,43.51006138885218,45,32.30484149584082,0,FREE_FLOW,collector,City Center
2025-09-17 22:16:15.549655,road_0017,51.1949632883288,71.44123238931239,312,35.0,35,45.01990339521589,0,FREE_FLOW,local,City Center
2025-09-17 22:16:15.549655,road_0018,51.15447620767163,71.43400349958901,855,41.11801792520843,45,51.785919699190195,0,FREE_FLOW,collector,City Center
2025-09-17 22:16:15.549655,road_0019,51.117113160490625,71.37143752439205,212,34.816075256515,35,25.217547965638733,0,FREE_FLOW,local,Left Bank
2025-09-17 22:21:15.549655,road_0000,51.14858964026895,71.43899067721357,648,40.41443717170501,45,49.826954157066595,0,FREE_FLOW,collector,City Center
2025-09-17 22:21:15.549655,road_0001,51.19558998501542,71.45756838173378,1305,60.0,60,47.016328528503244,0,FREE_FLOW,arterial,City Center
2025-09-17 22:21:15.549655,road_0002,51.21222340415979,71.47718542988797,107,34.8277511165043,35,21.51701315219683,0,FREE_FLOW,local,Right Bank
2025-09-17 22:21:15.549655,road_0003,51.147142431523605,71.42424835420817,615,40.791972062176846,45,39.148362765317145,0,FREE_FLOW,collector,Left Bank
2025-09-17 22:21:15.549655,road_0004,51.194896034828155,71.42672451599276,455,45.0,45,26.670955925647984,0,FREE_FLOW,collector,City Center
2025-09-17 22:21:15.549655,road_0005,51.13145373025382,71.42743582937553,578,41.5416109674839,45,28.792515448204426,0,FREE_FLOW,collector,Left Bank
2025-09-17 22:21:15.549655,road_0006,51.14525858091126,71.40871681129984,305,45.0,45,14.673733875770122,0,FREE_FLOW,collector,Left Bank
2025-09-17 22:21:15.549655,road_0007,51.13560924762398,71.46282559050066,249,45.0,45,7.799613402797192,0,FREE_FLOW,collector,Right Bank
2025-09-17 22:21:15.549655,road_0008,51.106594323500836,71.4923767530675,262,44.3475627135316,45,17.135932837646195,0,FREE_FLOW,collector,Esil District
2025-09-17 22:21:15.549655,road_0009,51.1749541456762,71.45018304431642,1026,60.0,60,40.77538643655916,0,FREE_FLOW,arterial,City Center
2025-09-17 22:21:15.549655,road_0010,51.204215781196154,71.42542980013923,189,45.0,45,14.672272600696298,0,FREE_FLOW,collector,Right Bank
2025-09-17 22:21:15.549655,road_0011,51.14911362341584,71.45849757916488,1042,56.5598008509032,60,41.084698450194864,0,FREE_FLOW,arterial,City Center
2025-09-17 22:21:15.549655,road_0012,51.14285817159553,71.49500780438362,423,58.23041971628955,60,11.967469759886407,0,FREE_FLOW,arterial,Esil District
2025-09-17 22:21:15.549655,road_0013,51.178395080248016,71.44450085336713,272,45.0,45,14.282977996505682,0,FREE_FLOW,collector,Esil District
2025-09-17 22:21:15.549655,road_0014,51.22329556186777,71.40648282801608,156,45.0,45,0.9415846373422561,0,FREE_FLOW,collector,Right Bank
2025-09-17 22:21:15.549655,road_0015,51.20247308795898,71.43455351818268,223,44.900950534819245,45,20.4243488094424,0,FREE_FLOW,collector,Right Bank
2025-09-17 22:21:15.549655,road_0016,51.16488352763151,71.45530260780878,427,41.30917215686494,45,22.5911145526911,0,FREE_FLOW,collector,City Center
2025-09-17 22:21:15.549655,road_0017,51.1949632883288,71.44123238931239,319,34.31255529073355,35,42.2307164395669,0,FREE_FLOW,local,City Center
2025-09-17 22:21:15.549655,road_0018,51.15447620767163,71.43400349958901,626,45.0,45,32.6672559566301,0,FREE_FLOW,collector,City Center
2025-09-17 22:21:15.549655,road_0019,51.117113160490625,71.37143752439205,362,32.41681808111517,35,46.79316968039198,0,FREE_FLOW,local,Left Bank
2025-09-17 22:26:15.549655,road_0000,51.14858964026895,71.43899067721357,341,40.86437655672327,45,27.137487475920963,0,FREE_FLOW,collector,City Center
2025-09-17 22:26:15.549655,road_0001,51.19558998501542,71.45756838173378,846,58.45848366929293,60,28.44852021467818,0,FREE_FLOW,arterial,City Center
2025-09-17 22:26:15.549655,road_0002,51.21222340415979,71.47718542988797,209,33.36826320019605,35,31.551959905702468,0,FREE_FLOW,local,Right Bank
2025-09-17 22:26:15.549655,road_0003,51.147142431523605,71.42424835420817,587,41.02336813910198,45,44.16248433611613,0,FREE_FLOW,collector,Left Bank
2025-09-17 22:26:15.549655,road_0004,51.194896034828155,71.42672451599276,666,43.24997993466659,45,46.12934274655412,0,FREE_FLOW,collector,City Center
2025-09-17 22:26:15.549655,road_0005,51.13145373025382,71.42743582937553,444,45.0,45,37.22697386121526,0,FREE_FLOW,collector,Left Bank
2025-09-17 22:26:15.549655,road_0006,51.14525858091126,71.40871681129984,420,45.0,45,30.52420096809463,0,FREE_FLOW,collector,Left Bank
2025-09-17 22:26:15.549655,road_0007,51.13560924762398,71.46282559050066,320,44.623673190531186,45,27.196940908702153,0,FREE_FLOW,collector,Right Bank
2025-09-17 22:26:15.549655,road_0008,51.106594323500836,71.4923767530675,393,43.67348716304969,45,18.265434707376357,0,FREE_FLOW,collector,Esil District
2025-09-17 22:26:15.549655,road_0009,51.1749541456762,71.45018304431642,869,54.4709851268915,60,29.94299025920423,0,FREE_FLOW,arterial,City Center
2025-09-17 22:26:15.549655,road_0010,51.204215781196154,71.42542980013923,383,43.205287958478,45,16.158654823956137,0,FREE_FLOW,collector,Right Bank
2025-09-17 22:26:15.549655,road_0011,51.14911362341584,71.45849757916488,850,57.33766379735606,60,24.365156857399178,0,FREE_FLOW,arterial,City Center
2025-09-17 22:26:15.549655,road_0012,51.14285817159553,71.49500780438362,218,58.63716164158154,60,5.784486660824303,0,FREE_FLOW,arterial,Esil District
2025-09-17 22:26:15.549655,road_0013,51.178395080248016,71.44450085336713,309,42.86046968207156,45,24.60817041763294,0,FREE_FLOW,collector,Esil District
2025-09-17 22:26:15.549655,road_0014,51.22329556186777,71.40648282801608,320,45.0,45,21.01377406464656,0,FREE_FLOW,collector,Right Bank
2025-09-17 22:26:15.549655,road_0015,51.20247308795898,71.43455351818268,172,41.35161879834123,45,8.27241938913537,0,FREE_FLOW,collector,Right Bank
2025-09-17 22:26:15.549655,road_0016,51.16488352763151,71.45530260780878,358,43.27754197240252,45,31.521301689643934,0,FREE_FLOW,collector,City Center
2025-09-17 22:26:15.549655,road_0017,51.1949632883288,71.44123238931239,432,33.01554095918021,35,47.284793111008796,0,FREE_FLOW,local,City Center
2025-09-17 22:26:15.549655,road_0018,51.15447620767163,71.43400349958901,613,44.61556562858824,45,42.720256759197646,0,FREE_FLOW,collector,City Center
2025-09-17 22:26:15.549655,road_0019,51.117113160490625,71.37143752439205,320,35.0,35,40.32333331896514,0,FREE_FLOW,local,Left Bank
2025-09-17 22:31:15.549655,road_0000,51.14858964026895,71.43899067721357,741,45.0,45,53.35965183643313,0,FREE_FLOW,collector,City Center
2025-09-17 22:31:15.549655,road_0001,51.19558998501542,71.45756838173378,1088,57.842298786763585,60,42.48881568870878,0,FREE_FLOW,arterial,City Center
2025-09-17 22:31:15.549655,road_0002,51.21222340415979,71.47718542988797,234,35.0,35,26.562121399062015,0,FREE_FLOW,local,Right Bank
2025-09-17 22:31:15.549655,road_0003,51.147142431523605,71.42424835420817,607,41.79861804641806,45,47.05675445380062,0,FREE_FLOW,collector,Left Bank
2025-09-17 22:31:15.549655,road_0004,51.194896034828155,71.42672451599276,409,44.822178754961925,45,22.53276832465168,0,FREE_FLOW,collector,City Center
2025-09-17 22:31:15.549655,road_0005,51.13145373025382,71.42743582937553,250,45.0,45,25.61750350568642,0,FREE_FLOW,collector,Left Bank
2025-09-17 22:31:15.549655,road_0006,51.14525858091126,71.40871681129984,317,45.0,45,20.01083793814629,0,FREE_FLOW,collector,Left Bank
2025-09-17 22:31:15.549655,road_0007,51.13560924762398,71.46282559050066,269,43.43469804237852,45,27.655798416845567,0,FREE_FLOW,collector,Right Bank
2025-09-17 22:31:15.549655,road_0008,51.106594323500836,71.4923767530675,410,42.65620126885651,45,20.414189991989588,0,FREE_FLOW,collector,Esil District
2025-09-17 22:31:15.549655,road_0009,51.1749541456762,71.45018304431642,599,60.0,60,24.43683044975172,0,FREE_FLOW,arterial,City Center
2025-09-17 22:31:15.549655,road_0010,51.204215781196154,71.42542980013923,357,45.0,45,21.784724386971874,0,FREE_FLOW,collector,Right Bank
2025-09-17 22:31:15.549655,road_0011,51.14911362341584,71.45849757916488,1465,59.25818701035497,60,56.338022363278114,0,FREE_FLOW,arterial,City Center
2025-09-17 22:31:15.549655,road_0012,51.14285817159553,71.49500780438362,385,60.0,60,13.492951995855544,0,FREE_FLOW,arterial,Esil District
2025-09-17 22:31:15.549655,road_0013,51.178395080248016,71.44450085336713,265,42.925612334712994,45,23.944509850960593,0,FREE_FLOW,collector,Esil District
2025-09-17 22:31:15.549655,road_0014,51.22329556186777,71.40648282801608,437,45.0,45,36.3259350499592,0,FREE_FLOW,collector,Right Bank
2025-09-17 22:31:15.549655,road_0015,51.20247308795898,71.43455351818268,473,45.0,45,36.04236040109046,0,FREE_FLOW,collector,Right Bank
2025-09-17 22:31:15.549655,road_0016,51.16488352763151,71.45530260780878,668,45.0,45,43.59268278908687,0,FREE_FLOW,collector,City Center
2025-09-17 22:31:15.549655,road_0017,51.1949632883288,71.44123238931239,385,35.0,35,48.40778277158757,0,FREE_FLOW,local,City Center
2025-09-17 22:31:15.549655,road_0018,51.15447620767163,71.43400349958901,515,43.20933799026817,45,42.33200899852782,0,FREE_FLOW,collector,City Center
2025-09-17 22:31:15.549655,road_0019,51.117113160490625,71.37143752439205,252,35.0,35,24.06383382056624,0,FREE_FLOW,local,Left Bank
2025-09-17 22:36:15.549655,road_0000,51.14858964026895,71.43899067721357,834,43.56271748599691,45,57.53920840442775,0,FREE_FLOW,collector,City Center
2025-09-17 22:36:15.549655,road_0001,51.19558998501542,71.45756838173378,1238,59.47019890915935,60,42.611498904753006,0,FREE_FLOW,arterial,City Center
2025-09-17 22:36:15.549655,road_0002,51.21222340415979,71.47718542988797,195,35.0,35,18.39893306916104,0,FREE_FLOW,local,Right Bank
2025-09-17 22:36:15.549655,road_0003,51.147142431523605,71.42424835420817,593,45.0,45,33.23248830066088,0,FREE_FLOW,collector,Left Bank
2025-09-17 22:36:15.549655,road_0004,51.194896034828155,71.42672451599276,472,41.554864626241596,45,22.72433952572296,0,FREE_FLOW,collector,City Center
2025-09-17 22:36:15.549655,road_0005,51.13145373025382,71.42743582937553,618,45.0,45,46.18120039534395,0,FREE_FLOW,collector,Left Bank
2025-09-17 22:36:15.549655,road_0006,51.14525858091126,71.40871681129984,747,40.77876310678896,45,44.985327592577285,0,FREE_FLOW,collector,Left Bank
2025-09-17 22:36:15.549655,road_0007,51.13560924762398,71.46282559050066,399,45.0,45,20.644353181708638,0,FREE_FLOW,collector,Right Bank
2025-09-17 22:36:15.549655,road_0008,51.106594323500836,71.4923767530675,254,45.0,45,15.657367688064983,0,FREE_FLOW,collector,Esil District
2025-09-17 22:36:15.549655,road_0009,51.1749541456762,71.45018304431642,1376,60.0,60,52.37844284096074,0,FREE_FLOW,arterial,City Center
2025-09-17 22:36:15.549655,road_0010,51.204215781196154,71.42542980013923,384,45.0,45,31.243809165362766,0,FREE_FLOW,collector,Right Bank
2025-09-17 22:36:15.549655,road_0011,51.14911362341584,71.45849757916488,779,60.0,60,39.02159375639944,0,FREE_FLOW,arterial,City Center
2025-09-17 22:36:15.549655,road_0012,51.14285817159553,71.49500780438362,580,60.0,60,30.057850426106334,0,FREE_FLOW,arterial,Esil District
2025-09-17 22:36:15.549655,road_0013,51.178395080248016,71.44450085336713,344,40.99918167355434,45,26.26308598274703,0,FREE_FLOW,collector,Esil District
2025-09-17 22:36:15.549655,road_0014,51.22329556186777,71.40648282801608,266,45.0,45,12.338661755361409,0,FREE_FLOW,collector,Right Bank
2025-09-17 22:36:15.549655,road_0015,51.20247308795898,71.43455351818268,383,45.0,45,25.034390506553272,0,FREE_FLOW,collector,Right Bank
2025-09-17 22:36:15.549655,road_0016,51.16488352763151,71.45530260780878,496,45.0,45,38.474600654683385,0,FREE_FLOW,collector,City Center
2025-09-17 22:36:15.549655,road_0017,51.1949632883288,71.44123238931239,222,32.516334404186054,35,19.265626147746758,0,FREE_FLOW,local,City Center
2025-09-17 22:36:15.549655,road_0018,51.15447620767163,71.43400349958901,318,45.0,45,14.127030285464018,0,FREE_FLOW,collector,City Center
2025-09-17 22:36:15.549655,road_0019,51.117113160490625,71.37143752439205,330,35.0,35,49.16772794408921,0,FREE_FLOW,local,Left Bank
2025-09-17 22:41:15.549655,road_0000,51.14858964026895,71.43899067721357,716,45.0,45,51.690368358730844,0,FREE_FLOW,collector,City Center
2025-09-17 22:41:15.549655,road_0001,51.19558998501542,71.45756838173378,527,60.0,60,14.377693625946703,0,FREE_FLOW,arterial,City Center
2025-09-17 22:41:15.549655,road_0002,51.21222340415979,71.47718542988797,182,35.0,35,20.462001157963503,0,FREE_FLOW,local,Right Bank
2025-09-17 22:41:15.549655,road_0003,51.147142431523605,71.42424835420817,495,45.0,45,27.005735693449495,0,FREE_FLOW,collector,Left Bank
2025-09-17 22:41:15.549655,road_0004,51.194896034828155,71.42672451599276,365,45.0,45,14.52393039452498,0,FREE_FLOW,collector,City Center
2025-09-17 22:41:15.549655,road_0005,51.13145373025382,71.42743582937553,362,42.69437115748003,45,26.672016626766027,0,FREE_FLOW,collector,Left Bank
2025-09-17 22:41:15.549655,road_0006,51.14525858091126,71.40871681129984,659,41.65034546441051,45,47.62908145353871,0,FREE_FLOW,collector,Left Bank
2025-09-17 22:41:15.549655,road_0007,51.13560924762398,71.46282559050066,325,44.36027720256683,45,18.085581134752626,0,FREE_FLOW,collector,Right Bank
2025-09-17 22:41:15.549655,road_0008,51.106594323500836,71.4923767530675,170,41.71653456762572,45,8.152110556767902,0,FREE_FLOW,collector,Esil District
2025-09-17 22:41:15.549655,road_0009,51.1749541456762,71.45018304431642,822,59.53886380219807,60,27.386319034567173,0,FREE_FLOW,arterial,City Center
2025-09-17 22:41:15.549655,road_0010,51.204215781196154,71.42542980013923,404,45.0,45,32.21480794742557,0,FREE_FLOW,collector,Right Bank
2025-09-17 22:41:15.549655,road_0011,51.14911362341584,71.45849757916488,983,60.0,60,34.614269322076325,0,FREE_FLOW,arterial,City Center
2025-09-17 22:41:15.549655,road_0012,51.14285817159553,71.49500780438362,676,60.0,60,20.0208216044393,0,FREE_FLOW,arterial,Esil District
2025-09-17 22:41:15.549655,road_0013,51.178395080248016,71.44450085336713,426,45.0,45,36.50113364246917,0,FREE_FLOW,collector,Esil District
2025-09-17 22:41:15.549655,road_0014,51.22329556186777,71.40648282801608,263,45.0,45,13.209774506174417,0,FREE_FLOW,collector,Right Bank
2025-09-17 22:41:15.549655,road_0015,51.20247308795898,71.43455351818268,205,45.0,45,8.968507412838356,0,FREE_FLOW,collector,Right Bank
2025-09-17 22:41:15.549655,road_0016,51.16488352763151,71.45530260780878,654,44.43008409610037,45,36.50594657777396,0,FREE_FLOW,collector,City Center
2025-09-17 22:41:15.549655,road_0017,51.1949632883288,71.44123238931239,517,32.48684987317121,35,64.23425526398285,0,FREE_FLOW,local,City Center
2025-09-17 22:41:15.549655,road_0018,51.15447620767163,71.43400349958901,763,42.72306773788415,45,57.68540966171558,0,FREE_FLOW,collector,City Center
2025-09-17 22:41:15.549655,road_0019,51.117113160490625,71.37143752439205,307,35.0,35,34.70080318164744,0,FREE_FLOW,local,Left Bank
2025-09-17 22:46:15.549655,road_0000,51.14858964026895,71.43899067721357,358,45.0,45,21.740260968622913,0,FREE_FLOW,collector,City Center
2025-09-17 22:46:15.549655,road_0001,51.19558998501542,71.45756838173378,576,56.88113215366898,60,21.22700555380843,0,FREE_FLOW,arterial,City Center
2025-09-17 22:46:15.549655,road_0002,51.21222340415979,71.47718542988797,143,35.0,35,13.60112672855665,0,FREE_FLOW,local,Right Bank
2025-09-17 22:46:15.549655,road_0003,51.147142431523605,71.42424835420817,326,44.1259958586596,45,13.341099311705193,0,FREE_FLOW,collector,Left Bank
2025-09-17 22:46:15.549655,road_0004,51.194896034828155,71.42672451599276,718,45.0,45,55.71673769560719,0,FREE_FLOW,collector,City Center
2025-09-17 22:46:15.549655,road_0005,51.13145373025382,71.42743582937553,626,44.26427256487229,45,33.70038433407049,0,FREE_FLOW,collector,Left Bank
2025-09-17 22:46:15.549655,road_0006,51.14525858091126,71.40871681129984,337,45.0,45,15.293957370292247,0,FREE_FLOW,collector,Left Bank
2025-09-17 22:46:15.549655,road_0007,51.13560924762398,71.46282559050066,281,43.45658938259947,45,19.149465851702786,0,FREE_FLOW,collector,Right Bank
2025-09-17 22:46:15.549655,road_0008,51.106594323500836,71.4923767530675,238,40.56928816347711,45,20.994277921827784,0,FREE_FLOW,collector,Esil District
2025-09-17 22:46:15.549655,road_0009,51.1749541456762,71.45018304431642,685,54.4531883394644,60,30.3657550216737,0,FREE_FLOW,arterial,City Center
2025-09-17 22:46:15.549655,road_0010,51.204215781196154,71.42542980013923,334,40.66607166590691,45,15.21695125451988,0,FREE_FLOW,collector,Right Bank
2025-09-17 22:46:15.549655,road_0011,51.14911362341584,71.45849757916488,1081,60.0,60,45.149414531096106,0,FREE_FLOW,arterial,City Center
2025-09-17 22:46:15.549655,road_0012,51.14285817159553,71.49500780438362,364,60.0,60,21.654557375771915,0,FREE_FLOW,arterial,Esil District
2025-09-17 22:46:15.549655,road_0013,51.178395080248016,71.44450085336713,309,45.0,45,30.410945489173468,0,FREE_FLOW,collector,Esil District
2025-09-17 22:46:15.549655,road_0014,51.22329556186777,71.40648282801608,451,42.191709446801134,45,24.029602974532292,0,FREE_FLOW,collector,Right Bank
2025-09-17 22:46:15.549655,road_0015,51.20247308795898,71.43455351818268,388,44.91582559864151,45,23.52440389710283,0,FREE_FLOW,collector,Right Bank
2025-09-17 22:46:15.549655,road_0016,51.16488352763151,71.45530260780878,602,45.0,45,32.113282335040964,0,FREE_FLOW,collector,City Center
2025-09-17 22:46:15.549655,road_0017,51.1949632883288,71.44123238931239,433,33.79728920132121,35,57.66613763423602,0,FREE_FLOW,local,City Center
2025-09-17 22:46:15.549655,road_0018,51.15447620767163,71.43400349958901,517,42.29192827427758,45,38.311097618715706,0,FREE_FLOW,collector,City Center
2025-09-17 22:46:15.549655,road_0019,51.117113160490625,71.37143752439205,305,33.29054377069708,35,31.8142001176225,0,FREE_FLOW,local,Left Bank
2025-09-17 22:51:15.549655,road_0000,51.14858964026895,71.43899067721357,594,41.94571665941322,45,36.06461808314399,0,FREE_FLOW,collector,City Center
2025-09-17 22:51:15.549655,road_0001,51.19558998501542,71.45756838173378,615,55.085081841596896,60,22.692180328326742,0,FREE_FLOW,arterial,City Center
2025-09-17 22:51:15.549655,road_0002,51.21222340415979,71.47718542988797,297,35.0,35,44.54960932277503,0,FREE_FLOW,local,Right Bank
2025-09-17 22:51:15.549655,road_0003,51.147142431523605,71.42424835420817,432,40.628029219661094,45,27.45719471034565,0,FREE_FLOW,collector,Left Bank
2025-09-17 22:51:15.549655,road_0004,51.194896034828155,71.42672451599276,417,45.0,45,36.34248758695632,0,FREE_FLOW,collector,City Center
2025-09-17 22:51:15.549655,road_0005,51.13145373025382,71.42743582937553,587,44.07121573864325,45,34.48551083227502,0,FREE_FLOW,collector,Left Bank
2025-09-17 22:51:15.549655,road_0006,51.14525858091126,71.40871681129984,815,45.0,45,54.02350766763375,0,FREE_FLOW,collector,Left Bank
2025-09-17 22:51:15.549655,road_0007,51.13560924762398,71.46282559050066,388,44.641828763216495,45,25.748381688233856,0,FREE_FLOW,collector,Right Bank
2025-09-17 22:51:15.549655,road_0008,51.106594323500836,71.4923767530675,136,45.0,45,0.0,0,FREE_FLOW,collector,Esil District
2025-09-17 22:51:15.549655,road_0009,51.1749541456762,71.45018304431642,1026,54.2570187218568,60,33.032934537636706,0,FREE_FLOW,arterial,City Center
2025-09-17 22:51:15.549655,road_0010,51.204215781196154,71.42542980013923,246,43.66366488640707,45,18.375809483676377,0,FREE_FLOW,collector,Right Bank
2025-09-17 22:51:15.549655,road_0011,51.14911362341584,71.45849757916488,1043,60.0,60,32.59437672410328,0,FREE_FLOW,arterial,City Center
2025-09-17 22:51:15.549655,road_0012,51.14285817159553,71.49500780438362,393,56.032532687631196,60,12.178382429338626,0,FREE_FLOW,arterial,Esil District
2025-09-17 22:51:15.549655,road_0013,51.178395080248016,71.44450085336713,369,42.135203810551985,45,23.878571613900732,0,FREE_FLOW,collector,Esil District
2025-09-17 22:51:15.549655,road_0014,51.22329556186777,71.40648282801608,314,43.753780833082914,45,13.875185521761141,0,FREE_FLOW,collector,Right Bank
2025-09-17 22:51:15.549655,road_0015,51.20247308795898,71.43455351818268,424,45.0,45,20.854918628650452,0,FREE_FLOW,collector,Right Bank
2025-09-17 22:51:15.549655,road_0016,51.16488352763151,71.45530260780878,738,41.010291161949546,45,44.54817970287048,0,FREE_FLOW,collector,City Center
2025-09-17 22:51:15.549655,road_0017,51.1949632883288,71.44123238931239,405,35.0,35,57.01792205604186,0,FREE_FLOW,local,City Center
2025-09-17 22:51:15.549655,road_0018,51.15447620767163,71.43400349958901,399,45.0,45,22.84167405440951,0,FREE_FLOW,collector,City Center
2025-09-17 22:51:15.549655,road_0019,51.117113160490625,71.37143752439205,209,35.0,35,27.091994054057533,0,FREE_FLOW,local,Left Bank
2025-09-17 22:56:15.549655,road_0000,51.14858964026895,71.43899067721357,705,44.72443524480738,45,44.10757533822343,0,FREE_FLOW,collector,City Center
2025-09-17 22:56:15.549655,road_0001,51.19558998501542,71.45756838173378,599,60.0,60,26.40148434965958,0,FREE_FLOW,arterial,City Center
2025-09-17 22:56:15.549655,road_0002,51.21222340415979,71.47718542988797,125,34.32362236258773,35,12.172508983578625,0,FREE_FLOW,local,Right Bank
2025-09-17 22:56:15.549655,road_0003,51.147142431523605,71.42424835420817,411,41.03392316406265,45,22.200017311903213,0,FREE_FLOW,collector,Left Bank
2025-09-17 22:56:15.549655,road_0004,51.194896034828155,71.42672451599276,744,41.16588432262926,45,52.27474681890652,0,FREE_FLOW,collector,City Center
2025-09-17 22:56:15.549655,road_0005,51.13145373025382,71.42743582937553,671,45.0,45,44.238805765790154,0,FREE_FLOW,collector,Left Bank
2025-09-17 22:56:15.549655,road_0006,51.14525858091126,71.40871681129984,602,45.0,45,32.25111973428702,0,FREE_FLOW,collector,Left Bank
2025-09-17 22:56:15.549655,road_0007,51.13560924762398,71.46282559050066,316,45.0,45,19.864007569104285,0,FREE_FLOW,collector,Right Bank
2025-09-17 22:56:15.549655,road_0008,51.106594323500836,71.4923767530675,256,45.0,45,19.083292838714684,0,FREE_FLOW,collector,Esil District
2025-09-17 22:56:15.549655,road_0009,51.1749541456762,71.45018304431642,1257,58.34772147114998,60,46.86039670922057,0,FREE_FLOW,arterial,City Center
2025-09-17 22:56:15.549655,road_0010,51.204215781196154,71.42542980013923,398,40.602619138980465,45,28.87148884715545,0,FREE_FLOW,collector,Right Bank
2025-09-17 22:56:15.549655,road_0011,51.14911362341584,71.45849757916488,1161,60.0,60,53.80540159622433,0,FREE_FLOW,arterial,City Center
2025-09-17 22:56:15.549655,road_0012,51.14285817159553,71.49500780438362,361,59.0067019436757,60,13.97543252589431,0,FREE_FLOW,arterial,Esil District
2025-09-17 22:56:15.549655,road_0013,51.178395080248016,71.44450085336713,176,44.98167363630442,45,14.484037744216005,0,FREE_FLOW,collector,Esil District
2025-09-17 22:56:15.549655,road_0014,51.22329556186777,71.40648282801608,245,45.0,45,23.796542027488453,0,FREE_FLOW,collector,Right Bank
2025-09-17 22:56:15.549655,road_0015,51.20247308795898,71.43455351818268,236,45.0,45,17.809751194375032,0,FREE_FLOW,collector,Right Bank
2025-09-17 22:56:15.549655,road_0016,51.16488352763151,71.45530260780878,730,42.321237520549396,45,46.749754839726094,0,FREE_FLOW,collector,City Center
2025-09-17 22:56:15.549655,road_0017,51.1949632883288,71.44123238931239,253,35.0,35,36.572565192161264,0,FREE_FLOW,local,City Center
2025-09-17 22:56:15.549655,road_0018,51.15447620767163,71.43400349958901,966,44.271076177743765,45,56.94628964425002,0,FREE_FLOW,collector,City Center
2025-09-17 22:56:15.549655,road_0019,51.117113160490625,71.37143752439205,354,35.0,35,40.21151934521764,0,FREE_FLOW,local,Left Bank
2025-09-17 23:01:15.549655,road_0000,51.14858964026895,71.43899067721357,440,42.05532258754734,45,27.772544565055092,0,FREE_FLOW,collector,City Center
2025-09-17 23:01:15.549655,road_0001,51.19558998501542,71.45756838173378,664,54.53706030202716,60,33.43066127731072,0,FREE_FLOW,arterial,City Center
2025-09-17 23:01:15.549655,road_0002,51.21222340415979,71.47718542988797,195,31.732763702321375,35,20.388901051680843,0,FREE_FLOW,local,Right Bank
2025-09-17 23:01:15.549655,road_0003,51.147142431523605,71.42424835420817,561,40.87533389755577,45,40.093646605511864,0,FREE_FLOW,collector,Left Bank
2025-09-17 23:01:15.549655,road_0004,51.194896034828155,71.42672451599276,527,44.98687734728315,45,27.269837477904545,0,FREE_FLOW,collector,City Center
2025-09-17 23:01:15.549655,road_0005,51.13145373025382,71.42743582937553,504,45.0,45,31.489197882719935,0,FREE_FLOW,collector,Left Bank
2025-09-17 23:01:15.549655,road_0006,51.14525858091126,71.40871681129984,436,43.26999299490642,45,31.299213716109108,0,FREE_FLOW,collector,Left Bank
2025-09-17 23:01:15.549655,road_0007,51.13560924762398,71.46282559050066,388,42.41861432328551,45,22.000901176368018,0,FREE_FLOW,collector,Right Bank
2025-09-17 23:01:15.549655,road_0008,51.106594323500836,71.4923767530675,281,42.77561461055066,45,28.68593863116534,0,FREE_FLOW,collector,Esil District
2025-09-17 23:01:15.549655,road_0009,51.1749541456762,71.45018304431642,380,60.0,60,11.443910672361078,0,FREE_FLOW,arterial,City Center
2025-09-17 23:01:15.549655,road_0010,51.204215781196154,71.42542980013923,196,45.0,45,4.193858449391897,0,FREE_FLOW,collector,Right Bank
2025-09-17 23:01:15.549655,road_0011,51.14911362341584,71.45849757916488,760,59.5190416966933,60,31.092087801845118,0,FREE_FLOW,arterial,City Center
2025-09-17 23:01:15.549655,road_0012,51.14285817159553,71.49500780438362,172,57.820436164049,60,7.153734893550511,0,FREE_FLOW,arterial,Esil District
2025-09-17 23:01:15.549655,road_0013,51.178395080248016,71.44450085336713,120,43.21093184438264,45,9.173183134485258,0,FREE_FLOW,collector,Esil District
2025-09-17 23:01:15.549655,road_0014,51.22329556186777,71.40648282801608,264,45.0,45,7.762988148537977,0,FREE_FLOW,collector,Right Bank
2025-09-17 23:01:15.549655,road_0015,51.20247308795898,71.43455351818268,158,45.0,45,18.140665577877115,0,FREE_FLOW,collector,Right Bank
2025-09-17 23:01:15.549655,road_0016,51.16488352763151,71.45530260780878,465,45.0,45,28.325490633714082,0,FREE_FLOW,collector,City Center
2025-09-17 23:01:15.549655,road_0017,51.1949632883288,71.44123238931239,313,33.490481918638665,35,36.193489711246436,0,FREE_FLOW,local,City Center
2025-09-17 23:01:15.549655,road_0018,51.15447620767163,71.43400349958901,390,45.0,45,24.378716967799917,0,FREE_FLOW,collector,City Center
2025-09-17 23:01:15.549655,road_0019,51.117113160490625,71.37143752439205,250,31.650318547843515,35,29.050238431777935,0,FREE_FLOW,local,Left Bank
2025-09-17 23:06:15.549655,road_0000,51.14858964026895,71.43899067721357,586,42.13599637610015,45,46.15101845592916,0,FREE_FLOW,collector,City Center
2025-09-17 23:06:15.549655,road_0001,51.19558998501542,71.45756838173378,733,59.96930352107789,60,34.53606250859053,0,FREE_FLOW,arterial,City Center
2025-09-17 23:06:15.549655,road_0002,51.21222340415979,71.47718542988797,139,33.36228466727353,35,8.448528662257463,0,FREE_FLOW,local,Right Bank
2025-09-17 23:06:15.549655,road_0003,51.147142431523605,71.42424835420817,399,45.0,45,23.910198538327656,0,FREE_FLOW,collector,Left Bank
2025-09-17 23:06:15.549655,road_0004,51.194896034828155,71.42672451599276,580,41.73021673216465,45,47.8283644229258,0,FREE_FLOW,collector,City Center
2025-09-17 23:06:15.549655,road_0005,51.13145373025382,71.42743582937553,362,45.0,45,17.468590450729188,0,FREE_FLOW,collector,Left Bank
2025-09-17 23:06:15.549655,road_0006,51.14525858091126,71.40871681129984,541,44.97010843518881,45,27.046051524528693,0,FREE_FLOW,collector,Left Bank
2025-09-17 23:06:15.549655,road_0007,51.13560924762398,71.46282559050066,140,40.91226741841353,45,0.0,0,FREE_FLOW,collector,Right Bank
2025-09-17 23:06:15.549655,road_0008,51.106594323500836,71.4923767530675,278,44.05638619657414,45,24.184821127803154,0,FREE_FLOW,collector,Esil District
2025-09-17 23:06:15.549655,road_0009,51.1749541456762,71.45018304431642,757,54.39548123602894,60,24.915081521083252,0,FREE_FLOW,arterial,City Center
2025-09-17 23:06:15.549655,road_0010,51.204215781196154,71.42542980013923,181,45.0,45,11.826710622830937,0,FREE_FLOW,collector,Right Bank
2025-09-17 23:06:15.549655,road_0011,51.14911362341584,71.45849757916488,891,60.0,60,43.40219176456408,0,FREE_FLOW,arterial,City Center
2025-09-17 23:06:15.549655,road_0012,51.14285817159553,71.49500780438362,219,60.0,60,12.207688095828265,0,FREE_FLOW,arterial,Esil District
2025-09-17 23:06:15.549655,road_0013,51.178395080248016,71.44450085336713,195,44.551286440353735,45,8.763959039680426,0,FREE_FLOW,collector,Esil District
2025-09-17 23:06:15.549655,road_0014,51.22329556186777,71.40648282801608,138,41.041581353662586,45,9.019098896744985,0,FREE_FLOW,collector,Right Bank
2025-09-17 23:06:15.549655,road_0015,51.20247308795898,71.43455351818268,114,44.98424330177917,45,4.83549778249666,0,FREE_FLOW,collector,Right Bank
2025-09-17 23:06:15.549655,road_0016,51.16488352763151,71.45530260780878,362,45.0,45,25.79915771241852,0,FREE_FLOW,collector,City Center
2025-09-17 23:06:15.549655,road_0017,51.1949632883288,71.44123238931239,119,35.0,35,14.9692304628854,0,FREE_FLOW,local,City Center
2025-09-17 23:06:15.549655,road_0018,51.15447620767163,71.43400349958901,592,45.0,45,41.25036050228912,0,FREE_FLOW,collector,City Center
2025-09-17 23:06:15.549655,road_0019,51.117113160490625,71.37143752439205,195,35.0,35,33.891100792420396,0,FREE_FLOW,local,Left Bank
2025-09-17 23:11:15.549655,road_0000,51.14858964026895,71.43899067721357,451,45.0,45,23.57334697080961,0,FREE_FLOW,collector,City Center
2025-09-17 23:11:15.549655,road_0001,51.19558998501542,71.45756838173378,751,57.073640120804995,60,28.675104163526676,0,FREE_FLOW,arterial,City Center
2025-09-17 23:11:15.549655,road_0002,51.21222340415979,71.47718542988797,196,32.74024068157867,35,17.96494196528414,0,FREE_FLOW,local,Right Bank
2025-09-17 23:11:15.549655,road_0003,51.147142431523605,71.42424835420817,529,41.08911622826062,45,27.222797244802244,0,FREE_FLOW,collector,Left Bank
2025-09-17 23:11:15.549655,road_0004,51.194896034828155,71.42672451599276,616,45.0,45,49.90978781706743,0,FREE_FLOW,collector,City Center
2025-09-17 23:11:15.549655,road_0005,51.13145373025382,71.42743582937553,406,45.0,45,18.417152901420778,0,FREE_FLOW,collector,Left Bank
2025-09-17 23:11:15.549655,road_0006,51.14525858091126,71.40871681129984,281,45.0,45,10.2442952978638,0,FREE_FLOW,collector,Left Bank
2025-09-17 23:11:15.549655,road_0007,51.13560924762398,71.46282559050066,245,45.0,45,14.10138730587746,0,FREE_FLOW,collector,Right Bank
2025-09-17 23:11:15.549655,road_0008,51.106594323500836,71.4923767530675,227,45.0,45,21.457902788319036,0,FREE_FLOW,collector,Esil District
2025-09-17 23:11:15.549655,road_0009,51.1749541456762,71.45018304431642,587,60.0,60,27.52034452152847,0,FREE_FLOW,arterial,City Center
2025-09-17 23:11:15.549655,road_0010,51.204215781196154,71.42542980013923,272,45.0,45,8.574242235282897,0,FREE_FLOW,collector,Right Bank
2025-09-17 23:11:15.549655,road_0011,51.14911362341584,71.45849757916488,733,60.0,60,23.384240585747516,0,FREE_FLOW,arterial,City Center
2025-09-17 23:11:15.549655,road_0012,51.14285817159553,71.49500780438362,206,57.829054502902494,60,10.696819586257647,0,FREE_FLOW,arterial,Esil District
2025-09-17 23:11:15.549655,road_0013,51.178395080248016,71.44450085336713,189,42.8433283624981,45,21.220344971256807,0,FREE_FLOW,collector,Esil District
2025-09-17 23:11:15.549655,road_0014,51.22329556186777,71.40648282801608,122,45.0,45,0.0,0,FREE_FLOW,collector,Right Bank
2025-09-17 23:11:15.549655,road_0015,51.20247308795898,71.43455351818268,295,45.0,45,15.357410799748209,0,FREE_FLOW,collector,Right Bank
2025-09-17 23:11:15.549655,road_0016,51.16488352763151,71.45530260780878,537,45.0,45,44.17869730935341,0,FREE_FLOW,collector,City Center
2025-09-17 23:11:15.549655,road_0017,51.1949632883288,71.44123238931239,278,31.817407182812616,35,40.46899199457358,0,FREE_FLOW,local,City Center
2025-09-17 23:11:15.549655,road_0018,51.15447620767163,71.43400349958901,636,43.33983105624376,45,38.935237737424856,0,FREE_FLOW,collector,City Center
2025-09-17 23:11:15.549655,road_0019,51.117113160490625,71.37143752439205,146,35.0,35,17.706161843770914,0,FREE_FLOW,local,Left Bank
2025-09-17 23:16:15.549655,road_0000,51.14858964026895,71.43899067721357,546,45.0,45,28.37857315386977,0,FREE_FLOW,collector,City Center
2025-09-17 23:16:15.549655,road_0001,51.19558998501542,71.45756838173378,542,59.21557642631934,60,23.43089432602341,0,FREE_FLOW,arterial,City Center
2025-09-17 23:16:15.549655,road_0002,51.21222340415979,71.47718542988797,118,35.0,35,9.448402982668465,0,FREE_FLOW,local,Right Bank
2025-09-17 23:16:15.549655,road_0003,51.147142431523605,71.42424835420817,367,44.75560905786401,45,18.15910522157783,0,FREE_FLOW,collector,Left Bank
2025-09-17 23:16:15.549655,road_0004,51.194896034828155,71.42672451599276,405,42.680542283250325,45,25.922709491549675,0,FREE_FLOW,collector,City Center
2025-09-17 23:16:15.549655,road_0005,51.13145373025382,71.42743582937553,413,43.364634990354645,45,28.319424271213176,0,FREE_FLOW,collector,Left Bank
2025-09-17 23:16:15.549655,road_0006,51.14525858091126,71.40871681129984,479,45.0,45,35.89966269226383,0,FREE_FLOW,collector,Left Bank
2025-09-17 23:16:15.549655,road_0007,51.13560924762398,71.46282559050066,289,45.0,45,17.13885360022821,0,FREE_FLOW,collector,Right Bank
2025-09-17 23:16:15.549655,road_0008,51.106594323500836,71.4923767530675,299,41.65414658776147,45,26.70602142337326,0,FREE_FLOW,collector,Esil District
2025-09-17 23:16:15.549655,road_0009,51.1749541456762,71.45018304431642,575,57.483938933437045,60,20.579665890672366,0,FREE_FLOW,arterial,City Center
2025-09-17 23:16:15.549655,road_0010,51.204215781196154,71.42542980013923,336,42.10255352691843,45,16.376568903609133,0,FREE_FLOW,collector,Right Bank
2025-09-17 23:16:15.549655,road_0011,51.14911362341584,71.45849757916488,511,58.41151114384647,60,24.093426624675175,0,FREE_FLOW,arterial,City Center
2025-09-17 23:16:15.549655,road_0012,51.14285817159553,71.49500780438362,250,59.29814787822527,60,9.602414221993262,0,FREE_FLOW,arterial,Esil District
2025-09-17 23:16:15.549655,road_0013,51.178395080248016,71.44450085336713,203,45.0,45,17.985724013441445,0,FREE_FLOW,collector,Esil District
2025-09-17 23:16:15.549655,road_0014,51.22329556186777,71.40648282801608,259,42.6247330975191,45,8.44043191946975,0,FREE_FLOW,collector,Right Bank
2025-09-17 23:16:15.549655,road_0015,51.20247308795898,71.43455351818268,396,43.36004913379774,45,20.343759399456744,0,FREE_FLOW,collector,Right Bank
2025-09-17 23:16:15.549655,road_0016,51.16488352763151,71.45530260780878,228,45.0,45,21.21184112533396,0,FREE_FLOW,collector,City Center
2025-09-17 23:16:15.549655,road_0017,51.1949632883288,71.44123238931239,375,35.0,35,41.2991670040937,0,FREE_FLOW,local,City Center
2025-09-17 23:16:15.549655,road_0018,51.15447620767163,71.43400349958901,575,45.0,45,33.538550347193905,0,FREE_FLOW,collector,City Center
2025-09-17 23:16:15.549655,road_0019,51.117113160490625,71.37143752439205,184,32.64781135135843,35,23.324704530787436,0,FREE_FLOW,local,Left Bank
2025-09-17 23:21:15.549655,road_0000,51.14858964026895,71.43899067721357,442,43.27257350088585,45,26.279893921378072,0,FREE_FLOW,collector,City Center
2025-09-17 23:21:15.549655,road_0001,51.19558998501542,71.45756838173378,1157,60.0,60,52.746791849357535,0,FREE_FLOW,arterial,City Center
2025-09-17 23:21:15.549655,road_0002,51.21222340415979,71.47718542988797,163,35.0,35,26.77395040409256,0,FREE_FLOW,local,Right Bank
2025-09-17 23:21:15.549655,road_0003,51.147142431523605,71.42424835420817,426,42.595138547638825,45,31.444493985789638,0,FREE_FLOW,collector,Left Bank
2025-09-17 23:21:15.549655,road_0004,51.194896034828155,71.42672451599276,543,45.0,45,39.89495391118993,0,FREE_FLOW,collector,City Center
2025-09-17 23:21:15.549655,road_0005,51.13145373025382,71.42743582937553,320,41.46225817809489,45,29.80083335063289,0,FREE_FLOW,collector,Left Bank
2025-09-17 23:21:15.549655,road_0006,51.14525858091126,71.40871681129984,378,45.0,45,32.870242190476866,0,FREE_FLOW,collector,Left Bank
2025-09-17 23:21:15.549655,road_0007,51.13560924762398,71.46282559050066,187,43.462213019038515,45,13.494929589236783,0,FREE_FLOW,collector,Right Bank
2025-09-17 23:21:15.549655,road_0008,51.106594323500836,71.4923767530675,298,45.0,45,14.158537568055927,0,FREE_FLOW,collector,Esil District
2025-09-17 23:21:15.549655,road_0009,51.1749541456762,71.45018304431642,890,60.0,60,44.98014568054816,0,FREE_FLOW,arterial,City Center
2025-09-17 23:21:15.549655,road_0010,51.204215781196154,71.42542980013923,328,45.0,45,12.897602637716593,0,FREE_FLOW,collector,Right Bank
2025-09-17 23:21:15.549655,road_0011,51.14911362341584,71.45849757916488,858,60.0,60,35.34815156411667,0,FREE_FLOW,arterial,City Center
2025-09-17 23:21:15.549655,road_0012,51.14285817159553,71.49500780438362,163,59.229026700390705,60,14.91605972321766,0,FREE_FLOW,arterial,Esil District
2025-09-17 23:21:15.549655,road_0013,51.178395080248016,71.44450085336713,189,45.0,45,22.576722265597347,0,FREE_FLOW,collector,Esil District
2025-09-17 23:21:15.549655,road_0014,51.22329556186777,71.40648282801608,304,45.0,45,13.833804707590705,0,FREE_FLOW,collector,Right Bank
2025-09-17 23:21:15.549655,road_0015,51.20247308795898,71.43455351818268,346,45.0,45,28.03415655487782,0,FREE_FLOW,collector,Right Bank
2025-09-17 23:21:15.549655,road_0016,51.16488352763151,71.45530260780878,336,41.30129502849925,45,14.596363741794393,0,FREE_FLOW,collector,City Center
2025-09-17 23:21:15.549655,road_0017,51.1949632883288,71.44123238931239,344,35.0,35,36.64768805504045,0,FREE_FLOW,local,City Center
2025-09-17 23:21:15.549655,road_0018,51.15447620767163,71.43400349958901,245,43.847209551554585,45,9.278026318902112,0,FREE_FLOW,collector,City Center
2025-09-17 23:21:15.549655,road_0019,51.117113160490625,71.37143752439205,238,35.0,35,30.015310344538456,0,FREE_FLOW,local,Left Bank
2025-09-17 23:26:15.549655,road_0000,51.14858964026895,71.43899067721357,288,42.60046151145803,45,27.3424710360724,0,FREE_FLOW,collector,City Center
2025-09-17 23:26:15.549655,road_0001,51.19558998501542,71.45756838173378,834,60.0,60,42.91380964447442,0,FREE_FLOW,arterial,City Center
2025-09-17 23:26:15.549655,road_0002,51.21222340415979,71.47718542988797,172,33.535002464294905,35,23.253693111609664,0,FREE_FLOW,local,Right Bank
2025-09-17 23:26:15.549655,road_0003,51.147142431523605,71.42424835420817,320,45.0,45,21.894629842195368,0,FREE_FLOW,collector,Left Bank
2025-09-17 23:26:15.549655,road_0004,51.194896034828155,71.42672451599276,464,41.601036807314074,45,29.900910370732326,0,FREE_FLOW,collector,City Center
2025-09-17 23:26:15.549655,road_0005,51.13145373025382,71.42743582937553,259,45.0,45,16.44234858850794,0,FREE_FLOW,collector,Left Bank
2025-09-17 23:26:15.549655,road_0006,51.14525858091126,71.40871681129984,573,45.0,45,35.790766098196485,0,FREE_FLOW,collector,Left Bank
2025-09-17 23:26:15.549655,road_0007,51.13560924762398,71.46282559050066,306,43.67697605000774,45,28.336131440036727,0,FREE_FLOW,collector,Right Bank
2025-09-17 23:26:15.549655,road_0008,51.106594323500836,71.4923767530675,257,45.0,45,21.275474340148012,0,FREE_FLOW,collector,Esil District
2025-09-17 23:26:15.549655,road_0009,51.1749541456762,71.45018304431642,727,58.000174868464335,60,32.45853413571094,0,FREE_FLOW,arterial,City Center
2025-09-17 23:26:15.549655,road_0010,51.204215781196154,71.42542980013923,323,40.627039927079025,45,16.355010322326137,0,FREE_FLOW,collector,Right Bank
2025-09-17 23:26:15.549655,road_0011,51.14911362341584,71.45849757916488,1151,58.58065406909236,60,37.39276219346806,0,FREE_FLOW,arterial,City Center
2025-09-17 23:26:15.549655,road_0012,51.14285817159553,71.49500780438362,342,58.117610203080886,60,10.553982934872426,0,FREE_FLOW,arterial,Esil District
2025-09-17 23:26:15.549655,road_0013,51.178395080248016,71.44450085336713,162,45.0,45,13.653246393196865,0,FREE_FLOW,collector,Esil District
2025-09-17 23:26:15.549655,road_0014,51.22329556186777,71.40648282801608,242,41.93764330610873,45,6.485042272625993,0,FREE_FLOW,collector,Right Bank
2025-09-17 23:26:15.549655,road_0015,51.20247308795898,71.43455351818268,314,42.037867784863046,45,14.968410217302822,0,FREE_FLOW,collector,Right Bank
2025-09-17 23:26:15.549655,road_0016,51.16488352763151,71.45530260780878,460,45.0,45,32.34521616534672,0,FREE_FLOW,collector,City Center
2025-09-17 23:26:15.549655,road_0017,51.1949632883288,71.44123238931239,124,32.644882964868394,35,16.971979810035783,0,FREE_FLOW,local,City Center
2025-09-17 23:26:15.549655,road_0018,51.15447620767163,71.43400349958901,575,43.21636269237073,45,42.8882358865734,0,FREE_FLOW,collector,City Center
2025-09-17 23:26:15.549655,road_0019,51.117113160490625,71.37143752439205,259,35.0,35,38.037070628745354,0,FREE_FLOW,local,Left Bank
2025-09-17 23:31:15.549655,road_0000,51.14858964026895,71.43899067721357,425,41.566423048952835,45,23.317370945670426,0,FREE_FLOW,collector,City Center
2025-09-17 23:31:15.549655,road_0001,51.19558998501542,71.45756838173378,990,60.0,60,39.48609385597075,0,FREE_FLOW,arterial,City Center
2025-09-17 23:31:15.549655,road_0002,51.21222340415979,71.47718542988797,81,35.0,35,0.7779194685390483,0,FREE_FLOW,local,Right Bank
2025-09-17 23:31:15.549655,road_0003,51.147142431523605,71.42424835420817,248,45.0,45,20.80773430424724,0,FREE_FLOW,collector,Left Bank
2025-09-17 23:31:15.549655,road_0004,51.194896034828155,71.42672451599276,430,43.66826110952428,45,25.066515576568115,0,FREE_FLOW,collector,City Center
2025-09-17 23:31:15.549655,road_0005,51.13145373025382,71.42743582937553,472,42.7063418067706,45,36.86419446330306,0,FREE_FLOW,collector,Left Bank
2025-09-17 23:31:15.549655,road_0006,51.14525858091126,71.40871681129984,272,41.80054641752888,45,19.708264468970782,0,FREE_FLOW,collector,Left Bank
2025-09-17 23:31:15.549655,road_0007,51.13560924762398,71.46282559050066,340,45.0,45,30.458977144525576,0,FREE_FLOW,collector,Right Bank
2025-09-17 23:31:15.549655,road_0008,51.106594323500836,71.4923767530675,206,40.98980327607766,45,14.199170241692089,0,FREE_FLOW,collector,Esil District
2025-09-17 23:31:15.549655,road_0009,51.1749541456762,71.45018304431642,1237,60.0,60,45.567992496675735,0,FREE_FLOW,arterial,City Center
2025-09-17 23:31:15.549655,road_0010,51.204215781196154,71.42542980013923,290,45.0,45,15.779674093899198,0,FREE_FLOW,collector,Right Bank
2025-09-17 23:31:15.549655,road_0011,51.14911362341584,71.45849757916488,796,58.62591521742444,60,25.67599121173056,0,FREE_FLOW,arterial,City Center
2025-09-17 23:31:15.549655,road_0012,51.14285817159553,71.49500780438362,447,56.640729329356866,60,9.900005309369625,0,FREE_FLOW,arterial,Esil District
2025-09-17 23:31:15.549655,road_0013,51.178395080248016,71.44450085336713,131,45.0,45,9.383823856984385,0,FREE_FLOW,collector,Esil District
2025-09-17 23:31:15.549655,road_0014,51.22329556186777,71.40648282801608,283,44.81680112506525,45,19.46953923138757,0,FREE_FLOW,collector,Right Bank
2025-09-17 23:31:15.549655,road_0015,51.20247308795898,71.43455351818268,340,45.0,45,17.275561286188726,0,FREE_FLOW,collector,Right Bank
2025-09-17 23:31:15.549655,road_0016,51.16488352763151,71.45530260780878,527,45.0,45,42.19238729439329,0,FREE_FLOW,collector,City Center
2025-09-17 23:31:15.549655,road_0017,51.1949632883288,71.44123238931239,254,32.920859169721325,35,25.445891181449507,0,FREE_FLOW,local,City Center
2025-09-17 23:31:15.549655,road_0018,51.15447620767163,71.43400349958901,290,40.93880429004101,45,23.57232331798149,0,FREE_FLOW,collector,City Center
2025-09-17 23:31:15.549655,road_0019,51.117113160490625,71.37143752439205,108,32.31032071195614,35,17.278483561605483,0,FREE_FLOW,local,Left Bank
2025-09-17 23:36:15.549655,road_0000,51.14858964026895,71.43899067721357,369,45.0,45,20.277470187970057,0,FREE_FLOW,collector,City Center
2025-09-17 23:36:15.549655,road_0001,51.19558998501542,71.45756838173378,844,60.0,60,33.090785243084675,0,FREE_FLOW,arterial,City Center
2025-09-17 23:36:15.549655,road_0002,51.21222340415979,71.47718542988797,193,34.14522322723456,35,14.941653905813771,0,FREE_FLOW,local,Right Bank
2025-09-17 23:36:15.549655,road_0003,51.147142431523605,71.42424835420817,412,45.0,45,32.66920282296622,0,FREE_FLOW,collector,Left Bank
2025-09-17 23:36:15.549655,road_0004,51.194896034828155,71.42672451599276,241,43.47404289530411,45,25.48736156991098,0,FREE_FLOW,collector,City Center
2025-09-17 23:36:15.549655,road_0005,51.13145373025382,71.42743582937553,366,45.0,45,25.467387950913515,0,FREE_FLOW,collector,Left Bank
2025-09-17 23:36:15.549655,road_0006,51.14525858091126,71.40871681129984,431,41.59107393788597,45,37.17976285176525,0,FREE_FLOW,collector,Left Bank
2025-09-17 23:36:15.549655,road_0007,51.13560924762398,71.46282559050066,247,40.65766930202253,45,6.739707206735236,0,FREE_FLOW,collector,Right Bank
2025-09-17 23:36:15.549655,road_0008,51.106594323500836,71.4923767530675,232,43.290349775295866,45,25.101739415940607,0,FREE_FLOW,collector,Esil District
2025-09-17 23:36:15.549655,road_0009,51.1749541456762,71.45018304431642,660,60.0,60,31.23987266399756,0,FREE_FLOW,arterial,City Center
2025-09-17 23:36:15.549655,road_0010,51.204215781196154,71.42542980013923,241,44.119998322125994,45,20.386845404847577,0,FREE_FLOW,collector,Right Bank
2025-09-17 23:36:15.549655,road_0011,51.14911362341584,71.45849757916488,845,60.0,60,23.946947311388644,0,FREE_FLOW,arterial,City Center
2025-09-17 23:36:15.549655,road_0012,51.14285817159553,71.49500780438362,388,56.387684066622896,60,7.692464048576463,0,FREE_FLOW,arterial,Esil District
2025-09-17 23:36:15.549655,road_0013,51.178395080248016,71.44450085336713,143,44.76447316651571,45,17.158086714808107,0,FREE_FLOW,collector,Esil District
2025-09-17 23:36:15.549655,road_0014,51.22329556186777,71.40648282801608,288,45.0,45,19.27819051672288,0,FREE_FLOW,collector,Right Bank
2025-09-17 23:36:15.549655,road_0015,51.20247308795898,71.43455351818268,211,45.0,45,20.928938685162166,0,FREE_FLOW,collector,Right Bank
2025-09-17 23:36:15.549655,road_0016,51.16488352763151,71.45530260780878,428,45.0,45,31.078359638696362,0,FREE_FLOW,collector,City Center
2025-09-17 23:36:15.549655,road_0017,51.1949632883288,71.44123238931239,169,34.47466612486575,35,17.26530684023399,0,FREE_FLOW,local,City Center
2025-09-17 23:36:15.549655,road_0018,51.15447620767163,71.43400349958901,267,45.0,45,20.237832707694636,0,FREE_FLOW,collector,City Center
2025-09-17 23:36:15.549655,road_0019,51.117113160490625,71.37143752439205,200,31.706405484316527,35,32.343215000182866,0,FREE_FLOW,local,Left Bank
2025-09-17 23:41:15.549655,road_0000,51.14858964026895,71.43899067721357,299,45.0,45,21.476827664840457,0,FREE_FLOW,collector,City Center
2025-09-17 23:41:15.549655,road_0001,51.19558998501542,71.45756838173378,840,60.0,60,32.52900347368113,0,FREE_FLOW,arterial,City Center
2025-09-17 23:41:15.549655,road_0002,51.21222340415979,71.47718542988797,84,33.116173570210925,35,1.3650927123350893,0,FREE_FLOW,local,Right Bank
2025-09-17 23:41:15.549655,road_0003,51.147142431523605,71.42424835420817,231,41.32449264888538,45,9.608757374438854,0,FREE_FLOW,collector,Left Bank
2025-09-17 23:41:15.549655,road_0004,51.194896034828155,71.42672451599276,445,45.0,45,30.648268934790032,0,FREE_FLOW,collector,City Center
2025-09-17 23:41:15.549655,road_0005,51.13145373025382,71.42743582937553,487,45.0,45,24.52979985381706,0,FREE_FLOW,collector,Left Bank
2025-09-17 23:41:15.549655,road_0006,51.14525858091126,71.40871681129984,271,41.313386286113534,45,27.835546895810893,0,FREE_FLOW,collector,Left Bank
2025-09-17 23:41:15.549655,road_0007,51.13560924762398,71.46282559050066,279,45.0,45,25.426917979453588,0,FREE_FLOW,collector,Right Bank
2025-09-17 23:41:15.549655,road_0008,51.106594323500836,71.4923767530675,274,45.0,45,14.73840301812277,0,FREE_FLOW,collector,Esil District
2025-09-17 23:41:15.549655,road_0009,51.1749541456762,71.45018304431642,812,60.0,60,39.279967893365466,0,FREE_FLOW,arterial,City Center
2025-09-17 23:41:15.549655,road_0010,51.204215781196154,71.42542980013923,227,45.0,45,16.350830787723872,0,FREE_FLOW,collector,Right Bank
2025-09-17 23:41:15.549655,road_0011,51.14911362341584,71.45849757916488,636,60.0,60,22.189791477617707,0,FREE_FLOW,arterial,City Center
2025-09-17 23:41:15.549655,road_0012,51.14285817159553,71.49500780438362,570,60.0,60,30.06629279350132,0,FREE_FLOW,arterial,Esil District
2025-09-17 23:41:15.549655,road_0013,51.178395080248016,71.44450085336713,273,41.464896569077574,45,11.879645721815805,0,FREE_FLOW,collector,Esil District
2025-09-17 23:41:15.549655,road_0014,51.22329556186777,71.40648282801608,282,45.0,45,16.811504622090823,0,FREE_FLOW,collector,Right Bank
2025-09-17 23:41:15.549655,road_0015,51.20247308795898,71.43455351818268,172,45.0,45,18.843852205256702,0,FREE_FLOW,collector,Right Bank
2025-09-17 23:41:15.549655,road_0016,51.16488352763151,71.45530260780878,226,43.43030459388639,45,16.368409753771935,0,FREE_FLOW,collector,City Center
2025-09-17 23:41:15.549655,road_0017,51.1949632883288,71.44123238931239,262,34.696312347408124,35,32.65069955975983,0,FREE_FLOW,local,City Center
2025-09-17 23:41:15.549655,road_0018,51.15447620767163,71.43400349958901,269,42.37984564435483,45,16.566546459571246,0,FREE_FLOW,collector,City Center
2025-09-17 23:41:15.549655,road_0019,51.117113160490625,71.37143752439205,184,32.86141859407022,35,15.250502626400127,0,FREE_FLOW,local,Left Bank
2025-09-17 23:46:15.549655,road_0000,51.14858964026895,71.43899067721357,621,44.70068796223206,45,46.29638005048725,0,FREE_FLOW,collector,City Center
2025-09-17 23:46:15.549655,road_0001,51.19558998501542,71.45756838173378,846,59.13114061526905,60,26.4311656175837,0,FREE_FLOW,arterial,City Center
2025-09-17 23:46:15.549655,road_0002,51.21222340415979,71.47718542988797,132,32.431182337527204,35,20.576872003079085,0,FREE_FLOW,local,Right Bank
2025-09-17 23:46:15.549655,road_0003,51.147142431523605,71.42424835420817,306,45.0,45,15.096159505966718,0,FREE_FLOW,collector,Left Bank
2025-09-17 23:46:15.549655,road_0004,51.194896034828155,71.42672451599276,468,45.0,45,31.303116759591866,0,FREE_FLOW,collector,City Center
2025-09-17 23:46:15.549655,road_0005,51.13145373025382,71.42743582937553,327,45.0,45,15.706480481037616,0,FREE_FLOW,collector,Left Bank
2025-09-17 23:46:15.549655,road_0006,51.14525858091126,71.40871681129984,301,45.0,45,17.24442222967539,0,FREE_FLOW,collector,Left Bank
2025-09-17 23:46:15.549655,road_0007,51.13560924762398,71.46282559050066,313,44.30507552723,45,25.898776521676233,0,FREE_FLOW,collector,Right Bank
2025-09-17 23:46:15.549655,road_0008,51.106594323500836,71.4923767530675,188,45.0,45,8.385613061529444,0,FREE_FLOW,collector,Esil District
2025-09-17 23:46:15.549655,road_0009,51.1749541456762,71.45018304431642,976,60.0,60,35.418651743607256,0,FREE_FLOW,arterial,City Center
2025-09-17 23:46:15.549655,road_0010,51.204215781196154,71.42542980013923,246,45.0,45,12.886679102141601,0,FREE_FLOW,collector,Right Bank
2025-09-17 23:46:15.549655,road_0011,51.14911362341584,71.45849757916488,913,54.73852940223559,60,30.771015709473588,0,FREE_FLOW,arterial,City Center
2025-09-17 23:46:15.549655,road_0012,51.14285817159553,71.49500780438362,481,60.0,60,25.63710718064743,0,FREE_FLOW,arterial,Esil District
2025-09-17 23:46:15.549655,road_0013,51.178395080248016,71.44450085336713,125,44.374300099744204,45,5.083508197209771,0,FREE_FLOW,collector,Esil District
2025-09-17 23:46:15.549655,road_0014,51.22329556186777,71.40648282801608,156,44.81999697373024,45,5.811797849107323,0,FREE_FLOW,collector,Right Bank
2025-09-17 23:46:15.549655,road_0015,51.20247308795898,71.43455351818268,160,45.0,45,11.623536420729184,0,FREE_FLOW,collector,Right Bank
2025-09-17 23:46:15.549655,road_0016,51.16488352763151,71.45530260780878,381,43.13461578213427,45,33.516882772793814,0,FREE_FLOW,collector,City Center
2025-09-17 23:46:15.549655,road_0017,51.1949632883288,71.44123238931239,296,35.0,35,33.72017404286124,0,FREE_FLOW,local,City Center
2025-09-17 23:46:15.549655,road_0018,51.15447620767163,71.43400349958901,548,44.55027234222648,45,28.807046897712265,0,FREE_FLOW,collector,City Center
2025-09-17 23:46:15.549655,road_0019,51.117113160490625,71.37143752439205,269,34.29347279038854,35,24.59470835186876,0,FREE_FLOW,local,Left Bank
2025-09-17 23:51:15.549655,road_0000,51.14858964026895,71.43899067721357,606,45.0,45,49.93921068585357,0,FREE_FLOW,collector,City Center
2025-09-17 23:51:15.549655,road_0001,51.19558998501542,71.45756838173378,880,60.0,60,42.39895772670351,0,FREE_FLOW,arterial,City Center
2025-09-17 23:51:15.549655,road_0002,51.21222340415979,71.47718542988797,147,35.0,35,24.602505750967058,0,FREE_FLOW,local,Right Bank
2025-09-17 23:51:15.549655,road_0003,51.147142431523605,71.42424835420817,472,45.0,45,25.032915646078667,0,FREE_FLOW,collector,Left Bank
2025-09-17 23:51:15.549655,road_0004,51.194896034828155,71.42672451599276,755,44.51436849685749,45,59.44587952154205,0,FREE_FLOW,collector,City Center
2025-09-17 23:51:15.549655,road_0005,51.13145373025382,71.42743582937553,477,41.8966487169561,45,22.265862418471777,0,FREE_FLOW,collector,Left Bank
2025-09-17 23:51:15.549655,road_0006,51.14525858091126,71.40871681129984,229,44.66625463316773,45,13.376473896945337,0,FREE_FLOW,collector,Left Bank
2025-09-17 23:51:15.549655,road_0007,51.13560924762398,71.46282559050066,256,45.0,45,12.23032058506893,0,FREE_FLOW,collector,Right Bank
2025-09-17 23:51:15.549655,road_0008,51.106594323500836,71.4923767530675,301,41.51471354986183,45,10.961480949723644,0,FREE_FLOW,collector,Esil District
2025-09-17 23:51:15.549655,road_0009,51.1749541456762,71.45018304431642,917,60.0,60,34.76104715632947,0,FREE_FLOW,arterial,City Center
2025-09-17 23:51:15.549655,road_0010,51.204215781196154,71.42542980013923,318,45.0,45,24.655363418446104,0,FREE_FLOW,collector,Right Bank
2025-09-17 23:51:15.549655,road_0011,51.14911362341584,71.45849757916488,988,56.43903787637415,60,31.424756145599538,0,FREE_FLOW,arterial,City Center
2025-09-17 23:51:15.549655,road_0012,51.14285817159553,71.49500780438362,238,60.0,60,11.42618289498004,0,FREE_FLOW,arterial,Esil District
2025-09-17 23:51:15.549655,road_0013,51.178395080248016,71.44450085336713,236,45.0,45,24.38624819865445,0,FREE_FLOW,collector,Esil District
2025-09-17 23:51:15.549655,road_0014,51.22329556186777,71.40648282801608,290,41.253504282096074,45,20.93383993511621,0,FREE_FLOW,collector,Right Bank
2025-09-17 23:51:15.549655,road_0015,51.20247308795898,71.43455351818268,353,42.222255296849646,45,24.685134853047202,0,FREE_FLOW,collector,Right Bank
2025-09-17 23:51:15.549655,road_0016,51.16488352763151,71.45530260780878,662,42.165497970325056,45,50.25704214999459,0,FREE_FLOW,collector,City Center
2025-09-17 23:51:15.549655,road_0017,51.1949632883288,71.44123238931239,173,35.0,35,14.774307288418804,0,FREE_FLOW,local,City Center
2025-09-17 23:51:15.549655,road_0018,51.15447620767163,71.43400349958901,632,45.0,45,39.70656543365374,0,FREE_FLOW,collector,City Center
2025-09-17 23:51:15.549655,road_0019,51.117113160490625,71.37143752439205,170,31.909719808501755,35,29.491311602480287,0,FREE_FLOW,local,Left Bank
2025-09-17 23:56:15.549655,road_0000,51.14858964026895,71.43899067721357,235,40.68354928228121,45,25.658033015404552,0,FREE_FLOW,collector,City Center
2025-09-17 23:56:15.549655,road_0001,51.19558998501542,71.45756838173378,695,60.0,60,24.093245704662166,0,FREE_FLOW,arterial,City Center
2025-09-17 23:56:15.549655,road_0002,51.21222340415979,71.47718542988797,124,32.54600730892103,35,12.3800485833423,0,FREE_FLOW,local,Right Bank
2025-09-17 23:56:15.549655,road_0003,51.147142431523605,71.42424835420817,400,43.71808917514792,45,21.93557604779219,0,FREE_FLOW,collector,Left Bank
2025-09-17 23:56:15.549655,road_0004,51.194896034828155,71.42672451599276,429,41.57624718858389,45,31.44778414278262,0,FREE_FLOW,collector,City Center
2025-09-17 23:56:15.549655,road_0005,51.13145373025382,71.42743582937553,238,43.48279140633931,45,14.184634294042825,0,FREE_FLOW,collector,Left Bank
2025-09-17 23:56:15.549655,road_0006,51.14525858091126,71.40871681129984,498,41.98791257899178,45,35.30339381069691,0,FREE_FLOW,collector,Left Bank
2025-09-17 23:56:15.549655,road_0007,51.13560924762398,71.46282559050066,212,44.656394851634914,45,10.399956050297787,0,FREE_FLOW,collector,Right Bank
2025-09-17 23:56:15.549655,road_0008,51.106594323500836,71.4923767530675,229,44.72776241939231,45,9.967224694790907,0,FREE_FLOW,collector,Esil District
2025-09-17 23:56:15.549655,road_0009,51.1749541456762,71.45018304431642,570,60.0,60,24.83952988056219,0,FREE_FLOW,arterial,City Center
2025-09-17 23:56:15.549655,road_0010,51.204215781196154,71.42542980013923,270,45.0,45,19.29157486040147,0,FREE_FLOW,collector,Right Bank
2025-09-17 23:56:15.549655,road_0011,51.14911362341584,71.45849757916488,947,54.58263703370617,60,28.47659867946646,0,FREE_FLOW,arterial,City Center
2025-09-17 23:56:15.549655,road_0012,51.14285817159553,71.49500780438362,219,57.67315367242772,60,9.628003716902468,0,FREE_FLOW,arterial,Esil District
2025-09-17 23:56:15.549655,road_0013,51.178395080248016,71.44450085336713,298,45.0,45,25.429782525340798,0,FREE_FLOW,collector,Esil District
2025-09-17 23:56:15.549655,road_0014,51.22329556186777,71.40648282801608,204,45.0,45,7.536871898338555,0,FREE_FLOW,collector,Right Bank
2025-09-17 23:56:15.549655,road_0015,51.20247308795898,71.43455351818268,364,42.82405931869857,45,28.44498129044112,0,FREE_FLOW,collector,Right Bank
2025-09-17 23:56:15.549655,road_0016,51.16488352763151,71.45530260780878,380,43.52938202801766,45,26.78099351766545,0,FREE_FLOW,collector,City Center
2025-09-17 23:56:15.549655,road_0017,51.1949632883288,71.44123238931239,275,33.23991579070533,35,32.16615072874803,0,FREE_FLOW,local,City Center
2025-09-17 23:56:15.549655,road_0018,51.15447620767163,71.43400349958901,530,40.78369273786231,45,34.748545966298025,0,FREE_FLOW,collector,City Center
2025-09-17 23:56:15.549655,road_0019,51.117113160490625,71.37143752439205,264,33.490298261094644,35,39.854569288035954,0,FREE_FLOW,local,Left Bank
2025-09-18 00:01:15.549655,road_0000,51.14858964026895,71.43899067721357,368,45.0,45,19.588304026501966,0,FREE_FLOW,collector,City Center
2025-09-18 00:01:15.549655,road_0001,51.19558998501542,71.45756838173378,662,57.356544276987776,60,23.113225628086614,0,FREE_FLOW,arterial,City Center
2025-09-18 00:01:15.549655,road_0002,51.21222340415979,71.47718542988797,123,35.0,35,9.56243236952691,0,FREE_FLOW,local,Right Bank
2025-09-18 00:01:15.549655,road_0003,51.147142431523605,71.42424835420817,177,45.0,45,4.087156031421886,0,FREE_FLOW,collector,Left Bank
2025-09-18 00:01:15.549655,road_0004,51.194896034828155,71.42672451599276,321,45.0,45,13.480842899077924,0,FREE_FLOW,collector,City Center
2025-09-18 00:01:15.549655,road_0005,51.13145373025382,71.42743582937553,381,41.15155661005303,45,26.884300085341806,0,FREE_FLOW,collector,Left Bank
2025-09-18 00:01:15.549655,road_0006,51.14525858091126,71.40871681129984,264,40.85936137985855,45,22.36119275894888,0,FREE_FLOW,collector,Left Bank
2025-09-18 00:01:15.549655,road_0007,51.13560924762398,71.46282559050066,152,44.73166613907074,45,0.42268968149963726,0,FREE_FLOW,collector,Right Bank
2025-09-18 00:01:15.549655,road_0008,51.106594323500836,71.4923767530675,72,45.0,45,7.101042244291942,0,FREE_FLOW,collector,Esil District
2025-09-18 00:01:15.549655,road_0009,51.1749541456762,71.45018304431642,662,57.51165870237637,60,19.003939100205642,0,FREE_FLOW,arterial,City Center
2025-09-18 00:01:15.549655,road_0010,51.204215781196154,71.42542980013923,178,44.745554452430724,45,13.781545837385236,0,FREE_FLOW,collector,Right Bank
2025-09-18 00:01:15.549655,road_0011,51.14911362341584,71.45849757916488,642,60.0,60,30.998841608991125,0,FREE_FLOW,arterial,City Center
2025-09-18 00:01:15.549655,road_0012,51.14285817159553,71.49500780438362,142,60.0,60,0.6128083660898538,0,FREE_FLOW,arterial,Esil District
2025-09-18 00:01:15.549655,road_0013,51.178395080248016,71.44450085336713,85,45.0,45,7.687180841987287,0,FREE_FLOW,collector,Esil District
2025-09-18 00:01:15.549655,road_0014,51.22329556186777,71.40648282801608,229,45.0,45,19.012011400305028,0,FREE_FLOW,collector,Right Bank
2025-09-18 00:01:15.549655,road_0015,51.20247308795898,71.43455351818268,105,41.07946354212177,45,9.62775480196673,0,FREE_FLOW,collector,Right Bank
2025-09-18 00:01:15.549655,road_0016,51.16488352763151,71.45530260780878,336,43.52221445093455,45,25.880024266796582,0,FREE_FLOW,collector,City Center
2025-09-18 00:01:15.549655,road_0017,51.1949632883288,71.44123238931239,171,35.0,35,27.489410652727827,0,FREE_FLOW,local,City Center
2025-09-18 00:01:15.549655,road_0018,51.15447620767163,71.43400349958901,359,44.66531272958362,45,19.68534478209898,0,FREE_FLOW,collector,City Center
2025-09-18 00:01:15.549655,road_0019,51.117113160490625,71.37143752439205,107,32.262968135039365,35,16.382005350516568,0,FREE_FLOW,local,Left Bank
2025-09-18 00:06:15.549655,road_0000,51.14858964026895,71.43899067721357,483,42.910726012279596,45,25.032883960919996,0,FREE_FLOW,collector,City Center
2025-09-18 00:06:15.549655,road_0001,51.19558998501542,71.45756838173378,612,60.0,60,15.633131911479106,0,FREE_FLOW,arterial,City Center
2025-09-18 00:06:15.549655,road_0002,51.21222340415979,71.47718542988797,73,35.0,35,7.818817548308269,0,FREE_FLOW,local,Right Bank
2025-09-18 00:06:15.549655,road_0003,51.147142431523605,71.42424835420817,190,45.0,45,3.490057500538102,0,FREE_FLOW,collector,Left Bank
2025-09-18 00:06:15.549655,road_0004,51.194896034828155,71.42672451599276,278,41.51224306846419,45,25.060072135280322,0,FREE_FLOW,collector,City Center
2025-09-18 00:06:15.549655,road_0005,51.13145373025382,71.42743582937553,164,45.0,45,1.7163773393214825,0,FREE_FLOW,collector,Left Bank
2025-09-18 00:06:15.549655,road_0006,51.14525858091126,71.40871681129984,247,45.0,45,7.391918321040414,0,FREE_FLOW,collector,Left Bank
2025-09-18 00:06:15.549655,road_0007,51.13560924762398,71.46282559050066,271,45.0,45,21.75112820365494,0,FREE_FLOW,collector,Right Bank
2025-09-18 00:06:15.549655,road_0008,51.106594323500836,71.4923767530675,154,42.33760843168154,45,3.131697555464161,0,FREE_FLOW,collector,Esil District
2025-09-18 00:06:15.549655,road_0009,51.1749541456762,71.45018304431642,625,60.0,60,18.064810185570327,0,FREE_FLOW,arterial,City Center
2025-09-18 00:06:15.549655,road_0010,51.204215781196154,71.42542980013923,97,45.0,45,13.14722175596228,0,FREE_FLOW,collector,Right Bank
2025-09-18 00:06:15.549655,road_0011,51.14911362341584,71.45849757916488,470,57.631738301242,60,14.953536614895658,0,FREE_FLOW,arterial,City Center
2025-09-18 00:06:15.549655,road_0012,51.14285817159553,71.49500780438362,236,60.0,60,13.64671935730324,0,FREE_FLOW,arterial,Esil District
2025-09-18 00:06:15.549655,road_0013,51.178395080248016,71.44450085336713,161,40.774036406599656,45,2.378546115278457,0,FREE_FLOW,collector,Esil District
2025-09-18 00:06:15.549655,road_0014,51.22329556186777,71.40648282801608,126,45.0,45,7.483948591958011,0,FREE_FLOW,collector,Right Bank
2025-09-18 00:06:15.549655,road_0015,51.20247308795898,71.43455351818268,116,45.0,45,11.314609334899327,0,FREE_FLOW,collector,Right Bank
2025-09-18 00:06:15.549655,road_0016,51.16488352763151,71.45530260780878,212,45.0,45,9.242982245085235,0,FREE_FLOW,collector,City Center
2025-09-18 00:06:15.549655,road_0017,51.1949632883288,71.44123238931239,141,32.93511171278691,35,26.63855529397119,0,FREE_FLOW,local,City Center
2025-09-18 00:06:15.549655,road_0018,51.15447620767163,71.43400349958901,256,40.96212357912306,45,8.952845993271433,0,FREE_FLOW,collector,City Center
2025-09-18 00:06:15.549655,road_0019,51.117113160490625,71.37143752439205,80,35.0,35,7.757618876038716,0,FREE_FLOW,local,Left Bank
2025-09-18 00:11:15.549655,road_0000,51.14858964026895,71.43899067721357,371,42.39069168753674,45,20.38351759226385,0,FREE_FLOW,collector,City Center
2025-09-18 00:11:15.549655,road_0001,51.19558998501542,71.45756838173378,531,60.0,60,20.82345388212411,0,FREE_FLOW,arterial,City Center
2025-09-18 00:11:15.549655,road_0002,51.21222340415979,71.47718542988797,79,34.73685160428881,35,9.987273842585655,0,FREE_FLOW,local,Right Bank
2025-09-18 00:11:15.549655,road_0003,51.147142431523605,71.42424835420817,250,41.107888235633474,45,22.415347424903327,0,FREE_FLOW,collector,Left Bank
2025-09-18 00:11:15.549655,road_0004,51.194896034828155,71.42672451599276,283,44.71746981438179,45,16.179170339181237,0,FREE_FLOW,collector,City Center
2025-09-18 00:11:15.549655,road_0005,51.13145373025382,71.42743582937553,209,41.96959952917062,45,14.926739681979223,0,FREE_FLOW,collector,Left Bank
2025-09-18 00:11:15.549655,road_0006,51.14525858091126,71.40871681129984,256,45.0,45,7.254133923352132,0,FREE_FLOW,collector,Left Bank
2025-09-18 00:11:15.549655,road_0007,51.13560924762398,71.46282559050066,228,41.7590736963606,45,15.982614451921732,0,FREE_FLOW,collector,Right Bank
2025-09-18 00:11:15.549655,road_0008,51.106594323500836,71.4923767530675,151,41.63219750340272,45,15.44743628190149,0,FREE_FLOW,collector,Esil District
2025-09-18 00:11:15.549655,road_0009,51.1749541456762,71.45018304431642,277,60.0,60,4.57068573293307,0,FREE_FLOW,arterial,City Center
2025-09-18 00:11:15.549655,road_0010,51.204215781196154,71.42542980013923,241,43.08262829109323,45,7.399673615026767,0,FREE_FLOW,collector,Right Bank
2025-09-18 00:11:15.549655,road_0011,51.14911362341584,71.45849757916488,595,60.0,60,23.59640039742507,0,FREE_FLOW,arterial,City Center
2025-09-18 00:11:15.549655,road_0012,51.14285817159553,71.49500780438362,183,58.77211816348404,60,14.364200880386381,0,FREE_FLOW,arterial,Esil District
2025-09-18 00:11:15.549655,road_0013,51.178395080248016,71.44450085336713,158,44.54839895175839,45,14.137205835349821,0,FREE_FLOW,collector,Esil District
2025-09-18 00:11:15.549655,road_0014,51.22329556186777,71.40648282801608,88,45.0,45,1.7635616463591992,0,FREE_FLOW,collector,Right Bank
2025-09-18 00:11:15.549655,road_0015,51.20247308795898,71.43455351818268,180,45.0,45,2.113352526726974,0,FREE_FLOW,collector,Right Bank
2025-09-18 00:11:15.549655,road_0016,51.16488352763151,71.45530260780878,233,43.950635350630535,45,14.88848845191517,0,FREE_FLOW,collector,City Center
2025-09-18 00:11:15.549655,road_0017,51.1949632883288,71.44123238931239,97,35.0,35,17.931895745010884,0,FREE_FLOW,local,City Center
2025-09-18 00:11:15.549655,road_0018,51.15447620767163,71.43400349958901,373,45.0,45,15.112599595204582,0,FREE_FLOW,collector,City Center
2025-09-18 00:11:15.549655,road_0019,51.117113160490625,71.37143752439205,182,31.97432757166759,35,22.192492702052746,0,FREE_FLOW,local,Left Bank
2025-09-18 00:16:15.549655,road_0000,51.14858964026895,71.43899067721357,388,45.0,45,18.647663560580753,0,FREE_FLOW,collector,City Center
2025-09-18 00:16:15.549655,road_0001,51.19558998501542,71.45756838173378,449,55.20051926602587,60,21.457295386807406,0,FREE_FLOW,arterial,City Center
2025-09-18 00:16:15.549655,road_0002,51.21222340415979,71.47718542988797,81,35.0,35,3.5144086748287684,0,FREE_FLOW,local,Right Bank
2025-09-18 00:16:15.549655,road_0003,51.147142431523605,71.42424835420817,339,44.88341338405262,45,28.30438026946615,0,FREE_FLOW,collector,Left Bank
2025-09-18 00:16:15.549655,road_0004,51.194896034828155,71.42672451599276,428,45.0,45,25.368087245750523,0,FREE_FLOW,collector,City Center
2025-09-18 00:16:15.549655,road_0005,51.13145373025382,71.42743582937553,312,45.0,45,14.170905733204561,0,FREE_FLOW,collector,Left Bank
2025-09-18 00:16:15.549655,road_0006,51.14525858091126,71.40871681129984,171,44.46236453933939,45,1.7474118164876256,0,FREE_FLOW,collector,Left Bank
2025-09-18 00:16:15.549655,road_0007,51.13560924762398,71.46282559050066,74,44.607789543802916,45,5.8941786579798325,0,FREE_FLOW,collector,Right Bank
2025-09-18 00:16:15.549655,road_0008,51.106594323500836,71.4923767530675,93,45.0,45,3.2050060171112547,0,FREE_FLOW,collector,Esil District
2025-09-18 00:16:15.549655,road_0009,51.1749541456762,71.45018304431642,818,54.12486495807222,60,36.3714238894776,0,FREE_FLOW,arterial,City Center
2025-09-18 00:16:15.549655,road_0010,51.204215781196154,71.42542980013923,155,45.0,45,8.876821192271864,0,FREE_FLOW,collector,Right Bank
2025-09-18 00:16:15.549655,road_0011,51.14911362341584,71.45849757916488,350,55.93669208061048,60,9.672660677896877,0,FREE_FLOW,arterial,City Center
2025-09-18 00:16:15.549655,road_0012,51.14285817159553,71.49500780438362,161,60.0,60,12.547779636904076,0,FREE_FLOW,arterial,Esil District
2025-09-18 00:16:15.549655,road_0013,51.178395080248016,71.44450085336713,99,45.0,45,1.6757638352623418,0,FREE_FLOW,collector,Esil District
2025-09-18 00:16:15.549655,road_0014,51.22329556186777,71.40648282801608,114,44.56767140282913,45,7.363534842195289,0,FREE_FLOW,collector,Right Bank
2025-09-18 00:16:15.549655,road_0015,51.20247308795898,71.43455351818268,109,41.19192386565039,45,13.749925706152299,0,FREE_FLOW,collector,Right Bank
2025-09-18 00:16:15.549655,road_0016,51.16488352763151,71.45530260780878,346,44.95521436009289,45,31.29184833575896,0,FREE_FLOW,collector,City Center
2025-09-18 00:16:15.549655,road_0017,51.1949632883288,71.44123238931239,88,31.775408875851518,35,19.192110459210685,0,FREE_FLOW,local,City Center
2025-09-18 00:16:15.549655,road_0018,51.15447620767163,71.43400349958901,308,42.5908970757229,45,11.856348528892235,0,FREE_FLOW,collector,City Center
2025-09-18 00:16:15.549655,road_0019,51.117113160490625,71.37143752439205,77,33.995420468892,35,15.921033259858817,0,FREE_FLOW,local,Left Bank
2025-09-18 00:21:15.549655,road_0000,51.14858964026895,71.43899067721357,194,45.0,45,20.26197770056834,0,FREE_FLOW,collector,City Center
2025-09-18 00:21:15.549655,road_0001,51.19558998501542,71.45756838173378,326,55.00483908163907,60,9.872135365067015,0,FREE_FLOW,arterial,City Center
2025-09-18 00:21:15.549655,road_0002,51.21222340415979,71.47718542988797,108,35.0,35,19.572106160946866,0,FREE_FLOW,local,Right Bank
2025-09-18 00:21:15.549655,road_0003,51.147142431523605,71.42424835420817,352,42.142366525479964,45,29.4480420617921,0,FREE_FLOW,collector,Left Bank
2025-09-18 00:21:15.549655,road_0004,51.194896034828155,71.42672451599276,245,45.0,45,10.953641822579641,0,FREE_FLOW,collector,City Center
2025-09-18 00:21:15.549655,road_0005,51.13145373025382,71.42743582937553,190,45.0,45,11.789996780956093,0,FREE_FLOW,collector,Left Bank
2025-09-18 00:21:15.549655,road_0006,51.14525858091126,71.40871681129984,275,45.0,45,18.574947617357118,0,FREE_FLOW,collector,Left Bank
2025-09-18 00:21:15.549655,road_0007,51.13560924762398,71.46282559050066,164,45.0,45,1.8113735443119818,0,FREE_FLOW,collector,Right Bank
2025-09-18 00:21:15.549655,road_0008,51.106594323500836,71.4923767530675,215,43.55237968344116,45,18.546799051441326,0,FREE_FLOW,collector,Esil District
2025-09-18 00:21:15.549655,road_0009,51.1749541456762,71.45018304431642,615,60.0,60,25.681004095016995,0,FREE_FLOW,arterial,City Center
2025-09-18 00:21:15.549655,road_0010,51.204215781196154,71.42542980013923,129,45.0,45,10.636373261384414,0,FREE_FLOW,collector,Right Bank
2025-09-18 00:21:15.549655,road_0011,51.14911362341584,71.45849757916488,278,60.0,60,6.384115230636327,0,FREE_FLOW,arterial,City Center
2025-09-18 00:21:15.549655,road_0012,51.14285817159553,71.49500780438362,164,57.40101704635643,60,10.084197772779747,0,FREE_FLOW,arterial,Esil District
2025-09-18 00:21:15.549655,road_0013,51.178395080248016,71.44450085336713,97,45.0,45,3.5958060952335753,0,FREE_FLOW,collector,Esil District
2025-09-18 00:21:15.549655,road_0014,51.22329556186777,71.40648282801608,148,43.51351213352493,45,16.271976632559678,0,FREE_FLOW,collector,Right Bank
2025-09-18 00:21:15.549655,road_0015,51.20247308795898,71.43455351818268,252,45.0,45,9.723977983616741,0,FREE_FLOW,collector,Right Bank
2025-09-18 00:21:15.549655,road_0016,51.16488352763151,71.45530260780878,176,41.56250951983117,45,5.102378003010683,0,FREE_FLOW,collector,City Center
2025-09-18 00:21:15.549655,road_0017,51.1949632883288,71.44123238931239,82,33.33263542567572,35,16.087063024419127,0,FREE_FLOW,local,City Center
2025-09-18 00:21:15.549655,road_0018,51.15447620767163,71.43400349958901,146,40.907035531242805,45,0.8631831819867681,0,FREE_FLOW,collector,City Center
2025-09-18 00:21:15.549655,road_0019,51.117113160490625,71.37143752439205,134,32.91051944086497,35,24.046035020934124,0,FREE_FLOW,local,Left Bank
2025-09-18 00:26:15.549655,road_0000,51.14858964026895,71.43899067721357,462,43.075551310183876,45,25.70364594550877,0,FREE_FLOW,collector,City Center
2025-09-18 00:26:15.549655,road_0001,51.19558998501542,71.45756838173378,348,60.0,60,8.838071873983159,0,FREE_FLOW,arterial,City Center
2025-09-18 00:26:15.549655,road_0002,51.21222340415979,71.47718542988797,88,35.0,35,17.953723092940937,0,FREE_FLOW,local,Right Bank
2025-09-18 00:26:15.549655,road_0003,51.147142431523605,71.42424835420817,210,43.957019350552855,45,11.97384445580301,0,FREE_FLOW,collector,Left Bank
2025-09-18 00:26:15.549655,road_0004,51.194896034828155,71.42672451599276,464,40.4931614708321,45,21.656225602310762,0,FREE_FLOW,collector,City Center
2025-09-18 00:26:15.549655,road_0005,51.13145373025382,71.42743582937553,260,45.0,45,11.348089664853976,0,FREE_FLOW,collector,Left Bank
2025-09-18 00:26:15.549655,road_0006,51.14525858091126,71.40871681129984,245,45.0,45,9.626474883932516,0,FREE_FLOW,collector,Left Bank
2025-09-18 00:26:15.549655,road_0007,51.13560924762398,71.46282559050066,201,41.7308254729896,45,9.235654952690409,0,FREE_FLOW,collector,Right Bank
2025-09-18 00:26:15.549655,road_0008,51.106594323500836,71.4923767530675,87,40.6575121149359,45,9.05716497160615,0,FREE_FLOW,collector,Esil District
2025-09-18 00:26:15.549655,road_0009,51.1749541456762,71.45018304431642,463,60.0,60,9.31402253942009,0,FREE_FLOW,arterial,City Center
2025-09-18 00:26:15.549655,road_0010,51.204215781196154,71.42542980013923,125,45.0,45,12.676087001546126,0,FREE_FLOW,collector,Right Bank
2025-09-18 00:26:15.549655,road_0011,51.14911362341584,71.45849757916488,410,60.0,60,9.672266592130992,0,FREE_FLOW,arterial,City Center
2025-09-18 00:26:15.549655,road_0012,51.14285817159553,71.49500780438362,307,60.0,60,11.13494943430657,0,FREE_FLOW,arterial,Esil District
2025-09-18 00:26:15.549655,road_0013,51.178395080248016,71.44450085336713,107,45.0,45,10.360265134228076,0,FREE_FLOW,collector,Esil District
2025-09-18 00:26:15.549655,road_0014,51.22329556186777,71.40648282801608,192,45.0,45,12.812747569263074,0,FREE_FLOW,collector,Right Bank
2025-09-18 00:26:15.549655,road_0015,51.20247308795898,71.43455351818268,176,45.0,45,4.629374707445336,0,FREE_FLOW,collector,Right Bank
2025-09-18 00:26:15.549655,road_0016,51.16488352763151,71.45530260780878,352,44.194446365075095,45,22.33293548288539,0,FREE_FLOW,collector,City Center
2025-09-18 00:26:15.549655,road_0017,51.1949632883288,71.44123238931239,134,32.041383611193496,35,16.846840641502165,0,FREE_FLOW,local,City Center
2025-09-18 00:26:15.549655,road_0018,51.15447620767163,71.43400349958901,190,45.0,45,17.210945472103653,0,FREE_FLOW,collector,City Center
2025-09-18 00:26:15.549655,road_0019,51.117113160490625,71.37143752439205,110,32.577228169648656,35,12.34000208303758,0,FREE_FLOW,local,Left Bank
2025-09-18 00:31:15.549655,road_0000,51.14858964026895,71.43899067721357,380,45.0,45,22.026505598797367,0,FREE_FLOW,collector,City Center
2025-09-18 00:31:15.549655,road_0001,51.19558998501542,71.45756838173378,289,60.0,60,6.826148527742403,0,FREE_FLOW,arterial,City Center
2025-09-18 00:31:15.549655,road_0002,51.21222340415979,71.47718542988797,98,35.0,35,3.503713316125447,0,FREE_FLOW,local,Right Bank
2025-09-18 00:31:15.549655,road_0003,51.147142431523605,71.42424835420817,229,45.0,45,19.48588389568277,0,FREE_FLOW,collector,Left Bank
2025-09-18 00:31:15.549655,road_0004,51.194896034828155,71.42672451599276,161,43.06159744495459,45,17.53645599368866,0,FREE_FLOW,collector,City Center
2025-09-18 00:31:15.549655,road_0005,51.13145373025382,71.42743582937553,221,40.985156081328306,45,18.302865688734087,0,FREE_FLOW,collector,Left Bank
2025-09-18 00:31:15.549655,road_0006,51.14525858091126,71.40871681129984,331,45.0,45,14.060701053105719,0,FREE_FLOW,collector,Left Bank
2025-09-18 00:31:15.549655,road_0007,51.13560924762398,71.46282559050066,139,45.0,45,12.736723968358612,0,FREE_FLOW,collector,Right Bank
2025-09-18 00:31:15.549655,road_0008,51.106594323500836,71.4923767530675,78,44.58731232005289,45,0.0,0,FREE_FLOW,collector,Esil District
2025-09-18 00:31:15.549655,road_0009,51.1749541456762,71.45018304431642,292,56.23987601394308,60,2.5245000919198652,0,FREE_FLOW,arterial,City Center
2025-09-18 00:31:15.549655,road_0010,51.204215781196154,71.42542980013923,245,45.0,45,18.688311110791943,0,FREE_FLOW,collector,Right Bank
2025-09-18 00:31:15.549655,road_0011,51.14911362341584,71.45849757916488,497,60.0,60,14.692922703897976,0,FREE_FLOW,arterial,City Center
2025-09-18 00:31:15.549655,road_0012,51.14285817159553,71.49500780438362,347,60.0,60,22.126944034907545,0,FREE_FLOW,arterial,Esil District
2025-09-18 00:31:15.549655,road_0013,51.178395080248016,71.44450085336713,206,45.0,45,9.05715362967235,0,FREE_FLOW,collector,Esil District
2025-09-18 00:31:15.549655,road_0014,51.22329556186777,71.40648282801608,175,45.0,45,4.131513220856984,0,FREE_FLOW,collector,Right Bank
2025-09-18 00:31:15.549655,road_0015,51.20247308795898,71.43455351818268,121,40.737237177763426,45,14.6367498519527,0,FREE_FLOW,collector,Right Bank
2025-09-18 00:31:15.549655,road_0016,51.16488352763151,71.45530260780878,214,44.39512299336054,45,22.049061907934753,0,FREE_FLOW,collector,City Center
2025-09-18 00:31:15.549655,road_0017,51.1949632883288,71.44123238931239,110,35.0,35,16.32704995640738,0,FREE_FLOW,local,City Center
2025-09-18 00:31:15.549655,road_0018,51.15447620767163,71.43400349958901,422,45.0,45,27.97688972293767,0,FREE_FLOW,collector,City Center
2025-09-18 00:31:15.549655,road_0019,51.117113160490625,71.37143752439205,195,35.0,35,30.244901044509085,0,FREE_FLOW,local,Left Bank
2025-09-18 00:36:15.549655,road_0000,51.14858964026895,71.43899067721357,300,45.0,45,12.633596063537194,0,FREE_FLOW,collector,City Center
2025-09-18 00:36:15.549655,road_0001,51.19558998501542,71.45756838173378,380,60.0,60,16.693406372612344,0,FREE_FLOW,arterial,City Center
2025-09-18 00:36:15.549655,road_0002,51.21222340415979,71.47718542988797,67,35.0,35,1.2573256099826278,0,FREE_FLOW,local,Right Bank
2025-09-18 00:36:15.549655,road_0003,51.147142431523605,71.42424835420817,218,45.0,45,5.930981758905473,0,FREE_FLOW,collector,Left Bank
2025-09-18 00:36:15.549655,road_0004,51.194896034828155,71.42672451599276,271,45.0,45,20.715130909051915,0,FREE_FLOW,collector,City Center
2025-09-18 00:36:15.549655,road_0005,51.13145373025382,71.42743582937553,157,45.0,45,1.8761287657137888,0,FREE_FLOW,collector,Left Bank
2025-09-18 00:36:15.549655,road_0006,51.14525858091126,71.40871681129984,149,41.194343079044096,45,17.457671394311628,0,FREE_FLOW,collector,Left Bank
2025-09-18 00:36:15.549655,road_0007,51.13560924762398,71.46282559050066,182,45.0,45,19.329284984314068,0,FREE_FLOW,collector,Right Bank
2025-09-18 00:36:15.549655,road_0008,51.106594323500836,71.4923767530675,79,42.0447452501598,45,8.006243624928981,0,FREE_FLOW,collector,Esil District
2025-09-18 00:36:15.549655,road_0009,51.1749541456762,71.45018304431642,566,57.188831935044256,60,29.247678935217188,0,FREE_FLOW,arterial,City Center
2025-09-18 00:36:15.549655,road_0010,51.204215781196154,71.42542980013923,144,45.0,45,12.329316304273034,0,FREE_FLOW,collector,Right Bank
2025-09-18 00:36:15.549655,road_0011,51.14911362341584,71.45849757916488,266,55.91312567656815,60,3.1135859104487444,0,FREE_FLOW,arterial,City Center
2025-09-18 00:36:15.549655,road_0012,51.14285817159553,71.49500780438362,147,55.019052343082116,60,13.871513459049517,0,FREE_FLOW,arterial,Esil District
2025-09-18 00:36:15.549655,road_0013,51.178395080248016,71.44450085336713,173,45.0,45,4.6615701154522355,0,FREE_FLOW,collector,Esil District
2025-09-18 00:36:15.549655,road_0014,51.22329556186777,71.40648282801608,253,45.0,45,13.982840493405796,0,FREE_FLOW,collector,Right Bank
2025-09-18 00:36:15.549655,road_0015,51.20247308795898,71.43455351818268,99,43.189555226372114,45,1.1393670522034673,0,FREE_FLOW,collector,Right Bank
2025-09-18 00:36:15.549655,road_0016,51.16488352763151,71.45530260780878,334,43.92579270341075,45,28.735233206979654,0,FREE_FLOW,collector,City Center
2025-09-18 00:36:15.549655,road_0017,51.1949632883288,71.44123238931239,178,35.0,35,13.899941474517648,0,FREE_FLOW,local,City Center
2025-09-18 00:36:15.549655,road_0018,51.15447620767163,71.43400349958901,189,45.0,45,6.951231077830391,0,FREE_FLOW,collector,City Center
2025-09-18 00:36:15.549655,road_0019,51.117113160490625,71.37143752439205,97,33.712606994237426,35,2.646943230636504,0,FREE_FLOW,local,Left Bank
2025-09-18 00:41:15.549655,road_0000,51.14858964026895,71.43899067721357,344,44.61934900993203,45,29.40012866031195,0,FREE_FLOW,collector,City Center
2025-09-18 00:41:15.549655,road_0001,51.19558998501542,71.45756838173378,636,57.045795427279394,60,22.66244579202527,0,FREE_FLOW,arterial,City Center
2025-09-18 00:41:15.549655,road_0002,51.21222340415979,71.47718542988797,96,32.70730209830495,35,16.276991133053677,0,FREE_FLOW,local,Right Bank
2025-09-18 00:41:15.549655,road_0003,51.147142431523605,71.42424835420817,335,45.0,45,16.780759004561613,0,FREE_FLOW,collector,Left Bank
2025-09-18 00:41:15.549655,road_0004,51.194896034828155,71.42672451599276,244,44.99813704072768,45,22.733138509165165,0,FREE_FLOW,collector,City Center
2025-09-18 00:41:15.549655,road_0005,51.13145373025382,71.42743582937553,192,41.25712707191883,45,22.439725119910268,0,FREE_FLOW,collector,Left Bank
2025-09-18 00:41:15.549655,road_0006,51.14525858091126,71.40871681129984,233,42.55266316199438,45,18.7570710872922,0,FREE_FLOW,collector,Left Bank
2025-09-18 00:41:15.549655,road_0007,51.13560924762398,71.46282559050066,129,42.71151990903082,45,11.986905263470993,0,FREE_FLOW,collector,Right Bank
2025-09-18 00:41:15.549655,road_0008,51.106594323500836,71.4923767530675,88,45.0,45,9.5105187161566,0,FREE_FLOW,collector,Esil District
2025-09-18 00:41:15.549655,road_0009,51.1749541456762,71.45018304431642,298,60.0,60,5.11242996649481,0,FREE_FLOW,arterial,City Center
2025-09-18 00:41:15.549655,road_0010,51.204215781196154,71.42542980013923,115,45.0,45,11.96513579735867,0,FREE_FLOW,collector,Right Bank
2025-09-18 00:41:15.549655,road_0011,51.14911362341584,71.45849757916488,565,60.0,60,28.733595166128673,0,FREE_FLOW,arterial,City Center
2025-09-18 00:41:15.549655,road_0012,51.14285817159553,71.49500780438362,151,56.307707602970794,60,15.11983179458214,0,FREE_FLOW,arterial,Esil District
2025-09-18 00:41:15.549655,road_0013,51.178395080248016,71.44450085336713,100,40.64972060047451,45,15.657709239180168,0,FREE_FLOW,collector,Esil District
2025-09-18 00:41:15.549655,road_0014,51.22329556186777,71.40648282801608,179,42.516334184400904,45,14.971666160076992,0,FREE_FLOW,collector,Right Bank
2025-09-18 00:41:15.549655,road_0015,51.20247308795898,71.43455351818268,155,43.50551835458792,45,8.50026797935157,0,FREE_FLOW,collector,Right Bank
2025-09-18 00:41:15.549655,road_0016,51.16488352763151,71.45530260780878,441,43.347138485386665,45,34.60144653121994,0,FREE_FLOW,collector,City Center
2025-09-18 00:41:15.549655,road_0017,51.1949632883288,71.44123238931239,102,34.70370258165461,35,20.276828366437122,0,FREE_FLOW,local,City Center
2025-09-18 00:41:15.549655,road_0018,51.15447620767163,71.43400349958901,260,45.0,45,12.71488206423323,0,FREE_FLOW,collector,City Center
2025-09-18 00:41:15.549655,road_0019,51.117113160490625,71.37143752439205,156,31.906473057653457,35,25.292144748538323,0,FREE_FLOW,local,Left Bank
2025-09-18 00:46:15.549655,road_0000,51.14858964026895,71.43899067721357,338,45.0,45,22.42687292721626,0,FREE_FLOW,collector,City Center
2025-09-18 00:46:15.549655,road_0001,51.19558998501542,71.45756838173378,577,60.0,60,27.128425573542938,0,FREE_FLOW,arterial,City Center
2025-09-18 00:46:15.549655,road_0002,51.21222340415979,71.47718542988797,55,35.0,35,0.0,0,FREE_FLOW,local,Right Bank
2025-09-18 00:46:15.549655,road_0003,51.147142431523605,71.42424835420817,274,41.195927506449,45,12.45164664174805,0,FREE_FLOW,collector,Left Bank
2025-09-18 00:46:15.549655,road_0004,51.194896034828155,71.42672451599276,226,42.5109604569065,45,12.84284836029164,0,FREE_FLOW,collector,City Center
2025-09-18 00:46:15.549655,road_0005,51.13145373025382,71.42743582937553,277,43.37915971257063,45,10.97545699564824,0,FREE_FLOW,collector,Left Bank
2025-09-18 00:46:15.549655,road_0006,51.14525858091126,71.40871681129984,370,44.577270553204514,45,33.68501564283417,0,FREE_FLOW,collector,Left Bank
2025-09-18 00:46:15.549655,road_0007,51.13560924762398,71.46282559050066,103,45.0,45,0.0,0,FREE_FLOW,collector,Right Bank
2025-09-18 00:46:15.549655,road_0008,51.106594323500836,71.4923767530675,115,44.62185034364514,45,14.592362882612933,0,FREE_FLOW,collector,Esil District
2025-09-18 00:46:15.549655,road_0009,51.1749541456762,71.45018304431642,405,58.066047664293365,60,20.762076097576337,0,FREE_FLOW,arterial,City Center
2025-09-18 00:46:15.549655,road_0010,51.204215781196154,71.42542980013923,165,45.0,45,15.781179468389764,0,FREE_FLOW,collector,Right Bank
2025-09-18 00:46:15.549655,road_0011,51.14911362341584,71.45849757916488,230,54.417223621459705,60,0.8395325010904529,0,FREE_FLOW,arterial,City Center
2025-09-18 00:46:15.549655,road_0012,51.14285817159553,71.49500780438362,122,60.0,60,10.19862307640248,0,FREE_FLOW,arterial,Esil District
2025-09-18 00:46:15.549655,road_0013,51.178395080248016,71.44450085336713,69,43.86126897072031,45,0.0,0,FREE_FLOW,collector,Esil District
2025-09-18 00:46:15.549655,road_0014,51.22329556186777,71.40648282801608,147,45.0,45,12.309827836604084,0,FREE_FLOW,collector,Right Bank
2025-09-18 00:46:15.549655,road_0015,51.20247308795898,71.43455351818268,185,41.200442501456,45,6.896142130128271,0,FREE_FLOW,collector,Right Bank
2025-09-18 00:46:15.549655,road_0016,51.16488352763151,71.45530260780878,254,42.20380627254316,45,12.260659191423466,0,FREE_FLOW,collector,City Center
2025-09-18 00:46:15.549655,road_0017,51.1949632883288,71.44123238931239,114,35.0,35,23.7150334777605,0,FREE_FLOW,local,City Center
2025-09-18 00:46:15.549655,road_0018,51.15447620767163,71.43400349958901,173,43.277818797127246,45,12.841852537539166,0,FREE_FLOW,collector,City Center
2025-09-18 00:46:15.549655,road_0019,51.117113160490625,71.37143752439205,60,32.971589831837434,35,10.964474809412977,0,FREE_FLOW,local,Left Bank
2025-09-18 00:51:15.549655,road_0000,51.14858964026895,71.43899067721357,279,45.0,45,19.09857076242988,0,FREE_FLOW,collector,City Center
2025-09-18 00:51:15.549655,road_0001,51.19558998501542,71.45756838173378,545,54.39666572258102,60,31.10575640655682,0,FREE_FLOW,arterial,City Center
2025-09-18 00:51:15.549655,road_0002,51.21222340415979,71.47718542988797,61,35.0,35,3.4673763277984975,0,FREE_FLOW,local,Right Bank
2025-09-18 00:51:15.549655,road_0003,51.147142431523605,71.42424835420817,129,44.11789300445866,45,15.711566230524516,0,FREE_FLOW,collector,Left Bank
2025-09-18 00:51:15.549655,road_0004,51.194896034828155,71.42672451599276,218,43.03947633626475,45,11.860105166053701,0,FREE_FLOW,collector,City Center
2025-09-18 00:51:15.549655,road_0005,51.13145373025382,71.42743582937553,371,45.0,45,23.10227224728299,0,FREE_FLOW,collector,Left Bank
2025-09-18 00:51:15.549655,road_0006,51.14525858091126,71.40871681129984,320,45.0,45,17.987921409987123,0,FREE_FLOW,collector,Left Bank
2025-09-18 00:51:15.549655,road_0007,51.13560924762398,71.46282559050066,187,45.0,45,3.927139097106336,0,FREE_FLOW,collector,Right Bank
2025-09-18 00:51:15.549655,road_0008,51.106594323500836,71.4923767530675,117,41.456868267725355,45,13.12015004484234,0,FREE_FLOW,collector,Esil District
2025-09-18 00:51:15.549655,road_0009,51.1749541456762,71.45018304431642,643,60.0,60,21.54810618805651,0,FREE_FLOW,arterial,City Center
2025-09-18 00:51:15.549655,road_0010,51.204215781196154,71.42542980013923,117,42.66188110282195,45,7.5998601495535665,0,FREE_FLOW,collector,Right Bank
2025-09-18 00:51:15.549655,road_0011,51.14911362341584,71.45849757916488,536,54.98461162092187,60,28.450031572163244,0,FREE_FLOW,arterial,City Center
2025-09-18 00:51:15.549655,road_0012,51.14285817159553,71.49500780438362,267,60.0,60,6.917648003937737,0,FREE_FLOW,arterial,Esil District
2025-09-18 00:51:15.549655,road_0013,51.178395080248016,71.44450085336713,93,43.17798865081999,45,5.481947570193436,0,FREE_FLOW,collector,Esil District
2025-09-18 00:51:15.549655,road_0014,51.22329556186777,71.40648282801608,120,45.0,45,15.879354064502952,0,FREE_FLOW,collector,Right Bank
2025-09-18 00:51:15.549655,road_0015,51.20247308795898,71.43455351818268,145,45.0,45,18.954961499884803,0,FREE_FLOW,collector,Right Bank
2025-09-18 00:51:15.549655,road_0016,51.16488352763151,71.45530260780878,232,45.0,45,21.421912604167282,0,FREE_FLOW,collector,City Center
2025-09-18 00:51:15.549655,road_0017,51.1949632883288,71.44123238931239,103,35.0,35,13.79717273511012,0,FREE_FLOW,local,City Center
2025-09-18 00:51:15.549655,road_0018,51.15447620767163,71.43400349958901,285,43.71268811523628,45,17.47343337973105,0,FREE_FLOW,collector,City Center
2025-09-18 00:51:15.549655,road_0019,51.117113160490625,71.37143752439205,184,32.460576780801446,35,28.850495186541053,0,FREE_FLOW,local,Left Bank
2025-09-18 00:56:15.549655,road_0000,51.14858964026895,71.43899067721357,386,41.70951120879224,45,25.9514335008905,0,FREE_FLOW,collector,City Center
2025-09-18 00:56:15.549655,road_0001,51.19558998501542,71.45756838173378,347,60.0,60,20.996130003587496,0,FREE_FLOW,arterial,City Center
2025-09-18 00:56:15.549655,road_0002,51.21222340415979,71.47718542988797,85,31.86344743866406,35,3.7562899426967267,0,FREE_FLOW,local,Right Bank
2025-09-18 00:56:15.549655,road_0003,51.147142431523605,71.42424835420817,366,45.0,45,29.464516737817878,0,FREE_FLOW,collector,Left Bank
2025-09-18 00:56:15.549655,road_0004,51.194896034828155,71.42672451599276,185,45.0,45,5.533191383727045,0,FREE_FLOW,collector,City Center
2025-09-18 00:56:15.549655,road_0005,51.13145373025382,71.42743582937553,180,42.57131424529414,45,21.008922661344954,0,FREE_FLOW,collector,Left Bank
2025-09-18 00:56:15.549655,road_0006,51.14525858091126,71.40871681129984,129,43.820955547894165,45,2.8599454976328555,0,FREE_FLOW,collector,Left Bank
2025-09-18 00:56:15.549655,road_0007,51.13560924762398,71.46282559050066,241,45.0,45,18.981720051794436,0,FREE_FLOW,collector,Right Bank
2025-09-18 00:56:15.549655,road_0008,51.106594323500836,71.4923767530675,71,41.932713991873364,45,11.839292762377749,0,FREE_FLOW,collector,Esil District
2025-09-18 00:56:15.549655,road_0009,51.1749541456762,71.45018304431642,530,58.60696618009801,60,20.699846184830704,0,FREE_FLOW,arterial,City Center
2025-09-18 00:56:15.549655,road_0010,51.204215781196154,71.42542980013923,112,41.39434439713298,45,14.561254304873756,0,FREE_FLOW,collector,Right Bank
2025-09-18 00:56:15.549655,road_0011,51.14911362341584,71.45849757916488,349,57.12115097520427,60,8.67832930521839,0,FREE_FLOW,arterial,City Center
2025-09-18 00:56:15.549655,road_0012,51.14285817159553,71.49500780438362,312,54.9638062474264,60,19.110016972350124,0,FREE_FLOW,arterial,Esil District
2025-09-18 00:56:15.549655,road_0013,51.178395080248016,71.44450085336713,81,40.7251852281937,45,10.287135141959213,0,FREE_FLOW,collector,Esil District
2025-09-18 00:56:15.549655,road_0014,51.22329556186777,71.40648282801608,112,41.43189989960098,45,0.0,0,FREE_FLOW,collector,Right Bank
2025-09-18 00:56:15.549655,road_0015,51.20247308795898,71.43455351818268,123,45.0,45,5.418470411505201,0,FREE_FLOW,collector,Right Bank
2025-09-18 00:56:15.549655,road_0016,51.16488352763151,71.45530260780878,231,43.23776379902774,45,23.017655719077112,0,FREE_FLOW,collector,City Center
2025-09-18 00:56:15.549655,road_0017,51.1949632883288,71.44123238931239,98,34.83453446813273,35,16.58349564388351,0,FREE_FLOW,local,City Center
2025-09-18 00:56:15.549655,road_0018,51.15447620767163,71.43400349958901,304,40.53249667465361,45,18.59607629516766,0,FREE_FLOW,collector,City Center
2025-09-18 00:56:15.549655,road_0019,51.117113160490625,71.37143752439205,161,35.0,35,22.293785867706507,0,FREE_FLOW,local,Left Bank
