timestamp,latitude,longitude,road_id,road_type,traffic_volume,average_speed,free_flow_speed,occupancy_rate,congestion_level
2024-01-01 00:00:00,40.80447246752146,-73.99401551064027,road_0000,arterial,226,58.05080052541081,60,1.4373073466736557,0
2024-01-01 00:00:00,40.80949107356936,-73.96391243158607,road_0001,local,114,35.0,35,14.62581243486732,0
2024-01-01 00:00:00,40.72351506842384,-73.96679396976803,road_0002,arterial,429,57.01397202852333,60,26.408945898842223,0
2024-01-01 00:00:00,40.7911614698899,-73.9971824244575,road_0003,collector,151,40.831353559293476,45,5.763476554216019,0
2024-01-01 00:00:00,40.7746287921634,-73.93637254877068,road_0004,collector,181,43.00645053079769,45,3.096241691666453,0
2024-01-01 00:00:00,40.77476408309478,-73.96823070091489,road_0005,collector,304,44.89371411627999,45,13.164564108491128,0
2024-01-01 00:00:00,40.796308181536965,-73.9632723129526,road_0006,arterial,355,60.0,60,17.64271094811757,0
2024-01-01 00:00:00,40.70105925421109,-73.79200731226265,road_0007,collector,109,45.0,45,4.6223293210517316,0
2024-01-01 00:00:00,40.74483244518929,-73.97033735860573,road_0008,collector,281,45.0,45,10.539128734421496,0
2024-01-01 00:00:00,40.74105839625748,-73.99941744380057,road_0009,arterial,301,60.0,60,2.8555028310952775,0
2024-01-01 00:00:00,40.69591159380505,-73.82426598115977,road_0010,arterial,206,56.71755709331425,60,8.48186116598562,0
2024-01-01 00:00:00,40.65692390877457,-73.74942808238488,road_0011,highway,346,78.18710895597937,80,12.468754762049318,0
2024-01-01 00:00:00,40.79398843427041,-73.9412929963572,road_0012,collector,197,41.51940883251786,45,9.954660354338504,0
2024-01-01 00:00:00,40.741050449839285,-73.98098885522496,road_0013,arterial,658,60.0,60,21.47883255430311,0
2024-01-01 00:00:00,40.76936020671709,-73.98141462047757,road_0014,collector,325,42.66256777553188,45,22.259678233786797,0
2024-01-01 00:00:00,40.72484697982401,-74.01459505800035,road_0015,collector,180,45.0,45,20.008361143266608,0
2024-01-01 00:00:00,40.73100440294086,-73.98775581733632,road_0016,collector,198,45.0,45,17.71911357740479,0
2024-01-01 00:00:00,40.75868351619848,-73.94023079983116,road_0017,local,132,32.08541249579605,35,19.340632923085757,0
2024-01-01 00:00:00,40.716165397891224,-73.7396523951108,road_0018,collector,105,40.582627306217425,45,9.128581193191799,0
2024-01-01 00:00:00,40.74909586171322,-73.98772674635582,road_0019,collector,201,41.945243877914066,45,3.501231676924375,0
2024-01-01 01:00:00,40.80447246752146,-73.99401551064027,road_0000,arterial,231,56.6906118582705,60,12.279225190052012,0
2024-01-01 01:00:00,40.80949107356936,-73.96391243158607,road_0001,local,70,35.0,35,5.2579939631853545,0
2024-01-01 01:00:00,40.72351506842384,-73.96679396976803,road_0002,arterial,400,60.0,60,19.15225784600687,0
2024-01-01 01:00:00,40.7911614698899,-73.9971824244575,road_0003,collector,73,42.69587086485234,45,0.17071402030117522,0
2024-01-01 01:00:00,40.7746287921634,-73.93637254877068,road_0004,collector,169,45.0,45,19.107597770208933,0
2024-01-01 01:00:00,40.77476408309478,-73.96823070091489,road_0005,collector,235,44.928599295622746,45,17.20474435919385,0
2024-01-01 01:00:00,40.796308181536965,-73.9632723129526,road_0006,arterial,162,54.291648007140495,60,2.0954472488171154,0
2024-01-01 01:00:00,40.70105925421109,-73.79200731226265,road_0007,collector,97,45.0,45,15.275838353724952,0
2024-01-01 01:00:00,40.74483244518929,-73.97033735860573,road_0008,collector,242,45.0,45,6.442465663910681,0
2024-01-01 01:00:00,40.74105839625748,-73.99941744380057,road_0009,arterial,343,60.0,60,22.992399541785055,0
2024-01-01 01:00:00,40.69591159380505,-73.82426598115977,road_0010,arterial,128,57.80300447899201,60,12.142733430337138,0
2024-01-01 01:00:00,40.65692390877457,-73.74942808238488,road_0011,highway,188,80.0,80,13.423095483215619,0
2024-01-01 01:00:00,40.79398843427041,-73.9412929963572,road_0012,collector,110,45.0,45,9.633477867316728,0
2024-01-01 01:00:00,40.741050449839285,-73.98098885522496,road_0013,arterial,209,60.0,60,15.907461438559107,0
2024-01-01 01:00:00,40.76936020671709,-73.98141462047757,road_0014,collector,236,43.1383616468586,45,12.923156357728436,0
2024-01-01 01:00:00,40.72484697982401,-74.01459505800035,road_0015,collector,267,45.0,45,25.141446371602076,0
2024-01-01 01:00:00,40.73100440294086,-73.98775581733632,road_0016,collector,187,45.0,45,18.43257024600217,0
2024-01-01 01:00:00,40.75868351619848,-73.94023079983116,road_0017,local,87,33.86525560025584,35,18.675106836351326,0
2024-01-01 01:00:00,40.716165397891224,-73.7396523951108,road_0018,collector,73,40.82344611412442,45,6.432269486590147,0
2024-01-01 01:00:00,40.74909586171322,-73.98772674635582,road_0019,collector,219,45.0,45,10.330825042565689,0
2024-01-01 02:00:00,40.80447246752146,-73.99401551064027,road_0000,arterial,64,58.32228393955062,60,9.012011213193167,0
2024-01-01 02:00:00,40.80949107356936,-73.96391243158607,road_0001,local,29,33.01073864223319,35,9.024871061972217,0
2024-01-01 02:00:00,40.72351506842384,-73.96679396976803,road_0002,arterial,191,60.0,60,0.0,0
2024-01-01 02:00:00,40.7911614698899,-73.9971824244575,road_0003,collector,90,45.0,45,10.52182667445323,0
2024-01-01 02:00:00,40.7746287921634,-73.93637254877068,road_0004,collector,77,42.93744553893546,45,11.037057228707408,0
2024-01-01 02:00:00,40.77476408309478,-73.96823070091489,road_0005,collector,97,45.0,45,0.0,0
2024-01-01 02:00:00,40.796308181536965,-73.9632723129526,road_0006,arterial,193,56.07923305328036,60,5.899058888285397,0
2024-01-01 02:00:00,40.70105925421109,-73.79200731226265,road_0007,collector,40,45.0,45,3.651199960789076,0
2024-01-01 02:00:00,40.74483244518929,-73.97033735860573,road_0008,collector,129,45.0,45,17.69730561326388,0
2024-01-01 02:00:00,40.74105839625748,-73.99941744380057,road_0009,arterial,226,56.972201147590496,60,7.432001248555798,0
2024-01-01 02:00:00,40.69591159380505,-73.82426598115977,road_0010,arterial,105,55.39284583122847,60,0.0,0
2024-01-01 02:00:00,40.65692390877457,-73.74942808238488,road_0011,highway,84,80.0,80,9.209211680220145,0
2024-01-01 02:00:00,40.79398843427041,-73.9412929963572,road_0012,collector,67,44.76121921143267,45,4.2989841690033135,0
2024-01-01 02:00:00,40.741050449839285,-73.98098885522496,road_0013,arterial,141,60.0,60,3.610094687947469,0
2024-01-01 02:00:00,40.76936020671709,-73.98141462047757,road_0014,collector,113,45.0,45,5.025585625862758,0
2024-01-01 02:00:00,40.72484697982401,-74.01459505800035,road_0015,collector,141,41.965918371026014,45,12.573872632378901,0
2024-01-01 02:00:00,40.73100440294086,-73.98775581733632,road_0016,collector,79,45.0,45,0.0,0
2024-01-01 02:00:00,40.75868351619848,-73.94023079983116,road_0017,local,63,35.0,35,5.638398524130438,0
2024-01-01 02:00:00,40.716165397891224,-73.7396523951108,road_0018,collector,64,43.97490188016467,45,13.095962842197167,0
2024-01-01 02:00:00,40.74909586171322,-73.98772674635582,road_0019,collector,244,41.119933158115074,45,10.182489362452595,0
2024-01-01 03:00:00,40.80447246752146,-73.99401551064027,road_0000,arterial,70,60.0,60,0.0,0
2024-01-01 03:00:00,40.80949107356936,-73.96391243158607,road_0001,local,24,31.662899703108465,35,9.89750621938909,0
2024-01-01 03:00:00,40.72351506842384,-73.96679396976803,road_0002,arterial,242,60.0,60,2.043296552433125,0
2024-01-01 03:00:00,40.7911614698899,-73.9971824244575,road_0003,collector,106,45.0,45,11.768087542744382,0
2024-01-01 03:00:00,40.7746287921634,-73.93637254877068,road_0004,collector,57,45.0,45,8.812295032817168,0
2024-01-01 03:00:00,40.77476408309478,-73.96823070091489,road_0005,collector,172,45.0,45,8.90702838252233,0
2024-01-01 03:00:00,40.796308181536965,-73.9632723129526,road_0006,arterial,137,59.147848316994484,60,12.648255036860238,0
2024-01-01 03:00:00,40.70105925421109,-73.79200731226265,road_0007,collector,89,45.0,45,0.0,0
2024-01-01 03:00:00,40.74483244518929,-73.97033735860573,road_0008,collector,140,45.0,45,5.734325353945569,0
2024-01-01 03:00:00,40.74105839625748,-73.99941744380057,road_0009,arterial,149,55.09533584380824,60,14.067639528385275,0
2024-01-01 03:00:00,40.69591159380505,-73.82426598115977,road_0010,arterial,108,60.0,60,13.332142938751122,0
2024-01-01 03:00:00,40.65692390877457,-73.74942808238488,road_0011,highway,193,77.25856991614987,80,0.6892154339612908,0
2024-01-01 03:00:00,40.79398843427041,-73.9412929963572,road_0012,collector,105,45.0,45,12.83158087451697,0
2024-01-01 03:00:00,40.741050449839285,-73.98098885522496,road_0013,arterial,129,60.0,60,0.0,0
2024-01-01 03:00:00,40.76936020671709,-73.98141462047757,road_0014,collector,135,41.55319420208772,45,6.018300251041573,0
2024-01-01 03:00:00,40.72484697982401,-74.01459505800035,road_0015,collector,92,41.41001618630787,45,8.497694599658555,0
2024-01-01 03:00:00,40.73100440294086,-73.98775581733632,road_0016,collector,83,45.0,45,0.0,0
2024-01-01 03:00:00,40.75868351619848,-73.94023079983116,road_0017,local,43,35.0,35,0.0,0
2024-01-01 03:00:00,40.716165397891224,-73.7396523951108,road_0018,collector,55,45.0,45,9.922658011816717,0
2024-01-01 03:00:00,40.74909586171322,-73.98772674635582,road_0019,collector,235,41.247779116879705,45,13.191858377284984,0
2024-01-01 04:00:00,40.80447246752146,-73.99401551064027,road_0000,arterial,264,60.0,60,9.044440184939527,0
2024-01-01 04:00:00,40.80949107356936,-73.96391243158607,road_0001,local,42,34.78058486019175,35,0.0,0
2024-01-01 04:00:00,40.72351506842384,-73.96679396976803,road_0002,arterial,156,60.0,60,0.0,0
2024-01-01 04:00:00,40.7911614698899,-73.9971824244575,road_0003,collector,156,43.87306533649778,45,19.643450969490836,0
2024-01-01 04:00:00,40.7746287921634,-73.93637254877068,road_0004,collector,114,45.0,45,2.071916770389052,0
2024-01-01 04:00:00,40.77476408309478,-73.96823070091489,road_0005,collector,122,45.0,45,0.0,0
2024-01-01 04:00:00,40.796308181536965,-73.9632723129526,road_0006,arterial,253,60.0,60,1.5959312947079756,0
2024-01-01 04:00:00,40.70105925421109,-73.79200731226265,road_0007,collector,142,45.0,45,12.054639429371917,0
2024-01-01 04:00:00,40.74483244518929,-73.97033735860573,road_0008,collector,187,45.0,45,14.152952905128672,0
2024-01-01 04:00:00,40.74105839625748,-73.99941744380057,road_0009,arterial,165,60.0,60,15.608229681531178,0
2024-01-01 04:00:00,40.69591159380505,-73.82426598115977,road_0010,arterial,165,56.25729379659045,60,2.1476236596226537,0
2024-01-01 04:00:00,40.65692390877457,-73.74942808238488,road_0011,highway,240,73.2436118058584,80,7.6731222370174414,0
2024-01-01 04:00:00,40.79398843427041,-73.9412929963572,road_0012,collector,211,45.0,45,18.02990094706157,0
2024-01-01 04:00:00,40.741050449839285,-73.98098885522496,road_0013,arterial,287,55.94994560460838,60,15.174623451077586,0
2024-01-01 04:00:00,40.76936020671709,-73.98141462047757,road_0014,collector,287,45.0,45,28.129331599171813,0
2024-01-01 04:00:00,40.72484697982401,-74.01459505800035,road_0015,collector,198,45.0,45,21.85456966708027,0
2024-01-01 04:00:00,40.73100440294086,-73.98775581733632,road_0016,collector,88,45.0,45,3.395934004227658,0
2024-01-01 04:00:00,40.75868351619848,-73.94023079983116,road_0017,local,81,34.16569740221164,35,12.007614307042703,0
2024-01-01 04:00:00,40.716165397891224,-73.7396523951108,road_0018,collector,160,44.71737011294949,45,17.433240760889426,0
2024-01-01 04:00:00,40.74909586171322,-73.98772674635582,road_0019,collector,186,45.0,45,3.5275099330185427,0
2024-01-01 05:00:00,40.80447246752146,-73.99401551064027,road_0000,arterial,635,60.0,60,35.33273674147811,0
2024-01-01 05:00:00,40.80949107356936,-73.96391243158607,road_0001,local,193,33.21455995314715,35,31.11794781354823,0
2024-01-01 05:00:00,40.72351506842384,-73.96679396976803,road_0002,arterial,503,60.0,60,29.201020545174444,0
2024-01-01 05:00:00,40.7911614698899,-73.9971824244575,road_0003,collector,199,43.721432887036976,45,15.629231475824582,0
2024-01-01 05:00:00,40.7746287921634,-73.93637254877068,road_0004,collector,171,45.0,45,11.806154018075867,0
2024-01-01 05:00:00,40.77476408309478,-73.96823070091489,road_0005,collector,431,45.0,45,29.771470108823046,0
2024-01-01 05:00:00,40.796308181536965,-73.9632723129526,road_0006,arterial,532,54.32868094356096,60,13.960304569012813,0
2024-01-01 05:00:00,40.70105925421109,-73.79200731226265,road_0007,collector,255,42.41136409426942,45,21.08159536198447,0
2024-01-01 05:00:00,40.74483244518929,-73.97033735860573,road_0008,collector,200,45.0,45,10.345084509465273,0
2024-01-01 05:00:00,40.74105839625748,-73.99941744380057,road_0009,arterial,544,58.159506564210616,60,29.843173889874965,0
2024-01-01 05:00:00,40.69591159380505,-73.82426598115977,road_0010,arterial,372,60.0,60,12.810855646425402,0
2024-01-01 05:00:00,40.65692390877457,-73.74942808238488,road_0011,highway,828,80.0,80,13.641469618580757,0
2024-01-01 05:00:00,40.79398843427041,-73.9412929963572,road_0012,collector,221,45.0,45,13.91604845809856,0
2024-01-01 05:00:00,40.741050449839285,-73.98098885522496,road_0013,arterial,572,56.858374677126264,60,25.548017086334514,0
2024-01-01 05:00:00,40.76936020671709,-73.98141462047757,road_0014,collector,194,41.8653671757239,45,5.494250112488782,0
2024-01-01 05:00:00,40.72484697982401,-74.01459505800035,road_0015,collector,263,43.60482419391198,45,11.170935021316232,0
2024-01-01 05:00:00,40.73100440294086,-73.98775581733632,road_0016,collector,499,41.97376960844511,45,36.61782143708721,0
2024-01-01 05:00:00,40.75868351619848,-73.94023079983116,road_0017,local,77,33.449701760893106,35,3.0037012614432914,0
2024-01-01 05:00:00,40.716165397891224,-73.7396523951108,road_0018,collector,116,44.64676938874504,45,0.14605075534534961,0
2024-01-01 05:00:00,40.74909586171322,-73.98772674635582,road_0019,collector,308,45.0,45,20.601678750430473,0
2024-01-01 06:00:00,40.80447246752146,-73.99401551064027,road_0000,arterial,536,54.96368765754422,60,23.998007789818157,0
2024-01-01 06:00:00,40.80949107356936,-73.96391243158607,road_0001,local,413,33.08563391349231,35,42.84655919709728,0
2024-01-01 06:00:00,40.72351506842384,-73.96679396976803,road_0002,arterial,1739,54.59492817304234,60,63.25042038712755,0
2024-01-01 06:00:00,40.7911614698899,-73.9971824244575,road_0003,collector,434,43.77420733177243,45,31.298428763939253,0
2024-01-01 06:00:00,40.7746287921634,-73.93637254877068,road_0004,collector,525,42.67587177896373,45,25.733664057811957,0
2024-01-01 06:00:00,40.77476408309478,-73.96823070091489,road_0005,collector,1026,43.84930038353395,45,68.63354884231333,0
2024-01-01 06:00:00,40.796308181536965,-73.9632723129526,road_0006,arterial,519,56.89379471909907,60,21.412345329100464,0
2024-01-01 06:00:00,40.70105925421109,-73.79200731226265,road_0007,collector,297,43.38870952514886,45,10.201423955554528,0
2024-01-01 06:00:00,40.74483244518929,-73.97033735860573,road_0008,collector,509,45.0,45,26.328575969718354,0
2024-01-01 06:00:00,40.74105839625748,-73.99941744380057,road_0009,arterial,1438,59.01233804068219,60,63.30342477214677,0
2024-01-01 06:00:00,40.69591159380505,-73.82426598115977,road_0010,arterial,418,60.0,60,18.456822360417583,0
2024-01-01 06:00:00,40.65692390877457,-73.74942808238488,road_0011,highway,842,77.78640788775101,80,16.725518115974488,0
2024-01-01 06:00:00,40.79398843427041,-73.9412929963572,road_0012,collector,576,45.0,45,35.52193451795692,0
2024-01-01 06:00:00,40.741050449839285,-73.98098885522496,road_0013,arterial,1213,55.37396822691841,60,40.555649452408076,0
2024-01-01 06:00:00,40.76936020671709,-73.98141462047757,road_0014,collector,493,42.99060981008823,45,26.598007147692783,0
2024-01-01 06:00:00,40.72484697982401,-74.01459505800035,road_0015,collector,604,45.0,45,31.87134157989951,0
2024-01-01 06:00:00,40.73100440294086,-73.98775581733632,road_0016,collector,813,43.517385540447414,45,46.44077804336105,0
2024-01-01 06:00:00,40.75868351619848,-73.94023079983116,road_0017,local,431,32.889696138486286,35,60.216441418985596,0
2024-01-01 06:00:00,40.716165397891224,-73.7396523951108,road_0018,collector,296,45.0,45,28.32085311588505,0
2024-01-01 06:00:00,40.74909586171322,-73.98772674635582,road_0019,collector,865,41.495078718717785,45,63.0565253305054,0
2024-01-01 07:00:00,40.80447246752146,-73.99401551064027,road_0000,arterial,1814,54.637126664940524,60,72.7122075736891,0
2024-01-01 07:00:00,40.80949107356936,-73.96391243158607,road_0001,local,483,34.873616315257856,35,56.14761106480512,0
2024-01-01 07:00:00,40.72351506842384,-73.96679396976803,road_0002,arterial,2500,47.4972890798862,60,100.0,1
2024-01-01 07:00:00,40.7911614698899,-73.9971824244575,road_0003,collector,971,45.0,45,56.00083274278869,0
2024-01-01 07:00:00,40.7746287921634,-73.93637254877068,road_0004,collector,1259,43.40247481055831,45,79.02614642860861,0
2024-01-01 07:00:00,40.77476408309478,-73.96823070091489,road_0005,collector,1500,38.44049411071776,45,99.43152377100317,0
2024-01-01 07:00:00,40.796308181536965,-73.9632723129526,road_0006,arterial,2251,59.694989350814126,60,96.65238815575458,0
2024-01-01 07:00:00,40.70105925421109,-73.79200731226265,road_0007,collector,640,41.92269872974521,45,51.43347580308743,0
2024-01-01 07:00:00,40.74483244518929,-73.97033735860573,road_0008,collector,1500,41.805616513760405,45,100.0,0
2024-01-01 07:00:00,40.74105839625748,-73.99941744380057,road_0009,arterial,2500,48.66423592555518,60,94.03254640095489,0
2024-01-01 07:00:00,40.69591159380505,-73.82426598115977,road_0010,arterial,1161,59.85915605441019,60,49.743944413924,0
2024-01-01 07:00:00,40.65692390877457,-73.74942808238488,road_0011,highway,2383,80.0,80,57.42390214845271,0
2024-01-01 07:00:00,40.79398843427041,-73.9412929963572,road_0012,collector,1200,40.71111025350211,45,79.25359571339213,0
2024-01-01 07:00:00,40.741050449839285,-73.98098885522496,road_0013,arterial,2500,56.34338685156073,60,94.64425390293634,0
2024-01-01 07:00:00,40.76936020671709,-73.98141462047757,road_0014,collector,1500,40.102732141935604,45,100.0,0
2024-01-01 07:00:00,40.72484697982401,-74.01459505800035,road_0015,collector,1500,37.83839176688155,45,100.0,0
2024-01-01 07:00:00,40.73100440294086,-73.98775581733632,road_0016,collector,1500,39.39230419807557,45,100.0,0
2024-01-01 07:00:00,40.75868351619848,-73.94023079983116,road_0017,local,800,29.288743021364212,35,93.03349759465502,0
2024-01-01 07:00:00,40.716165397891224,-73.7396523951108,road_0018,collector,754,45.0,45,40.93731536138226,0
2024-01-01 07:00:00,40.74909586171322,-73.98772674635582,road_0019,collector,1500,41.64462238438968,45,96.84163497431815,0
2024-01-01 08:00:00,40.80447246752146,-73.99401551064027,road_0000,arterial,2184,54.04569851150168,60,79.90977324663965,0
2024-01-01 08:00:00,40.80949107356936,-73.96391243158607,road_0001,local,800,31.787624329349104,35,94.58502790465283,0
2024-01-01 08:00:00,40.72351506842384,-73.96679396976803,road_0002,arterial,2500,52.61973332188796,60,100.0,0
2024-01-01 08:00:00,40.7911614698899,-73.9971824244575,road_0003,collector,1294,44.94251590825248,45,79.89862100269518,0
2024-01-01 08:00:00,40.7746287921634,-73.93637254877068,road_0004,collector,1500,42.63091309261422,45,99.24011607288266,0
2024-01-01 08:00:00,40.77476408309478,-73.96823070091489,road_0005,collector,1500,40.00268532079291,45,100.0,0
2024-01-01 08:00:00,40.796308181536965,-73.9632723129526,road_0006,arterial,1917,57.78495881278844,60,85.32236564967225,0
2024-01-01 08:00:00,40.70105925421109,-73.79200731226265,road_0007,collector,1500,36.41117511845945,45,100.0,0
2024-01-01 08:00:00,40.74483244518929,-73.97033735860573,road_0008,collector,1500,40.9808679309761,45,98.48261342604772,0
2024-01-01 08:00:00,40.74105839625748,-73.99941744380057,road_0009,arterial,2500,48.13813613051223,60,99.01678742808264,0
2024-01-01 08:00:00,40.69591159380505,-73.82426598115977,road_0010,arterial,2500,56.56530660122477,60,92.49325362406533,0
2024-01-01 08:00:00,40.65692390877457,-73.74942808238488,road_0011,highway,4000,68.16003761906269,80,100.0,0
2024-01-01 08:00:00,40.79398843427041,-73.9412929963572,road_0012,collector,990,39.4197200357335,45,72.05706897196023,0
2024-01-01 08:00:00,40.741050449839285,-73.98098885522496,road_0013,arterial,2500,56.55501512778534,60,100.0,0
2024-01-01 08:00:00,40.76936020671709,-73.98141462047757,road_0014,collector,1500,38.756488233050675,45,100.0,0
2024-01-01 08:00:00,40.72484697982401,-74.01459505800035,road_0015,collector,1500,36.59781119874437,45,92.817140407596,0
2024-01-01 08:00:00,40.73100440294086,-73.98775581733632,road_0016,collector,1500,38.05351747134757,45,100.0,0
2024-01-01 08:00:00,40.75868351619848,-73.94023079983116,road_0017,local,800,31.430227481840852,35,90.26188913176668,0
2024-01-01 08:00:00,40.716165397891224,-73.7396523951108,road_0018,collector,995,42.98331850126988,45,59.30658788839559,0
2024-01-01 08:00:00,40.74909586171322,-73.98772674635582,road_0019,collector,1500,39.8769262225047,45,100.0,0
2024-01-01 09:00:00,40.80447246752146,-73.99401551064027,road_0000,arterial,1650,60.0,60,60.19811186191171,0
2024-01-01 09:00:00,40.80949107356936,-73.96391243158607,road_0001,local,507,33.982198289097404,35,54.105993356961896,0
2024-01-01 09:00:00,40.72351506842384,-73.96679396976803,road_0002,arterial,2500,51.68649218867508,60,100.0,0
2024-01-01 09:00:00,40.7911614698899,-73.9971824244575,road_0003,collector,1481,39.85561648801572,45,96.74859455083985,0
2024-01-01 09:00:00,40.7746287921634,-73.93637254877068,road_0004,collector,889,45.0,45,66.50237908693701,0
2024-01-01 09:00:00,40.77476408309478,-73.96823070091489,road_0005,collector,1500,38.41618046946338,45,100.0,0
2024-01-01 09:00:00,40.796308181536965,-73.9632723129526,road_0006,arterial,1213,60.0,60,52.839444576947955,0
2024-01-01 09:00:00,40.70105925421109,-73.79200731226265,road_0007,collector,501,45.0,45,28.02149593176143,0
2024-01-01 09:00:00,40.74483244518929,-73.97033735860573,road_0008,collector,1290,38.913963613324285,45,91.99832170746379,0
2024-01-01 09:00:00,40.74105839625748,-73.99941744380057,road_0009,arterial,2500,49.49397068868996,60,91.9888278551869,0
2024-01-01 09:00:00,40.69591159380505,-73.82426598115977,road_0010,arterial,2265,53.37210950133238,60,97.20439729133984,0
2024-01-01 09:00:00,40.65692390877457,-73.74942808238488,road_0011,highway,2684,80.0,80,62.962954605220276,0
2024-01-01 09:00:00,40.79398843427041,-73.9412929963572,road_0012,collector,690,40.46700597679512,45,40.157725102920544,0
2024-01-01 09:00:00,40.741050449839285,-73.98098885522496,road_0013,arterial,2500,56.27135698515105,60,98.42849101184996,0
2024-01-01 09:00:00,40.76936020671709,-73.98141462047757,road_0014,collector,1500,38.18889710739601,45,95.18846866862584,0
2024-01-01 09:00:00,40.72484697982401,-74.01459505800035,road_0015,collector,1500,38.42148249540972,45,100.0,0
2024-01-01 09:00:00,40.73100440294086,-73.98775581733632,road_0016,collector,1500,42.64006935883428,45,95.88931519083835,0
2024-01-01 09:00:00,40.75868351619848,-73.94023079983116,road_0017,local,800,30.358276858910088,35,100.0,0
2024-01-01 09:00:00,40.716165397891224,-73.7396523951108,road_0018,collector,1500,35.39323806511397,45,98.50427008938468,1
2024-01-01 09:00:00,40.74909586171322,-73.98772674635582,road_0019,collector,1500,37.2356427555642,45,100.0,0
2024-01-01 10:00:00,40.80447246752146,-73.99401551064027,road_0000,arterial,838,60.0,60,43.208043614071045,0
2024-01-01 10:00:00,40.80949107356936,-73.96391243158607,road_0001,local,224,35.0,35,18.367813530949338,0
2024-01-01 10:00:00,40.72351506842384,-73.96679396976803,road_0002,arterial,1109,60.0,60,39.84110441374412,0
2024-01-01 10:00:00,40.7911614698899,-73.9971824244575,road_0003,collector,849,39.98344944005761,45,50.72842543521206,0
2024-01-01 10:00:00,40.7746287921634,-73.93637254877068,road_0004,collector,512,45.0,45,41.611134884583635,0
2024-01-01 10:00:00,40.77476408309478,-73.96823070091489,road_0005,collector,1151,45.0,45,70.24075890580232,0
2024-01-01 10:00:00,40.796308181536965,-73.9632723129526,road_0006,arterial,971,54.377968884035326,60,39.21835410565676,0
2024-01-01 10:00:00,40.70105925421109,-73.79200731226265,road_0007,collector,402,45.0,45,18.45597335850253,0
2024-01-01 10:00:00,40.74483244518929,-73.97033735860573,road_0008,collector,727,43.34231759320132,45,44.240541402080666,0
2024-01-01 10:00:00,40.74105839625748,-73.99941744380057,road_0009,arterial,1818,57.30864672992511,60,74.04809280593794,0
2024-01-01 10:00:00,40.69591159380505,-73.82426598115977,road_0010,arterial,1187,56.151235611325845,60,52.131441944205,0
2024-01-01 10:00:00,40.65692390877457,-73.74942808238488,road_0011,highway,731,72.8106310998473,80,20.176558614005096,0
2024-01-01 10:00:00,40.79398843427041,-73.9412929963572,road_0012,collector,683,45.0,45,42.21821114967255,0
2024-01-01 10:00:00,40.741050449839285,-73.98098885522496,road_0013,arterial,879,59.80879128156272,60,39.72377512407207,0
2024-01-01 10:00:00,40.76936020671709,-73.98141462047757,road_0014,collector,1129,45.0,45,70.1947073314488,0
2024-01-01 10:00:00,40.72484697982401,-74.01459505800035,road_0015,collector,1357,41.62947403513645,45,85.90956941126592,0
2024-01-01 10:00:00,40.73100440294086,-73.98775581733632,road_0016,collector,723,41.39621702738451,45,56.54627150924485,0
2024-01-01 10:00:00,40.75868351619848,-73.94023079983116,road_0017,local,485,34.59237027561832,35,54.327658576772386,0
2024-01-01 10:00:00,40.716165397891224,-73.7396523951108,road_0018,collector,772,45.0,45,57.59788962389567,0
2024-01-01 10:00:00,40.74909586171322,-73.98772674635582,road_0019,collector,1500,39.047673628511546,45,94.99336017718372,0
2024-01-01 11:00:00,40.80447246752146,-73.99401551064027,road_0000,arterial,1104,54.1641495073187,60,53.041186793732265,0
2024-01-01 11:00:00,40.80949107356936,-73.96391243158607,road_0001,local,549,34.33342792403819,35,62.23650690254667,0
2024-01-01 11:00:00,40.72351506842384,-73.96679396976803,road_0002,arterial,2080,53.70787496366862,60,87.1484053449368,0
2024-01-01 11:00:00,40.7911614698899,-73.9971824244575,road_0003,collector,1222,41.99338213544207,45,90.35199644893535,0
2024-01-01 11:00:00,40.7746287921634,-73.93637254877068,road_0004,collector,1122,45.0,45,71.1820094648651,0
2024-01-01 11:00:00,40.77476408309478,-73.96823070091489,road_0005,collector,669,41.339744952813064,45,39.200176745754064,0
2024-01-01 11:00:00,40.796308181536965,-73.9632723129526,road_0006,arterial,821,60.0,60,29.63749927536133,0
2024-01-01 11:00:00,40.70105925421109,-73.79200731226265,road_0007,collector,332,45.0,45,22.923159180840077,0
2024-01-01 11:00:00,40.74483244518929,-73.97033735860573,road_0008,collector,977,44.83245757256982,45,72.85288829805707,0
2024-01-01 11:00:00,40.74105839625748,-73.99941744380057,road_0009,arterial,1138,53.90805354983768,60,52.92197747801859,0
2024-01-01 11:00:00,40.69591159380505,-73.82426598115977,road_0010,arterial,1342,60.0,60,62.46135397025793,0
2024-01-01 11:00:00,40.65692390877457,-73.74942808238488,road_0011,highway,2163,77.43771025220839,80,59.418765778622536,0
2024-01-01 11:00:00,40.79398843427041,-73.9412929963572,road_0012,collector,766,45.0,45,58.54020895039345,0
2024-01-01 11:00:00,40.741050449839285,-73.98098885522496,road_0013,arterial,2233,57.37331513695861,60,87.7471400455414,0
2024-01-01 11:00:00,40.76936020671709,-73.98141462047757,road_0014,collector,716,42.75223304832137,45,44.82577648614887,0
2024-01-01 11:00:00,40.72484697982401,-74.01459505800035,road_0015,collector,810,40.14878436985749,45,44.84186379272724,0
2024-01-01 11:00:00,40.73100440294086,-73.98775581733632,road_0016,collector,1500,40.53637003846752,45,97.68653294319364,0
2024-01-01 11:00:00,40.75868351619848,-73.94023079983116,road_0017,local,347,31.956207258558603,35,49.10190028831104,0
2024-01-01 11:00:00,40.716165397891224,-73.7396523951108,road_0018,collector,632,44.49627538080351,45,51.02797377916154,0
2024-01-01 11:00:00,40.74909586171322,-73.98772674635582,road_0019,collector,1277,39.47469971664388,45,94.95670585607287,0
2024-01-01 12:00:00,40.80447246752146,-73.99401551064027,road_0000,arterial,2043,56.38058695346645,60,83.87473589757718,0
2024-01-01 12:00:00,40.80949107356936,-73.96391243158607,road_0001,local,289,32.721477591799996,35,30.534724181403508,0
2024-01-01 12:00:00,40.72351506842384,-73.96679396976803,road_0002,arterial,2431,57.86833261229324,60,88.39685353126794,0
2024-01-01 12:00:00,40.7911614698899,-73.9971824244575,road_0003,collector,1303,38.75502722727823,45,96.76482311959538,0
2024-01-01 12:00:00,40.7746287921634,-73.93637254877068,road_0004,collector,824,41.320643480253715,45,58.853745694409184,0
2024-01-01 12:00:00,40.77476408309478,-73.96823070091489,road_0005,collector,1417,40.495379826876814,45,88.94301896311913,0
2024-01-01 12:00:00,40.796308181536965,-73.9632723129526,road_0006,arterial,1538,60.0,60,53.34973674795509,0
2024-01-01 12:00:00,40.70105925421109,-73.79200731226265,road_0007,collector,442,45.0,45,37.24162826404621,0
2024-01-01 12:00:00,40.74483244518929,-73.97033735860573,road_0008,collector,1500,39.52844898737588,45,100.0,0
2024-01-01 12:00:00,40.74105839625748,-73.99941744380057,road_0009,arterial,1240,56.603168960010855,60,47.05377034024628,0
2024-01-01 12:00:00,40.69591159380505,-73.82426598115977,road_0010,arterial,1321,55.98751151043442,60,44.460924318152955,0
2024-01-01 12:00:00,40.65692390877457,-73.74942808238488,road_0011,highway,1705,79.52854790681482,80,49.64913828097538,0
2024-01-01 12:00:00,40.79398843427041,-73.9412929963572,road_0012,collector,840,42.99601664061761,45,62.493619318502994,0
2024-01-01 12:00:00,40.741050449839285,-73.98098885522496,road_0013,arterial,2459,56.59732742356191,60,93.70056540338842,0
2024-01-01 12:00:00,40.76936020671709,-73.98141462047757,road_0014,collector,1500,42.00491113794629,45,100.0,0
2024-01-01 12:00:00,40.72484697982401,-74.01459505800035,road_0015,collector,1500,40.54023212681975,45,100.0,0
2024-01-01 12:00:00,40.73100440294086,-73.98775581733632,road_0016,collector,1500,42.111162463295976,45,93.17210210586147,0
2024-01-01 12:00:00,40.75868351619848,-73.94023079983116,road_0017,local,477,31.799222329813198,35,66.14133501129524,0
2024-01-01 12:00:00,40.716165397891224,-73.7396523951108,road_0018,collector,615,45.0,45,34.21519792096616,0
2024-01-01 12:00:00,40.74909586171322,-73.98772674635582,road_0019,collector,1500,37.46377669441237,45,90.12771743433667,0
2024-01-01 13:00:00,40.80447246752146,-73.99401551064027,road_0000,arterial,1632,55.603000706614054,60,67.91627054033337,0
2024-01-01 13:00:00,40.80949107356936,-73.96391243158607,road_0001,local,451,31.767558427136734,35,61.971907903022874,0
2024-01-01 13:00:00,40.72351506842384,-73.96679396976803,road_0002,arterial,2334,52.1587038463856,60,100.0,0
2024-01-01 13:00:00,40.7911614698899,-73.9971824244575,road_0003,collector,975,45.0,45,57.05019455981358,0
2024-01-01 13:00:00,40.7746287921634,-73.93637254877068,road_0004,collector,719,45.0,45,43.95260467226966,0
2024-01-01 13:00:00,40.77476408309478,-73.96823070091489,road_0005,collector,697,45.0,45,43.3843278057258,0
2024-01-01 13:00:00,40.796308181536965,-73.9632723129526,road_0006,arterial,834,60.0,60,42.82977938354794,0
2024-01-01 13:00:00,40.70105925421109,-73.79200731226265,road_0007,collector,620,40.54377456348969,45,46.498597251913786,0
2024-01-01 13:00:00,40.74483244518929,-73.97033735860573,road_0008,collector,585,45.0,45,38.77286380809332,0
2024-01-01 13:00:00,40.74105839625748,-73.99941744380057,road_0009,arterial,2118,60.0,60,80.19253332563332,0
2024-01-01 13:00:00,40.69591159380505,-73.82426598115977,road_0010,arterial,905,60.0,60,29.472476423833378,0
2024-01-01 13:00:00,40.65692390877457,-73.74942808238488,road_0011,highway,1654,80.0,80,32.99762091231685,0
2024-01-01 13:00:00,40.79398843427041,-73.9412929963572,road_0012,collector,769,41.43023282121443,45,60.28393791167488,0
2024-01-01 13:00:00,40.741050449839285,-73.98098885522496,road_0013,arterial,2051,57.738912476832475,60,80.43454633852245,0
2024-01-01 13:00:00,40.76936020671709,-73.98141462047757,road_0014,collector,918,43.27342580822172,45,70.87955295919656,0
2024-01-01 13:00:00,40.72484697982401,-74.01459505800035,road_0015,collector,1349,37.13625874810924,45,84.195427413835,0
2024-01-01 13:00:00,40.73100440294086,-73.98775581733632,road_0016,collector,1200,42.168082190443194,45,87.28716499679274,0
2024-01-01 13:00:00,40.75868351619848,-73.94023079983116,road_0017,local,493,35.0,35,68.99746335911222,0
2024-01-01 13:00:00,40.716165397891224,-73.7396523951108,road_0018,collector,842,45.0,45,61.35381315219331,0
2024-01-01 13:00:00,40.74909586171322,-73.98772674635582,road_0019,collector,722,45.0,45,56.550290289647066,0
2024-01-01 14:00:00,40.80447246752146,-73.99401551064027,road_0000,arterial,1386,54.72672626917682,60,47.786163779247886,0
2024-01-01 14:00:00,40.80949107356936,-73.96391243158607,road_0001,local,399,34.61983433896838,35,43.88549453400673,0
2024-01-01 14:00:00,40.72351506842384,-73.96679396976803,road_0002,arterial,1028,60.0,60,36.49986808870196,0
2024-01-01 14:00:00,40.7911614698899,-73.9971824244575,road_0003,collector,536,41.05162614345244,45,25.96574413149535,0
2024-01-01 14:00:00,40.7746287921634,-73.93637254877068,road_0004,collector,590,42.97068430641105,45,41.3337442957194,0
2024-01-01 14:00:00,40.77476408309478,-73.96823070091489,road_0005,collector,1333,37.36138727425752,45,94.46368644453366,0
2024-01-01 14:00:00,40.796308181536965,-73.9632723129526,road_0006,arterial,909,60.0,60,31.20090031725055,0
2024-01-01 14:00:00,40.70105925421109,-73.79200731226265,road_0007,collector,356,45.0,45,26.096448019695714,0
2024-01-01 14:00:00,40.74483244518929,-73.97033735860573,road_0008,collector,839,44.505984704437346,45,52.462559498213174,0
2024-01-01 14:00:00,40.74105839625748,-73.99941744380057,road_0009,arterial,970,54.75679490603705,60,29.464062175827337,0
2024-01-01 14:00:00,40.69591159380505,-73.82426598115977,road_0010,arterial,680,60.0,60,28.550816965231164,0
2024-01-01 14:00:00,40.65692390877457,-73.74942808238488,road_0011,highway,1577,73.40706444393366,80,32.77465164518139,0
2024-01-01 14:00:00,40.79398843427041,-73.9412929963572,road_0012,collector,803,45.0,45,44.16505622984617,0
2024-01-01 14:00:00,40.741050449839285,-73.98098885522496,road_0013,arterial,994,60.0,60,43.94121038901832,0
2024-01-01 14:00:00,40.76936020671709,-73.98141462047757,road_0014,collector,1325,43.83059630854241,45,85.12233718418945,0
2024-01-01 14:00:00,40.72484697982401,-74.01459505800035,road_0015,collector,708,45.0,45,48.15184752307472,0
2024-01-01 14:00:00,40.73100440294086,-73.98775581733632,road_0016,collector,1001,45.0,45,67.2613865520556,0
2024-01-01 14:00:00,40.75868351619848,-73.94023079983116,road_0017,local,179,32.60455470176849,35,17.31706468020293,0
2024-01-01 14:00:00,40.716165397891224,-73.7396523951108,road_0018,collector,627,43.33362569200625,45,51.31730511638263,0
2024-01-01 14:00:00,40.74909586171322,-73.98772674635582,road_0019,collector,942,43.958181428845144,45,65.97415551001752,0
2024-01-01 15:00:00,40.80447246752146,-73.99401551064027,road_0000,arterial,1413,60.0,60,51.08909482662598,0
2024-01-01 15:00:00,40.80949107356936,-73.96391243158607,road_0001,local,601,34.60808778444339,35,69.1158490185829,0
2024-01-01 15:00:00,40.72351506842384,-73.96679396976803,road_0002,arterial,921,59.387392324706425,60,31.993657770224278,0
2024-01-01 15:00:00,40.7911614698899,-73.9971824244575,road_0003,collector,1081,42.60560485275105,45,76.92079709066628,0
2024-01-01 15:00:00,40.7746287921634,-73.93637254877068,road_0004,collector,605,40.699421934873335,45,50.08632460805448,0
2024-01-01 15:00:00,40.77476408309478,-73.96823070091489,road_0005,collector,1500,40.893320820640206,45,98.77230838379181,0
2024-01-01 15:00:00,40.796308181536965,-73.9632723129526,road_0006,arterial,1405,58.189919577744355,60,64.21403728022517,0
2024-01-01 15:00:00,40.70105925421109,-73.79200731226265,road_0007,collector,490,42.323667102994996,45,40.913933579000485,0
2024-01-01 15:00:00,40.74483244518929,-73.97033735860573,road_0008,collector,1303,38.404055326670786,45,91.52892711497229,0
2024-01-01 15:00:00,40.74105839625748,-73.99941744380057,road_0009,arterial,2500,49.43523469485786,60,93.59366217740484,0
2024-01-01 15:00:00,40.69591159380505,-73.82426598115977,road_0010,arterial,1233,59.38031556932806,60,56.40770186739158,0
2024-01-01 15:00:00,40.65692390877457,-73.74942808238488,road_0011,highway,1400,80.0,80,33.90610510005331,0
2024-01-01 15:00:00,40.79398843427041,-73.9412929963572,road_0012,collector,671,43.756911077019794,45,38.00381078503379,0
2024-01-01 15:00:00,40.741050449839285,-73.98098885522496,road_0013,arterial,2392,51.436151371882445,60,98.81473329082584,0
2024-01-01 15:00:00,40.76936020671709,-73.98141462047757,road_0014,collector,1185,42.123060920236064,45,88.39642090157089,0
2024-01-01 15:00:00,40.72484697982401,-74.01459505800035,road_0015,collector,702,44.85519977002415,45,40.19515810175082,0
2024-01-01 15:00:00,40.73100440294086,-73.98775581733632,road_0016,collector,1073,41.12327852703395,45,70.15108380656945,0
2024-01-01 15:00:00,40.75868351619848,-73.94023079983116,road_0017,local,474,32.08029580467575,35,52.590838158019,0
2024-01-01 15:00:00,40.716165397891224,-73.7396523951108,road_0018,collector,376,44.74517922530636,45,28.34275721910277,0
2024-01-01 15:00:00,40.74909586171322,-73.98772674635582,road_0019,collector,1500,42.01255784749508,45,100.0,0
2024-01-01 16:00:00,40.80447246752146,-73.99401551064027,road_0000,arterial,936,54.5243388869426,60,32.83499223033979,0
2024-01-01 16:00:00,40.80949107356936,-73.96391243158607,road_0001,local,584,31.0328517919141,35,63.78687081337019,0
2024-01-01 16:00:00,40.72351506842384,-73.96679396976803,road_0002,arterial,2500,52.24940669935714,60,96.32312209953501,0
2024-01-01 16:00:00,40.7911614698899,-73.9971824244575,road_0003,collector,454,45.0,45,39.999269125843604,0
2024-01-01 16:00:00,40.7746287921634,-73.93637254877068,road_0004,collector,589,45.0,45,42.049065422976675,0
2024-01-01 16:00:00,40.77476408309478,-73.96823070091489,road_0005,collector,1313,42.73819684293605,45,87.31026493847173,0
2024-01-01 16:00:00,40.796308181536965,-73.9632723129526,road_0006,arterial,825,60.0,60,29.158598831823817,0
2024-01-01 16:00:00,40.70105925421109,-73.79200731226265,road_0007,collector,565,41.2206450090041,45,47.064907588812076,0
2024-01-01 16:00:00,40.74483244518929,-73.97033735860573,road_0008,collector,1500,36.60378096089259,45,100.0,0
2024-01-01 16:00:00,40.74105839625748,-73.99941744380057,road_0009,arterial,2500,54.086066382152836,60,100.0,0
2024-01-01 16:00:00,40.69591159380505,-73.82426598115977,road_0010,arterial,1263,60.0,60,57.89809968957436,0
2024-01-01 16:00:00,40.65692390877457,-73.74942808238488,road_0011,highway,1300,80.0,80,36.290535020631225,0
2024-01-01 16:00:00,40.79398843427041,-73.9412929963572,road_0012,collector,715,45.0,45,45.54395477974984,0
2024-01-01 16:00:00,40.741050449839285,-73.98098885522496,road_0013,arterial,1549,53.3980544213719,60,71.94827451541333,0
2024-01-01 16:00:00,40.76936020671709,-73.98141462047757,road_0014,collector,1500,41.34040813610824,45,100.0,0
2024-01-01 16:00:00,40.72484697982401,-74.01459505800035,road_0015,collector,1500,38.380228604225486,45,100.0,0
2024-01-01 16:00:00,40.73100440294086,-73.98775581733632,road_0016,collector,1224,44.4072766267821,45,87.75691883882516,0
2024-01-01 16:00:00,40.75868351619848,-73.94023079983116,road_0017,local,599,30.88536302177585,35,81.23168432350043,0
2024-01-01 16:00:00,40.716165397891224,-73.7396523951108,road_0018,collector,606,43.62383647942183,45,36.89171659800541,0
2024-01-01 16:00:00,40.74909586171322,-73.98772674635582,road_0019,collector,1500,38.728906611828506,45,97.77116202540691,0
2024-01-01 17:00:00,40.80447246752146,-73.99401551064027,road_0000,arterial,2325,49.34181455228834,60,87.54539254526303,0
2024-01-01 17:00:00,40.80949107356936,-73.96391243158607,road_0001,local,800,30.21257244052523,35,100.0,0
2024-01-01 17:00:00,40.72351506842384,-73.96679396976803,road_0002,arterial,2500,51.95668046222329,60,100.0,0
2024-01-01 17:00:00,40.7911614698899,-73.9971824244575,road_0003,collector,1028,42.67720992684543,45,66.13724570905048,0
2024-01-01 17:00:00,40.7746287921634,-73.93637254877068,road_0004,collector,1500,41.203434220764485,45,100.0,0
2024-01-01 17:00:00,40.77476408309478,-73.96823070091489,road_0005,collector,1500,35.36008108181501,45,100.0,1
2024-01-01 17:00:00,40.796308181536965,-73.9632723129526,road_0006,arterial,1869,60.0,60,77.70949428309207,0
2024-01-01 17:00:00,40.70105925421109,-73.79200731226265,road_0007,collector,1155,45.0,45,68.20534780579122,0
2024-01-01 17:00:00,40.74483244518929,-73.97033735860573,road_0008,collector,1500,37.22694705172572,45,99.71743518372651,0
2024-01-01 17:00:00,40.74105839625748,-73.99941744380057,road_0009,arterial,2500,52.582552452263535,60,100.0,0
2024-01-01 17:00:00,40.69591159380505,-73.82426598115977,road_0010,arterial,1855,54.78071266469257,60,78.52301348446387,0
2024-01-01 17:00:00,40.65692390877457,-73.74942808238488,road_0011,highway,2683,80.0,80,60.69798699069359,0
2024-01-01 17:00:00,40.79398843427041,-73.9412929963572,road_0012,collector,1385,37.38590168677995,45,96.51425856778198,0
2024-01-01 17:00:00,40.741050449839285,-73.98098885522496,road_0013,arterial,2500,52.00221544403401,60,100.0,0
2024-01-01 17:00:00,40.76936020671709,-73.98141462047757,road_0014,collector,1500,40.172489026388014,45,90.86825065709638,0
2024-01-01 17:00:00,40.72484697982401,-74.01459505800035,road_0015,collector,1500,42.13726797403103,45,100.0,0
2024-01-01 17:00:00,40.73100440294086,-73.98775581733632,road_0016,collector,1500,38.43413585066118,45,100.0,0
2024-01-01 17:00:00,40.75868351619848,-73.94023079983116,road_0017,local,800,28.83312514158381,35,97.06842758605436,0
2024-01-01 17:00:00,40.716165397891224,-73.7396523951108,road_0018,collector,1469,38.94064756412779,45,100.0,0
2024-01-01 17:00:00,40.74909586171322,-73.98772674635582,road_0019,collector,1500,38.752964442291365,45,100.0,0
2024-01-01 18:00:00,40.80447246752146,-73.99401551064027,road_0000,arterial,2500,55.959621678711954,60,100.0,0
2024-01-01 18:00:00,40.80949107356936,-73.96391243158607,road_0001,local,591,34.45448719162928,35,64.34777172092673,0
2024-01-01 18:00:00,40.72351506842384,-73.96679396976803,road_0002,arterial,2500,51.03554082684016,60,94.6389419223195,0
2024-01-01 18:00:00,40.7911614698899,-73.9971824244575,road_0003,collector,1500,36.28518067218313,45,100.0,0
2024-01-01 18:00:00,40.7746287921634,-73.93637254877068,road_0004,collector,1500,40.83337381819443,45,98.56399229851229,0
2024-01-01 18:00:00,40.77476408309478,-73.96823070091489,road_0005,collector,1500,36.03216247344131,45,92.56788578908251,0
2024-01-01 18:00:00,40.796308181536965,-73.9632723129526,road_0006,arterial,2500,47.7852455894503,60,95.48321333119611,1
2024-01-01 18:00:00,40.70105925421109,-73.79200731226265,road_0007,collector,857,42.727445123769854,45,50.97067982770819,0
2024-01-01 18:00:00,40.74483244518929,-73.97033735860573,road_0008,collector,1500,39.279598363629944,45,91.38847685492186,0
2024-01-01 18:00:00,40.74105839625748,-73.99941744380057,road_0009,arterial,2500,52.59142867413403,60,94.67424163820866,0
2024-01-01 18:00:00,40.69591159380505,-73.82426598115977,road_0010,arterial,2500,50.34087394555175,60,100.0,0
2024-01-01 18:00:00,40.65692390877457,-73.74942808238488,road_0011,highway,2869,79.43594366189869,80,81.60778722442336,0
2024-01-01 18:00:00,40.79398843427041,-73.9412929963572,road_0012,collector,1500,35.6880705073105,45,99.30411224567436,1
2024-01-01 18:00:00,40.741050449839285,-73.98098885522496,road_0013,arterial,2500,54.15657277378087,60,93.5060588471532,0
2024-01-01 18:00:00,40.76936020671709,-73.98141462047757,road_0014,collector,1500,38.7420334141945,45,91.93352899293438,0
2024-01-01 18:00:00,40.72484697982401,-74.01459505800035,road_0015,collector,1500,41.44265186705007,45,100.0,0
2024-01-01 18:00:00,40.73100440294086,-73.98775581733632,road_0016,collector,1500,36.410212278238056,45,97.98631831618616,0
2024-01-01 18:00:00,40.75868351619848,-73.94023079983116,road_0017,local,800,32.516724400552135,35,100.0,0
2024-01-01 18:00:00,40.716165397891224,-73.7396523951108,road_0018,collector,1270,43.91265129375371,45,76.449155308987,0
2024-01-01 18:00:00,40.74909586171322,-73.98772674635582,road_0019,collector,1500,40.76408893885808,45,100.0,0
2024-01-01 19:00:00,40.80447246752146,-73.99401551064027,road_0000,arterial,1186,57.88188004346,60,42.70225139821686,0
2024-01-01 19:00:00,40.80949107356936,-73.96391243158607,road_0001,local,523,32.741576783806124,35,66.45104481424752,0
2024-01-01 19:00:00,40.72351506842384,-73.96679396976803,road_0002,arterial,2500,52.33752446291998,60,100.0,0
2024-01-01 19:00:00,40.7911614698899,-73.9971824244575,road_0003,collector,1500,41.880717060613804,45,100.0,0
2024-01-01 19:00:00,40.7746287921634,-73.93637254877068,road_0004,collector,1151,45.0,45,69.06066129104286,0
2024-01-01 19:00:00,40.77476408309478,-73.96823070091489,road_0005,collector,1500,41.524633566137915,45,100.0,0
2024-01-01 19:00:00,40.796308181536965,-73.9632723129526,road_0006,arterial,2500,51.161532300158214,60,91.61838566102504,0
2024-01-01 19:00:00,40.70105925421109,-73.79200731226265,road_0007,collector,675,45.0,45,41.92199453075571,0
2024-01-01 19:00:00,40.74483244518929,-73.97033735860573,road_0008,collector,1500,41.96359160039445,45,92.65049345483698,0
2024-01-01 19:00:00,40.74105839625748,-73.99941744380057,road_0009,arterial,2500,54.937145748553,60,100.0,0
2024-01-01 19:00:00,40.69591159380505,-73.82426598115977,road_0010,arterial,1047,55.50038532840782,60,39.85326055544626,0
2024-01-01 19:00:00,40.65692390877457,-73.74942808238488,road_0011,highway,1728,73.77722790686109,80,33.716238138989745,0
2024-01-01 19:00:00,40.79398843427041,-73.9412929963572,road_0012,collector,1500,38.602157308670606,45,100.0,0
2024-01-01 19:00:00,40.741050449839285,-73.98098885522496,road_0013,arterial,2500,48.0591097488182,60,98.7902337726582,0
2024-01-01 19:00:00,40.76936020671709,-73.98141462047757,road_0014,collector,1500,40.30592159268121,45,100.0,0
2024-01-01 19:00:00,40.72484697982401,-74.01459505800035,road_0015,collector,1381,40.295524588132395,45,97.68189838803546,0
2024-01-01 19:00:00,40.73100440294086,-73.98775581733632,road_0016,collector,1500,40.65679744324086,45,91.15561121992734,0
2024-01-01 19:00:00,40.75868351619848,-73.94023079983116,road_0017,local,800,28.130169196484353,35,92.84498737374392,0
2024-01-01 19:00:00,40.716165397891224,-73.7396523951108,road_0018,collector,614,40.888439230267444,45,44.77656016721597,0
2024-01-01 19:00:00,40.74909586171322,-73.98772674635582,road_0019,collector,1500,40.03215212528618,45,100.0,0
2024-01-01 20:00:00,40.80447246752146,-73.99401551064027,road_0000,arterial,832,59.004430777495145,60,33.820829278233035,0
2024-01-01 20:00:00,40.80949107356936,-73.96391243158607,road_0001,local,236,32.8250682201073,35,28.49569297642645,0
2024-01-01 20:00:00,40.72351506842384,-73.96679396976803,road_0002,arterial,1226,60.0,60,55.590757911337484,0
2024-01-01 20:00:00,40.7911614698899,-73.9971824244575,road_0003,collector,578,44.684325150831356,45,36.856413296928565,0
2024-01-01 20:00:00,40.7746287921634,-73.93637254877068,road_0004,collector,293,41.72487581217133,45,24.73912979577603,0
2024-01-01 20:00:00,40.77476408309478,-73.96823070091489,road_0005,collector,792,42.17908605173928,45,43.04241549287787,0
2024-01-01 20:00:00,40.796308181536965,-73.9632723129526,road_0006,arterial,1545,58.57268455781032,60,70.99153288642066,0
2024-01-01 20:00:00,40.70105925421109,-73.79200731226265,road_0007,collector,303,45.0,45,19.28754669119922,0
2024-01-01 20:00:00,40.74483244518929,-73.97033735860573,road_0008,collector,547,43.307205652959894,45,29.467639960546347,0
2024-01-01 20:00:00,40.74105839625748,-73.99941744380057,road_0009,arterial,1738,56.74550743518747,60,67.0377657029154,0
2024-01-01 20:00:00,40.69591159380505,-73.82426598115977,road_0010,arterial,826,60.0,60,40.881693778804696,0
2024-01-01 20:00:00,40.65692390877457,-73.74942808238488,road_0011,highway,1438,78.80420947917887,80,39.712694121730834,0
2024-01-01 20:00:00,40.79398843427041,-73.9412929963572,road_0012,collector,509,45.0,45,24.701860312579832,0
2024-01-01 20:00:00,40.741050449839285,-73.98098885522496,road_0013,arterial,1469,60.0,60,61.947078444115654,0
2024-01-01 20:00:00,40.76936020671709,-73.98141462047757,road_0014,collector,1018,43.77276769511349,45,59.19970747788046,0
2024-01-01 20:00:00,40.72484697982401,-74.01459505800035,road_0015,collector,646,45.0,45,43.31110508292015,0
2024-01-01 20:00:00,40.73100440294086,-73.98775581733632,road_0016,collector,421,41.11049353242476,45,32.393134427920316,0
2024-01-01 20:00:00,40.75868351619848,-73.94023079983116,road_0017,local,151,35.0,35,28.0050279659896,0
2024-01-01 20:00:00,40.716165397891224,-73.7396523951108,road_0018,collector,367,45.0,45,21.46073126158366,0
2024-01-01 20:00:00,40.74909586171322,-73.98772674635582,road_0019,collector,1041,39.99393255130136,45,62.88218670668168,0
2024-01-01 21:00:00,40.80447246752146,-73.99401551064027,road_0000,arterial,1045,54.00404037337899,60,37.10092856650008,0
2024-01-01 21:00:00,40.80949107356936,-73.96391243158607,road_0001,local,194,35.0,35,20.158895549548404,0
2024-01-01 21:00:00,40.72351506842384,-73.96679396976803,road_0002,arterial,1312,54.83274908645982,60,46.59374524391111,0
2024-01-01 21:00:00,40.7911614698899,-73.9971824244575,road_0003,collector,606,45.0,45,43.27808507082262,0
2024-01-01 21:00:00,40.7746287921634,-73.93637254877068,road_0004,collector,343,43.11771522868109,45,28.840950499758158,0
2024-01-01 21:00:00,40.77476408309478,-73.96823070091489,road_0005,collector,1109,45.0,45,75.58178649747825,0
2024-01-01 21:00:00,40.796308181536965,-73.9632723129526,road_0006,arterial,1125,57.70427468486455,60,37.561914927324,0
2024-01-01 21:00:00,40.70105925421109,-73.79200731226265,road_0007,collector,489,44.313616339426304,45,30.043340476750267,0
2024-01-01 21:00:00,40.74483244518929,-73.97033735860573,road_0008,collector,733,42.30438529522036,45,57.728183421560814,0
2024-01-01 21:00:00,40.74105839625748,-73.99941744380057,road_0009,arterial,713,60.0,60,36.25849800418539,0
2024-01-01 21:00:00,40.69591159380505,-73.82426598115977,road_0010,arterial,598,60.0,60,31.14739992726872,0
2024-01-01 21:00:00,40.65692390877457,-73.74942808238488,road_0011,highway,1313,79.23065598834175,80,37.925838574925564,0
2024-01-01 21:00:00,40.79398843427041,-73.9412929963572,road_0012,collector,708,45.0,45,52.72894892999449,0
2024-01-01 21:00:00,40.741050449839285,-73.98098885522496,road_0013,arterial,890,60.0,60,45.29339479049017,0
2024-01-01 21:00:00,40.76936020671709,-73.98141462047757,road_0014,collector,375,45.0,45,17.63457546909124,0
2024-01-01 21:00:00,40.72484697982401,-74.01459505800035,road_0015,collector,847,45.0,45,56.58372052570325,0
2024-01-01 21:00:00,40.73100440294086,-73.98775581733632,road_0016,collector,914,44.162056709913784,45,62.74028714250879,0
2024-01-01 21:00:00,40.75868351619848,-73.94023079983116,road_0017,local,221,35.0,35,31.402706041001814,0
2024-01-01 21:00:00,40.716165397891224,-73.7396523951108,road_0018,collector,491,44.57725187588944,45,25.934766032424793,0
2024-01-01 21:00:00,40.74909586171322,-73.98772674635582,road_0019,collector,443,45.0,45,34.06256763559343,0
2024-01-01 22:00:00,40.80447246752146,-73.99401551064027,road_0000,arterial,335,56.44569774974211,60,19.401419373983188,0
2024-01-01 22:00:00,40.80949107356936,-73.96391243158607,road_0001,local,202,32.79617636537131,35,27.56970900520358,0
2024-01-01 22:00:00,40.72351506842384,-73.96679396976803,road_0002,arterial,797,53.979119929545014,60,32.964530282640325,0
2024-01-01 22:00:00,40.7911614698899,-73.9971824244575,road_0003,collector,332,42.307095326823045,45,27.048008987957978,0
2024-01-01 22:00:00,40.7746287921634,-73.93637254877068,road_0004,collector,442,41.79273002358547,45,26.00529899342825,0
2024-01-01 22:00:00,40.77476408309478,-73.96823070091489,road_0005,collector,468,43.75259678946183,45,41.12668675254494,0
2024-01-01 22:00:00,40.796308181536965,-73.9632723129526,road_0006,arterial,570,60.0,60,30.52391560930149,0
2024-01-01 22:00:00,40.70105925421109,-73.79200731226265,road_0007,collector,229,40.52566221122186,45,19.179029596602803,0
2024-01-01 22:00:00,40.74483244518929,-73.97033735860573,road_0008,collector,517,41.24959688898254,45,40.35061329220835,0
2024-01-01 22:00:00,40.74105839625748,-73.99941744380057,road_0009,arterial,884,54.650089430277404,60,38.20651051810455,0
2024-01-01 22:00:00,40.69591159380505,-73.82426598115977,road_0010,arterial,483,60.0,60,20.53320188832342,0
2024-01-01 22:00:00,40.65692390877457,-73.74942808238488,road_0011,highway,916,80.0,80,18.296414402564288,0
2024-01-01 22:00:00,40.79398843427041,-73.9412929963572,road_0012,collector,273,43.500985480145914,45,9.371018584879582,0
2024-01-01 22:00:00,40.741050449839285,-73.98098885522496,road_0013,arterial,1124,59.840460710459794,60,50.73229929344813,0
2024-01-01 22:00:00,40.76936020671709,-73.98141462047757,road_0014,collector,402,44.37183923119341,45,23.363855072186233,0
2024-01-01 22:00:00,40.72484697982401,-74.01459505800035,road_0015,collector,275,45.0,45,20.29783921460811,0
2024-01-01 22:00:00,40.73100440294086,-73.98775581733632,road_0016,collector,843,43.638246565296754,45,59.05130399070383,0
2024-01-01 22:00:00,40.75868351619848,-73.94023079983116,road_0017,local,220,34.33987504171275,35,19.86672381846775,0
2024-01-01 22:00:00,40.716165397891224,-73.7396523951108,road_0018,collector,329,45.0,45,23.370778757877062,0
2024-01-01 22:00:00,40.74909586171322,-73.98772674635582,road_0019,collector,400,40.704894960166946,45,23.35689244150531,0
2024-01-01 23:00:00,40.80447246752146,-73.99401551064027,road_0000,arterial,265,60.0,60,6.061416199456248,0
2024-01-01 23:00:00,40.80949107356936,-73.96391243158607,road_0001,local,126,34.504412845403714,35,10.935935177315475,0
2024-01-01 23:00:00,40.72351506842384,-73.96679396976803,road_0002,arterial,941,60.0,60,31.36202835692555,0
2024-01-01 23:00:00,40.7911614698899,-73.9971824244575,road_0003,collector,236,41.221624844224,45,8.402932781652208,0
2024-01-01 23:00:00,40.7746287921634,-73.93637254877068,road_0004,collector,298,45.0,45,18.60368071897026,0
2024-01-01 23:00:00,40.77476408309478,-73.96823070091489,road_0005,collector,397,41.687504000296315,45,28.67116965621949,0
2024-01-01 23:00:00,40.796308181536965,-73.9632723129526,road_0006,arterial,538,54.809863486984845,60,30.65229242166916,0
2024-01-01 23:00:00,40.70105925421109,-73.79200731226265,road_0007,collector,107,42.722643263735925,45,2.3674470080514523,0
2024-01-01 23:00:00,40.74483244518929,-73.97033735860573,road_0008,collector,457,45.0,45,25.905661189239286,0
2024-01-01 23:00:00,40.74105839625748,-73.99941744380057,road_0009,arterial,655,59.8085816299243,60,17.507323151287707,0
2024-01-01 23:00:00,40.69591159380505,-73.82426598115977,road_0010,arterial,156,55.670817846556574,60,14.368749066888217,0
2024-01-01 23:00:00,40.65692390877457,-73.74942808238488,road_0011,highway,524,80.0,80,10.046866525176855,0
2024-01-01 23:00:00,40.79398843427041,-73.9412929963572,road_0012,collector,149,45.0,45,19.20122201760434,0
2024-01-01 23:00:00,40.741050449839285,-73.98098885522496,road_0013,arterial,709,57.06652055460726,60,26.73586638148323,0
2024-01-01 23:00:00,40.76936020671709,-73.98141462047757,road_0014,collector,535,45.0,45,30.79726791555163,0
2024-01-01 23:00:00,40.72484697982401,-74.01459505800035,road_0015,collector,276,45.0,45,17.678649733766722,0
2024-01-01 23:00:00,40.73100440294086,-73.98775581733632,road_0016,collector,383,41.834549407525934,45,17.815249031092,0
2024-01-01 23:00:00,40.75868351619848,-73.94023079983116,road_0017,local,89,35.0,35,18.137321156822757,0
2024-01-01 23:00:00,40.716165397891224,-73.7396523951108,road_0018,collector,171,45.0,45,18.602793866988698,0
2024-01-01 23:00:00,40.74909586171322,-73.98772674635582,road_0019,collector,292,41.226647647882935,45,20.337431013519584,0
2024-01-02 00:00:00,40.80447246752146,-73.99401551064027,road_0000,arterial,262,60.0,60,3.7954908032655155,0
2024-01-02 00:00:00,40.80949107356936,-73.96391243158607,road_0001,local,123,34.37947707611575,35,14.620911220012143,0
2024-01-02 00:00:00,40.72351506842384,-73.96679396976803,road_0002,arterial,477,60.0,60,10.325462117637711,0
2024-01-02 00:00:00,40.7911614698899,-73.9971824244575,road_0003,collector,207,45.0,45,4.839131551085369,0
2024-01-02 00:00:00,40.7746287921634,-73.93637254877068,road_0004,collector,108,43.47176034576934,45,0.49412706864591716,0
2024-01-02 00:00:00,40.77476408309478,-73.96823070091489,road_0005,collector,307,45.0,45,14.564292149680917,0
2024-01-02 00:00:00,40.796308181536965,-73.9632723129526,road_0006,arterial,424,59.407499271279775,60,11.735924227630786,0
2024-01-02 00:00:00,40.70105925421109,-73.79200731226265,road_0007,collector,210,41.08447386962216,45,4.543348424511198,0
2024-01-02 00:00:00,40.74483244518929,-73.97033735860573,road_0008,collector,278,44.97235370939617,45,19.307369292387616,0
2024-01-02 00:00:00,40.74105839625748,-73.99941744380057,road_0009,arterial,281,58.56363797213419,60,17.682063212004508,0
2024-01-02 00:00:00,40.69591159380505,-73.82426598115977,road_0010,arterial,326,60.0,60,7.115329182553781,0
2024-01-02 00:00:00,40.65692390877457,-73.74942808238488,road_0011,highway,317,80.0,80,9.47686731762315,0
2024-01-02 00:00:00,40.79398843427041,-73.9412929963572,road_0012,collector,200,45.0,45,21.6351347014742,0
2024-01-02 00:00:00,40.741050449839285,-73.98098885522496,road_0013,arterial,306,57.7991941432814,60,18.10522700876509,0
2024-01-02 00:00:00,40.76936020671709,-73.98141462047757,road_0014,collector,381,45.0,45,20.938089747556177,0
2024-01-02 00:00:00,40.72484697982401,-74.01459505800035,road_0015,collector,146,45.0,45,3.417830118093855,0
2024-01-02 00:00:00,40.73100440294086,-73.98775581733632,road_0016,collector,242,45.0,45,14.939801700700313,0
2024-01-02 00:00:00,40.75868351619848,-73.94023079983116,road_0017,local,63,35.0,35,13.947070708830704,0
2024-01-02 00:00:00,40.716165397891224,-73.7396523951108,road_0018,collector,181,45.0,45,21.74887304739662,0
2024-01-02 00:00:00,40.74909586171322,-73.98772674635582,road_0019,collector,288,44.33836911737693,45,26.838555166092878,0
2024-01-02 01:00:00,40.80447246752146,-73.99401551064027,road_0000,arterial,115,60.0,60,5.79511367276765,0
2024-01-02 01:00:00,40.80949107356936,-73.96391243158607,road_0001,local,91,35.0,35,2.963131692860591,0
2024-01-02 01:00:00,40.72351506842384,-73.96679396976803,road_0002,arterial,253,60.0,60,16.501270277233118,0
2024-01-02 01:00:00,40.7911614698899,-73.9971824244575,road_0003,collector,136,45.0,45,8.49002464532296,0
2024-01-02 01:00:00,40.7746287921634,-73.93637254877068,road_0004,collector,112,45.0,45,7.350915611672666,0
2024-01-02 01:00:00,40.77476408309478,-73.96823070091489,road_0005,collector,137,45.0,45,13.373613739948947,0
2024-01-02 01:00:00,40.796308181536965,-73.9632723129526,road_0006,arterial,117,58.1752550776613,60,0.0,0
2024-01-02 01:00:00,40.70105925421109,-73.79200731226265,road_0007,collector,103,45.0,45,9.88961836430015,0
2024-01-02 01:00:00,40.74483244518929,-73.97033735860573,road_0008,collector,182,45.0,45,11.559076681296624,0
2024-01-02 01:00:00,40.74105839625748,-73.99941744380057,road_0009,arterial,295,57.899564369364704,60,15.32355124150868,0
2024-01-02 01:00:00,40.69591159380505,-73.82426598115977,road_0010,arterial,159,60.0,60,0.0,0
2024-01-02 01:00:00,40.65692390877457,-73.74942808238488,road_0011,highway,225,80.0,80,1.2105217690882082,0
2024-01-02 01:00:00,40.79398843427041,-73.9412929963572,road_0012,collector,146,42.413228383568025,45,5.839546867267958,0
2024-01-02 01:00:00,40.741050449839285,-73.98098885522496,road_0013,arterial,164,60.0,60,9.623255810625661,0
2024-01-02 01:00:00,40.76936020671709,-73.98141462047757,road_0014,collector,274,45.0,45,24.03561353173264,0
2024-01-02 01:00:00,40.72484697982401,-74.01459505800035,road_0015,collector,168,45.0,45,14.614646238116682,0
2024-01-02 01:00:00,40.73100440294086,-73.98775581733632,road_0016,collector,117,45.0,45,7.007165424038525,0
2024-01-02 01:00:00,40.75868351619848,-73.94023079983116,road_0017,local,65,32.274833169662195,35,17.661006570213186,0
2024-01-02 01:00:00,40.716165397891224,-73.7396523951108,road_0018,collector,75,45.0,45,9.798082415338607,0
2024-01-02 01:00:00,40.74909586171322,-73.98772674635582,road_0019,collector,203,45.0,45,9.377697942571288,0
2024-01-02 02:00:00,40.80447246752146,-73.99401551064027,road_0000,arterial,189,60.0,60,0.0,0
2024-01-02 02:00:00,40.80949107356936,-73.96391243158607,road_0001,local,48,33.47058332209053,35,12.58789329717694,0
2024-01-02 02:00:00,40.72351506842384,-73.96679396976803,road_0002,arterial,233,60.0,60,13.393719549215916,0
2024-01-02 02:00:00,40.7911614698899,-73.9971824244575,road_0003,collector,46,44.718905756530695,45,0.0,0
2024-01-02 02:00:00,40.7746287921634,-73.93637254877068,road_0004,collector,70,43.19924127130263,45,0.6114228208390111,0
2024-01-02 02:00:00,40.77476408309478,-73.96823070091489,road_0005,collector,123,45.0,45,16.257899903839743,0
2024-01-02 02:00:00,40.796308181536965,-73.9632723129526,road_0006,arterial,164,56.223805973827034,60,14.406049962793047,0
2024-01-02 02:00:00,40.70105925421109,-73.79200731226265,road_0007,collector,36,40.81203036947053,45,8.291565574003807,0
2024-01-02 02:00:00,40.74483244518929,-73.97033735860573,road_0008,collector,159,45.0,45,17.71392187675079,0
2024-01-02 02:00:00,40.74105839625748,-73.99941744380057,road_0009,arterial,140,55.37911427086314,60,7.5795701635442105,0
2024-01-02 02:00:00,40.69591159380505,-73.82426598115977,road_0010,arterial,80,60.0,60,6.584005258761569,0
2024-01-02 02:00:00,40.65692390877457,-73.74942808238488,road_0011,highway,243,78.88667739667714,80,6.423927035100825,0
2024-01-02 02:00:00,40.79398843427041,-73.9412929963572,road_0012,collector,66,45.0,45,9.877593114603126,0
2024-01-02 02:00:00,40.741050449839285,-73.98098885522496,road_0013,arterial,273,60.0,60,13.06179157437508,0
2024-01-02 02:00:00,40.76936020671709,-73.98141462047757,road_0014,collector,144,45.0,45,4.348669367496125,0
2024-01-02 02:00:00,40.72484697982401,-74.01459505800035,road_0015,collector,75,45.0,45,4.753341372425288,0
2024-01-02 02:00:00,40.73100440294086,-73.98775581733632,road_0016,collector,181,45.0,45,16.93854499019786,0
2024-01-02 02:00:00,40.75868351619848,-73.94023079983116,road_0017,local,40,34.03293974655496,35,0.08783161683694019,0
2024-01-02 02:00:00,40.716165397891224,-73.7396523951108,road_0018,collector,52,42.99131945646193,45,0.0,0
2024-01-02 02:00:00,40.74909586171322,-73.98772674635582,road_0019,collector,197,42.26299337255248,45,12.774154495574983,0
2024-01-02 03:00:00,40.80447246752146,-73.99401551064027,road_0000,arterial,138,60.0,60,0.0,0
2024-01-02 03:00:00,40.80949107356936,-73.96391243158607,road_0001,local,19,31.75704802190141,35,0.0,0
2024-01-02 03:00:00,40.72351506842384,-73.96679396976803,road_0002,arterial,124,60.0,60,11.011713591596259,0
2024-01-02 03:00:00,40.7911614698899,-73.9971824244575,road_0003,collector,76,44.07309180449041,45,13.701741055322994,0
2024-01-02 03:00:00,40.7746287921634,-73.93637254877068,road_0004,collector,53,43.606998090246634,45,0.0,0
2024-01-02 03:00:00,40.77476408309478,-73.96823070091489,road_0005,collector,143,45.0,45,9.404264940135706,0
2024-01-02 03:00:00,40.796308181536965,-73.9632723129526,road_0006,arterial,169,58.7347289261563,60,2.25463051039039,0
2024-01-02 03:00:00,40.70105925421109,-73.79200731226265,road_0007,collector,59,45.0,45,12.085553384464433,0
2024-01-02 03:00:00,40.74483244518929,-73.97033735860573,road_0008,collector,125,45.0,45,14.809141017759227,0
2024-01-02 03:00:00,40.74105839625748,-73.99941744380057,road_0009,arterial,213,54.61319291193828,60,11.24802740366814,0
2024-01-02 03:00:00,40.69591159380505,-73.82426598115977,road_0010,arterial,70,60.0,60,4.875909058987755,0
2024-01-02 03:00:00,40.65692390877457,-73.74942808238488,road_0011,highway,109,77.90484190467612,80,1.8497301791108414,0
2024-01-02 03:00:00,40.79398843427041,-73.9412929963572,road_0012,collector,52,41.139060068413826,45,8.490227622835029,0
2024-01-02 03:00:00,40.741050449839285,-73.98098885522496,road_0013,arterial,120,60.0,60,13.634514232378503,0
2024-01-02 03:00:00,40.76936020671709,-73.98141462047757,road_0014,collector,135,40.59078118207669,45,10.873215824170769,0
2024-01-02 03:00:00,40.72484697982401,-74.01459505800035,road_0015,collector,162,45.0,45,13.051469366896384,0
2024-01-02 03:00:00,40.73100440294086,-73.98775581733632,road_0016,collector,126,41.0976876787771,45,16.449066145716834,0
2024-01-02 03:00:00,40.75868351619848,-73.94023079983116,road_0017,local,38,34.4542135116695,35,0.0,0
2024-01-02 03:00:00,40.716165397891224,-73.7396523951108,road_0018,collector,53,40.89364209017294,45,5.07733106802435,0
2024-01-02 03:00:00,40.74909586171322,-73.98772674635582,road_0019,collector,99,45.0,45,3.463347063453165,0
2024-01-02 04:00:00,40.80447246752146,-73.99401551064027,road_0000,arterial,267,59.158018439445364,60,14.529856533384505,0
2024-01-02 04:00:00,40.80949107356936,-73.96391243158607,road_0001,local,69,35.0,35,4.751269975564254,0
2024-01-02 04:00:00,40.72351506842384,-73.96679396976803,road_0002,arterial,329,60.0,60,19.60844747336557,0
2024-01-02 04:00:00,40.7911614698899,-73.9971824244575,road_0003,collector,165,45.0,45,7.377336366422776,0
2024-01-02 04:00:00,40.7746287921634,-73.93637254877068,road_0004,collector,113,45.0,45,11.645050586209825,0
2024-01-02 04:00:00,40.77476408309478,-73.96823070091489,road_0005,collector,142,41.782843938016505,45,8.077253435910817,0
2024-01-02 04:00:00,40.796308181536965,-73.9632723129526,road_0006,arterial,262,54.30439053114598,60,3.569194944466476,0
2024-01-02 04:00:00,40.70105925421109,-73.79200731226265,road_0007,collector,118,41.14517064009769,45,4.6787499982925,0
2024-01-02 04:00:00,40.74483244518929,-73.97033735860573,road_0008,collector,157,45.0,45,14.009079461366854,0
2024-01-02 04:00:00,40.74105839625748,-73.99941744380057,road_0009,arterial,240,59.44726208444009,60,19.360719323111837,0
2024-01-02 04:00:00,40.69591159380505,-73.82426598115977,road_0010,arterial,165,54.330286003008524,60,6.311793993187957,0
2024-01-02 04:00:00,40.65692390877457,-73.74942808238488,road_0011,highway,314,72.62352253770432,80,5.534134259716004,0
2024-01-02 04:00:00,40.79398843427041,-73.9412929963572,road_0012,collector,67,40.71014456013741,45,0.0,0
2024-01-02 04:00:00,40.741050449839285,-73.98098885522496,road_0013,arterial,375,60.0,60,10.784895439453091,0
2024-01-02 04:00:00,40.76936020671709,-73.98141462047757,road_0014,collector,142,45.0,45,5.746001014213723,0
2024-01-02 04:00:00,40.72484697982401,-74.01459505800035,road_0015,collector,229,43.092137654483636,45,24.946929930875953,0
2024-01-02 04:00:00,40.73100440294086,-73.98775581733632,road_0016,collector,251,43.558361312381045,45,14.443571428071781,0
2024-01-02 04:00:00,40.75868351619848,-73.94023079983116,road_0017,local,59,35.0,35,8.449229707160224,0
2024-01-02 04:00:00,40.716165397891224,-73.7396523951108,road_0018,collector,138,43.22053480086056,45,8.008827006248481,0
2024-01-02 04:00:00,40.74909586171322,-73.98772674635582,road_0019,collector,152,43.58134252078022,45,1.28628497731383,0
2024-01-02 05:00:00,40.80447246752146,-73.99401551064027,road_0000,arterial,387,58.16231471014721,60,16.634176525000875,0
2024-01-02 05:00:00,40.80949107356936,-73.96391243158607,road_0001,local,121,35.0,35,14.005874984044059,0
2024-01-02 05:00:00,40.72351506842384,-73.96679396976803,road_0002,arterial,588,60.0,60,33.396967777993964,0
2024-01-02 05:00:00,40.7911614698899,-73.9971824244575,road_0003,collector,282,42.30388207953689,45,21.21320959649168,0
2024-01-02 05:00:00,40.7746287921634,-73.93637254877068,road_0004,collector,182,45.0,45,11.644254083069866,0
2024-01-02 05:00:00,40.77476408309478,-73.96823070091489,road_0005,collector,331,45.0,45,30.255758885411506,0
2024-01-02 05:00:00,40.796308181536965,-73.9632723129526,road_0006,arterial,487,60.0,60,12.09304687646926,0
2024-01-02 05:00:00,40.70105925421109,-73.79200731226265,road_0007,collector,145,45.0,45,5.182018031693805,0
2024-01-02 05:00:00,40.74483244518929,-73.97033735860573,road_0008,collector,447,45.0,45,29.053512101307867,0
2024-01-02 05:00:00,40.74105839625748,-73.99941744380057,road_0009,arterial,698,58.450681559826386,60,29.694630442626398,0
2024-01-02 05:00:00,40.69591159380505,-73.82426598115977,road_0010,arterial,234,58.63781097519955,60,14.595963827553945,0
2024-01-02 05:00:00,40.65692390877457,-73.74942808238488,road_0011,highway,531,80.0,80,14.820580584662626,0
2024-01-02 05:00:00,40.79398843427041,-73.9412929963572,road_0012,collector,342,45.0,45,29.35037844212606,0
2024-01-02 05:00:00,40.741050449839285,-73.98098885522496,road_0013,arterial,780,55.232664021886364,60,25.209490310568057,0
2024-01-02 05:00:00,40.76936020671709,-73.98141462047757,road_0014,collector,478,45.0,45,38.80604375080787,0
2024-01-02 05:00:00,40.72484697982401,-74.01459505800035,road_0015,collector,257,45.0,45,16.099714440721776,0
2024-01-02 05:00:00,40.73100440294086,-73.98775581733632,road_0016,collector,484,44.71888047028676,45,22.648988555261944,0
2024-01-02 05:00:00,40.75868351619848,-73.94023079983116,road_0017,local,168,32.431584915258,35,24.85064863074216,0
2024-01-02 05:00:00,40.716165397891224,-73.7396523951108,road_0018,collector,152,43.008158628557005,45,16.222077486923432,0
2024-01-02 05:00:00,40.74909586171322,-73.98772674635582,road_0019,collector,388,45.0,45,16.043932368936044,0
2024-01-02 06:00:00,40.80447246752146,-73.99401551064027,road_0000,arterial,1083,53.88712098083027,60,39.21238792692387,0
2024-01-02 06:00:00,40.80949107356936,-73.96391243158607,road_0001,local,364,32.29234765351789,35,50.30952263907038,0
2024-01-02 06:00:00,40.72351506842384,-73.96679396976803,road_0002,arterial,1686,60.0,60,70.61081031340109,0
2024-01-02 06:00:00,40.7911614698899,-73.9971824244575,road_0003,collector,680,44.606060965116285,45,37.10542761272691,0
2024-01-02 06:00:00,40.7746287921634,-73.93637254877068,road_0004,collector,293,41.08511676325595,45,17.675463115845886,0
2024-01-02 06:00:00,40.77476408309478,-73.96823070091489,road_0005,collector,540,45.0,45,42.164704200184445,0
2024-01-02 06:00:00,40.796308181536965,-73.9632723129526,road_0006,arterial,596,57.566895530694374,60,24.291531986734903,0
2024-01-02 06:00:00,40.70105925421109,-73.79200731226265,road_0007,collector,243,45.0,45,22.090310889814972,0
2024-01-02 06:00:00,40.74483244518929,-73.97033735860573,road_0008,collector,363,43.13542294004856,45,22.25746565265274,0
2024-01-02 06:00:00,40.74105839625748,-73.99941744380057,road_0009,arterial,854,60.0,60,40.2296548659377,0
2024-01-02 06:00:00,40.69591159380505,-73.82426598115977,road_0010,arterial,701,59.66192149725466,60,24.46991402495764,0
2024-01-02 06:00:00,40.65692390877457,-73.74942808238488,road_0011,highway,837,80.0,80,30.50462230349618,0
2024-01-02 06:00:00,40.79398843427041,-73.9412929963572,road_0012,collector,456,45.0,45,22.85841356930775,0
2024-01-02 06:00:00,40.741050449839285,-73.98098885522496,road_0013,arterial,1215,60.0,60,50.317295769070384,0
2024-01-02 06:00:00,40.76936020671709,-73.98141462047757,road_0014,collector,486,45.0,45,27.23863360631059,0
2024-01-02 06:00:00,40.72484697982401,-74.01459505800035,road_0015,collector,1076,43.455607166638984,45,72.78335268149112,0
2024-01-02 06:00:00,40.73100440294086,-73.98775581733632,road_0016,collector,556,44.843282471397735,45,32.49485427560095,0
2024-01-02 06:00:00,40.75868351619848,-73.94023079983116,road_0017,local,181,31.86779866865736,35,25.216153937834733,0
2024-01-02 06:00:00,40.716165397891224,-73.7396523951108,road_0018,collector,450,45.0,45,20.002693860089707,0
2024-01-02 06:00:00,40.74909586171322,-73.98772674635582,road_0019,collector,477,41.00131428883426,45,35.93952974911433,0
2024-01-02 07:00:00,40.80447246752146,-73.99401551064027,road_0000,arterial,2336,56.437430457475905,60,88.37647738403804,0
2024-01-02 07:00:00,40.80949107356936,-73.96391243158607,road_0001,local,499,32.65138289317517,35,59.57967837600856,0
2024-01-02 07:00:00,40.72351506842384,-73.96679396976803,road_0002,arterial,2500,56.263013684981594,60,100.0,0
2024-01-02 07:00:00,40.7911614698899,-73.9971824244575,road_0003,collector,1462,43.313454128507594,45,95.01302774593053,0
2024-01-02 07:00:00,40.7746287921634,-73.93637254877068,road_0004,collector,900,43.15000318714277,45,59.87628080913858,0
2024-01-02 07:00:00,40.77476408309478,-73.96823070091489,road_0005,collector,1500,36.523980694543305,45,90.08726539300618,0
2024-01-02 07:00:00,40.796308181536965,-73.9632723129526,road_0006,arterial,2500,54.89778563739948,60,100.0,0
2024-01-02 07:00:00,40.70105925421109,-73.79200731226265,road_0007,collector,1357,37.66409265124584,45,86.42771083945553,0
2024-01-02 07:00:00,40.74483244518929,-73.97033735860573,road_0008,collector,1500,38.035177559225055,45,90.96372024786592,0
2024-01-02 07:00:00,40.74105839625748,-73.99941744380057,road_0009,arterial,2500,51.73251761905351,60,98.65458272039409,0
2024-01-02 07:00:00,40.69591159380505,-73.82426598115977,road_0010,arterial,1034,54.38951837157551,60,38.75626511974353,0
2024-01-02 07:00:00,40.65692390877457,-73.74942808238488,road_0011,highway,2855,80.0,80,77.81859773632847,0
2024-01-02 07:00:00,40.79398843427041,-73.9412929963572,road_0012,collector,1048,45.0,45,69.31230274992629,0
2024-01-02 07:00:00,40.741050449839285,-73.98098885522496,road_0013,arterial,2500,50.03792846161913,60,100.0,0
2024-01-02 07:00:00,40.76936020671709,-73.98141462047757,road_0014,collector,1500,37.68751834249579,45,100.0,0
2024-01-02 07:00:00,40.72484697982401,-74.01459505800035,road_0015,collector,1500,36.77646736873607,45,100.0,0
2024-01-02 07:00:00,40.73100440294086,-73.98775581733632,road_0016,collector,1500,35.67202397280274,45,97.35571975512306,1
2024-01-02 07:00:00,40.75868351619848,-73.94023079983116,road_0017,local,463,35.0,35,53.22685353455943,0
2024-01-02 07:00:00,40.716165397891224,-73.7396523951108,road_0018,collector,473,40.61371442972223,45,28.280244268715187,0
2024-01-02 07:00:00,40.74909586171322,-73.98772674635582,road_0019,collector,1500,38.38139802199464,45,99.85729168894893,0
2024-01-02 08:00:00,40.80447246752146,-73.99401551064027,road_0000,arterial,2500,51.7992538377757,60,90.19847642255671,0
2024-01-02 08:00:00,40.80949107356936,-73.96391243158607,road_0001,local,800,29.289606091667988,35,100.0,0
2024-01-02 08:00:00,40.72351506842384,-73.96679396976803,road_0002,arterial,2500,57.141013808130936,60,100.0,0
2024-01-02 08:00:00,40.7911614698899,-73.9971824244575,road_0003,collector,948,45.0,45,68.60316423514192,0
2024-01-02 08:00:00,40.7746287921634,-73.93637254877068,road_0004,collector,1057,41.601156768843,45,60.817713933999244,0
2024-01-02 08:00:00,40.77476408309478,-73.96823070091489,road_0005,collector,1500,38.12665535144085,45,96.96191186336576,0
2024-01-02 08:00:00,40.796308181536965,-73.9632723129526,road_0006,arterial,1493,60.0,60,62.64917483275861,0
2024-01-02 08:00:00,40.70105925421109,-73.79200731226265,road_0007,collector,1265,44.1955300198415,45,92.30454542683013,0
2024-01-02 08:00:00,40.74483244518929,-73.97033735860573,road_0008,collector,1500,37.58803613869456,45,97.96010585909005,0
2024-01-02 08:00:00,40.74105839625748,-73.99941744380057,road_0009,arterial,2500,52.00776072741081,60,94.93207269956049,0
2024-01-02 08:00:00,40.69591159380505,-73.82426598115977,road_0010,arterial,2399,58.10332809255038,60,87.11688898894322,0
2024-01-02 08:00:00,40.65692390877457,-73.74942808238488,road_0011,highway,4000,70.18410202156889,80,100.0,0
2024-01-02 08:00:00,40.79398843427041,-73.9412929963572,road_0012,collector,1500,36.98124470613991,45,97.31361496522743,0
2024-01-02 08:00:00,40.741050449839285,-73.98098885522496,road_0013,arterial,2500,55.10944545127623,60,100.0,0
2024-01-02 08:00:00,40.76936020671709,-73.98141462047757,road_0014,collector,1500,40.194428143020495,45,100.0,0
2024-01-02 08:00:00,40.72484697982401,-74.01459505800035,road_0015,collector,1500,37.91889554473731,45,95.19809958485666,0
2024-01-02 08:00:00,40.73100440294086,-73.98775581733632,road_0016,collector,1500,42.18371324918621,45,99.39976536315874,0
2024-01-02 08:00:00,40.75868351619848,-73.94023079983116,road_0017,local,800,27.43903576991602,35,92.94606088557941,1
2024-01-02 08:00:00,40.716165397891224,-73.7396523951108,road_0018,collector,1301,45.0,45,79.41883035137884,0
2024-01-02 08:00:00,40.74909586171322,-73.98772674635582,road_0019,collector,1500,40.53615912575303,45,100.0,0
2024-01-02 09:00:00,40.80447246752146,-73.99401551064027,road_0000,arterial,1384,58.689116214631106,60,61.49930981767987,0
2024-01-02 09:00:00,40.80949107356936,-73.96391243158607,road_0001,local,800,28.400216051079216,35,90.8779988528601,0
2024-01-02 09:00:00,40.72351506842384,-73.96679396976803,road_0002,arterial,2500,55.75982258141034,60,90.99958057319357,0
2024-01-02 09:00:00,40.7911614698899,-73.9971824244575,road_0003,collector,1500,37.11112536769863,45,100.0,0
2024-01-02 09:00:00,40.7746287921634,-73.93637254877068,road_0004,collector,1500,43.00293360495093,45,100.0,0
2024-01-02 09:00:00,40.77476408309478,-73.96823070091489,road_0005,collector,1500,37.24858786833463,45,100.0,0
2024-01-02 09:00:00,40.796308181536965,-73.9632723129526,road_0006,arterial,2420,54.31475241253619,60,88.2616312405403,0
2024-01-02 09:00:00,40.70105925421109,-73.79200731226265,road_0007,collector,1246,45.0,45,88.91856899243433,0
2024-01-02 09:00:00,40.74483244518929,-73.97033735860573,road_0008,collector,1500,42.86588797558569,45,100.0,0
2024-01-02 09:00:00,40.74105839625748,-73.99941744380057,road_0009,arterial,2500,54.452151395186135,60,99.5380021293594,0
2024-01-02 09:00:00,40.69591159380505,-73.82426598115977,road_0010,arterial,1342,55.264086600853126,60,57.01200958093239,0
2024-01-02 09:00:00,40.65692390877457,-73.74942808238488,road_0011,highway,3100,68.48761005630027,80,77.47791329071885,0
2024-01-02 09:00:00,40.79398843427041,-73.9412929963572,road_0012,collector,775,42.10800276617071,45,60.190548035302314,0
2024-01-02 09:00:00,40.741050449839285,-73.98098885522496,road_0013,arterial,2500,55.80565658714593,60,96.43339979319097,0
2024-01-02 09:00:00,40.76936020671709,-73.98141462047757,road_0014,collector,1500,35.44567641113686,45,98.57404041972868,1
2024-01-02 09:00:00,40.72484697982401,-74.01459505800035,road_0015,collector,1500,37.47822995668044,45,92.37005247196304,0
2024-01-02 09:00:00,40.73100440294086,-73.98775581733632,road_0016,collector,1500,35.56887103561787,45,100.0,1
2024-01-02 09:00:00,40.75868351619848,-73.94023079983116,road_0017,local,800,31.982482446460143,35,97.8491637245896,0
2024-01-02 09:00:00,40.716165397891224,-73.7396523951108,road_0018,collector,1500,38.012252551047425,45,100.0,0
2024-01-02 09:00:00,40.74909586171322,-73.98772674635582,road_0019,collector,1500,38.023657524977274,45,100.0,0
2024-01-02 10:00:00,40.80447246752146,-73.99401551064027,road_0000,arterial,1126,60.0,60,38.87185891469652,0
2024-01-02 10:00:00,40.80949107356936,-73.96391243158607,road_0001,local,225,31.74271734361221,35,22.54205565926018,0
2024-01-02 10:00:00,40.72351506842384,-73.96679396976803,road_0002,arterial,830,57.285348136410875,60,40.53540709012,0
2024-01-02 10:00:00,40.7911614698899,-73.9971824244575,road_0003,collector,960,44.5984429461678,45,62.732283795375324,0
2024-01-02 10:00:00,40.7746287921634,-73.93637254877068,road_0004,collector,739,43.294857641420805,45,44.91658798612371,0
2024-01-02 10:00:00,40.77476408309478,-73.96823070091489,road_0005,collector,1500,38.50002777879637,45,100.0,0
2024-01-02 10:00:00,40.796308181536965,-73.9632723129526,road_0006,arterial,1367,55.70914212738591,60,54.63079704292204,0
2024-01-02 10:00:00,40.70105925421109,-73.79200731226265,road_0007,collector,499,45.0,45,29.89796064801054,0
2024-01-02 10:00:00,40.74483244518929,-73.97033735860573,road_0008,collector,601,45.0,45,31.446818518922996,0
2024-01-02 10:00:00,40.74105839625748,-73.99941744380057,road_0009,arterial,1600,60.0,60,70.21757162015837,0
2024-01-02 10:00:00,40.69591159380505,-73.82426598115977,road_0010,arterial,803,60.0,60,37.54245631703773,0
2024-01-02 10:00:00,40.65692390877457,-73.74942808238488,road_0011,highway,1106,76.45252967971018,80,28.431891054720175,0
2024-01-02 10:00:00,40.79398843427041,-73.9412929963572,road_0012,collector,501,45.0,45,25.95733602444835,0
2024-01-02 10:00:00,40.741050449839285,-73.98098885522496,road_0013,arterial,869,54.536188078798475,60,35.21020362171177,0
2024-01-02 10:00:00,40.76936020671709,-73.98141462047757,road_0014,collector,1260,40.23100298476677,45,80.08397439272562,0
2024-01-02 10:00:00,40.72484697982401,-74.01459505800035,road_0015,collector,598,45.0,45,44.453562548426596,0
2024-01-02 10:00:00,40.73100440294086,-73.98775581733632,road_0016,collector,790,45.0,45,57.50459320584096,0
2024-01-02 10:00:00,40.75868351619848,-73.94023079983116,road_0017,local,301,35.0,35,34.13090268046062,0
2024-01-02 10:00:00,40.716165397891224,-73.7396523951108,road_0018,collector,593,45.0,45,36.952153496488634,0
2024-01-02 10:00:00,40.74909586171322,-73.98772674635582,road_0019,collector,1500,38.2945711384794,45,100.0,0
2024-01-02 11:00:00,40.80447246752146,-73.99401551064027,road_0000,arterial,1425,59.59040888556671,60,48.569116326342474,0
2024-01-02 11:00:00,40.80949107356936,-73.96391243158607,road_0001,local,408,35.0,35,56.61263434851114,0
2024-01-02 11:00:00,40.72351506842384,-73.96679396976803,road_0002,arterial,2139,56.66373876440533,60,80.86652275110934,0
2024-01-02 11:00:00,40.7911614698899,-73.9971824244575,road_0003,collector,657,41.19522059817379,45,48.98010565043862,0
2024-01-02 11:00:00,40.7746287921634,-73.93637254877068,road_0004,collector,754,45.0,45,47.65228207097749,0
2024-01-02 11:00:00,40.77476408309478,-73.96823070091489,road_0005,collector,1500,38.8308219950592,45,100.0,0
2024-01-02 11:00:00,40.796308181536965,-73.9632723129526,road_0006,arterial,1844,60.0,60,78.33962123311633,0
2024-01-02 11:00:00,40.70105925421109,-73.79200731226265,road_0007,collector,529,43.50712687472827,45,29.171478725796504,0
2024-01-02 11:00:00,40.74483244518929,-73.97033735860573,road_0008,collector,1128,44.667847141932036,45,82.33074447495854,0
2024-01-02 11:00:00,40.74105839625748,-73.99941744380057,road_0009,arterial,2295,54.183110431496885,60,100.0,0
2024-01-02 11:00:00,40.69591159380505,-73.82426598115977,road_0010,arterial,763,60.0,60,36.24411304522116,0
2024-01-02 11:00:00,40.65692390877457,-73.74942808238488,road_0011,highway,1148,72.10930225525902,80,35.47994655436021,0
2024-01-02 11:00:00,40.79398843427041,-73.9412929963572,road_0012,collector,1045,41.160403696309274,45,68.41989322963074,0
2024-01-02 11:00:00,40.741050449839285,-73.98098885522496,road_0013,arterial,2481,57.271844129283835,60,100.0,0
2024-01-02 11:00:00,40.76936020671709,-73.98141462047757,road_0014,collector,661,45.0,45,48.43574561311766,0
2024-01-02 11:00:00,40.72484697982401,-74.01459505800035,road_0015,collector,883,43.289244520331096,45,59.92080818103757,0
2024-01-02 11:00:00,40.73100440294086,-73.98775581733632,road_0016,collector,849,42.6318083613217,45,49.7454641635943,0
2024-01-02 11:00:00,40.75868351619848,-73.94023079983116,road_0017,local,368,35.0,35,49.45405988417796,0
2024-01-02 11:00:00,40.716165397891224,-73.7396523951108,road_0018,collector,482,45.0,45,33.56825299620831,0
2024-01-02 11:00:00,40.74909586171322,-73.98772674635582,road_0019,collector,1472,35.963631623726044,45,100.0,1
2024-01-02 12:00:00,40.80447246752146,-73.99401551064027,road_0000,arterial,1314,57.57639319485107,60,48.69553199044282,0
2024-01-02 12:00:00,40.80949107356936,-73.96391243158607,road_0001,local,456,33.796556965333174,35,61.6539810118056,0
2024-01-02 12:00:00,40.72351506842384,-73.96679396976803,road_0002,arterial,1395,58.34474561692728,60,51.515166491854124,0
2024-01-02 12:00:00,40.7911614698899,-73.9971824244575,road_0003,collector,899,43.03245039898944,45,51.06504645626765,0
2024-01-02 12:00:00,40.7746287921634,-73.93637254877068,road_0004,collector,1224,43.31020982065399,45,85.02958297334413,0
2024-01-02 12:00:00,40.77476408309478,-73.96823070091489,road_0005,collector,869,40.72424527968406,45,62.9521293005997,0
2024-01-02 12:00:00,40.796308181536965,-73.9632723129526,road_0006,arterial,999,60.0,60,38.60037855189012,0
2024-01-02 12:00:00,40.70105925421109,-73.79200731226265,road_0007,collector,403,45.0,45,20.453960306910876,0
2024-01-02 12:00:00,40.74483244518929,-73.97033735860573,road_0008,collector,771,45.0,45,56.15769969669212,0
2024-01-02 12:00:00,40.74105839625748,-73.99941744380057,road_0009,arterial,1799,54.96072451744194,60,69.91224757105742,0
2024-01-02 12:00:00,40.69591159380505,-73.82426598115977,road_0010,arterial,799,57.35977111023498,60,27.330675121352147,0
2024-01-02 12:00:00,40.65692390877457,-73.74942808238488,road_0011,highway,2387,71.8646470714384,80,61.7477440111875,0
2024-01-02 12:00:00,40.79398843427041,-73.9412929963572,road_0012,collector,598,41.17259762009738,45,35.81248247281334,0
2024-01-02 12:00:00,40.741050449839285,-73.98098885522496,road_0013,arterial,2359,51.128759081723985,60,97.33009640237375,0
2024-01-02 12:00:00,40.76936020671709,-73.98141462047757,road_0014,collector,820,45.0,45,49.68452758048871,0
2024-01-02 12:00:00,40.72484697982401,-74.01459505800035,road_0015,collector,1500,37.3390141598927,45,96.25814788427296,0
2024-01-02 12:00:00,40.73100440294086,-73.98775581733632,road_0016,collector,1500,36.04621933881202,45,100.0,0
2024-01-02 12:00:00,40.75868351619848,-73.94023079983116,road_0017,local,355,35.0,35,49.10570456669585,0
2024-01-02 12:00:00,40.716165397891224,-73.7396523951108,road_0018,collector,498,45.0,45,37.22279188834948,0
2024-01-02 12:00:00,40.74909586171322,-73.98772674635582,road_0019,collector,1097,41.017860872838924,45,74.79185446941858,0
2024-01-02 13:00:00,40.80447246752146,-73.99401551064027,road_0000,arterial,1397,60.0,60,53.86070635284869,0
2024-01-02 13:00:00,40.80949107356936,-73.96391243158607,road_0001,local,303,32.114123351793964,35,47.41513908877887,0
2024-01-02 13:00:00,40.72351506842384,-73.96679396976803,road_0002,arterial,999,60.0,60,31.812509661027345,0
2024-01-02 13:00:00,40.7911614698899,-73.9971824244575,road_0003,collector,995,43.15630740723661,45,61.50756617644215,0
2024-01-02 13:00:00,40.7746287921634,-73.93637254877068,road_0004,collector,717,45.0,45,49.58907978969394,0
2024-01-02 13:00:00,40.77476408309478,-73.96823070091489,road_0005,collector,1123,39.46286218284082,45,79.14772113422922,0
2024-01-02 13:00:00,40.796308181536965,-73.9632723129526,road_0006,arterial,1034,53.928229596734596,60,46.13446301453133,0
2024-01-02 13:00:00,40.70105925421109,-73.79200731226265,road_0007,collector,405,42.69400391631604,45,22.41612656073945,0
2024-01-02 13:00:00,40.74483244518929,-73.97033735860573,road_0008,collector,659,45.0,45,48.58800282905664,0
2024-01-02 13:00:00,40.74105839625748,-73.99941744380057,road_0009,arterial,1788,60.0,60,80.54981420353573,0
2024-01-02 13:00:00,40.69591159380505,-73.82426598115977,road_0010,arterial,1427,59.58231356110076,60,65.73421016265522,0
2024-01-02 13:00:00,40.65692390877457,-73.74942808238488,road_0011,highway,1206,80.0,80,35.00762987335878,0
2024-01-02 13:00:00,40.79398843427041,-73.9412929963572,road_0012,collector,626,45.0,45,39.155592101935895,0
2024-01-02 13:00:00,40.741050449839285,-73.98098885522496,road_0013,arterial,2029,54.851550573839525,60,76.53707028764387,0
2024-01-02 13:00:00,40.76936020671709,-73.98141462047757,road_0014,collector,1500,38.77313809357296,45,100.0,0
2024-01-02 13:00:00,40.72484697982401,-74.01459505800035,road_0015,collector,1120,42.372870320710554,45,78.7758832723364,0
2024-01-02 13:00:00,40.73100440294086,-73.98775581733632,road_0016,collector,1118,39.25874369463822,45,83.25894576271186,0
2024-01-02 13:00:00,40.75868351619848,-73.94023079983116,road_0017,local,470,31.097680074123627,35,57.628389090127556,0
2024-01-02 13:00:00,40.716165397891224,-73.7396523951108,road_0018,collector,487,44.84512084631846,45,23.59018821361545,0
2024-01-02 13:00:00,40.74909586171322,-73.98772674635582,road_0019,collector,1500,38.423512591638215,45,100.0,0
2024-01-02 14:00:00,40.80447246752146,-73.99401551064027,road_0000,arterial,1134,55.572657102760466,60,38.54984525082716,0
2024-01-02 14:00:00,40.80949107356936,-73.96391243158607,road_0001,local,187,35.0,35,26.659387699779366,0
2024-01-02 14:00:00,40.72351506842384,-73.96679396976803,road_0002,arterial,2278,52.08440486601838,60,83.32863726822205,0
2024-01-02 14:00:00,40.7911614698899,-73.9971824244575,road_0003,collector,491,45.0,45,33.0334465275278,0
2024-01-02 14:00:00,40.7746287921634,-73.93637254877068,road_0004,collector,540,45.0,45,42.57111195812163,0
2024-01-02 14:00:00,40.77476408309478,-73.96823070091489,road_0005,collector,952,42.40856896104565,45,72.52296700671678,0
2024-01-02 14:00:00,40.796308181536965,-73.9632723129526,road_0006,arterial,956,60.0,60,47.06241625067347,0
2024-01-02 14:00:00,40.70105925421109,-73.79200731226265,road_0007,collector,322,45.0,45,22.534090461662103,0
2024-01-02 14:00:00,40.74483244518929,-73.97033735860573,road_0008,collector,817,45.0,45,58.005482326603406,0
2024-01-02 14:00:00,40.74105839625748,-73.99941744380057,road_0009,arterial,2405,54.34501994917168,60,94.98421202499435,0
2024-01-02 14:00:00,40.69591159380505,-73.82426598115977,road_0010,arterial,650,60.0,60,19.585065114785614,0
2024-01-02 14:00:00,40.65692390877457,-73.74942808238488,road_0011,highway,899,72.00431610673148,80,15.78068980285915,0
2024-01-02 14:00:00,40.79398843427041,-73.9412929963572,road_0012,collector,864,41.270830268285565,45,57.898666998265185,0
2024-01-02 14:00:00,40.741050449839285,-73.98098885522496,road_0013,arterial,828,60.0,60,26.434963539304412,0
2024-01-02 14:00:00,40.76936020671709,-73.98141462047757,road_0014,collector,713,42.17827359330827,45,39.64024302295999,0
2024-01-02 14:00:00,40.72484697982401,-74.01459505800035,road_0015,collector,1050,39.59362502765506,45,64.90704628332422,0
2024-01-02 14:00:00,40.73100440294086,-73.98775581733632,road_0016,collector,797,45.0,45,47.524411797929375,0
2024-01-02 14:00:00,40.75868351619848,-73.94023079983116,road_0017,local,398,34.18845597726177,35,48.06550207046644,0
2024-01-02 14:00:00,40.716165397891224,-73.7396523951108,road_0018,collector,590,41.89482894228921,45,43.37625525696992,0
2024-01-02 14:00:00,40.74909586171322,-73.98772674635582,road_0019,collector,1146,43.93734552286388,45,83.8105393253877,0
2024-01-02 15:00:00,40.80447246752146,-73.99401551064027,road_0000,arterial,1078,55.1206086655108,60,45.232757786468234,0
2024-01-02 15:00:00,40.80949107356936,-73.96391243158607,road_0001,local,289,32.85982114139517,35,39.96647294048738,0
2024-01-02 15:00:00,40.72351506842384,-73.96679396976803,road_0002,arterial,1938,57.00574839999152,60,71.6063276679794,0
2024-01-02 15:00:00,40.7911614698899,-73.9971824244575,road_0003,collector,555,41.006135008341346,45,42.85516227145625,0
2024-01-02 15:00:00,40.7746287921634,-73.93637254877068,road_0004,collector,742,45.0,45,52.035195798958405,0
2024-01-02 15:00:00,40.77476408309478,-73.96823070091489,road_0005,collector,694,45.0,45,50.7355399137649,0
2024-01-02 15:00:00,40.796308181536965,-73.9632723129526,road_0006,arterial,1823,57.38728712493667,60,79.78652335575767,0
2024-01-02 15:00:00,40.70105925421109,-73.79200731226265,road_0007,collector,562,42.026758094241636,45,36.49254892725176,0
2024-01-02 15:00:00,40.74483244518929,-73.97033735860573,road_0008,collector,1500,35.80982395285921,45,99.3261951228034,1
2024-01-02 15:00:00,40.74105839625748,-73.99941744380057,road_0009,arterial,1869,53.91539446304724,60,82.79548057092458,0
2024-01-02 15:00:00,40.69591159380505,-73.82426598115977,road_0010,arterial,690,60.0,60,25.388098779577508,0
2024-01-02 15:00:00,40.65692390877457,-73.74942808238488,road_0011,highway,1866,72.66944905903846,80,49.61636014904192,0
2024-01-02 15:00:00,40.79398843427041,-73.9412929963572,road_0012,collector,738,45.0,45,47.86944465511269,0
2024-01-02 15:00:00,40.741050449839285,-73.98098885522496,road_0013,arterial,1815,55.87774444533648,60,67.00222651809506,0
2024-01-02 15:00:00,40.76936020671709,-73.98141462047757,road_0014,collector,814,44.104418809310424,45,51.65815065520213,0
2024-01-02 15:00:00,40.72484697982401,-74.01459505800035,road_0015,collector,1423,36.1797426508205,45,99.04197977124974,0
2024-01-02 15:00:00,40.73100440294086,-73.98775581733632,road_0016,collector,881,39.83674900575451,45,58.413120696928274,0
2024-01-02 15:00:00,40.75868351619848,-73.94023079983116,road_0017,local,560,30.854035202611843,35,70.96838325987125,0
2024-01-02 15:00:00,40.716165397891224,-73.7396523951108,road_0018,collector,762,45.0,45,56.43919954315918,0
2024-01-02 15:00:00,40.74909586171322,-73.98772674635582,road_0019,collector,1500,40.46992805253671,45,92.8064903638703,0
2024-01-02 16:00:00,40.80447246752146,-73.99401551064027,road_0000,arterial,1840,53.964447348320135,60,66.9976201210147,0
2024-01-02 16:00:00,40.80949107356936,-73.96391243158607,road_0001,local,721,33.49613310801592,35,98.28956977400645,0
2024-01-02 16:00:00,40.72351506842384,-73.96679396976803,road_0002,arterial,2500,52.996244394907215,60,100.0,0
2024-01-02 16:00:00,40.7911614698899,-73.9971824244575,road_0003,collector,877,45.0,45,57.945091068988724,0
2024-01-02 16:00:00,40.7746287921634,-73.93637254877068,road_0004,collector,632,42.47273291349797,45,38.409869497821646,0
2024-01-02 16:00:00,40.77476408309478,-73.96823070091489,road_0005,collector,978,43.874237358643775,45,73.35677027767068,0
2024-01-02 16:00:00,40.796308181536965,-73.9632723129526,road_0006,arterial,900,58.44633407645243,60,39.92312290275851,0
2024-01-02 16:00:00,40.70105925421109,-73.79200731226265,road_0007,collector,998,41.72119076331777,45,72.4581623441607,0
2024-01-02 16:00:00,40.74483244518929,-73.97033735860573,road_0008,collector,1448,40.89988021270781,45,100.0,0
2024-01-02 16:00:00,40.74105839625748,-73.99941744380057,road_0009,arterial,1731,60.0,60,63.05853170143286,0
2024-01-02 16:00:00,40.69591159380505,-73.82426598115977,road_0010,arterial,934,60.0,60,32.65270053850715,0
2024-01-02 16:00:00,40.65692390877457,-73.74942808238488,road_0011,highway,2767,72.51296086948471,80,74.39202661861563,0
2024-01-02 16:00:00,40.79398843427041,-73.9412929963572,road_0012,collector,613,44.206167464339416,45,38.233610942553696,0
2024-01-02 16:00:00,40.741050449839285,-73.98098885522496,road_0013,arterial,1176,60.0,60,37.71352807748928,0
2024-01-02 16:00:00,40.76936020671709,-73.98141462047757,road_0014,collector,1067,44.781796931771154,45,61.91291974655595,0
2024-01-02 16:00:00,40.72484697982401,-74.01459505800035,road_0015,collector,1324,39.80351998208075,45,96.02903044534739,0
2024-01-02 16:00:00,40.73100440294086,-73.98775581733632,road_0016,collector,1500,41.82942793895398,45,100.0,0
2024-01-02 16:00:00,40.75868351619848,-73.94023079983116,road_0017,local,385,31.907699634563787,35,39.47011827934736,0
2024-01-02 16:00:00,40.716165397891224,-73.7396523951108,road_0018,collector,982,45.0,45,70.4303449076436,0
2024-01-02 16:00:00,40.74909586171322,-73.98772674635582,road_0019,collector,1500,35.5331803841194,45,94.82992970513736,1
2024-01-02 17:00:00,40.80447246752146,-73.99401551064027,road_0000,arterial,2500,50.717497326693774,60,90.4485177832411,0
2024-01-02 17:00:00,40.80949107356936,-73.96391243158607,road_0001,local,800,31.374255685607867,35,96.25555978420708,0
2024-01-02 17:00:00,40.72351506842384,-73.96679396976803,road_0002,arterial,2500,53.465145233363586,60,100.0,0
2024-01-02 17:00:00,40.7911614698899,-73.9971824244575,road_0003,collector,1500,40.06585721767543,45,100.0,0
2024-01-02 17:00:00,40.7746287921634,-73.93637254877068,road_0004,collector,1500,39.81080744263494,45,100.0,0
2024-01-02 17:00:00,40.77476408309478,-73.96823070091489,road_0005,collector,1500,38.67882108613933,45,100.0,0
2024-01-02 17:00:00,40.796308181536965,-73.9632723129526,road_0006,arterial,2500,53.1845413240462,60,94.57750924966999,0
2024-01-02 17:00:00,40.70105925421109,-73.79200731226265,road_0007,collector,1500,39.34704103999588,45,96.8381055621098,0
2024-01-02 17:00:00,40.74483244518929,-73.97033735860573,road_0008,collector,1500,40.30050466727569,45,100.0,0
2024-01-02 17:00:00,40.74105839625748,-73.99941744380057,road_0009,arterial,2500,47.51319649031894,60,100.0,1
2024-01-02 17:00:00,40.69591159380505,-73.82426598115977,road_0010,arterial,2200,53.65130556984213,60,91.55063227767369,0
2024-01-02 17:00:00,40.65692390877457,-73.74942808238488,road_0011,highway,4000,72.22099445635929,80,100.0,0
2024-01-02 17:00:00,40.79398843427041,-73.9412929963572,road_0012,collector,1500,36.43987749406922,45,95.5057642690372,0
2024-01-02 17:00:00,40.741050449839285,-73.98098885522496,road_0013,arterial,2500,54.314495432040665,60,93.58712020578481,0
2024-01-02 17:00:00,40.76936020671709,-73.98141462047757,road_0014,collector,1500,36.54570074538463,45,100.0,0
2024-01-02 17:00:00,40.72484697982401,-74.01459505800035,road_0015,collector,1500,40.692831414434,45,100.0,0
2024-01-02 17:00:00,40.73100440294086,-73.98775581733632,road_0016,collector,1500,39.41166583449485,45,100.0,0
2024-01-02 17:00:00,40.75868351619848,-73.94023079983116,road_0017,local,800,30.876739678412317,35,93.07382085688408,0
2024-01-02 17:00:00,40.716165397891224,-73.7396523951108,road_0018,collector,1199,43.190755992527265,45,81.59714941887529,0
2024-01-02 17:00:00,40.74909586171322,-73.98772674635582,road_0019,collector,1500,38.530448954242424,45,90.63487530745977,0
2024-01-02 18:00:00,40.80447246752146,-73.99401551064027,road_0000,arterial,1927,60.0,60,84.69946011279315,0
2024-01-02 18:00:00,40.80949107356936,-73.96391243158607,road_0001,local,800,32.784916562776054,35,100.0,0
2024-01-02 18:00:00,40.72351506842384,-73.96679396976803,road_0002,arterial,2500,55.33189891150884,60,95.73039097854246,0
2024-01-02 18:00:00,40.7911614698899,-73.9971824244575,road_0003,collector,1500,40.090152002076465,45,100.0,0
2024-01-02 18:00:00,40.7746287921634,-73.93637254877068,road_0004,collector,1500,35.705692710769135,45,100.0,1
2024-01-02 18:00:00,40.77476408309478,-73.96823070091489,road_0005,collector,1500,41.61110014386656,45,100.0,0
2024-01-02 18:00:00,40.796308181536965,-73.9632723129526,road_0006,arterial,2500,50.98014879144349,60,91.7020697223957,0
2024-01-02 18:00:00,40.70105925421109,-73.79200731226265,road_0007,collector,640,44.50075046897484,45,37.25398220742012,0
2024-01-02 18:00:00,40.74483244518929,-73.97033735860573,road_0008,collector,1500,36.36998267127724,45,93.34982178188216,0
2024-01-02 18:00:00,40.74105839625748,-73.99941744380057,road_0009,arterial,2500,51.54511812008253,60,100.0,0
2024-01-02 18:00:00,40.69591159380505,-73.82426598115977,road_0010,arterial,1769,55.505336887045694,60,67.28507836082294,0
2024-01-02 18:00:00,40.65692390877457,-73.74942808238488,road_0011,highway,2042,76.90166828245313,80,46.17926122033532,0
2024-01-02 18:00:00,40.79398843427041,-73.9412929963572,road_0012,collector,1500,41.54888066315226,45,94.21013879330685,0
2024-01-02 18:00:00,40.741050449839285,-73.98098885522496,road_0013,arterial,2500,48.5731336814968,60,100.0,0
2024-01-02 18:00:00,40.76936020671709,-73.98141462047757,road_0014,collector,1500,39.62667415683017,45,96.04839022557073,0
2024-01-02 18:00:00,40.72484697982401,-74.01459505800035,road_0015,collector,1500,39.17354682044242,45,100.0,0
2024-01-02 18:00:00,40.73100440294086,-73.98775581733632,road_0016,collector,1500,39.035225101648805,45,95.47280835721543,0
2024-01-02 18:00:00,40.75868351619848,-73.94023079983116,road_0017,local,579,35.0,35,68.50426936085641,0
2024-01-02 18:00:00,40.716165397891224,-73.7396523951108,road_0018,collector,686,45.0,45,44.901961815962096,0
2024-01-02 18:00:00,40.74909586171322,-73.98772674635582,road_0019,collector,1500,41.96506675036844,45,100.0,0
2024-01-02 19:00:00,40.80447246752146,-73.99401551064027,road_0000,arterial,1878,60.0,60,81.922161568784,0
2024-01-02 19:00:00,40.80949107356936,-73.96391243158607,road_0001,local,800,30.370215445083588,35,93.903330344373,0
2024-01-02 19:00:00,40.72351506842384,-73.96679396976803,road_0002,arterial,2500,55.70327395911445,60,99.66361726627338,0
2024-01-02 19:00:00,40.7911614698899,-73.9971824244575,road_0003,collector,1336,39.7060215945737,45,87.20276268570115,0
2024-01-02 19:00:00,40.7746287921634,-73.93637254877068,road_0004,collector,1415,37.78015646074801,45,86.85337389061323,0
2024-01-02 19:00:00,40.77476408309478,-73.96823070091489,road_0005,collector,1500,39.75115669561518,45,100.0,0
2024-01-02 19:00:00,40.796308181536965,-73.9632723129526,road_0006,arterial,2334,54.429424367968494,60,87.95653451595237,0
2024-01-02 19:00:00,40.70105925421109,-73.79200731226265,road_0007,collector,838,44.98065063233875,45,48.69113753412966,0
2024-01-02 19:00:00,40.74483244518929,-73.97033735860573,road_0008,collector,1500,36.64829566853857,45,94.37419600647166,0
2024-01-02 19:00:00,40.74105839625748,-73.99941744380057,road_0009,arterial,2500,57.07749417751504,60,100.0,0
2024-01-02 19:00:00,40.69591159380505,-73.82426598115977,road_0010,arterial,1355,60.0,60,51.69096486759163,0
2024-01-02 19:00:00,40.65692390877457,-73.74942808238488,road_0011,highway,1744,80.0,80,44.73569821856376,0
2024-01-02 19:00:00,40.79398843427041,-73.9412929963572,road_0012,collector,1475,37.2590584846011,45,100.0,0
2024-01-02 19:00:00,40.741050449839285,-73.98098885522496,road_0013,arterial,2500,49.70345057236186,60,94.9933790548046,0
2024-01-02 19:00:00,40.76936020671709,-73.98141462047757,road_0014,collector,1500,40.12692210070966,45,100.0,0
2024-01-02 19:00:00,40.72484697982401,-74.01459505800035,road_0015,collector,1500,37.96606477055569,45,99.16647189175151,0
2024-01-02 19:00:00,40.73100440294086,-73.98775581733632,road_0016,collector,1500,35.530897453440225,45,100.0,1
2024-01-02 19:00:00,40.75868351619848,-73.94023079983116,road_0017,local,510,35.0,35,58.51293307331392,0
2024-01-02 19:00:00,40.716165397891224,-73.7396523951108,road_0018,collector,853,41.24346967033189,45,62.07817951577231,0
2024-01-02 19:00:00,40.74909586171322,-73.98772674635582,road_0019,collector,1500,43.04001680804693,45,100.0,0
2024-01-02 20:00:00,40.80447246752146,-73.99401551064027,road_0000,arterial,1149,55.675869901601224,60,52.51106104548094,0
2024-01-02 20:00:00,40.80949107356936,-73.96391243158607,road_0001,local,155,35.0,35,16.183231122285193,0
2024-01-02 20:00:00,40.72351506842384,-73.96679396976803,road_0002,arterial,1856,57.39981450207538,60,74.43708019100914,0
2024-01-02 20:00:00,40.7911614698899,-73.9971824244575,road_0003,collector,277,44.435856142391785,45,19.48986590499411,0
2024-01-02 20:00:00,40.7746287921634,-73.93637254877068,road_0004,collector,653,44.30267284228898,45,34.03276657567432,0
2024-01-02 20:00:00,40.77476408309478,-73.96823070091489,road_0005,collector,540,41.40003276347016,45,40.49196573695258,0
2024-01-02 20:00:00,40.796308181536965,-73.9632723129526,road_0006,arterial,964,58.36347392665013,60,32.02992100710044,0
2024-01-02 20:00:00,40.70105925421109,-73.79200731226265,road_0007,collector,563,41.505819262115445,45,42.548726317554454,0
2024-01-02 20:00:00,40.74483244518929,-73.97033735860573,road_0008,collector,967,44.440669810523175,45,68.01452926444412,0
2024-01-02 20:00:00,40.74105839625748,-73.99941744380057,road_0009,arterial,1916,51.56153845992787,60,67.9633037766888,0
2024-01-02 20:00:00,40.69591159380505,-73.82426598115977,road_0010,arterial,1008,56.58876881053708,60,45.82488103669898,0
2024-01-02 20:00:00,40.65692390877457,-73.74942808238488,road_0011,highway,859,80.0,80,30.704846491482243,0
2024-01-02 20:00:00,40.79398843427041,-73.9412929963572,road_0012,collector,729,45.0,45,50.82927222451322,0
2024-01-02 20:00:00,40.741050449839285,-73.98098885522496,road_0013,arterial,1371,60.0,60,63.78322925800496,0
2024-01-02 20:00:00,40.76936020671709,-73.98141462047757,road_0014,collector,960,45.0,45,59.632320842112634,0
2024-01-02 20:00:00,40.72484697982401,-74.01459505800035,road_0015,collector,522,45.0,45,38.92492325110524,0
2024-01-02 20:00:00,40.73100440294086,-73.98775581733632,road_0016,collector,1157,39.1326763120748,45,73.93277060919829,0
2024-01-02 20:00:00,40.75868351619848,-73.94023079983116,road_0017,local,264,35.0,35,29.867734043552886,0
2024-01-02 20:00:00,40.716165397891224,-73.7396523951108,road_0018,collector,563,45.0,45,34.98351196440265,0
2024-01-02 20:00:00,40.74909586171322,-73.98772674635582,road_0019,collector,523,45.0,45,28.122486450791254,0
2024-01-02 21:00:00,40.80447246752146,-73.99401551064027,road_0000,arterial,668,59.97236036387934,60,25.654290545170404,0
2024-01-02 21:00:00,40.80949107356936,-73.96391243158607,road_0001,local,200,35.0,35,28.23827265274023,0
2024-01-02 21:00:00,40.72351506842384,-73.96679396976803,road_0002,arterial,1570,60.0,60,70.88719549987714,0
2024-01-02 21:00:00,40.7911614698899,-73.9971824244575,road_0003,collector,502,42.33237037798239,45,23.604225911059654,0
2024-01-02 21:00:00,40.7746287921634,-73.93637254877068,road_0004,collector,548,45.0,45,34.58145851931957,0
2024-01-02 21:00:00,40.77476408309478,-73.96823070091489,road_0005,collector,1174,44.229983635612705,45,74.54422819696721,0
2024-01-02 21:00:00,40.796308181536965,-73.9632723129526,road_0006,arterial,572,58.08141594708961,60,16.572649146947384,0
2024-01-02 21:00:00,40.70105925421109,-73.79200731226265,road_0007,collector,419,45.0,45,20.331155202787578,0
2024-01-02 21:00:00,40.74483244518929,-73.97033735860573,road_0008,collector,698,42.89777351839837,45,46.389725023989826,0
2024-01-02 21:00:00,40.74105839625748,-73.99941744380057,road_0009,arterial,1309,54.7813749212527,60,45.64811058157757,0
2024-01-02 21:00:00,40.69591159380505,-73.82426598115977,road_0010,arterial,798,60.0,60,28.79915373115371,0
2024-01-02 21:00:00,40.65692390877457,-73.74942808238488,road_0011,highway,1416,80.0,80,41.81962034598281,0
2024-01-02 21:00:00,40.79398843427041,-73.9412929963572,road_0012,collector,655,43.20552229894586,45,41.65704235840536,0
2024-01-02 21:00:00,40.741050449839285,-73.98098885522496,road_0013,arterial,776,55.176623792784135,60,37.0596140080673,0
2024-01-02 21:00:00,40.76936020671709,-73.98141462047757,road_0014,collector,782,45.0,45,44.50751524351556,0
2024-01-02 21:00:00,40.72484697982401,-74.01459505800035,road_0015,collector,454,45.0,45,32.16361425670486,0
2024-01-02 21:00:00,40.73100440294086,-73.98775581733632,road_0016,collector,454,41.377300185908254,45,30.912504185695752,0
2024-01-02 21:00:00,40.75868351619848,-73.94023079983116,road_0017,local,190,35.0,35,19.67715227026577,0
2024-01-02 21:00:00,40.716165397891224,-73.7396523951108,road_0018,collector,609,45.0,45,35.79341677900828,0
2024-01-02 21:00:00,40.74909586171322,-73.98772674635582,road_0019,collector,784,40.521286637278365,45,43.27365720605373,0
2024-01-02 22:00:00,40.80447246752146,-73.99401551064027,road_0000,arterial,635,60.0,60,19.930432520722114,0
2024-01-02 22:00:00,40.80949107356936,-73.96391243158607,road_0001,local,140,35.0,35,14.684174939653808,0
2024-01-02 22:00:00,40.72351506842384,-73.96679396976803,road_0002,arterial,1055,58.07445235621152,60,39.21638218670031,0
2024-01-02 22:00:00,40.7911614698899,-73.9971824244575,road_0003,collector,392,41.233346853101494,45,20.31452080747025,0
2024-01-02 22:00:00,40.7746287921634,-73.93637254877068,road_0004,collector,317,42.47843866992604,45,27.951507541391475,0
2024-01-02 22:00:00,40.77476408309478,-73.96823070091489,road_0005,collector,495,43.88343625090576,45,39.47247221497947,0
2024-01-02 22:00:00,40.796308181536965,-73.9632723129526,road_0006,arterial,487,55.41175643365838,60,28.13109756838624,0
2024-01-02 22:00:00,40.70105925421109,-73.79200731226265,road_0007,collector,395,40.76452818271521,45,26.964776387067957,0
2024-01-02 22:00:00,40.74483244518929,-73.97033735860573,road_0008,collector,466,45.0,45,24.291042906169114,0
2024-01-02 22:00:00,40.74105839625748,-73.99941744380057,road_0009,arterial,1207,54.3782201850832,60,52.575065528878916,0
2024-01-02 22:00:00,40.69591159380505,-73.82426598115977,road_0010,arterial,344,60.0,60,16.01591671073021,0
2024-01-02 22:00:00,40.65692390877457,-73.74942808238488,road_0011,highway,670,80.0,80,13.843324099701658,0
2024-01-02 22:00:00,40.79398843427041,-73.9412929963572,road_0012,collector,341,45.0,45,29.02675342753312,0
2024-01-02 22:00:00,40.741050449839285,-73.98098885522496,road_0013,arterial,658,58.21686548695966,60,18.437486364262586,0
2024-01-02 22:00:00,40.76936020671709,-73.98141462047757,road_0014,collector,487,41.06253674847559,45,35.62986315261814,0
2024-01-02 22:00:00,40.72484697982401,-74.01459505800035,road_0015,collector,390,45.0,45,19.136254106336114,0
2024-01-02 22:00:00,40.73100440294086,-73.98775581733632,road_0016,collector,279,45.0,45,11.964073115330365,0
2024-01-02 22:00:00,40.75868351619848,-73.94023079983116,road_0017,local,165,35.0,35,20.67354574332753,0
2024-01-02 22:00:00,40.716165397891224,-73.7396523951108,road_0018,collector,332,45.0,45,29.856968775920237,0
2024-01-02 22:00:00,40.74909586171322,-73.98772674635582,road_0019,collector,863,43.415364677544105,45,60.129746422027495,0
2024-01-02 23:00:00,40.80447246752146,-73.99401551064027,road_0000,arterial,513,59.12577032257968,60,24.06876142456589,0
2024-01-02 23:00:00,40.80949107356936,-73.96391243158607,road_0001,local,180,35.0,35,15.428725132056321,0
2024-01-02 23:00:00,40.72351506842384,-73.96679396976803,road_0002,arterial,729,58.485057059579844,60,27.786034126820297,0
2024-01-02 23:00:00,40.7911614698899,-73.9971824244575,road_0003,collector,306,44.84453527246165,45,27.284246505722862,0
2024-01-02 23:00:00,40.7746287921634,-73.93637254877068,road_0004,collector,231,43.42323726527006,45,16.860844012380312,0
2024-01-02 23:00:00,40.77476408309478,-73.96823070091489,road_0005,collector,196,45.0,45,3.1942475347984782,0
2024-01-02 23:00:00,40.796308181536965,-73.9632723129526,road_0006,arterial,562,58.127406400211484,60,27.04741708679292,0
2024-01-02 23:00:00,40.70105925421109,-73.79200731226265,road_0007,collector,256,44.09629886304731,45,26.00179156051148,0
2024-01-02 23:00:00,40.74483244518929,-73.97033735860573,road_0008,collector,423,40.69332429507304,45,38.006646075872965,0
2024-01-02 23:00:00,40.74105839625748,-73.99941744380057,road_0009,arterial,720,55.38749348534263,60,32.56091114148258,0
2024-01-02 23:00:00,40.69591159380505,-73.82426598115977,road_0010,arterial,402,56.66643016362194,60,18.535068064796818,0
2024-01-02 23:00:00,40.65692390877457,-73.74942808238488,road_0011,highway,443,74.56192700617994,80,9.418868371291529,0
2024-01-02 23:00:00,40.79398843427041,-73.9412929963572,road_0012,collector,167,45.0,45,16.27899289884335,0
2024-01-02 23:00:00,40.741050449839285,-73.98098885522496,road_0013,arterial,368,54.19529310236126,60,6.724911274457531,0
2024-01-02 23:00:00,40.76936020671709,-73.98141462047757,road_0014,collector,443,42.55575317977507,45,22.793715609631057,0
2024-01-02 23:00:00,40.72484697982401,-74.01459505800035,road_0015,collector,238,41.715170056163636,45,25.360478587637697,0
2024-01-02 23:00:00,40.73100440294086,-73.98775581733632,road_0016,collector,321,44.26272178947408,45,29.929275959123697,0
2024-01-02 23:00:00,40.75868351619848,-73.94023079983116,road_0017,local,63,34.250068176807346,35,9.35399732138021,0
2024-01-02 23:00:00,40.716165397891224,-73.7396523951108,road_0018,collector,116,45.0,45,0.0,0
2024-01-02 23:00:00,40.74909586171322,-73.98772674635582,road_0019,collector,299,44.06872355262624,45,21.7003777529964,0
2024-01-03 00:00:00,40.80447246752146,-73.99401551064027,road_0000,arterial,400,60.0,60,11.504783620740167,0
2024-01-03 00:00:00,40.80949107356936,-73.96391243158607,road_0001,local,80,35.0,35,7.494439410147528,0
2024-01-03 00:00:00,40.72351506842384,-73.96679396976803,road_0002,arterial,236,60.0,60,16.0872707932199,0
2024-01-03 00:00:00,40.7911614698899,-73.9971824244575,road_0003,collector,110,45.0,45,13.679439577598068,0
2024-01-03 00:00:00,40.7746287921634,-73.93637254877068,road_0004,collector,102,45.0,45,3.54908557928458,0
2024-01-03 00:00:00,40.77476408309478,-73.96823070091489,road_0005,collector,136,40.96122944322589,45,14.116033418396553,0
2024-01-03 00:00:00,40.796308181536965,-73.9632723129526,road_0006,arterial,266,58.733738650002856,60,7.328023579774972,0
2024-01-03 00:00:00,40.70105925421109,-73.79200731226265,road_0007,collector,117,45.0,45,9.239917565671856,0
2024-01-03 00:00:00,40.74483244518929,-73.97033735860573,road_0008,collector,263,42.90748680722786,45,10.518322728162813,0
2024-01-03 00:00:00,40.74105839625748,-73.99941744380057,road_0009,arterial,347,54.677121115090664,60,17.473944336666904,0
2024-01-03 00:00:00,40.69591159380505,-73.82426598115977,road_0010,arterial,121,56.32117775537038,60,8.783273842759609,0
2024-01-03 00:00:00,40.65692390877457,-73.74942808238488,road_0011,highway,359,80.0,80,16.696722176270328,0
2024-01-03 00:00:00,40.79398843427041,-73.9412929963572,road_0012,collector,120,42.664522135797334,45,6.226079441324625,0
2024-01-03 00:00:00,40.741050449839285,-73.98098885522496,road_0013,arterial,539,60.0,60,25.02184261822434,0
2024-01-03 00:00:00,40.76936020671709,-73.98141462047757,road_0014,collector,193,43.742472260188215,45,17.62568561461851,0
2024-01-03 00:00:00,40.72484697982401,-74.01459505800035,road_0015,collector,259,45.0,45,8.891259362800119,0
2024-01-03 00:00:00,40.73100440294086,-73.98775581733632,road_0016,collector,203,45.0,45,23.078931984662276,0
2024-01-03 00:00:00,40.75868351619848,-73.94023079983116,road_0017,local,103,33.52469485179754,35,20.197030907556695,0
2024-01-03 00:00:00,40.716165397891224,-73.7396523951108,road_0018,collector,134,44.34695443485637,45,7.1571428507231545,0
2024-01-03 00:00:00,40.74909586171322,-73.98772674635582,road_0019,collector,257,42.30828670136196,45,24.144823893635653,0
2024-01-03 01:00:00,40.80447246752146,-73.99401551064027,road_0000,arterial,309,60.0,60,18.825464253600604,0
2024-01-03 01:00:00,40.80949107356936,-73.96391243158607,road_0001,local,66,31.780751176916603,35,14.617608495590705,0
2024-01-03 01:00:00,40.72351506842384,-73.96679396976803,road_0002,arterial,501,56.510151413666854,60,15.921349243535555,0
2024-01-03 01:00:00,40.7911614698899,-73.9971824244575,road_0003,collector,138,41.425138179256905,45,16.51124766344407,0
2024-01-03 01:00:00,40.7746287921634,-73.93637254877068,road_0004,collector,97,45.0,45,9.94344463206676,0
2024-01-03 01:00:00,40.77476408309478,-73.96823070091489,road_0005,collector,166,45.0,45,12.95150321283861,0
2024-01-03 01:00:00,40.796308181536965,-73.9632723129526,road_0006,arterial,247,57.31025320533401,60,8.461247386053317,0
2024-01-03 01:00:00,40.70105925421109,-73.79200731226265,road_0007,collector,109,42.599817231640706,45,11.113752789754951,0
2024-01-03 01:00:00,40.74483244518929,-73.97033735860573,road_0008,collector,227,41.036261232679834,45,9.507611111464117,0
2024-01-03 01:00:00,40.74105839625748,-73.99941744380057,road_0009,arterial,214,54.53952261910611,60,15.54892812451471,0
2024-01-03 01:00:00,40.69591159380505,-73.82426598115977,road_0010,arterial,187,60.0,60,7.05056739839045,0
2024-01-03 01:00:00,40.65692390877457,-73.74942808238488,road_0011,highway,220,73.30547890143524,80,0.0,0
2024-01-03 01:00:00,40.79398843427041,-73.9412929963572,road_0012,collector,78,44.33753658435832,45,7.827506520965019,0
2024-01-03 01:00:00,40.741050449839285,-73.98098885522496,road_0013,arterial,280,60.0,60,7.118640588732323,0
2024-01-03 01:00:00,40.76936020671709,-73.98141462047757,road_0014,collector,216,45.0,45,22.20768641710532,0
2024-01-03 01:00:00,40.72484697982401,-74.01459505800035,road_0015,collector,196,41.30708542726667,45,4.454548384750332,0
2024-01-03 01:00:00,40.73100440294086,-73.98775581733632,road_0016,collector,189,44.157645363438625,45,20.945361331553613,0
2024-01-03 01:00:00,40.75868351619848,-73.94023079983116,road_0017,local,48,35.0,35,1.8670684288201969,0
2024-01-03 01:00:00,40.716165397891224,-73.7396523951108,road_0018,collector,135,45.0,45,14.843823896033522,0
2024-01-03 01:00:00,40.74909586171322,-73.98772674635582,road_0019,collector,305,40.49962456327934,45,16.249815283264052,0
2024-01-03 02:00:00,40.80447246752146,-73.99401551064027,road_0000,arterial,96,60.0,60,7.0766917022799625,0
2024-01-03 02:00:00,40.80949107356936,-73.96391243158607,road_0001,local,38,33.76468710469656,35,9.32556108901295,0
2024-01-03 02:00:00,40.72351506842384,-73.96679396976803,road_0002,arterial,242,55.614182754802975,60,6.534618508558143,0
2024-01-03 02:00:00,40.7911614698899,-73.9971824244575,road_0003,collector,58,45.0,45,12.234617508297827,0
2024-01-03 02:00:00,40.7746287921634,-73.93637254877068,road_0004,collector,50,45.0,45,7.912117335436479,0
2024-01-03 02:00:00,40.77476408309478,-73.96823070091489,road_0005,collector,64,43.709343855843166,45,8.509407584278765,0
2024-01-03 02:00:00,40.796308181536965,-73.9632723129526,road_0006,arterial,85,60.0,60,4.205988135229994,0
2024-01-03 02:00:00,40.70105925421109,-73.79200731226265,road_0007,collector,95,41.26540788145464,45,6.622559888131217,0
2024-01-03 02:00:00,40.74483244518929,-73.97033735860573,road_0008,collector,123,43.99823874247186,45,10.34270561767154,0
2024-01-03 02:00:00,40.74105839625748,-73.99941744380057,road_0009,arterial,132,55.15967370587629,60,1.5783688917779148,0
2024-01-03 02:00:00,40.69591159380505,-73.82426598115977,road_0010,arterial,92,60.0,60,2.5620711381323726,0
2024-01-03 02:00:00,40.65692390877457,-73.74942808238488,road_0011,highway,282,80.0,80,8.70428898689363,0
2024-01-03 02:00:00,40.79398843427041,-73.9412929963572,road_0012,collector,64,45.0,45,2.320741086557871,0
2024-01-03 02:00:00,40.741050449839285,-73.98098885522496,road_0013,arterial,222,60.0,60,1.5441984827325745,0
2024-01-03 02:00:00,40.76936020671709,-73.98141462047757,road_0014,collector,84,45.0,45,9.468442561126182,0
2024-01-03 02:00:00,40.72484697982401,-74.01459505800035,road_0015,collector,174,45.0,45,11.59917983929577,0
2024-01-03 02:00:00,40.73100440294086,-73.98775581733632,road_0016,collector,119,43.06061661585417,45,0.0,0
2024-01-03 02:00:00,40.75868351619848,-73.94023079983116,road_0017,local,43,32.873678859020984,35,12.374186610064108,0
2024-01-03 02:00:00,40.716165397891224,-73.7396523951108,road_0018,collector,51,44.80641064950177,45,0.0,0
2024-01-03 02:00:00,40.74909586171322,-73.98772674635582,road_0019,collector,162,41.01240527216364,45,2.5206431406588656,0
2024-01-03 03:00:00,40.80447246752146,-73.99401551064027,road_0000,arterial,91,56.804874546135444,60,4.526897752686423,0
2024-01-03 03:00:00,40.80949107356936,-73.96391243158607,road_0001,local,55,34.986792362032276,35,0.0,0
2024-01-03 03:00:00,40.72351506842384,-73.96679396976803,road_0002,arterial,217,60.0,60,4.835418105862981,0
2024-01-03 03:00:00,40.7911614698899,-73.9971824244575,road_0003,collector,126,45.0,45,10.06260438199167,0
2024-01-03 03:00:00,40.7746287921634,-73.93637254877068,road_0004,collector,76,42.209383503766006,45,4.390298489217805,0
2024-01-03 03:00:00,40.77476408309478,-73.96823070091489,road_0005,collector,149,45.0,45,7.1057649724051615,0
2024-01-03 03:00:00,40.796308181536965,-73.9632723129526,road_0006,arterial,71,60.0,60,0.0,0
2024-01-03 03:00:00,40.70105925421109,-73.79200731226265,road_0007,collector,72,44.06339994973495,45,8.31325804414146,0
2024-01-03 03:00:00,40.74483244518929,-73.97033735860573,road_0008,collector,149,45.0,45,8.178927889966644,0
2024-01-03 03:00:00,40.74105839625748,-73.99941744380057,road_0009,arterial,135,60.0,60,7.090862265189164,0
2024-01-03 03:00:00,40.69591159380505,-73.82426598115977,road_0010,arterial,80,60.0,60,0.0,0
2024-01-03 03:00:00,40.65692390877457,-73.74942808238488,road_0011,highway,129,79.22781876023681,80,13.17998778020401,0
2024-01-03 03:00:00,40.79398843427041,-73.9412929963572,road_0012,collector,68,45.0,45,0.0,0
2024-01-03 03:00:00,40.741050449839285,-73.98098885522496,road_0013,arterial,181,59.304156634596254,60,10.433805458609486,0
2024-01-03 03:00:00,40.76936020671709,-73.98141462047757,road_0014,collector,115,45.0,45,13.941133541111215,0
2024-01-03 03:00:00,40.72484697982401,-74.01459505800035,road_0015,collector,166,44.7957378567867,45,4.095312954065932,0
2024-01-03 03:00:00,40.73100440294086,-73.98775581733632,road_0016,collector,139,43.5422780731043,45,7.295902248447531,0
2024-01-03 03:00:00,40.75868351619848,-73.94023079983116,road_0017,local,27,35.0,35,0.0,0
2024-01-03 03:00:00,40.716165397891224,-73.7396523951108,road_0018,collector,39,45.0,45,3.647322756344686,0
2024-01-03 03:00:00,40.74909586171322,-73.98772674635582,road_0019,collector,204,45.0,45,10.509617074468917,0
2024-01-03 04:00:00,40.80447246752146,-73.99401551064027,road_0000,arterial,177,60.0,60,8.397011206264933,0
2024-01-03 04:00:00,40.80949107356936,-73.96391243158607,road_0001,local,54,32.560017264515466,35,0.0,0
2024-01-03 04:00:00,40.72351506842384,-73.96679396976803,road_0002,arterial,301,60.0,60,3.652308103392034,0
2024-01-03 04:00:00,40.7911614698899,-73.9971824244575,road_0003,collector,157,41.220938745006755,45,17.03544008544648,0
2024-01-03 04:00:00,40.7746287921634,-73.93637254877068,road_0004,collector,127,45.0,45,15.039724789032453,0
2024-01-03 04:00:00,40.77476408309478,-73.96823070091489,road_0005,collector,174,45.0,45,4.086916828617408,0
2024-01-03 04:00:00,40.796308181536965,-73.9632723129526,road_0006,arterial,256,54.482527662745845,60,14.681321284075706,0
2024-01-03 04:00:00,40.70105925421109,-73.79200731226265,road_0007,collector,91,45.0,45,7.679571184859348,0
2024-01-03 04:00:00,40.74483244518929,-73.97033735860573,road_0008,collector,213,45.0,45,20.393500725317786,0
2024-01-03 04:00:00,40.74105839625748,-73.99941744380057,road_0009,arterial,208,60.0,60,0.042642781273606545,0
2024-01-03 04:00:00,40.69591159380505,-73.82426598115977,road_0010,arterial,112,60.0,60,3.2771127942766975,0
2024-01-03 04:00:00,40.65692390877457,-73.74942808238488,road_0011,highway,193,80.0,80,6.8142227931743315,0
2024-01-03 04:00:00,40.79398843427041,-73.9412929963572,road_0012,collector,98,40.93515252601291,45,5.38488025198964,0
2024-01-03 04:00:00,40.741050449839285,-73.98098885522496,road_0013,arterial,451,58.22798408335905,60,19.800009268592568,0
2024-01-03 04:00:00,40.76936020671709,-73.98141462047757,road_0014,collector,241,45.0,45,22.58531283766699,0
2024-01-03 04:00:00,40.72484697982401,-74.01459505800035,road_0015,collector,242,45.0,45,14.416154697646657,0
2024-01-03 04:00:00,40.73100440294086,-73.98775581733632,road_0016,collector,200,45.0,45,7.743086121628319,0
2024-01-03 04:00:00,40.75868351619848,-73.94023079983116,road_0017,local,61,35.0,35,0.0,0
2024-01-03 04:00:00,40.716165397891224,-73.7396523951108,road_0018,collector,123,45.0,45,2.7354525063929156,0
2024-01-03 04:00:00,40.74909586171322,-73.98772674635582,road_0019,collector,134,42.15972870242161,45,2.2006685013017373,0
2024-01-03 05:00:00,40.80447246752146,-73.99401551064027,road_0000,arterial,287,58.77199010071216,60,2.503004112407954,0
2024-01-03 05:00:00,40.80949107356936,-73.96391243158607,road_0001,local,132,35.0,35,14.155682008060811,0
2024-01-03 05:00:00,40.72351506842384,-73.96679396976803,road_0002,arterial,420,54.84731448884126,60,8.040828339131087,0
2024-01-03 05:00:00,40.7911614698899,-73.9971824244575,road_0003,collector,271,45.0,45,25.627336923555806,0
2024-01-03 05:00:00,40.7746287921634,-73.93637254877068,road_0004,collector,287,40.88837309816603,45,11.093487028948154,0
2024-01-03 05:00:00,40.77476408309478,-73.96823070091489,road_0005,collector,269,40.90392041847171,45,20.844776961881895,0
2024-01-03 05:00:00,40.796308181536965,-73.9632723129526,road_0006,arterial,659,54.886500244712536,60,22.29224964314186,0
2024-01-03 05:00:00,40.70105925421109,-73.79200731226265,road_0007,collector,117,45.0,45,0.26567558597893726,0
2024-01-03 05:00:00,40.74483244518929,-73.97033735860573,road_0008,collector,269,45.0,45,27.72344000101978,0
2024-01-03 05:00:00,40.74105839625748,-73.99941744380057,road_0009,arterial,746,60.0,60,27.482789496651385,0
2024-01-03 05:00:00,40.69591159380505,-73.82426598115977,road_0010,arterial,162,60.0,60,9.888686675938349,0
2024-01-03 05:00:00,40.65692390877457,-73.74942808238488,road_0011,highway,483,72.38177254093362,80,10.383860011841792,0
2024-01-03 05:00:00,40.79398843427041,-73.9412929963572,road_0012,collector,183,45.0,45,4.168483782027375,0
2024-01-03 05:00:00,40.741050449839285,-73.98098885522496,road_0013,arterial,736,58.65167750667484,60,25.747274865322346,0
2024-01-03 05:00:00,40.76936020671709,-73.98141462047757,road_0014,collector,236,45.0,45,9.313966082165008,0
2024-01-03 05:00:00,40.72484697982401,-74.01459505800035,road_0015,collector,439,45.0,45,28.76846412400203,0
2024-01-03 05:00:00,40.73100440294086,-73.98775581733632,road_0016,collector,207,45.0,45,10.798757071414283,0
2024-01-03 05:00:00,40.75868351619848,-73.94023079983116,road_0017,local,171,35.0,35,28.861146682741612,0
2024-01-03 05:00:00,40.716165397891224,-73.7396523951108,road_0018,collector,142,45.0,45,7.66012405251705,0
2024-01-03 05:00:00,40.74909586171322,-73.98772674635582,road_0019,collector,354,45.0,45,20.283854283462198,0
2024-01-03 06:00:00,40.80447246752146,-73.99401551064027,road_0000,arterial,788,60.0,60,38.17223546652262,0
2024-01-03 06:00:00,40.80949107356936,-73.96391243158607,road_0001,local,289,32.39714992088006,35,39.9660110607949,0
2024-01-03 06:00:00,40.72351506842384,-73.96679396976803,road_0002,arterial,1165,59.81225755255081,60,44.65478969493662,0
2024-01-03 06:00:00,40.7911614698899,-73.9971824244575,road_0003,collector,613,43.88042296524524,45,44.37578757339518,0
2024-01-03 06:00:00,40.7746287921634,-73.93637254877068,road_0004,collector,284,45.0,45,27.918795458245672,0
2024-01-03 06:00:00,40.77476408309478,-73.96823070091489,road_0005,collector,1217,41.03202484650762,45,75.2996411335037,0
2024-01-03 06:00:00,40.796308181536965,-73.9632723129526,road_0006,arterial,945,58.11576269729819,60,36.16779066756666,0
2024-01-03 06:00:00,40.70105925421109,-73.79200731226265,road_0007,collector,442,44.695113869660545,45,22.69582334795147,0
2024-01-03 06:00:00,40.74483244518929,-73.97033735860573,road_0008,collector,800,45.0,45,47.53547719158037,0
2024-01-03 06:00:00,40.74105839625748,-73.99941744380057,road_0009,arterial,662,60.0,60,32.08425297071267,0
2024-01-03 06:00:00,40.69591159380505,-73.82426598115977,road_0010,arterial,556,60.0,60,23.587818883121464,0
2024-01-03 06:00:00,40.65692390877457,-73.74942808238488,road_0011,highway,1338,73.99196345132911,80,33.213553506216286,0
2024-01-03 06:00:00,40.79398843427041,-73.9412929963572,road_0012,collector,375,45.0,45,26.985985740127774,0
2024-01-03 06:00:00,40.741050449839285,-73.98098885522496,road_0013,arterial,801,57.33687699133493,60,31.964784438016277,0
2024-01-03 06:00:00,40.76936020671709,-73.98141462047757,road_0014,collector,729,45.0,45,50.29655622611582,0
2024-01-03 06:00:00,40.72484697982401,-74.01459505800035,road_0015,collector,516,45.0,45,26.228439836342762,0
2024-01-03 06:00:00,40.73100440294086,-73.98775581733632,road_0016,collector,747,45.0,45,50.22754042947482,0
2024-01-03 06:00:00,40.75868351619848,-73.94023079983116,road_0017,local,154,35.0,35,26.48329769398202,0
2024-01-03 06:00:00,40.716165397891224,-73.7396523951108,road_0018,collector,557,44.240885994787206,45,43.33655513252738,0
2024-01-03 06:00:00,40.74909586171322,-73.98772674635582,road_0019,collector,1274,39.0768966640239,45,86.37579260777747,0
2024-01-03 07:00:00,40.80447246752146,-73.99401551064027,road_0000,arterial,1547,56.43577061123282,60,56.81714055191466,0
2024-01-03 07:00:00,40.80949107356936,-73.96391243158607,road_0001,local,774,31.648391214912937,35,95.27999494483723,0
2024-01-03 07:00:00,40.72351506842384,-73.96679396976803,road_0002,arterial,2113,55.93524457717016,60,77.95658920715317,0
2024-01-03 07:00:00,40.7911614698899,-73.9971824244575,road_0003,collector,903,45.0,45,58.20625672345987,0
2024-01-03 07:00:00,40.7746287921634,-73.93637254877068,road_0004,collector,790,45.0,45,56.04419728748037,0
2024-01-03 07:00:00,40.77476408309478,-73.96823070091489,road_0005,collector,1500,42.15264491000344,45,93.07567411026432,0
2024-01-03 07:00:00,40.796308181536965,-73.9632723129526,road_0006,arterial,2198,57.03673143795625,60,91.18054407446294,0
2024-01-03 07:00:00,40.70105925421109,-73.79200731226265,road_0007,collector,1487,37.633177451857335,45,100.0,0
2024-01-03 07:00:00,40.74483244518929,-73.97033735860573,road_0008,collector,1500,42.240409962759514,45,94.62161705748993,0
2024-01-03 07:00:00,40.74105839625748,-73.99941744380057,road_0009,arterial,2500,55.921166166750446,60,92.76250586280494,0
2024-01-03 07:00:00,40.69591159380505,-73.82426598115977,road_0010,arterial,1588,60.0,60,58.30132768150059,0
2024-01-03 07:00:00,40.65692390877457,-73.74942808238488,road_0011,highway,2717,73.02335019169186,80,66.13865266020565,0
2024-01-03 07:00:00,40.79398843427041,-73.9412929963572,road_0012,collector,1500,37.59171295014105,45,100.0,0
2024-01-03 07:00:00,40.741050449839285,-73.98098885522496,road_0013,arterial,2500,57.03275452452315,60,100.0,0
2024-01-03 07:00:00,40.76936020671709,-73.98141462047757,road_0014,collector,1500,40.92503322112597,45,100.0,0
2024-01-03 07:00:00,40.72484697982401,-74.01459505800035,road_0015,collector,1500,37.66061532967146,45,100.0,0
2024-01-03 07:00:00,40.73100440294086,-73.98775581733632,road_0016,collector,1500,37.03480192879313,45,100.0,0
2024-01-03 07:00:00,40.75868351619848,-73.94023079983116,road_0017,local,591,35.0,35,67.84763227723738,0
2024-01-03 07:00:00,40.716165397891224,-73.7396523951108,road_0018,collector,1159,45.0,45,82.29224515414201,0
2024-01-03 07:00:00,40.74909586171322,-73.98772674635582,road_0019,collector,1500,38.16529388162189,45,100.0,0
2024-01-03 08:00:00,40.80447246752146,-73.99401551064027,road_0000,arterial,2092,51.518983441335465,60,83.40347308209765,0
2024-01-03 08:00:00,40.80949107356936,-73.96391243158607,road_0001,local,679,34.91090803540446,35,91.05152646983368,0
2024-01-03 08:00:00,40.72351506842384,-73.96679396976803,road_0002,arterial,2500,54.93548817792912,60,100.0,0
2024-01-03 08:00:00,40.7911614698899,-73.9971824244575,road_0003,collector,1301,42.99333741644858,45,95.6338146249447,0
2024-01-03 08:00:00,40.7746287921634,-73.93637254877068,road_0004,collector,1500,39.21315972048395,45,100.0,0
2024-01-03 08:00:00,40.77476408309478,-73.96823070091489,road_0005,collector,1500,41.958923839008406,45,100.0,0
2024-01-03 08:00:00,40.796308181536965,-73.9632723129526,road_0006,arterial,2350,55.453478065558514,60,90.57645235697218,0
2024-01-03 08:00:00,40.70105925421109,-73.79200731226265,road_0007,collector,1500,37.666326897616884,45,100.0,0
2024-01-03 08:00:00,40.74483244518929,-73.97033735860573,road_0008,collector,1500,41.02417353532685,45,100.0,0
2024-01-03 08:00:00,40.74105839625748,-73.99941744380057,road_0009,arterial,2500,48.71852309603891,60,100.0,0
2024-01-03 08:00:00,40.69591159380505,-73.82426598115977,road_0010,arterial,1278,60.0,60,50.62951430465467,0
2024-01-03 08:00:00,40.65692390877457,-73.74942808238488,road_0011,highway,2456,79.09630801494271,80,68.12884384939738,0
2024-01-03 08:00:00,40.79398843427041,-73.9412929963572,road_0012,collector,1391,41.35181115277098,45,92.95560610312334,0
2024-01-03 08:00:00,40.741050449839285,-73.98098885522496,road_0013,arterial,2500,54.35883987990665,60,100.0,0
2024-01-03 08:00:00,40.76936020671709,-73.98141462047757,road_0014,collector,1500,40.672363038294534,45,100.0,0
2024-01-03 08:00:00,40.72484697982401,-74.01459505800035,road_0015,collector,1500,36.09853408588066,45,100.0,0
2024-01-03 08:00:00,40.73100440294086,-73.98775581733632,road_0016,collector,1500,42.7415213711117,45,90.94393403394758,0
2024-01-03 08:00:00,40.75868351619848,-73.94023079983116,road_0017,local,800,28.90568914884717,35,95.41118512975983,0
2024-01-03 08:00:00,40.716165397891224,-73.7396523951108,road_0018,collector,1500,38.29399668162063,45,100.0,0
2024-01-03 08:00:00,40.74909586171322,-73.98772674635582,road_0019,collector,1500,42.85392118864383,45,100.0,0
2024-01-03 09:00:00,40.80447246752146,-73.99401551064027,road_0000,arterial,2055,56.38514025552411,60,79.08183235698883,0
2024-01-03 09:00:00,40.80949107356936,-73.96391243158607,road_0001,local,800,30.482004232452162,35,100.0,0
2024-01-03 09:00:00,40.72351506842384,-73.96679396976803,road_0002,arterial,2500,47.722059834361076,60,94.9994578173766,1
2024-01-03 09:00:00,40.7911614698899,-73.9971824244575,road_0003,collector,1500,38.521504439066184,45,98.30291307985492,0
2024-01-03 09:00:00,40.7746287921634,-73.93637254877068,road_0004,collector,1500,40.29454263048276,45,100.0,0
2024-01-03 09:00:00,40.77476408309478,-73.96823070091489,road_0005,collector,1500,41.10350347328068,45,95.13294414372191,0
2024-01-03 09:00:00,40.796308181536965,-73.9632723129526,road_0006,arterial,2324,59.3056932880713,60,94.88100231521899,0
2024-01-03 09:00:00,40.70105925421109,-73.79200731226265,road_0007,collector,1088,39.35848839900807,45,69.43367013182466,0
2024-01-03 09:00:00,40.74483244518929,-73.97033735860573,road_0008,collector,1500,35.21916812518636,45,94.39269857189137,1
2024-01-03 09:00:00,40.74105839625748,-73.99941744380057,road_0009,arterial,2500,48.70763056326291,60,100.0,0
2024-01-03 09:00:00,40.69591159380505,-73.82426598115977,road_0010,arterial,893,60.0,60,40.200583775458426,0
2024-01-03 09:00:00,40.65692390877457,-73.74942808238488,road_0011,highway,2096,76.71377006909954,80,52.647856414642135,0
2024-01-03 09:00:00,40.79398843427041,-73.9412929963572,road_0012,collector,1379,37.47957781258983,45,96.30769559857738,0
2024-01-03 09:00:00,40.741050449839285,-73.98098885522496,road_0013,arterial,2500,47.51823156426219,60,94.65456697831104,1
2024-01-03 09:00:00,40.76936020671709,-73.98141462047757,road_0014,collector,1500,41.497057443532114,45,97.83621789234343,0
2024-01-03 09:00:00,40.72484697982401,-74.01459505800035,road_0015,collector,1500,39.20004054837298,45,100.0,0
2024-01-03 09:00:00,40.73100440294086,-73.98775581733632,road_0016,collector,1500,41.30644935508592,45,90.19821390982307,0
2024-01-03 09:00:00,40.75868351619848,-73.94023079983116,road_0017,local,800,33.3984970588853,35,99.6646415175087,0
2024-01-03 09:00:00,40.716165397891224,-73.7396523951108,road_0018,collector,1096,45.0,45,73.83456625240582,0
2024-01-03 09:00:00,40.74909586171322,-73.98772674635582,road_0019,collector,1500,37.92192719377159,45,100.0,0
2024-01-03 10:00:00,40.80447246752146,-73.99401551064027,road_0000,arterial,583,60.0,60,18.015088434499425,0
2024-01-03 10:00:00,40.80949107356936,-73.96391243158607,road_0001,local,339,33.492746786242215,35,32.386958776695906,0
2024-01-03 10:00:00,40.72351506842384,-73.96679396976803,road_0002,arterial,1127,55.89920715627276,60,36.443732395309254,0
2024-01-03 10:00:00,40.7911614698899,-73.9971824244575,road_0003,collector,635,43.681367226909266,45,40.6812289799163,0
2024-01-03 10:00:00,40.7746287921634,-73.93637254877068,road_0004,collector,1029,42.07375183421414,45,68.45913943311722,0
2024-01-03 10:00:00,40.77476408309478,-73.96823070091489,road_0005,collector,751,42.77568736334273,45,41.27120556467262,0
2024-01-03 10:00:00,40.796308181536965,-73.9632723129526,road_0006,arterial,833,60.0,60,26.605736865448186,0
2024-01-03 10:00:00,40.70105925421109,-73.79200731226265,road_0007,collector,365,41.11319958000413,45,16.810253867449685,0
2024-01-03 10:00:00,40.74483244518929,-73.97033735860573,road_0008,collector,1190,42.855323455307605,45,85.75833642452741,0
2024-01-03 10:00:00,40.74105839625748,-73.99941744380057,road_0009,arterial,1202,60.0,60,43.01922333983785,0
2024-01-03 10:00:00,40.69591159380505,-73.82426598115977,road_0010,arterial,702,60.0,60,18.344576258105878,0
2024-01-03 10:00:00,40.65692390877457,-73.74942808238488,road_0011,highway,2057,80.0,80,59.609042724129736,0
2024-01-03 10:00:00,40.79398843427041,-73.9412929963572,road_0012,collector,785,42.62117077689535,45,48.0170192475679,0
2024-01-03 10:00:00,40.741050449839285,-73.98098885522496,road_0013,arterial,1403,55.098764977386786,60,57.011106493093514,0
2024-01-03 10:00:00,40.76936020671709,-73.98141462047757,road_0014,collector,1007,43.69869388538985,45,63.33950297542429,0
2024-01-03 10:00:00,40.72484697982401,-74.01459505800035,road_0015,collector,1377,37.867976199665414,45,94.71068712821044,0
2024-01-03 10:00:00,40.73100440294086,-73.98775581733632,road_0016,collector,861,43.513117492700765,45,54.94726353593301,0
2024-01-03 10:00:00,40.75868351619848,-73.94023079983116,road_0017,local,186,35.0,35,32.36298934532979,0
2024-01-03 10:00:00,40.716165397891224,-73.7396523951108,road_0018,collector,373,44.00472179839868,45,18.448565453230298,0
2024-01-03 10:00:00,40.74909586171322,-73.98772674635582,road_0019,collector,1431,36.89416563154542,45,100.0,0
2024-01-03 11:00:00,40.80447246752146,-73.99401551064027,road_0000,arterial,1694,56.329848910701585,60,73.26469077798112,0
2024-01-03 11:00:00,40.80949107356936,-73.96391243158607,road_0001,local,387,35.0,35,41.29542038593925,0
2024-01-03 11:00:00,40.72351506842384,-73.96679396976803,road_0002,arterial,2500,55.390624812691605,60,100.0,0
2024-01-03 11:00:00,40.7911614698899,-73.9971824244575,road_0003,collector,421,45.0,45,24.34072916180979,0
2024-01-03 11:00:00,40.7746287921634,-73.93637254877068,road_0004,collector,554,45.0,45,38.86267484160421,0
2024-01-03 11:00:00,40.77476408309478,-73.96823070091489,road_0005,collector,848,41.993927422252604,45,50.4670972795898,0
2024-01-03 11:00:00,40.796308181536965,-73.9632723129526,road_0006,arterial,1070,60.0,60,44.81890969075438,0
2024-01-03 11:00:00,40.70105925421109,-73.79200731226265,road_0007,collector,587,44.56459469515559,45,33.21508655644854,0
2024-01-03 11:00:00,40.74483244518929,-73.97033735860573,road_0008,collector,1236,45.0,45,74.59726227481565,0
2024-01-03 11:00:00,40.74105839625748,-73.99941744380057,road_0009,arterial,1708,60.0,60,58.826972085278776,0
2024-01-03 11:00:00,40.69591159380505,-73.82426598115977,road_0010,arterial,677,56.84379266717978,60,29.276255230962338,0
2024-01-03 11:00:00,40.65692390877457,-73.74942808238488,road_0011,highway,1182,76.67993509282655,80,22.493265021898903,0
2024-01-03 11:00:00,40.79398843427041,-73.9412929963572,road_0012,collector,542,44.740342851595635,45,26.2542741970129,0
2024-01-03 11:00:00,40.741050449839285,-73.98098885522496,road_0013,arterial,1126,55.59714255855026,60,53.56119119636531,0
2024-01-03 11:00:00,40.76936020671709,-73.98141462047757,road_0014,collector,1398,40.802253502663696,45,98.03132216933659,0
2024-01-03 11:00:00,40.72484697982401,-74.01459505800035,road_0015,collector,1500,36.74706261157879,45,100.0,0
2024-01-03 11:00:00,40.73100440294086,-73.98775581733632,road_0016,collector,905,42.99420411726079,45,56.89009731033401,0
2024-01-03 11:00:00,40.75868351619848,-73.94023079983116,road_0017,local,457,35.0,35,66.16624893278005,0
2024-01-03 11:00:00,40.716165397891224,-73.7396523951108,road_0018,collector,745,42.42631847840907,45,40.65878483365632,0
2024-01-03 11:00:00,40.74909586171322,-73.98772674635582,road_0019,collector,1152,45.0,45,81.67810374604304,0
2024-01-03 12:00:00,40.80447246752146,-73.99401551064027,road_0000,arterial,1198,58.872566479553065,60,57.15101464275133,0
2024-01-03 12:00:00,40.80949107356936,-73.96391243158607,road_0001,local,409,35.0,35,59.31596946024277,0
2024-01-03 12:00:00,40.72351506842384,-73.96679396976803,road_0002,arterial,2500,51.48202780508223,60,96.83698083834517,0
2024-01-03 12:00:00,40.7911614698899,-73.9971824244575,road_0003,collector,1026,45.0,45,74.27870266903703,0
2024-01-03 12:00:00,40.7746287921634,-73.93637254877068,road_0004,collector,1006,45.0,45,73.16861290748936,0
2024-01-03 12:00:00,40.77476408309478,-73.96823070091489,road_0005,collector,918,45.0,45,59.237525424734784,0
2024-01-03 12:00:00,40.796308181536965,-73.9632723129526,road_0006,arterial,1443,60.0,60,54.859648589373286,0
2024-01-03 12:00:00,40.70105925421109,-73.79200731226265,road_0007,collector,518,42.246456515696536,45,35.44725270959385,0
2024-01-03 12:00:00,40.74483244518929,-73.97033735860573,road_0008,collector,1103,40.66105480545847,45,73.18535804656375,0
2024-01-03 12:00:00,40.74105839625748,-73.99941744380057,road_0009,arterial,2500,51.41327003854272,60,100.0,0
2024-01-03 12:00:00,40.69591159380505,-73.82426598115977,road_0010,arterial,1246,60.0,60,50.3409868049077,0
2024-01-03 12:00:00,40.65692390877457,-73.74942808238488,road_0011,highway,1334,75.15622381655712,80,25.818997316207103,0
2024-01-03 12:00:00,40.79398843427041,-73.9412929963572,road_0012,collector,367,42.65825381065825,45,34.01234313020525,0
2024-01-03 12:00:00,40.741050449839285,-73.98098885522496,road_0013,arterial,2500,48.554551305223896,60,100.0,0
2024-01-03 12:00:00,40.76936020671709,-73.98141462047757,road_0014,collector,1500,41.24149530931635,45,100.0,0
2024-01-03 12:00:00,40.72484697982401,-74.01459505800035,road_0015,collector,1500,40.29233131487143,45,96.83282225381204,0
2024-01-03 12:00:00,40.73100440294086,-73.98775581733632,road_0016,collector,871,42.72204969729589,45,50.4542868934306,0
2024-01-03 12:00:00,40.75868351619848,-73.94023079983116,road_0017,local,588,33.353932599594216,35,71.37271040554884,0
2024-01-03 12:00:00,40.716165397891224,-73.7396523951108,road_0018,collector,816,40.757786356982066,45,61.79299369624343,0
2024-01-03 12:00:00,40.74909586171322,-73.98772674635582,road_0019,collector,1500,38.585320688130274,45,93.63635305674677,0
2024-01-03 13:00:00,40.80447246752146,-73.99401551064027,road_0000,arterial,932,60.0,60,37.986955361233136,0
2024-01-03 13:00:00,40.80949107356936,-73.96391243158607,road_0001,local,253,33.70390267252762,35,22.454946510198123,0
2024-01-03 13:00:00,40.72351506842384,-73.96679396976803,road_0002,arterial,2237,54.02929082778474,60,92.81854894917362,0
2024-01-03 13:00:00,40.7911614698899,-73.9971824244575,road_0003,collector,1140,43.09183565168749,45,84.603304057251,0
2024-01-03 13:00:00,40.7746287921634,-73.93637254877068,road_0004,collector,476,41.52855843473019,45,36.25503036301035,0
2024-01-03 13:00:00,40.77476408309478,-73.96823070091489,road_0005,collector,925,44.93062804615268,45,62.954998422261625,0
2024-01-03 13:00:00,40.796308181536965,-73.9632723129526,road_0006,arterial,820,60.0,60,35.143884542339336,0
2024-01-03 13:00:00,40.70105925421109,-73.79200731226265,road_0007,collector,838,45.0,45,61.110907832950204,0
2024-01-03 13:00:00,40.74483244518929,-73.97033735860573,road_0008,collector,855,45.0,45,59.467591319198135,0
2024-01-03 13:00:00,40.74105839625748,-73.99941744380057,road_0009,arterial,1860,57.58512193958101,60,71.08885054236208,0
2024-01-03 13:00:00,40.69591159380505,-73.82426598115977,road_0010,arterial,805,54.93101615116566,60,25.91553909397416,0
2024-01-03 13:00:00,40.65692390877457,-73.74942808238488,road_0011,highway,1586,76.14576681839199,80,38.40433649867083,0
2024-01-03 13:00:00,40.79398843427041,-73.9412929963572,road_0012,collector,733,45.0,45,57.52402046919933,0
2024-01-03 13:00:00,40.741050449839285,-73.98098885522496,road_0013,arterial,1732,52.62214729010367,60,74.02264827913278,0
2024-01-03 13:00:00,40.76936020671709,-73.98141462047757,road_0014,collector,1016,39.3651923668482,45,76.14405103538442,0
2024-01-03 13:00:00,40.72484697982401,-74.01459505800035,road_0015,collector,1279,38.23689388385941,45,84.9670264171475,0
2024-01-03 13:00:00,40.73100440294086,-73.98775581733632,road_0016,collector,1500,37.0691200385805,45,100.0,0
2024-01-03 13:00:00,40.75868351619848,-73.94023079983116,road_0017,local,379,32.00132259605963,35,38.87291684003968,0
2024-01-03 13:00:00,40.716165397891224,-73.7396523951108,road_0018,collector,695,44.73495113849046,45,40.23249876330594,0
2024-01-03 13:00:00,40.74909586171322,-73.98772674635582,road_0019,collector,1371,37.63332563031381,45,92.93615839276512,0
2024-01-03 14:00:00,40.80447246752146,-73.99401551064027,road_0000,arterial,522,55.3998747166598,60,27.56328216416883,0
2024-01-03 14:00:00,40.80949107356936,-73.96391243158607,road_0001,local,201,33.316943617821,35,32.00486943884049,0
2024-01-03 14:00:00,40.72351506842384,-73.96679396976803,road_0002,arterial,1250,60.0,60,48.98157028269752,0
2024-01-03 14:00:00,40.7911614698899,-73.9971824244575,road_0003,collector,655,41.234730627609245,45,39.977330279929376,0
2024-01-03 14:00:00,40.7746287921634,-73.93637254877068,road_0004,collector,487,45.0,45,37.798585560907696,0
2024-01-03 14:00:00,40.77476408309478,-73.96823070091489,road_0005,collector,1500,40.70242719582168,45,100.0,0
2024-01-03 14:00:00,40.796308181536965,-73.9632723129526,road_0006,arterial,931,59.612233069031724,60,36.35299098879755,0
2024-01-03 14:00:00,40.70105925421109,-73.79200731226265,road_0007,collector,594,45.0,45,35.9607922338904,0
2024-01-03 14:00:00,40.74483244518929,-73.97033735860573,road_0008,collector,587,45.0,45,47.38934934149057,0
2024-01-03 14:00:00,40.74105839625748,-73.99941744380057,road_0009,arterial,1547,60.0,60,58.745509781288966,0
2024-01-03 14:00:00,40.69591159380505,-73.82426598115977,road_0010,arterial,932,54.0357795061583,60,29.27159427080058,0
2024-01-03 14:00:00,40.65692390877457,-73.74942808238488,road_0011,highway,1903,72.71666177961612,80,49.63926124199009,0
2024-01-03 14:00:00,40.79398843427041,-73.9412929963572,road_0012,collector,903,40.83065365468688,45,61.71330505994839,0
2024-01-03 14:00:00,40.741050449839285,-73.98098885522496,road_0013,arterial,1961,60.0,60,76.56833073148037,0
2024-01-03 14:00:00,40.76936020671709,-73.98141462047757,road_0014,collector,1303,38.401736000049674,45,89.33677289161342,0
2024-01-03 14:00:00,40.72484697982401,-74.01459505800035,road_0015,collector,721,45.0,45,56.24319662100392,0
2024-01-03 14:00:00,40.73100440294086,-73.98775581733632,road_0016,collector,1057,45.0,45,64.14756210767094,0
2024-01-03 14:00:00,40.75868351619848,-73.94023079983116,road_0017,local,306,31.680615961935825,35,40.5824395633055,0
2024-01-03 14:00:00,40.716165397891224,-73.7396523951108,road_0018,collector,438,45.0,45,22.159166682188115,0
2024-01-03 14:00:00,40.74909586171322,-73.98772674635582,road_0019,collector,744,45.0,45,43.67069747773793,0
2024-01-03 15:00:00,40.80447246752146,-73.99401551064027,road_0000,arterial,1183,54.00699413716841,60,37.740183139727215,0
2024-01-03 15:00:00,40.80949107356936,-73.96391243158607,road_0001,local,424,31.731382170983654,35,60.70477757415131,0
2024-01-03 15:00:00,40.72351506842384,-73.96679396976803,road_0002,arterial,2238,58.335228148407566,60,87.27945508795773,0
2024-01-03 15:00:00,40.7911614698899,-73.9971824244575,road_0003,collector,581,45.0,45,43.76179968395939,0
2024-01-03 15:00:00,40.7746287921634,-73.93637254877068,road_0004,collector,814,42.428178323154526,45,63.030290117161115,0
2024-01-03 15:00:00,40.77476408309478,-73.96823070091489,road_0005,collector,1019,45.0,45,73.23965932384107,0
2024-01-03 15:00:00,40.796308181536965,-73.9632723129526,road_0006,arterial,1013,54.54497619391306,60,45.29092106793927,0
2024-01-03 15:00:00,40.70105925421109,-73.79200731226265,road_0007,collector,486,45.0,45,28.48980848708061,0
2024-01-03 15:00:00,40.74483244518929,-73.97033735860573,road_0008,collector,1367,39.77901557270253,45,100.0,0
2024-01-03 15:00:00,40.74105839625748,-73.99941744380057,road_0009,arterial,2303,50.692095044083146,60,99.5106734362996,0
2024-01-03 15:00:00,40.69591159380505,-73.82426598115977,road_0010,arterial,1236,60.0,60,45.96441013961863,0
2024-01-03 15:00:00,40.65692390877457,-73.74942808238488,road_0011,highway,1492,80.0,80,36.19147002138857,0
2024-01-03 15:00:00,40.79398843427041,-73.9412929963572,road_0012,collector,460,44.709464011106746,45,26.66525461612799,0
2024-01-03 15:00:00,40.741050449839285,-73.98098885522496,road_0013,arterial,1220,54.227395919030876,60,46.79966036587137,0
2024-01-03 15:00:00,40.76936020671709,-73.98141462047757,road_0014,collector,1382,41.40507685025351,45,85.1681915923944,0
2024-01-03 15:00:00,40.72484697982401,-74.01459505800035,road_0015,collector,1239,41.31197209268687,45,86.6219517472854,0
2024-01-03 15:00:00,40.73100440294086,-73.98775581733632,road_0016,collector,898,45.0,45,63.70106894936045,0
2024-01-03 15:00:00,40.75868351619848,-73.94023079983116,road_0017,local,217,34.41720824998942,35,36.705636815833344,0
2024-01-03 15:00:00,40.716165397891224,-73.7396523951108,road_0018,collector,692,45.0,45,50.47857085064846,0
2024-01-03 15:00:00,40.74909586171322,-73.98772674635582,road_0019,collector,1500,38.93563068207524,45,99.13776143474534,0
2024-01-03 16:00:00,40.80447246752146,-73.99401551064027,road_0000,arterial,1608,53.62204197424017,60,68.263325085807,0
2024-01-03 16:00:00,40.80949107356936,-73.96391243158607,road_0001,local,638,33.32594907990014,35,71.12507812844974,0
2024-01-03 16:00:00,40.72351506842384,-73.96679396976803,road_0002,arterial,2414,56.544169799503955,60,90.63989207218775,0
2024-01-03 16:00:00,40.7911614698899,-73.9971824244575,road_0003,collector,784,44.61412078253927,45,61.703572693176355,0
2024-01-03 16:00:00,40.7746287921634,-73.93637254877068,road_0004,collector,725,42.89300075296605,45,55.490489003683116,0
2024-01-03 16:00:00,40.77476408309478,-73.96823070091489,road_0005,collector,835,45.0,45,51.62385463447089,0
2024-01-03 16:00:00,40.796308181536965,-73.9632723129526,road_0006,arterial,1312,57.34033443880942,60,45.803699992194986,0
2024-01-03 16:00:00,40.70105925421109,-73.79200731226265,road_0007,collector,952,43.80107033451016,45,73.22914818575937,0
2024-01-03 16:00:00,40.74483244518929,-73.97033735860573,road_0008,collector,1115,44.83384030749498,45,73.54044079602987,0
2024-01-03 16:00:00,40.74105839625748,-73.99941744380057,road_0009,arterial,2500,54.474331215263554,60,91.93389119575134,0
2024-01-03 16:00:00,40.69591159380505,-73.82426598115977,road_0010,arterial,847,54.155130802749525,60,24.667237596394585,0
2024-01-03 16:00:00,40.65692390877457,-73.74942808238488,road_0011,highway,2065,80.0,80,50.97941231942302,0
2024-01-03 16:00:00,40.79398843427041,-73.9412929963572,road_0012,collector,687,40.32844561951132,45,51.47003005175818,0
2024-01-03 16:00:00,40.741050449839285,-73.98098885522496,road_0013,arterial,2500,52.5447910236292,60,98.65679842114345,0
2024-01-03 16:00:00,40.76936020671709,-73.98141462047757,road_0014,collector,1273,45.0,45,92.61515737407387,0
2024-01-03 16:00:00,40.72484697982401,-74.01459505800035,road_0015,collector,1211,45.0,45,89.27148457625061,0
2024-01-03 16:00:00,40.73100440294086,-73.98775581733632,road_0016,collector,1346,44.775281738169845,45,85.30721965190385,0
2024-01-03 16:00:00,40.75868351619848,-73.94023079983116,road_0017,local,337,33.295790077524636,35,37.77600535037278,0
2024-01-03 16:00:00,40.716165397891224,-73.7396523951108,road_0018,collector,795,45.0,45,44.09932613679644,0
2024-01-03 16:00:00,40.74909586171322,-73.98772674635582,road_0019,collector,873,44.33119718997183,45,56.99125883545797,0
2024-01-03 17:00:00,40.80447246752146,-73.99401551064027,road_0000,arterial,2327,51.80561564518134,60,84.81934040511865,0
2024-01-03 17:00:00,40.80949107356936,-73.96391243158607,road_0001,local,800,30.866067438218554,35,96.6975658027397,0
2024-01-03 17:00:00,40.72351506842384,-73.96679396976803,road_0002,arterial,2500,56.852551855188736,60,100.0,0
2024-01-03 17:00:00,40.7911614698899,-73.9971824244575,road_0003,collector,1048,43.77334152781247,45,79.08159272209377,0
2024-01-03 17:00:00,40.7746287921634,-73.93637254877068,road_0004,collector,973,45.0,45,63.86554015204385,0
2024-01-03 17:00:00,40.77476408309478,-73.96823070091489,road_0005,collector,1500,39.42954862331851,45,95.75022398767518,0
2024-01-03 17:00:00,40.796308181536965,-73.9632723129526,road_0006,arterial,2500,57.15606848539663,60,93.3832378768484,0
2024-01-03 17:00:00,40.70105925421109,-73.79200731226265,road_0007,collector,1500,36.995956071336494,45,100.0,0
2024-01-03 17:00:00,40.74483244518929,-73.97033735860573,road_0008,collector,1500,42.96744916109955,45,100.0,0
2024-01-03 17:00:00,40.74105839625748,-73.99941744380057,road_0009,arterial,2500,48.73526099041714,60,100.0,0
2024-01-03 17:00:00,40.69591159380505,-73.82426598115977,road_0010,arterial,1802,60.0,60,70.71614190215554,0
2024-01-03 17:00:00,40.65692390877457,-73.74942808238488,road_0011,highway,3780,69.19564752206146,80,96.02977806279732,0
2024-01-03 17:00:00,40.79398843427041,-73.9412929963572,road_0012,collector,1500,39.16567505782046,45,94.48765959599591,0
2024-01-03 17:00:00,40.741050449839285,-73.98098885522496,road_0013,arterial,2500,52.28967465884243,60,100.0,0
2024-01-03 17:00:00,40.76936020671709,-73.98141462047757,road_0014,collector,1500,41.974681913134326,45,100.0,0
2024-01-03 17:00:00,40.72484697982401,-74.01459505800035,road_0015,collector,1500,39.78082766566878,45,100.0,0
2024-01-03 17:00:00,40.73100440294086,-73.98775581733632,road_0016,collector,1500,38.80095883142926,45,91.84899034074134,0
2024-01-03 17:00:00,40.75868351619848,-73.94023079983116,road_0017,local,800,33.27577355890936,35,94.87990604704945,0
2024-01-03 17:00:00,40.716165397891224,-73.7396523951108,road_0018,collector,1500,42.22608840683911,45,96.9610391095464,0
2024-01-03 17:00:00,40.74909586171322,-73.98772674635582,road_0019,collector,1500,39.3346487993599,45,96.41994091281796,0
2024-01-03 18:00:00,40.80447246752146,-73.99401551064027,road_0000,arterial,2500,47.49555503076148,60,100.0,1
2024-01-03 18:00:00,40.80949107356936,-73.96391243158607,road_0001,local,535,32.7275490975182,35,63.944463841214414,0
2024-01-03 18:00:00,40.72351506842384,-73.96679396976803,road_0002,arterial,2500,50.18576920788106,60,93.84515836936184,0
2024-01-03 18:00:00,40.7911614698899,-73.9971824244575,road_0003,collector,1500,39.72948253005241,45,98.89425553716671,0
2024-01-03 18:00:00,40.7746287921634,-73.93637254877068,road_0004,collector,1500,40.82074977554394,45,100.0,0
2024-01-03 18:00:00,40.77476408309478,-73.96823070091489,road_0005,collector,1500,35.719002086370075,45,100.0,1
2024-01-03 18:00:00,40.796308181536965,-73.9632723129526,road_0006,arterial,2500,55.738664426533305,60,94.21939781239901,0
2024-01-03 18:00:00,40.70105925421109,-73.79200731226265,road_0007,collector,774,42.01154744325979,45,50.806581012855304,0
2024-01-03 18:00:00,40.74483244518929,-73.97033735860573,road_0008,collector,1500,36.77551372123769,45,91.45331175162313,0
2024-01-03 18:00:00,40.74105839625748,-73.99941744380057,road_0009,arterial,2500,48.26758426865024,60,100.0,0
2024-01-03 18:00:00,40.69591159380505,-73.82426598115977,road_0010,arterial,1434,57.99206705972926,60,51.630857089806824,0
2024-01-03 18:00:00,40.65692390877457,-73.74942808238488,road_0011,highway,3331,72.9895329426317,80,80.60857759405964,0
2024-01-03 18:00:00,40.79398843427041,-73.9412929963572,road_0012,collector,1500,37.10863503249798,45,100.0,0
2024-01-03 18:00:00,40.741050449839285,-73.98098885522496,road_0013,arterial,2500,52.23574747978847,60,95.33589098867662,0
2024-01-03 18:00:00,40.76936020671709,-73.98141462047757,road_0014,collector,1500,38.032243522615325,45,100.0,0
2024-01-03 18:00:00,40.72484697982401,-74.01459505800035,road_0015,collector,1500,40.70790207863173,45,91.21811086470365,0
2024-01-03 18:00:00,40.73100440294086,-73.98775581733632,road_0016,collector,1500,40.643824214495375,45,96.58758538604151,0
2024-01-03 18:00:00,40.75868351619848,-73.94023079983116,road_0017,local,800,29.180362890030036,35,100.0,0
2024-01-03 18:00:00,40.716165397891224,-73.7396523951108,road_0018,collector,1232,45.0,45,85.99173791782911,0
2024-01-03 18:00:00,40.74909586171322,-73.98772674635582,road_0019,collector,1500,42.379031382965465,45,100.0,0
2024-01-03 19:00:00,40.80447246752146,-73.99401551064027,road_0000,arterial,1685,55.57564616446982,60,68.76537232537537,0
2024-01-03 19:00:00,40.80949107356936,-73.96391243158607,road_0001,local,649,35.0,35,82.71126805576921,0
2024-01-03 19:00:00,40.72351506842384,-73.96679396976803,road_0002,arterial,2500,47.49042267595279,60,100.0,1
2024-01-03 19:00:00,40.7911614698899,-73.9971824244575,road_0003,collector,1008,40.885225374993134,45,63.404705674894096,0
2024-01-03 19:00:00,40.7746287921634,-73.93637254877068,road_0004,collector,1246,41.69794839279561,45,78.22881953013496,0
2024-01-03 19:00:00,40.77476408309478,-73.96823070091489,road_0005,collector,1500,40.75529154057811,45,100.0,0
2024-01-03 19:00:00,40.796308181536965,-73.9632723129526,road_0006,arterial,1587,60.0,60,69.63914656218039,0
2024-01-03 19:00:00,40.70105925421109,-73.79200731226265,road_0007,collector,611,45.0,45,47.41982924832131,0
2024-01-03 19:00:00,40.74483244518929,-73.97033735860573,road_0008,collector,1500,35.486427587100465,45,100.0,1
2024-01-03 19:00:00,40.74105839625748,-73.99941744380057,road_0009,arterial,2500,50.01031406261644,60,98.70029188680446,0
2024-01-03 19:00:00,40.69591159380505,-73.82426598115977,road_0010,arterial,1319,60.0,60,56.59286803946636,0
2024-01-03 19:00:00,40.65692390877457,-73.74942808238488,road_0011,highway,1387,80.0,80,27.58530965574718,0
2024-01-03 19:00:00,40.79398843427041,-73.9412929963572,road_0012,collector,1352,42.171087589665,45,82.2675697153804,0
2024-01-03 19:00:00,40.741050449839285,-73.98098885522496,road_0013,arterial,2500,47.742038782452255,60,100.0,1
2024-01-03 19:00:00,40.76936020671709,-73.98141462047757,road_0014,collector,1300,38.46577949166846,45,81.81625099651606,0
2024-01-03 19:00:00,40.72484697982401,-74.01459505800035,road_0015,collector,1500,39.99424742437847,45,100.0,0
2024-01-03 19:00:00,40.73100440294086,-73.98775581733632,road_0016,collector,1500,40.97676839770918,45,92.25006261053264,0
2024-01-03 19:00:00,40.75868351619848,-73.94023079983116,road_0017,local,598,35.0,35,71.56923947285978,0
2024-01-03 19:00:00,40.716165397891224,-73.7396523951108,road_0018,collector,637,40.5241038739827,45,51.08011177791464,0
2024-01-03 19:00:00,40.74909586171322,-73.98772674635582,road_0019,collector,1500,42.843438083257645,45,100.0,0
2024-01-03 20:00:00,40.80447246752146,-73.99401551064027,road_0000,arterial,1138,60.0,60,51.95678645505805,0
2024-01-03 20:00:00,40.80949107356936,-73.96391243158607,road_0001,local,297,35.0,35,40.12874332891307,0
2024-01-03 20:00:00,40.72351506842384,-73.96679396976803,road_0002,arterial,1935,55.3669102598444,60,68.19895946572188,0
2024-01-03 20:00:00,40.7911614698899,-73.9971824244575,road_0003,collector,809,40.48212621024088,45,53.12020644521246,0
2024-01-03 20:00:00,40.7746287921634,-73.93637254877068,road_0004,collector,532,45.0,45,44.03777732454939,0
2024-01-03 20:00:00,40.77476408309478,-73.96823070091489,road_0005,collector,725,45.0,45,39.654439489776536,0
2024-01-03 20:00:00,40.796308181536965,-73.9632723129526,road_0006,arterial,832,60.0,60,30.385679484738453,0
2024-01-03 20:00:00,40.70105925421109,-73.79200731226265,road_0007,collector,575,43.20109229264943,45,33.69619792557175,0
2024-01-03 20:00:00,40.74483244518929,-73.97033735860573,road_0008,collector,606,45.0,45,31.195942546713056,0
2024-01-03 20:00:00,40.74105839625748,-73.99941744380057,road_0009,arterial,2230,54.35041076144949,60,88.18075520739924,0
2024-01-03 20:00:00,40.69591159380505,-73.82426598115977,road_0010,arterial,506,56.92153185360662,60,26.66518840745691,0
2024-01-03 20:00:00,40.65692390877457,-73.74942808238488,road_0011,highway,1298,75.76486593802007,80,39.99240935324576,0
2024-01-03 20:00:00,40.79398843427041,-73.9412929963572,road_0012,collector,529,45.0,45,27.304241949457797,0
2024-01-03 20:00:00,40.741050449839285,-73.98098885522496,road_0013,arterial,2058,59.99229036401762,60,73.29532637626282,0
2024-01-03 20:00:00,40.76936020671709,-73.98141462047757,road_0014,collector,765,40.90706243497378,45,51.92952722050753,0
2024-01-03 20:00:00,40.72484697982401,-74.01459505800035,road_0015,collector,1103,40.4213731025584,45,67.26513527079668,0
2024-01-03 20:00:00,40.73100440294086,-73.98775581733632,road_0016,collector,508,45.0,45,35.622635654100364,0
2024-01-03 20:00:00,40.75868351619848,-73.94023079983116,road_0017,local,141,35.0,35,19.080405533738915,0
2024-01-03 20:00:00,40.716165397891224,-73.7396523951108,road_0018,collector,365,42.94533133787366,45,26.260263283268856,0
2024-01-03 20:00:00,40.74909586171322,-73.98772674635582,road_0019,collector,647,45.0,45,45.6463315921624,0
2024-01-03 21:00:00,40.80447246752146,-73.99401551064027,road_0000,arterial,1076,57.93158076861921,60,37.15763976356642,0
2024-01-03 21:00:00,40.80949107356936,-73.96391243158607,road_0001,local,148,35.0,35,22.023914927130782,0
2024-01-03 21:00:00,40.72351506842384,-73.96679396976803,road_0002,arterial,1848,52.898700321022496,60,67.60202646721915,0
2024-01-03 21:00:00,40.7911614698899,-73.9971824244575,road_0003,collector,655,45.0,45,46.032367086941065,0
2024-01-03 21:00:00,40.7746287921634,-73.93637254877068,road_0004,collector,664,45.0,45,35.390944775864234,0
2024-01-03 21:00:00,40.77476408309478,-73.96823070091489,road_0005,collector,895,42.51910296277955,45,62.47561214653173,0
2024-01-03 21:00:00,40.796308181536965,-73.9632723129526,road_0006,arterial,950,55.823443357511124,60,39.5958568766591,0
2024-01-03 21:00:00,40.70105925421109,-73.79200731226265,road_0007,collector,411,44.911366496582424,45,22.107665237967154,0
2024-01-03 21:00:00,40.74483244518929,-73.97033735860573,road_0008,collector,904,45.0,45,53.151467089028735,0
2024-01-03 21:00:00,40.74105839625748,-73.99941744380057,road_0009,arterial,1442,60.0,60,50.61229114319684,0
2024-01-03 21:00:00,40.69591159380505,-73.82426598115977,road_0010,arterial,431,60.0,60,20.908588303145407,0
2024-01-03 21:00:00,40.65692390877457,-73.74942808238488,road_0011,highway,1201,78.39198267772349,80,28.9844331276438,0
2024-01-03 21:00:00,40.79398843427041,-73.9412929963572,road_0012,collector,653,43.45681478320766,45,39.42967810026867,0
2024-01-03 21:00:00,40.741050449839285,-73.98098885522496,road_0013,arterial,1180,56.76561209832215,60,55.50579880758548,0
2024-01-03 21:00:00,40.76936020671709,-73.98141462047757,road_0014,collector,849,45.0,45,59.73125404799304,0
2024-01-03 21:00:00,40.72484697982401,-74.01459505800035,road_0015,collector,616,45.0,45,40.124333874976905,0
2024-01-03 21:00:00,40.73100440294086,-73.98775581733632,road_0016,collector,793,42.732910967312705,45,46.632717165008785,0
2024-01-03 21:00:00,40.75868351619848,-73.94023079983116,road_0017,local,142,34.455474504276026,35,9.843208806929622,0
2024-01-03 21:00:00,40.716165397891224,-73.7396523951108,road_0018,collector,430,45.0,45,21.273075330113386,0
2024-01-03 21:00:00,40.74909586171322,-73.98772674635582,road_0019,collector,541,45.0,45,29.40363823077822,0
2024-01-03 22:00:00,40.80447246752146,-73.99401551064027,road_0000,arterial,669,60.0,60,29.87641534654786,0
2024-01-03 22:00:00,40.80949107356936,-73.96391243158607,road_0001,local,219,33.33462917273077,35,29.94968030119986,0
2024-01-03 22:00:00,40.72351506842384,-73.96679396976803,road_0002,arterial,470,60.0,60,26.619477693814076,0
2024-01-03 22:00:00,40.7911614698899,-73.9971824244575,road_0003,collector,514,45.0,45,27.53899074943219,0
2024-01-03 22:00:00,40.7746287921634,-73.93637254877068,road_0004,collector,455,45.0,45,40.04534801238934,0
2024-01-03 22:00:00,40.77476408309478,-73.96823070091489,road_0005,collector,424,45.0,45,20.407249350887433,0
2024-01-03 22:00:00,40.796308181536965,-73.9632723129526,road_0006,arterial,719,59.10106121269097,60,31.37270589966161,0
2024-01-03 22:00:00,40.70105925421109,-73.79200731226265,road_0007,collector,230,45.0,45,20.575925742339827,0
2024-01-03 22:00:00,40.74483244518929,-73.97033735860573,road_0008,collector,603,45.0,45,47.69487299313133,0
2024-01-03 22:00:00,40.74105839625748,-73.99941744380057,road_0009,arterial,528,60.0,60,16.47994533768756,0
2024-01-03 22:00:00,40.69591159380505,-73.82426598115977,road_0010,arterial,536,60.0,60,16.58304702218192,0
2024-01-03 22:00:00,40.65692390877457,-73.74942808238488,road_0011,highway,381,74.33662723599024,80,12.060066970846625,0
2024-01-03 22:00:00,40.79398843427041,-73.9412929963572,road_0012,collector,381,44.119228569072455,45,28.445622256368924,0
2024-01-03 22:00:00,40.741050449839285,-73.98098885522496,road_0013,arterial,756,60.0,60,20.578255998432148,0
2024-01-03 22:00:00,40.76936020671709,-73.98141462047757,road_0014,collector,441,42.35541456973989,45,39.387006009444,0
2024-01-03 22:00:00,40.72484697982401,-74.01459505800035,road_0015,collector,414,45.0,45,36.908972692012426,0
2024-01-03 22:00:00,40.73100440294086,-73.98775581733632,road_0016,collector,554,45.0,45,29.64825039533136,0
2024-01-03 22:00:00,40.75868351619848,-73.94023079983116,road_0017,local,216,32.175435963751355,35,22.988462496062134,0
2024-01-03 22:00:00,40.716165397891224,-73.7396523951108,road_0018,collector,235,41.29184138924893,45,13.232978809971858,0
2024-01-03 22:00:00,40.74909586171322,-73.98772674635582,road_0019,collector,606,44.06935094334601,45,42.993671905184065,0
2024-01-03 23:00:00,40.80447246752146,-73.99401551064027,road_0000,arterial,343,57.374678134122256,60,20.136980185262573,0
2024-01-03 23:00:00,40.80949107356936,-73.96391243158607,road_0001,local,66,35.0,35,0.6575629901106765,0
2024-01-03 23:00:00,40.72351506842384,-73.96679396976803,road_0002,arterial,858,59.227384896060414,60,41.178909649123945,0
2024-01-03 23:00:00,40.7911614698899,-73.9971824244575,road_0003,collector,321,43.7371852040973,45,14.879274118066771,0
2024-01-03 23:00:00,40.7746287921634,-73.93637254877068,road_0004,collector,230,45.0,45,12.564137088592464,0
2024-01-03 23:00:00,40.77476408309478,-73.96823070091489,road_0005,collector,533,44.28271207358678,45,41.854468475619804,0
2024-01-03 23:00:00,40.796308181536965,-73.9632723129526,road_0006,arterial,543,58.9116439195281,60,29.451908830047966,0
2024-01-03 23:00:00,40.70105925421109,-73.79200731226265,road_0007,collector,228,41.79546186305612,45,13.547658836009465,0
2024-01-03 23:00:00,40.74483244518929,-73.97033735860573,road_0008,collector,188,42.626696456125075,45,20.004018618237623,0
2024-01-03 23:00:00,40.74105839625748,-73.99941744380057,road_0009,arterial,499,60.0,60,16.360322261747836,0
2024-01-03 23:00:00,40.69591159380505,-73.82426598115977,road_0010,arterial,270,60.0,60,17.831628000344747,0
2024-01-03 23:00:00,40.65692390877457,-73.74942808238488,road_0011,highway,533,72.13449287343835,80,6.202523107795605,0
2024-01-03 23:00:00,40.79398843427041,-73.9412929963572,road_0012,collector,144,45.0,45,8.707898104958815,0
2024-01-03 23:00:00,40.741050449839285,-73.98098885522496,road_0013,arterial,331,59.309590614880726,60,17.601363224017213,0
2024-01-03 23:00:00,40.76936020671709,-73.98141462047757,road_0014,collector,401,45.0,45,32.99617342296784,0
2024-01-03 23:00:00,40.72484697982401,-74.01459505800035,road_0015,collector,244,45.0,45,18.827275958057406,0
2024-01-03 23:00:00,40.73100440294086,-73.98775581733632,road_0016,collector,309,45.0,45,27.940232138212007,0
2024-01-03 23:00:00,40.75868351619848,-73.94023079983116,road_0017,local,125,35.0,35,9.710129358727928,0
2024-01-03 23:00:00,40.716165397891224,-73.7396523951108,road_0018,collector,206,44.870576275965675,45,13.33700363857109,0
2024-01-03 23:00:00,40.74909586171322,-73.98772674635582,road_0019,collector,550,44.43968148436343,45,42.68302866386167,0
2024-01-04 00:00:00,40.80447246752146,-73.99401551064027,road_0000,arterial,341,56.30486583015854,60,13.487340974024978,0
2024-01-04 00:00:00,40.80949107356936,-73.96391243158607,road_0001,local,76,33.84743416027438,35,17.796842997033092,0
2024-01-04 00:00:00,40.72351506842384,-73.96679396976803,road_0002,arterial,589,60.0,60,26.190887573523206,0
2024-01-04 00:00:00,40.7911614698899,-73.9971824244575,road_0003,collector,103,45.0,45,0.0,0
2024-01-04 00:00:00,40.7746287921634,-73.93637254877068,road_0004,collector,174,41.97995436749839,45,6.009409619987398,0
2024-01-04 00:00:00,40.77476408309478,-73.96823070091489,road_0005,collector,265,44.26384478931596,45,21.875102966914902,0
2024-01-04 00:00:00,40.796308181536965,-73.9632723129526,road_0006,arterial,232,60.0,60,18.971517927522264,0
2024-01-04 00:00:00,40.70105925421109,-73.79200731226265,road_0007,collector,109,45.0,45,0.0,0
2024-01-04 00:00:00,40.74483244518929,-73.97033735860573,road_0008,collector,184,45.0,45,7.175755917445274,0
2024-01-04 00:00:00,40.74105839625748,-73.99941744380057,road_0009,arterial,552,60.0,60,24.36998920510385,0
2024-01-04 00:00:00,40.69591159380505,-73.82426598115977,road_0010,arterial,126,60.0,60,0.005749592616919763,0
2024-01-04 00:00:00,40.65692390877457,-73.74942808238488,road_0011,highway,346,75.39266668144454,80,12.34450327762009,0
2024-01-04 00:00:00,40.79398843427041,-73.9412929963572,road_0012,collector,114,42.608712362950605,45,5.822545565187584,0
2024-01-04 00:00:00,40.741050449839285,-73.98098885522496,road_0013,arterial,267,58.0977108474126,60,19.99219662761768,0
2024-01-04 00:00:00,40.76936020671709,-73.98141462047757,road_0014,collector,169,45.0,45,14.871680433274147,0
2024-01-04 00:00:00,40.72484697982401,-74.01459505800035,road_0015,collector,145,45.0,45,15.468331666095422,0
2024-01-04 00:00:00,40.73100440294086,-73.98775581733632,road_0016,collector,152,43.81783337013239,45,6.311687790208654,0
2024-01-04 00:00:00,40.75868351619848,-73.94023079983116,road_0017,local,123,35.0,35,13.382132536796613,0
2024-01-04 00:00:00,40.716165397891224,-73.7396523951108,road_0018,collector,133,45.0,45,8.544211957951848,0
2024-01-04 00:00:00,40.74909586171322,-73.98772674635582,road_0019,collector,339,45.0,45,31.329866626204517,0
2024-01-04 01:00:00,40.80447246752146,-73.99401551064027,road_0000,arterial,229,60.0,60,15.262384175093299,0
2024-01-04 01:00:00,40.80949107356936,-73.96391243158607,road_0001,local,63,32.54917699956743,35,0.0,0
2024-01-04 01:00:00,40.72351506842384,-73.96679396976803,road_0002,arterial,329,54.20119104680911,60,16.063001666018067,0
2024-01-04 01:00:00,40.7911614698899,-73.9971824244575,road_0003,collector,143,40.62562730729432,45,2.3945723878013805,0
2024-01-04 01:00:00,40.7746287921634,-73.93637254877068,road_0004,collector,153,45.0,45,13.518943321609283,0
2024-01-04 01:00:00,40.77476408309478,-73.96823070091489,road_0005,collector,105,44.99054946452324,45,6.191259550110439,0
2024-01-04 01:00:00,40.796308181536965,-73.9632723129526,road_0006,arterial,135,60.0,60,5.464408297172689,0
2024-01-04 01:00:00,40.70105925421109,-73.79200731226265,road_0007,collector,83,42.051418127399835,45,8.498472414889774,0
2024-01-04 01:00:00,40.74483244518929,-73.97033735860573,road_0008,collector,259,45.0,45,10.41074433780575,0
2024-01-04 01:00:00,40.74105839625748,-73.99941744380057,road_0009,arterial,260,57.03738599903997,60,12.936658088301344,0
2024-01-04 01:00:00,40.69591159380505,-73.82426598115977,road_0010,arterial,237,60.0,60,19.058947117093236,0
2024-01-04 01:00:00,40.65692390877457,-73.74942808238488,road_0011,highway,278,80.0,80,0.0,0
2024-01-04 01:00:00,40.79398843427041,-73.9412929963572,road_0012,collector,107,45.0,45,5.493015043471605,0
2024-01-04 01:00:00,40.741050449839285,-73.98098885522496,road_0013,arterial,343,57.1493082072684,60,5.534417654956616,0
2024-01-04 01:00:00,40.76936020671709,-73.98141462047757,road_0014,collector,211,41.40805870338696,45,18.466602719215594,0
2024-01-04 01:00:00,40.72484697982401,-74.01459505800035,road_0015,collector,194,42.60142608156371,45,18.711612592650674,0
2024-01-04 01:00:00,40.73100440294086,-73.98775581733632,road_0016,collector,187,45.0,45,16.73987232890974,0
2024-01-04 01:00:00,40.75868351619848,-73.94023079983116,road_0017,local,50,32.389699301930754,35,8.121505088285959,0
2024-01-04 01:00:00,40.716165397891224,-73.7396523951108,road_0018,collector,79,45.0,45,9.273624443998056,0
2024-01-04 01:00:00,40.74909586171322,-73.98772674635582,road_0019,collector,143,45.0,45,15.825834453851678,0
2024-01-04 02:00:00,40.80447246752146,-73.99401551064027,road_0000,arterial,164,58.73012279254404,60,7.273779409120596,0
2024-01-04 02:00:00,40.80949107356936,-73.96391243158607,road_0001,local,57,34.93205238822966,35,6.56305021129046,0
2024-01-04 02:00:00,40.72351506842384,-73.96679396976803,road_0002,arterial,307,57.99762000593096,60,10.350399848804225,0
2024-01-04 02:00:00,40.7911614698899,-73.9971824244575,road_0003,collector,84,45.0,45,0.36674421255993916,0
2024-01-04 02:00:00,40.7746287921634,-73.93637254877068,road_0004,collector,76,42.6495642841578,45,0.0,0
2024-01-04 02:00:00,40.77476408309478,-73.96823070091489,road_0005,collector,160,44.6451882013234,45,4.043852454007374,0
2024-01-04 02:00:00,40.796308181536965,-73.9632723129526,road_0006,arterial,92,60.0,60,0.1429043455883452,0
2024-01-04 02:00:00,40.70105925421109,-73.79200731226265,road_0007,collector,65,45.0,45,3.2793884583853465,0
2024-01-04 02:00:00,40.74483244518929,-73.97033735860573,road_0008,collector,99,44.61975451712785,45,1.469340881335203,0
2024-01-04 02:00:00,40.74105839625748,-73.99941744380057,road_0009,arterial,224,54.253273375662054,60,13.145922542815361,0
2024-01-04 02:00:00,40.69591159380505,-73.82426598115977,road_0010,arterial,113,60.0,60,1.2946591154886278,0
2024-01-04 02:00:00,40.65692390877457,-73.74942808238488,road_0011,highway,141,80.0,80,0.0,0
2024-01-04 02:00:00,40.79398843427041,-73.9412929963572,road_0012,collector,68,45.0,45,1.5839181593436802,0
2024-01-04 02:00:00,40.741050449839285,-73.98098885522496,road_0013,arterial,200,56.141892535483436,60,0.5327425103674877,0
2024-01-04 02:00:00,40.76936020671709,-73.98141462047757,road_0014,collector,102,45.0,45,0.7196036940352393,0
2024-01-04 02:00:00,40.72484697982401,-74.01459505800035,road_0015,collector,168,45.0,45,19.665720420278717,0
2024-01-04 02:00:00,40.73100440294086,-73.98775581733632,road_0016,collector,105,45.0,45,10.178036131497144,0
2024-01-04 02:00:00,40.75868351619848,-73.94023079983116,road_0017,local,36,32.295502406115354,35,0.0,0
2024-01-04 02:00:00,40.716165397891224,-73.7396523951108,road_0018,collector,43,45.0,45,8.912140609616223,0
2024-01-04 02:00:00,40.74909586171322,-73.98772674635582,road_0019,collector,137,43.06162318150406,45,2.1586190225868513,0
2024-01-04 03:00:00,40.80447246752146,-73.99401551064027,road_0000,arterial,134,54.929735510991115,60,6.153235778063048,0
2024-01-04 03:00:00,40.80949107356936,-73.96391243158607,road_0001,local,20,35.0,35,0.7099742739475872,0
2024-01-04 03:00:00,40.72351506842384,-73.96679396976803,road_0002,arterial,260,58.33896927320174,60,9.727491890090972,0
2024-01-04 03:00:00,40.7911614698899,-73.9971824244575,road_0003,collector,61,42.01304564264768,45,9.729867247224723,0
2024-01-04 03:00:00,40.7746287921634,-73.93637254877068,road_0004,collector,82,45.0,45,7.96849772039724,0
2024-01-04 03:00:00,40.77476408309478,-73.96823070091489,road_0005,collector,134,41.06577497772048,45,0.0,0
2024-01-04 03:00:00,40.796308181536965,-73.9632723129526,road_0006,arterial,80,60.0,60,8.067057911400248,0
2024-01-04 03:00:00,40.70105925421109,-73.79200731226265,road_0007,collector,50,43.2105722810184,45,0.0,0
2024-01-04 03:00:00,40.74483244518929,-73.97033735860573,road_0008,collector,90,44.900471051430344,45,1.0932753177992378,0
2024-01-04 03:00:00,40.74105839625748,-73.99941744380057,road_0009,arterial,225,55.70562828970741,60,0.11852700256451243,0
2024-01-04 03:00:00,40.69591159380505,-73.82426598115977,road_0010,arterial,68,60.0,60,0.0,0
2024-01-04 03:00:00,40.65692390877457,-73.74942808238488,road_0011,highway,179,74.73297434613922,80,5.706890154243885,0
2024-01-04 03:00:00,40.79398843427041,-73.9412929963572,road_0012,collector,55,42.391048489992656,45,5.536594983103695,0
2024-01-04 03:00:00,40.741050449839285,-73.98098885522496,road_0013,arterial,159,60.0,60,0.0,0
2024-01-04 03:00:00,40.76936020671709,-73.98141462047757,road_0014,collector,143,41.810139793830466,45,2.2458656534796013,0
2024-01-04 03:00:00,40.72484697982401,-74.01459505800035,road_0015,collector,154,45.0,45,15.921580151694402,0
2024-01-04 03:00:00,40.73100440294086,-73.98775581733632,road_0016,collector,125,45.0,45,3.2021856686415457,0
2024-01-04 03:00:00,40.75868351619848,-73.94023079983116,road_0017,local,26,34.31767874538087,35,7.31560108084501,0
2024-01-04 03:00:00,40.716165397891224,-73.7396523951108,road_0018,collector,96,45.0,45,0.0,0
2024-01-04 03:00:00,40.74909586171322,-73.98772674635582,road_0019,collector,108,40.960853551226826,45,5.2452082736708405,0
2024-01-04 04:00:00,40.80447246752146,-73.99401551064027,road_0000,arterial,174,58.20831256946005,60,4.979406533767035,0
2024-01-04 04:00:00,40.80949107356936,-73.96391243158607,road_0001,local,92,34.06496461411434,35,4.56825764778176,0
2024-01-04 04:00:00,40.72351506842384,-73.96679396976803,road_0002,arterial,235,60.0,60,15.36907010102381,0
2024-01-04 04:00:00,40.7911614698899,-73.9971824244575,road_0003,collector,84,45.0,45,0.0,0
2024-01-04 04:00:00,40.7746287921634,-73.93637254877068,road_0004,collector,96,44.012036186340296,45,12.013641493757246,0
2024-01-04 04:00:00,40.77476408309478,-73.96823070091489,road_0005,collector,231,42.066937303729325,45,16.48198560791652,0
2024-01-04 04:00:00,40.796308181536965,-73.9632723129526,road_0006,arterial,208,60.0,60,11.204260319792358,0
2024-01-04 04:00:00,40.70105925421109,-73.79200731226265,road_0007,collector,152,41.3529886945083,45,18.529184768922057,0
2024-01-04 04:00:00,40.74483244518929,-73.97033735860573,road_0008,collector,211,45.0,45,19.205203569206944,0
2024-01-04 04:00:00,40.74105839625748,-73.99941744380057,road_0009,arterial,241,55.03291636957332,60,14.042226670298914,0
2024-01-04 04:00:00,40.69591159380505,-73.82426598115977,road_0010,arterial,138,54.21689760033453,60,2.269540914259437,0
2024-01-04 04:00:00,40.65692390877457,-73.74942808238488,road_0011,highway,244,80.0,80,8.491651856541736,0
2024-01-04 04:00:00,40.79398843427041,-73.9412929963572,road_0012,collector,143,45.0,45,1.9429697821026917,0
2024-01-04 04:00:00,40.741050449839285,-73.98098885522496,road_0013,arterial,253,60.0,60,16.970764587972738,0
2024-01-04 04:00:00,40.76936020671709,-73.98141462047757,road_0014,collector,223,45.0,45,10.9279818901687,0
2024-01-04 04:00:00,40.72484697982401,-74.01459505800035,road_0015,collector,187,45.0,45,3.7791884302230176,0
2024-01-04 04:00:00,40.73100440294086,-73.98775581733632,road_0016,collector,213,43.77842788741281,45,9.313324466636288,0
2024-01-04 04:00:00,40.75868351619848,-73.94023079983116,road_0017,local,76,35.0,35,16.03735694346724,0
2024-01-04 04:00:00,40.716165397891224,-73.7396523951108,road_0018,collector,133,45.0,45,3.0168965743642477,0
2024-01-04 04:00:00,40.74909586171322,-73.98772674635582,road_0019,collector,289,44.56072568421123,45,28.598482071133002,0
2024-01-04 05:00:00,40.80447246752146,-73.99401551064027,road_0000,arterial,266,57.835538325814206,60,19.674048127810742,0
2024-01-04 05:00:00,40.80949107356936,-73.96391243158607,road_0001,local,203,32.06286394515128,35,22.378730486639217,0
2024-01-04 05:00:00,40.72351506842384,-73.96679396976803,road_0002,arterial,688,59.26087193577159,60,33.17847228515144,0
2024-01-04 05:00:00,40.7911614698899,-73.9971824244575,road_0003,collector,271,44.481037602537704,45,15.713933287899224,0
2024-01-04 05:00:00,40.7746287921634,-73.93637254877068,road_0004,collector,207,45.0,45,14.318931538029188,0
2024-01-04 05:00:00,40.77476408309478,-73.96823070091489,road_0005,collector,327,42.91041784312375,45,25.214546508852017,0
2024-01-04 05:00:00,40.796308181536965,-73.9632723129526,road_0006,arterial,386,60.0,60,19.910691466621774,0
2024-01-04 05:00:00,40.70105925421109,-73.79200731226265,road_0007,collector,182,45.0,45,14.49539264456727,0
2024-01-04 05:00:00,40.74483244518929,-73.97033735860573,road_0008,collector,364,42.21809320181896,45,15.896144620925504,0
2024-01-04 05:00:00,40.74105839625748,-73.99941744380057,road_0009,arterial,840,54.528268914773584,60,32.93366311661728,0
2024-01-04 05:00:00,40.69591159380505,-73.82426598115977,road_0010,arterial,207,60.0,60,9.041893282422224,0
2024-01-04 05:00:00,40.65692390877457,-73.74942808238488,road_0011,highway,444,75.03724722120651,80,4.464731582169837,0
2024-01-04 05:00:00,40.79398843427041,-73.9412929963572,road_0012,collector,218,45.0,45,9.482592957996262,0
2024-01-04 05:00:00,40.741050449839285,-73.98098885522496,road_0013,arterial,795,54.79297362918009,60,30.154171339459516,0
2024-01-04 05:00:00,40.76936020671709,-73.98141462047757,road_0014,collector,351,45.0,45,25.325171504654044,0
2024-01-04 05:00:00,40.72484697982401,-74.01459505800035,road_0015,collector,206,45.0,45,4.483906483969397,0
2024-01-04 05:00:00,40.73100440294086,-73.98775581733632,road_0016,collector,609,44.44271093312448,45,41.41105350777848,0
2024-01-04 05:00:00,40.75868351619848,-73.94023079983116,road_0017,local,198,34.74052536590776,35,16.04798559076819,0
2024-01-04 05:00:00,40.716165397891224,-73.7396523951108,road_0018,collector,149,45.0,45,9.042644773460568,0
2024-01-04 05:00:00,40.74909586171322,-73.98772674635582,road_0019,collector,335,45.0,45,22.407722025132458,0
2024-01-04 06:00:00,40.80447246752146,-73.99401551064027,road_0000,arterial,886,60.0,60,44.15046045517714,0
2024-01-04 06:00:00,40.80949107356936,-73.96391243158607,road_0001,local,158,35.0,35,24.576174167015246,0
2024-01-04 06:00:00,40.72351506842384,-73.96679396976803,road_0002,arterial,2038,56.61050944123251,60,83.5306953641283,0
2024-01-04 06:00:00,40.7911614698899,-73.9971824244575,road_0003,collector,253,45.0,45,16.058961701325195,0
2024-01-04 06:00:00,40.7746287921634,-73.93637254877068,road_0004,collector,571,45.0,45,33.66200528440748,0
2024-01-04 06:00:00,40.77476408309478,-73.96823070091489,road_0005,collector,448,45.0,45,34.86988332575869,0
2024-01-04 06:00:00,40.796308181536965,-73.9632723129526,road_0006,arterial,1086,57.64645543308211,60,43.40378598347958,0
2024-01-04 06:00:00,40.70105925421109,-73.79200731226265,road_0007,collector,428,45.0,45,32.21751483710307,0
2024-01-04 06:00:00,40.74483244518929,-73.97033735860573,road_0008,collector,623,45.0,45,32.72857881690102,0
2024-01-04 06:00:00,40.74105839625748,-73.99941744380057,road_0009,arterial,967,60.0,60,38.92177153397328,0
2024-01-04 06:00:00,40.69591159380505,-73.82426598115977,road_0010,arterial,365,58.748649669277455,60,21.731439773666715,0
2024-01-04 06:00:00,40.65692390877457,-73.74942808238488,road_0011,highway,744,80.0,80,16.31105002983339,0
2024-01-04 06:00:00,40.79398843427041,-73.9412929963572,road_0012,collector,614,44.50010161169445,45,50.70074466776475,0
2024-01-04 06:00:00,40.741050449839285,-73.98098885522496,road_0013,arterial,670,55.839622619660524,60,25.521409604386253,0
2024-01-04 06:00:00,40.76936020671709,-73.98141462047757,road_0014,collector,1156,43.51476939545788,45,72.43241067522213,0
2024-01-04 06:00:00,40.72484697982401,-74.01459505800035,road_0015,collector,1049,43.573403639191795,45,77.56604031684155,0
2024-01-04 06:00:00,40.73100440294086,-73.98775581733632,road_0016,collector,950,40.55396769468465,45,64.38741113424413,0
2024-01-04 06:00:00,40.75868351619848,-73.94023079983116,road_0017,local,176,31.63614188314381,35,17.377230899580134,0
2024-01-04 06:00:00,40.716165397891224,-73.7396523951108,road_0018,collector,387,45.0,45,27.705536822081093,0
2024-01-04 06:00:00,40.74909586171322,-73.98772674635582,road_0019,collector,1262,42.287065153430284,45,75.40536206088929,0
2024-01-04 07:00:00,40.80447246752146,-73.99401551064027,road_0000,arterial,2500,50.29876948692254,60,98.60686347378144,0
2024-01-04 07:00:00,40.80949107356936,-73.96391243158607,road_0001,local,800,29.86087040805795,35,100.0,0
2024-01-04 07:00:00,40.72351506842384,-73.96679396976803,road_0002,arterial,2234,56.8003992921551,60,84.66457045005349,0
2024-01-04 07:00:00,40.7911614698899,-73.9971824244575,road_0003,collector,1500,35.650642045604954,45,100.0,1
2024-01-04 07:00:00,40.7746287921634,-73.93637254877068,road_0004,collector,1145,45.0,45,85.01399315594611,0
2024-01-04 07:00:00,40.77476408309478,-73.96823070091489,road_0005,collector,1500,42.80043441266837,45,100.0,0
2024-01-04 07:00:00,40.796308181536965,-73.9632723129526,road_0006,arterial,2500,48.17806343981074,60,100.0,0
2024-01-04 07:00:00,40.70105925421109,-73.79200731226265,road_0007,collector,777,44.36332844390239,45,53.6498695835281,0
2024-01-04 07:00:00,40.74483244518929,-73.97033735860573,road_0008,collector,1500,39.06258598887755,45,93.89680983310728,0
2024-01-04 07:00:00,40.74105839625748,-73.99941744380057,road_0009,arterial,2500,54.41422005919955,60,98.4874405210727,0
2024-01-04 07:00:00,40.69591159380505,-73.82426598115977,road_0010,arterial,1494,55.549686463050044,60,57.97632791134856,0
2024-01-04 07:00:00,40.65692390877457,-73.74942808238488,road_0011,highway,2882,69.59999178120447,80,69.48673569132839,0
2024-01-04 07:00:00,40.79398843427041,-73.9412929963572,road_0012,collector,1110,39.44628221349219,45,68.02350464577759,0
2024-01-04 07:00:00,40.741050449839285,-73.98098885522496,road_0013,arterial,2500,55.38392211717888,60,91.69532308852666,0
2024-01-04 07:00:00,40.76936020671709,-73.98141462047757,road_0014,collector,1500,40.56398266883337,45,100.0,0
2024-01-04 07:00:00,40.72484697982401,-74.01459505800035,road_0015,collector,1500,41.47107766256313,45,100.0,0
2024-01-04 07:00:00,40.73100440294086,-73.98775581733632,road_0016,collector,1500,40.908230684922835,45,100.0,0
2024-01-04 07:00:00,40.75868351619848,-73.94023079983116,road_0017,local,800,28.68051047753959,35,94.51329166104111,0
2024-01-04 07:00:00,40.716165397891224,-73.7396523951108,road_0018,collector,986,45.0,45,57.06652992979946,0
2024-01-04 07:00:00,40.74909586171322,-73.98772674635582,road_0019,collector,1500,41.803947076365525,45,97.30733683101306,0
2024-01-04 08:00:00,40.80447246752146,-73.99401551064027,road_0000,arterial,2500,47.05145928292984,60,100.0,1
2024-01-04 08:00:00,40.80949107356936,-73.96391243158607,road_0001,local,525,35.0,35,69.01130832727003,0
2024-01-04 08:00:00,40.72351506842384,-73.96679396976803,road_0002,arterial,2500,55.356175657895854,60,93.76999705591122,0
2024-01-04 08:00:00,40.7911614698899,-73.9971824244575,road_0003,collector,1500,35.89134347352815,45,99.89651903201093,1
2024-01-04 08:00:00,40.7746287921634,-73.93637254877068,road_0004,collector,1500,38.67703992875016,45,92.88872968310156,0
2024-01-04 08:00:00,40.77476408309478,-73.96823070091489,road_0005,collector,1500,35.28387844127382,45,100.0,1
2024-01-04 08:00:00,40.796308181536965,-73.9632723129526,road_0006,arterial,2500,47.508896718978974,60,97.32572772413045,1
2024-01-04 08:00:00,40.70105925421109,-73.79200731226265,road_0007,collector,1500,37.749323064029,45,94.80303192044029,0
2024-01-04 08:00:00,40.74483244518929,-73.97033735860573,road_0008,collector,1500,38.00499607926298,45,93.0968278929491,0
2024-01-04 08:00:00,40.74105839625748,-73.99941744380057,road_0009,arterial,2500,51.34173497538305,60,97.7292512865587,0
2024-01-04 08:00:00,40.69591159380505,-73.82426598115977,road_0010,arterial,1678,60.0,60,58.6901973690722,0
2024-01-04 08:00:00,40.65692390877457,-73.74942808238488,road_0011,highway,2113,75.44967242865644,80,61.225763282181056,0
2024-01-04 08:00:00,40.79398843427041,-73.9412929963572,road_0012,collector,1500,42.588826335081556,45,100.0,0
2024-01-04 08:00:00,40.741050449839285,-73.98098885522496,road_0013,arterial,2500,51.23795188041039,60,100.0,0
2024-01-04 08:00:00,40.76936020671709,-73.98141462047757,road_0014,collector,1500,41.40401953721986,45,93.82124278692716,0
2024-01-04 08:00:00,40.72484697982401,-74.01459505800035,road_0015,collector,1500,41.90399619124447,45,97.68038147929916,0
2024-01-04 08:00:00,40.73100440294086,-73.98775581733632,road_0016,collector,1500,37.18955129982318,45,92.35003680424747,0
2024-01-04 08:00:00,40.75868351619848,-73.94023079983116,road_0017,local,800,31.021526258997596,35,100.0,0
2024-01-04 08:00:00,40.716165397891224,-73.7396523951108,road_0018,collector,1171,39.357993097723195,45,78.53239165267166,0
2024-01-04 08:00:00,40.74909586171322,-73.98772674635582,road_0019,collector,1500,37.630581821813735,45,100.0,0
2024-01-04 09:00:00,40.80447246752146,-73.99401551064027,road_0000,arterial,2500,47.33572954764775,60,94.95624885813814,1
2024-01-04 09:00:00,40.80949107356936,-73.96391243158607,road_0001,local,551,32.98547284800114,35,62.86839476081293,0
2024-01-04 09:00:00,40.72351506842384,-73.96679396976803,road_0002,arterial,2500,51.19686683767787,60,92.26462446518251,0
2024-01-04 09:00:00,40.7911614698899,-73.9971824244575,road_0003,collector,1488,36.71236498310197,45,100.0,0
2024-01-04 09:00:00,40.7746287921634,-73.93637254877068,road_0004,collector,1500,40.69195724662884,45,100.0,0
2024-01-04 09:00:00,40.77476408309478,-73.96823070091489,road_0005,collector,1500,39.323522400148356,45,100.0,0
2024-01-04 09:00:00,40.796308181536965,-73.9632723129526,road_0006,arterial,2500,53.085598628614726,60,100.0,0
2024-01-04 09:00:00,40.70105925421109,-73.79200731226265,road_0007,collector,604,45.0,45,45.39378776153935,0
2024-01-04 09:00:00,40.74483244518929,-73.97033735860573,road_0008,collector,1500,38.43077241316905,45,95.35336874388595,0
2024-01-04 09:00:00,40.74105839625748,-73.99941744380057,road_0009,arterial,2500,55.91979701344926,60,100.0,0
2024-01-04 09:00:00,40.69591159380505,-73.82426598115977,road_0010,arterial,1183,55.720906409085536,60,43.73239813100454,0
2024-01-04 09:00:00,40.65692390877457,-73.74942808238488,road_0011,highway,1948,76.48375958358177,80,43.72384009208934,0
2024-01-04 09:00:00,40.79398843427041,-73.9412929963572,road_0012,collector,911,43.587158114241404,45,62.17900962417335,0
2024-01-04 09:00:00,40.741050449839285,-73.98098885522496,road_0013,arterial,2500,54.85345276072067,60,100.0,0
2024-01-04 09:00:00,40.76936020671709,-73.98141462047757,road_0014,collector,1500,36.23727121114924,45,93.03960364948102,0
2024-01-04 09:00:00,40.72484697982401,-74.01459505800035,road_0015,collector,1500,35.712417982685324,45,94.92696494484603,1
2024-01-04 09:00:00,40.73100440294086,-73.98775581733632,road_0016,collector,1500,37.198965626373734,45,100.0,0
2024-01-04 09:00:00,40.75868351619848,-73.94023079983116,road_0017,local,800,28.81070685300115,35,100.0,0
2024-01-04 09:00:00,40.716165397891224,-73.7396523951108,road_0018,collector,1217,38.16456675174313,45,85.01596641285808,0
2024-01-04 09:00:00,40.74909586171322,-73.98772674635582,road_0019,collector,1500,35.786631613908504,45,100.0,1
2024-01-04 10:00:00,40.80447246752146,-73.99401551064027,road_0000,arterial,1233,60.0,60,52.86075629764021,0
2024-01-04 10:00:00,40.80949107356936,-73.96391243158607,road_0001,local,407,33.65056487503947,35,54.11220624430011,0
2024-01-04 10:00:00,40.72351506842384,-73.96679396976803,road_0002,arterial,1939,59.704019147077126,60,78.98425835503035,0
2024-01-04 10:00:00,40.7911614698899,-73.9971824244575,road_0003,collector,541,45.0,45,35.25358687012312,0
2024-01-04 10:00:00,40.7746287921634,-73.93637254877068,road_0004,collector,934,45.0,45,65.49599077313971,0
2024-01-04 10:00:00,40.77476408309478,-73.96823070091489,road_0005,collector,561,45.0,45,41.57800012503165,0
2024-01-04 10:00:00,40.796308181536965,-73.9632723129526,road_0006,arterial,1407,58.374894004537914,60,48.06679804583733,0
2024-01-04 10:00:00,40.70105925421109,-73.79200731226265,road_0007,collector,365,41.15809900359213,45,29.77868447008345,0
2024-01-04 10:00:00,40.74483244518929,-73.97033735860573,road_0008,collector,1247,38.54525610267625,45,85.05461195534524,0
2024-01-04 10:00:00,40.74105839625748,-73.99941744380057,road_0009,arterial,1175,60.0,60,56.23087445762219,0
2024-01-04 10:00:00,40.69591159380505,-73.82426598115977,road_0010,arterial,753,58.063476480215414,60,38.78910210499704,0
2024-01-04 10:00:00,40.65692390877457,-73.74942808238488,road_0011,highway,998,72.01942234734233,80,33.82548240689632,0
2024-01-04 10:00:00,40.79398843427041,-73.9412929963572,road_0012,collector,591,41.36965084934303,45,32.821719337143236,0
2024-01-04 10:00:00,40.741050449839285,-73.98098885522496,road_0013,arterial,2009,60.0,60,79.90219635387852,0
2024-01-04 10:00:00,40.76936020671709,-73.98141462047757,road_0014,collector,955,43.10860980991684,45,73.52330930030618,0
2024-01-04 10:00:00,40.72484697982401,-74.01459505800035,road_0015,collector,817,40.74029548953619,45,50.55281850308395,0
2024-01-04 10:00:00,40.73100440294086,-73.98775581733632,road_0016,collector,530,45.0,45,42.07060177786518,0
2024-01-04 10:00:00,40.75868351619848,-73.94023079983116,road_0017,local,468,32.05511187024292,35,54.10910129520111,0
2024-01-04 10:00:00,40.716165397891224,-73.7396523951108,road_0018,collector,335,45.0,45,28.190134238803875,0
2024-01-04 10:00:00,40.74909586171322,-73.98772674635582,road_0019,collector,1500,37.78634417695308,45,100.0,0
2024-01-04 11:00:00,40.80447246752146,-73.99401551064027,road_0000,arterial,920,55.823203967716616,60,39.52211269287237,0
2024-01-04 11:00:00,40.80949107356936,-73.96391243158607,road_0001,local,339,34.507020826326155,35,47.11089137420394,0
2024-01-04 11:00:00,40.72351506842384,-73.96679396976803,road_0002,arterial,2204,54.815915284675334,60,85.26030532272495,0
2024-01-04 11:00:00,40.7911614698899,-73.9971824244575,road_0003,collector,689,45.0,45,50.51813831528469,0
2024-01-04 11:00:00,40.7746287921634,-73.93637254877068,road_0004,collector,1165,43.10239834297605,45,84.67827061279864,0
2024-01-04 11:00:00,40.77476408309478,-73.96823070091489,road_0005,collector,1330,39.673989042488195,45,86.63624190885096,0
2024-01-04 11:00:00,40.796308181536965,-73.9632723129526,road_0006,arterial,1097,57.43473740216007,60,53.112228845088936,0
2024-01-04 11:00:00,40.70105925421109,-73.79200731226265,road_0007,collector,380,41.46926803346752,45,16.475314902236864,0
2024-01-04 11:00:00,40.74483244518929,-73.97033735860573,road_0008,collector,817,45.0,45,53.13168531284722,0
2024-01-04 11:00:00,40.74105839625748,-73.99941744380057,road_0009,arterial,2193,53.083059643999185,60,84.3940841515126,0
2024-01-04 11:00:00,40.69591159380505,-73.82426598115977,road_0010,arterial,1015,60.0,60,30.85643299021212,0
2024-01-04 11:00:00,40.65692390877457,-73.74942808238488,road_0011,highway,1322,80.0,80,27.76131869189003,0
2024-01-04 11:00:00,40.79398843427041,-73.9412929963572,road_0012,collector,1067,43.51185474109079,45,70.77783794007988,0
2024-01-04 11:00:00,40.741050449839285,-73.98098885522496,road_0013,arterial,2500,55.4202215614468,60,94.30538091571668,0
2024-01-04 11:00:00,40.76936020671709,-73.98141462047757,road_0014,collector,714,43.80766882110303,45,51.12186068329153,0
2024-01-04 11:00:00,40.72484697982401,-74.01459505800035,road_0015,collector,1295,45.0,45,86.56384614952319,0
2024-01-04 11:00:00,40.73100440294086,-73.98775581733632,road_0016,collector,1313,42.343287369811435,45,84.86608733526246,0
2024-01-04 11:00:00,40.75868351619848,-73.94023079983116,road_0017,local,324,32.53734257437747,35,48.79498657455321,0
2024-01-04 11:00:00,40.716165397891224,-73.7396523951108,road_0018,collector,324,42.22882584383412,45,29.788873280732624,0
2024-01-04 11:00:00,40.74909586171322,-73.98772674635582,road_0019,collector,1209,38.696004671050666,45,82.58022088427136,0
2024-01-04 12:00:00,40.80447246752146,-73.99401551064027,road_0000,arterial,1211,60.0,60,56.608202145371386,0
2024-01-04 12:00:00,40.80949107356936,-73.96391243158607,road_0001,local,230,33.39211096828295,35,31.30917470685815,0
2024-01-04 12:00:00,40.72351506842384,-73.96679396976803,road_0002,arterial,2500,56.44179744872039,60,91.43813434632891,0
2024-01-04 12:00:00,40.7911614698899,-73.9971824244575,road_0003,collector,970,42.12529424036807,45,65.31387136389296,0
2024-01-04 12:00:00,40.7746287921634,-73.93637254877068,road_0004,collector,649,45.0,45,44.82810870691492,0
2024-01-04 12:00:00,40.77476408309478,-73.96823070091489,road_0005,collector,1033,42.14025235375507,45,71.26669333621483,0
2024-01-04 12:00:00,40.796308181536965,-73.9632723129526,road_0006,arterial,1772,54.239725528632796,60,64.73679217884491,0
2024-01-04 12:00:00,40.70105925421109,-73.79200731226265,road_0007,collector,744,41.97194014534539,45,54.944667883184465,0
2024-01-04 12:00:00,40.74483244518929,-73.97033735860573,road_0008,collector,1022,45.0,45,76.99725032720235,0
2024-01-04 12:00:00,40.74105839625748,-73.99941744380057,road_0009,arterial,1427,59.17753228473443,60,50.067987769075444,0
2024-01-04 12:00:00,40.69591159380505,-73.82426598115977,road_0010,arterial,1230,58.09222180502781,60,57.800107555821455,0
2024-01-04 12:00:00,40.65692390877457,-73.74942808238488,road_0011,highway,2023,71.35820961879885,80,56.70915615490124,0
2024-01-04 12:00:00,40.79398843427041,-73.9412929963572,road_0012,collector,668,42.0480723059716,45,39.12765900699797,0
2024-01-04 12:00:00,40.741050449839285,-73.98098885522496,road_0013,arterial,1264,54.097892709240746,60,45.810205809663316,0
2024-01-04 12:00:00,40.76936020671709,-73.98141462047757,road_0014,collector,1047,43.30569015214269,45,76.82978363293093,0
2024-01-04 12:00:00,40.72484697982401,-74.01459505800035,road_0015,collector,1361,38.52200845236296,45,84.74462652509473,0
2024-01-04 12:00:00,40.73100440294086,-73.98775581733632,road_0016,collector,872,45.0,45,55.72064529741707,0
2024-01-04 12:00:00,40.75868351619848,-73.94023079983116,road_0017,local,469,31.28493299341397,35,67.3132158914243,0
2024-01-04 12:00:00,40.716165397891224,-73.7396523951108,road_0018,collector,498,40.781697013739894,45,35.511052463863585,0
2024-01-04 12:00:00,40.74909586171322,-73.98772674635582,road_0019,collector,1434,41.09445833814992,45,99.56141092806803,0
2024-01-04 13:00:00,40.80447246752146,-73.99401551064027,road_0000,arterial,867,55.42479587429398,60,33.22224892838668,0
2024-01-04 13:00:00,40.80949107356936,-73.96391243158607,road_0001,local,551,35.0,35,65.22018348713735,0
2024-01-04 13:00:00,40.72351506842384,-73.96679396976803,road_0002,arterial,1712,60.0,60,74.71935484781602,0
2024-01-04 13:00:00,40.7911614698899,-73.9971824244575,road_0003,collector,703,45.0,45,48.19312426999731,0
2024-01-04 13:00:00,40.7746287921634,-73.93637254877068,road_0004,collector,443,40.63472535141054,45,37.18323543469606,0
2024-01-04 13:00:00,40.77476408309478,-73.96823070091489,road_0005,collector,1355,36.88023010320517,45,89.26877651012546,0
2024-01-04 13:00:00,40.796308181536965,-73.9632723129526,road_0006,arterial,1507,60.0,60,61.09531262601086,0
2024-01-04 13:00:00,40.70105925421109,-73.79200731226265,road_0007,collector,831,43.48307683887495,45,56.02679906473219,0
2024-01-04 13:00:00,40.74483244518929,-73.97033735860573,road_0008,collector,1500,36.207111485767086,45,95.9630071255311,0
2024-01-04 13:00:00,40.74105839625748,-73.99941744380057,road_0009,arterial,2300,53.861858586778254,60,95.20939442728863,0
2024-01-04 13:00:00,40.69591159380505,-73.82426598115977,road_0010,arterial,748,58.88931915385992,60,21.13366137901365,0
2024-01-04 13:00:00,40.65692390877457,-73.74942808238488,road_0011,highway,1608,80.0,80,45.17344350501982,0
2024-01-04 13:00:00,40.79398843427041,-73.9412929963572,road_0012,collector,754,44.89948293928883,45,44.149242075586116,0
2024-01-04 13:00:00,40.741050449839285,-73.98098885522496,road_0013,arterial,2500,50.120433326187914,60,100.0,0
2024-01-04 13:00:00,40.76936020671709,-73.98141462047757,road_0014,collector,1030,39.46356602450824,45,61.81409833366488,0
2024-01-04 13:00:00,40.72484697982401,-74.01459505800035,road_0015,collector,1403,37.0023901868357,45,88.33231140780596,0
2024-01-04 13:00:00,40.73100440294086,-73.98775581733632,road_0016,collector,1500,42.3514712916239,45,100.0,0
2024-01-04 13:00:00,40.75868351619848,-73.94023079983116,road_0017,local,356,32.6155601971579,35,35.27598909457775,0
2024-01-04 13:00:00,40.716165397891224,-73.7396523951108,road_0018,collector,855,43.20715351637884,45,54.01285382914293,0
2024-01-04 13:00:00,40.74909586171322,-73.98772674635582,road_0019,collector,1101,40.60614724662756,45,68.22488672076057,0
2024-01-04 14:00:00,40.80447246752146,-73.99401551064027,road_0000,arterial,954,56.11975493218393,60,33.75347713092886,0
2024-01-04 14:00:00,40.80949107356936,-73.96391243158607,road_0001,local,405,31.73706073715207,35,45.45199407675,0
2024-01-04 14:00:00,40.72351506842384,-73.96679396976803,road_0002,arterial,1576,60.0,60,64.05381089389589,0
2024-01-04 14:00:00,40.7911614698899,-73.9971824244575,road_0003,collector,1045,43.4063590179725,45,71.74272824354173,0
2024-01-04 14:00:00,40.7746287921634,-73.93637254877068,road_0004,collector,458,41.815537694579426,45,28.202955784834185,0
2024-01-04 14:00:00,40.77476408309478,-73.96823070091489,road_0005,collector,1041,44.24148509777332,45,71.11556541862095,0
2024-01-04 14:00:00,40.796308181536965,-73.9632723129526,road_0006,arterial,1186,58.935826905358894,60,42.73934123110886,0
2024-01-04 14:00:00,40.70105925421109,-73.79200731226265,road_0007,collector,581,43.90503249226267,45,44.412770343445125,0
2024-01-04 14:00:00,40.74483244518929,-73.97033735860573,road_0008,collector,964,42.85106130904405,45,72.91962867751624,0
2024-01-04 14:00:00,40.74105839625748,-73.99941744380057,road_0009,arterial,1611,58.336123557737444,60,58.54374285809614,0
2024-01-04 14:00:00,40.69591159380505,-73.82426598115977,road_0010,arterial,1195,59.34087971475871,60,56.39740964587757,0
2024-01-04 14:00:00,40.65692390877457,-73.74942808238488,road_0011,highway,1183,75.86438468519692,80,35.6281248830444,0
2024-01-04 14:00:00,40.79398843427041,-73.9412929963572,road_0012,collector,1047,43.628668646167,45,78.66620223748299,0
2024-01-04 14:00:00,40.741050449839285,-73.98098885522496,road_0013,arterial,2129,56.73549995949738,60,77.7802923730093,0
2024-01-04 14:00:00,40.76936020671709,-73.98141462047757,road_0014,collector,570,42.014896174833154,45,31.096853632404546,0
2024-01-04 14:00:00,40.72484697982401,-74.01459505800035,road_0015,collector,845,40.5571937493012,45,58.796781823977085,0
2024-01-04 14:00:00,40.73100440294086,-73.98775581733632,road_0016,collector,867,45.0,45,59.27950350063483,0
2024-01-04 14:00:00,40.75868351619848,-73.94023079983116,road_0017,local,405,35.0,35,47.33718488481803,0
2024-01-04 14:00:00,40.716165397891224,-73.7396523951108,road_0018,collector,492,40.59474698513092,45,35.76204254522143,0
2024-01-04 14:00:00,40.74909586171322,-73.98772674635582,road_0019,collector,1418,36.85694727748221,45,90.73027566839893,0
2024-01-04 15:00:00,40.80447246752146,-73.99401551064027,road_0000,arterial,908,55.380676446285754,60,40.105586424516744,0
2024-01-04 15:00:00,40.80949107356936,-73.96391243158607,road_0001,local,357,31.61755092425768,35,51.33643410181297,0
2024-01-04 15:00:00,40.72351506842384,-73.96679396976803,road_0002,arterial,1631,54.92429868768876,60,55.423311003676325,0
2024-01-04 15:00:00,40.7911614698899,-73.9971824244575,road_0003,collector,1100,39.39397982406873,45,68.56676066608345,0
2024-01-04 15:00:00,40.7746287921634,-73.93637254877068,road_0004,collector,380,44.21590550309622,45,32.963049725111546,0
2024-01-04 15:00:00,40.77476408309478,-73.96823070091489,road_0005,collector,1500,36.714344642901374,45,98.16080923205634,0
2024-01-04 15:00:00,40.796308181536965,-73.9632723129526,road_0006,arterial,1461,53.84785062098844,60,64.52748828275402,0
2024-01-04 15:00:00,40.70105925421109,-73.79200731226265,road_0007,collector,718,41.27729394273995,45,56.01593019359518,0
2024-01-04 15:00:00,40.74483244518929,-73.97033735860573,road_0008,collector,1322,41.116849681494486,45,86.3338090681682,0
2024-01-04 15:00:00,40.74105839625748,-73.99941744380057,road_0009,arterial,1030,60.0,60,37.690132983378945,0
2024-01-04 15:00:00,40.69591159380505,-73.82426598115977,road_0010,arterial,781,55.86638520912361,60,34.6660884712856,0
2024-01-04 15:00:00,40.65692390877457,-73.74942808238488,road_0011,highway,1713,80.0,80,50.16210426054133,0
2024-01-04 15:00:00,40.79398843427041,-73.9412929963572,road_0012,collector,728,41.349040939412724,45,57.448863278260276,0
2024-01-04 15:00:00,40.741050449839285,-73.98098885522496,road_0013,arterial,2101,58.278908518410425,60,92.71186287402503,0
2024-01-04 15:00:00,40.76936020671709,-73.98141462047757,road_0014,collector,1216,43.257942877563686,45,79.92746619936987,0
2024-01-04 15:00:00,40.72484697982401,-74.01459505800035,road_0015,collector,1167,45.0,45,87.04730632909056,0
2024-01-04 15:00:00,40.73100440294086,-73.98775581733632,road_0016,collector,994,43.40089217369916,45,66.63314512746314,0
2024-01-04 15:00:00,40.75868351619848,-73.94023079983116,road_0017,local,339,34.211068914530415,35,46.97278235407195,0
2024-01-04 15:00:00,40.716165397891224,-73.7396523951108,road_0018,collector,716,40.65113853614441,45,51.955769673639054,0
2024-01-04 15:00:00,40.74909586171322,-73.98772674635582,road_0019,collector,1500,37.109461362884474,45,95.24832163392429,0
2024-01-04 16:00:00,40.80447246752146,-73.99401551064027,road_0000,arterial,1719,60.0,60,66.32695163365294,0
2024-01-04 16:00:00,40.80949107356936,-73.96391243158607,road_0001,local,303,35.0,35,47.70872280785471,0
2024-01-04 16:00:00,40.72351506842384,-73.96679396976803,road_0002,arterial,1672,57.19817315585858,60,61.55249527297133,0
2024-01-04 16:00:00,40.7911614698899,-73.9971824244575,road_0003,collector,1262,45.0,45,78.69534089138104,0
2024-01-04 16:00:00,40.7746287921634,-73.93637254877068,road_0004,collector,936,44.923977910835475,45,62.43871161561721,0
2024-01-04 16:00:00,40.77476408309478,-73.96823070091489,road_0005,collector,1427,37.48248592381298,45,95.23198941512135,0
2024-01-04 16:00:00,40.796308181536965,-73.9632723129526,road_0006,arterial,1974,59.71225009966772,60,71.58159723409406,0
2024-01-04 16:00:00,40.70105925421109,-73.79200731226265,road_0007,collector,1192,39.3649243111312,45,76.84702131489013,0
2024-01-04 16:00:00,40.74483244518929,-73.97033735860573,road_0008,collector,1169,39.9421001614785,45,86.61308170358568,0
2024-01-04 16:00:00,40.74105839625748,-73.99941744380057,road_0009,arterial,1693,60.0,60,65.38328937118251,0
2024-01-04 16:00:00,40.69591159380505,-73.82426598115977,road_0010,arterial,1008,59.87200628930658,60,35.66419790972148,0
2024-01-04 16:00:00,40.65692390877457,-73.74942808238488,road_0011,highway,1374,80.0,80,35.664946131022916,0
2024-01-04 16:00:00,40.79398843427041,-73.9412929963572,road_0012,collector,1477,37.425141877885466,45,100.0,0
2024-01-04 16:00:00,40.741050449839285,-73.98098885522496,road_0013,arterial,1389,60.0,60,63.46170345532629,0
2024-01-04 16:00:00,40.76936020671709,-73.98141462047757,road_0014,collector,1500,38.53062804013659,45,100.0,0
2024-01-04 16:00:00,40.72484697982401,-74.01459505800035,road_0015,collector,736,45.0,45,39.988050060176015,0
2024-01-04 16:00:00,40.73100440294086,-73.98775581733632,road_0016,collector,1149,45.0,45,78.86340721486233,0
2024-01-04 16:00:00,40.75868351619848,-73.94023079983116,road_0017,local,540,35.0,35,73.8885570734073,0
2024-01-04 16:00:00,40.716165397891224,-73.7396523951108,road_0018,collector,481,40.858748306909774,45,27.756905861515545,0
2024-01-04 16:00:00,40.74909586171322,-73.98772674635582,road_0019,collector,1500,41.575411233578365,45,93.25805308954789,0
2024-01-04 17:00:00,40.80447246752146,-73.99401551064027,road_0000,arterial,2500,56.389075462851025,60,95.30570178172104,0
2024-01-04 17:00:00,40.80949107356936,-73.96391243158607,road_0001,local,800,27.658406624853225,35,91.01014941664565,1
2024-01-04 17:00:00,40.72351506842384,-73.96679396976803,road_0002,arterial,2500,48.94344517591212,60,95.12584750738435,0
2024-01-04 17:00:00,40.7911614698899,-73.9971824244575,road_0003,collector,1500,35.83760561319075,45,100.0,1
2024-01-04 17:00:00,40.7746287921634,-73.93637254877068,road_0004,collector,1325,40.038444623661654,45,88.0305081276554,0
2024-01-04 17:00:00,40.77476408309478,-73.96823070091489,road_0005,collector,1500,35.40077965070131,45,100.0,1
2024-01-04 17:00:00,40.796308181536965,-73.9632723129526,road_0006,arterial,2500,47.943196641124054,60,96.02912372821336,1
2024-01-04 17:00:00,40.70105925421109,-73.79200731226265,road_0007,collector,1500,35.636686118666674,45,100.0,1
2024-01-04 17:00:00,40.74483244518929,-73.97033735860573,road_0008,collector,1500,39.162287580639855,45,94.15647682917671,0
2024-01-04 17:00:00,40.74105839625748,-73.99941744380057,road_0009,arterial,2500,55.747451549588625,60,100.0,0
2024-01-04 17:00:00,40.69591159380505,-73.82426598115977,road_0010,arterial,2143,55.42465232170401,60,77.8426003861804,0
2024-01-04 17:00:00,40.65692390877457,-73.74942808238488,road_0011,highway,2827,76.92077367699541,80,63.845404680548185,0
2024-01-04 17:00:00,40.79398843427041,-73.9412929963572,road_0012,collector,1500,38.585085089027416,45,92.5807281777885,0
2024-01-04 17:00:00,40.741050449839285,-73.98098885522496,road_0013,arterial,2500,56.491069502676105,60,90.81171424269391,0
2024-01-04 17:00:00,40.76936020671709,-73.98141462047757,road_0014,collector,1500,35.46167134178151,45,100.0,1
2024-01-04 17:00:00,40.72484697982401,-74.01459505800035,road_0015,collector,1500,38.054999055088786,45,96.0656205213089,0
2024-01-04 17:00:00,40.73100440294086,-73.98775581733632,road_0016,collector,1500,40.34275139854847,45,90.78583890301385,0
2024-01-04 17:00:00,40.75868351619848,-73.94023079983116,road_0017,local,800,30.630093710927028,35,94.9199948061359,0
2024-01-04 17:00:00,40.716165397891224,-73.7396523951108,road_0018,collector,1369,38.262039164829886,45,82.62687130571507,0
2024-01-04 17:00:00,40.74909586171322,-73.98772674635582,road_0019,collector,1500,39.70558771740765,45,93.7827739265348,0
2024-01-04 18:00:00,40.80447246752146,-73.99401551064027,road_0000,arterial,2500,52.3668832167886,60,100.0,0
2024-01-04 18:00:00,40.80949107356936,-73.96391243158607,road_0001,local,735,30.156491783974662,35,82.87062003046087,0
2024-01-04 18:00:00,40.72351506842384,-73.96679396976803,road_0002,arterial,2500,51.09158882600036,60,100.0,0
2024-01-04 18:00:00,40.7911614698899,-73.9971824244575,road_0003,collector,1500,37.31301637516267,45,100.0,0
2024-01-04 18:00:00,40.7746287921634,-73.93637254877068,road_0004,collector,1500,42.578921732760904,45,100.0,0
2024-01-04 18:00:00,40.77476408309478,-73.96823070091489,road_0005,collector,1500,39.478393034210896,45,99.92590251001279,0
2024-01-04 18:00:00,40.796308181536965,-73.9632723129526,road_0006,arterial,2290,59.10742028610473,60,100.0,0
2024-01-04 18:00:00,40.70105925421109,-73.79200731226265,road_0007,collector,990,43.350765089796845,45,70.0898727282337,0
2024-01-04 18:00:00,40.74483244518929,-73.97033735860573,road_0008,collector,1500,38.13814462777926,45,99.60269879276746,0
2024-01-04 18:00:00,40.74105839625748,-73.99941744380057,road_0009,arterial,2500,56.357298054959905,60,93.78155307556698,0
2024-01-04 18:00:00,40.69591159380505,-73.82426598115977,road_0010,arterial,2415,54.17403619458055,60,88.58992452361275,0
2024-01-04 18:00:00,40.65692390877457,-73.74942808238488,road_0011,highway,1726,78.0387566238091,80,43.696217912847864,0
2024-01-04 18:00:00,40.79398843427041,-73.9412929963572,road_0012,collector,1500,36.58528733513603,45,98.61966125694516,0
2024-01-04 18:00:00,40.741050449839285,-73.98098885522496,road_0013,arterial,2500,50.35219075494896,60,100.0,0
2024-01-04 18:00:00,40.76936020671709,-73.98141462047757,road_0014,collector,1500,38.53415101440189,45,95.72518070766367,0
2024-01-04 18:00:00,40.72484697982401,-74.01459505800035,road_0015,collector,1500,39.416698878484866,45,100.0,0
2024-01-04 18:00:00,40.73100440294086,-73.98775581733632,road_0016,collector,1500,42.22200411276604,45,93.24996830948882,0
2024-01-04 18:00:00,40.75868351619848,-73.94023079983116,road_0017,local,800,31.59504972757084,35,91.31201529890059,0
2024-01-04 18:00:00,40.716165397891224,-73.7396523951108,road_0018,collector,1217,39.86054136789092,45,78.40556231713461,0
2024-01-04 18:00:00,40.74909586171322,-73.98772674635582,road_0019,collector,1500,39.890477895773515,45,93.51430491673652,0
2024-01-04 19:00:00,40.80447246752146,-73.99401551064027,road_0000,arterial,2029,59.99691272304937,60,76.24294560255629,0
2024-01-04 19:00:00,40.80949107356936,-73.96391243158607,road_0001,local,715,29.909986560810676,35,85.47021825594652,0
2024-01-04 19:00:00,40.72351506842384,-73.96679396976803,road_0002,arterial,2500,54.1573080437092,60,93.92468563375711,0
2024-01-04 19:00:00,40.7911614698899,-73.9971824244575,road_0003,collector,1162,41.56410357545141,45,76.8502165885221,0
2024-01-04 19:00:00,40.7746287921634,-73.93637254877068,road_0004,collector,786,45.0,45,55.67468721387878,0
2024-01-04 19:00:00,40.77476408309478,-73.96823070091489,road_0005,collector,1500,36.86378150762481,45,93.86894456023875,0
2024-01-04 19:00:00,40.796308181536965,-73.9632723129526,road_0006,arterial,1461,55.754933220074754,60,52.65413330149813,0
2024-01-04 19:00:00,40.70105925421109,-73.79200731226265,road_0007,collector,606,41.01240431661449,45,43.18525766362726,0
2024-01-04 19:00:00,40.74483244518929,-73.97033735860573,road_0008,collector,1500,40.757852556791924,45,96.79321240962885,0
2024-01-04 19:00:00,40.74105839625748,-73.99941744380057,road_0009,arterial,2500,48.16981231609963,60,100.0,0
2024-01-04 19:00:00,40.69591159380505,-73.82426598115977,road_0010,arterial,1495,60.0,60,55.15747165634881,0
2024-01-04 19:00:00,40.65692390877457,-73.74942808238488,road_0011,highway,3812,69.83486758113864,80,97.45525537486849,0
2024-01-04 19:00:00,40.79398843427041,-73.9412929963572,road_0012,collector,905,42.951805826161774,45,59.92243289632865,0
2024-01-04 19:00:00,40.741050449839285,-73.98098885522496,road_0013,arterial,2500,50.95862099931107,60,97.46889182290872,0
2024-01-04 19:00:00,40.76936020671709,-73.98141462047757,road_0014,collector,1500,37.83242365343893,45,100.0,0
2024-01-04 19:00:00,40.72484697982401,-74.01459505800035,road_0015,collector,1500,39.23021660708294,45,100.0,0
2024-01-04 19:00:00,40.73100440294086,-73.98775581733632,road_0016,collector,1500,35.31729464231398,45,100.0,1
2024-01-04 19:00:00,40.75868351619848,-73.94023079983116,road_0017,local,800,28.23279909516383,35,96.85933039400156,0
2024-01-04 19:00:00,40.716165397891224,-73.7396523951108,road_0018,collector,840,45.0,45,54.07293388986956,0
2024-01-04 19:00:00,40.74909586171322,-73.98772674635582,road_0019,collector,1500,41.536783844232346,45,100.0,0
2024-01-04 20:00:00,40.80447246752146,-73.99401551064027,road_0000,arterial,595,60.0,60,20.53695402894305,0
2024-01-04 20:00:00,40.80949107356936,-73.96391243158607,road_0001,local,340,35.0,35,33.95149596089421,0
2024-01-04 20:00:00,40.72351506842384,-73.96679396976803,road_0002,arterial,1138,60.0,60,46.377562647216095,0
2024-01-04 20:00:00,40.7911614698899,-73.9971824244575,road_0003,collector,324,45.0,45,22.736367205566154,0
2024-01-04 20:00:00,40.7746287921634,-73.93637254877068,road_0004,collector,495,45.0,45,35.13378646395772,0
2024-01-04 20:00:00,40.77476408309478,-73.96823070091489,road_0005,collector,1355,37.74564591281999,45,80.78470499738087,0
2024-01-04 20:00:00,40.796308181536965,-73.9632723129526,road_0006,arterial,1193,56.431582876640164,60,43.42488684613533,0
2024-01-04 20:00:00,40.70105925421109,-73.79200731226265,road_0007,collector,479,44.982119995879,45,29.32098628498504,0
2024-01-04 20:00:00,40.74483244518929,-73.97033735860573,road_0008,collector,997,44.70537913607572,45,63.56358113527983,0
2024-01-04 20:00:00,40.74105839625748,-73.99941744380057,road_0009,arterial,1585,55.76198203039899,60,66.20966586284425,0
2024-01-04 20:00:00,40.69591159380505,-73.82426598115977,road_0010,arterial,406,59.99611545462361,60,10.73164765307802,0
2024-01-04 20:00:00,40.65692390877457,-73.74942808238488,road_0011,highway,1743,77.19811855934083,80,49.35581208404095,0
2024-01-04 20:00:00,40.79398843427041,-73.9412929963572,road_0012,collector,505,40.97199506706162,45,27.504130354756697,0
2024-01-04 20:00:00,40.741050449839285,-73.98098885522496,road_0013,arterial,1868,52.123140632518414,60,68.05659409900525,0
2024-01-04 20:00:00,40.76936020671709,-73.98141462047757,road_0014,collector,978,45.0,45,71.79287610705858,0
2024-01-04 20:00:00,40.72484697982401,-74.01459505800035,road_0015,collector,1172,42.317982387949854,45,81.37273012234601,0
2024-01-04 20:00:00,40.73100440294086,-73.98775581733632,road_0016,collector,949,44.0133452134407,45,57.03931159514817,0
2024-01-04 20:00:00,40.75868351619848,-73.94023079983116,road_0017,local,355,35.0,35,49.08541411587162,0
2024-01-04 20:00:00,40.716165397891224,-73.7396523951108,road_0018,collector,326,45.0,45,21.739436460423626,0
2024-01-04 20:00:00,40.74909586171322,-73.98772674635582,road_0019,collector,1180,38.62070008700926,45,85.07949787375622,0
2024-01-04 21:00:00,40.80447246752146,-73.99401551064027,road_0000,arterial,737,60.0,60,22.44201597254255,0
2024-01-04 21:00:00,40.80949107356936,-73.96391243158607,road_0001,local,126,35.0,35,17.365936597069513,0
2024-01-04 21:00:00,40.72351506842384,-73.96679396976803,road_0002,arterial,1846,56.22490660298065,60,77.2755854050973,0
2024-01-04 21:00:00,40.7911614698899,-73.9971824244575,road_0003,collector,229,45.0,45,15.957757561787451,0
2024-01-04 21:00:00,40.7746287921634,-73.93637254877068,road_0004,collector,500,41.09149040774188,45,33.770579239976904,0
2024-01-04 21:00:00,40.77476408309478,-73.96823070091489,road_0005,collector,607,45.0,45,44.96492159915546,0
2024-01-04 21:00:00,40.796308181536965,-73.9632723129526,road_0006,arterial,643,54.1058429050334,60,19.90813427899867,0
2024-01-04 21:00:00,40.70105925421109,-73.79200731226265,road_0007,collector,524,41.99632790006947,45,38.29372238358453,0
2024-01-04 21:00:00,40.74483244518929,-73.97033735860573,road_0008,collector,925,45.0,45,58.07029001523544,0
2024-01-04 21:00:00,40.74105839625748,-73.99941744380057,road_0009,arterial,930,56.37256779050036,60,33.92900703635021,0
2024-01-04 21:00:00,40.69591159380505,-73.82426598115977,road_0010,arterial,477,58.75456254181482,60,27.118322156757653,0
2024-01-04 21:00:00,40.65692390877457,-73.74942808238488,road_0011,highway,794,80.0,80,16.260723336129914,0
2024-01-04 21:00:00,40.79398843427041,-73.9412929963572,road_0012,collector,689,45.0,45,53.15400133277814,0
2024-01-04 21:00:00,40.741050449839285,-73.98098885522496,road_0013,arterial,916,60.0,60,36.9086899425164,0
2024-01-04 21:00:00,40.76936020671709,-73.98141462047757,road_0014,collector,981,45.0,45,73.42355246434713,0
2024-01-04 21:00:00,40.72484697982401,-74.01459505800035,road_0015,collector,765,45.0,45,47.51162265038023,0
2024-01-04 21:00:00,40.73100440294086,-73.98775581733632,road_0016,collector,699,45.0,45,43.13243811496018,0
2024-01-04 21:00:00,40.75868351619848,-73.94023079983116,road_0017,local,127,33.825608766082674,35,14.875484790556051,0
2024-01-04 21:00:00,40.716165397891224,-73.7396523951108,road_0018,collector,338,45.0,45,15.82768827219295,0
2024-01-04 21:00:00,40.74909586171322,-73.98772674635582,road_0019,collector,794,45.0,45,49.325121858533294,0
2024-01-04 22:00:00,40.80447246752146,-73.99401551064027,road_0000,arterial,288,60.0,60,2.984912082147801,0
2024-01-04 22:00:00,40.80949107356936,-73.96391243158607,road_0001,local,238,35.0,35,34.07650686952056,0
2024-01-04 22:00:00,40.72351506842384,-73.96679396976803,road_0002,arterial,853,60.0,60,24.88723109575949,0
2024-01-04 22:00:00,40.7911614698899,-73.9971824244575,road_0003,collector,413,42.9598076249583,45,24.68359990187807,0
2024-01-04 22:00:00,40.7746287921634,-73.93637254877068,road_0004,collector,401,43.54764349042904,45,34.15268533058418,0
2024-01-04 22:00:00,40.77476408309478,-73.96823070091489,road_0005,collector,631,45.0,45,49.72339648022825,0
2024-01-04 22:00:00,40.796308181536965,-73.9632723129526,road_0006,arterial,576,60.0,60,28.026307102848687,0
2024-01-04 22:00:00,40.70105925421109,-73.79200731226265,road_0007,collector,132,45.0,45,17.55100674814677,0
2024-01-04 22:00:00,40.74483244518929,-73.97033735860573,road_0008,collector,542,45.0,45,28.006482385482823,0
2024-01-04 22:00:00,40.74105839625748,-73.99941744380057,road_0009,arterial,934,60.0,60,33.48478490456801,0
2024-01-04 22:00:00,40.69591159380505,-73.82426598115977,road_0010,arterial,309,60.0,60,7.493233797918288,0
2024-01-04 22:00:00,40.65692390877457,-73.74942808238488,road_0011,highway,1053,80.0,80,24.61359624934073,0
2024-01-04 22:00:00,40.79398843427041,-73.9412929963572,road_0012,collector,257,45.0,45,27.066998892026927,0
2024-01-04 22:00:00,40.741050449839285,-73.98098885522496,road_0013,arterial,879,54.248324705223105,60,26.143216583100966,0
2024-01-04 22:00:00,40.76936020671709,-73.98141462047757,road_0014,collector,573,45.0,45,38.947583808877106,0
2024-01-04 22:00:00,40.72484697982401,-74.01459505800035,road_0015,collector,269,44.518549921805345,45,12.674741156816895,0
2024-01-04 22:00:00,40.73100440294086,-73.98775581733632,road_0016,collector,357,45.0,45,18.265108021387213,0
2024-01-04 22:00:00,40.75868351619848,-73.94023079983116,road_0017,local,196,35.0,35,25.581167669204213,0
2024-01-04 22:00:00,40.716165397891224,-73.7396523951108,road_0018,collector,159,41.756694349842455,45,18.66101306205031,0
2024-01-04 22:00:00,40.74909586171322,-73.98772674635582,road_0019,collector,364,45.0,45,32.94024478932537,0
2024-01-04 23:00:00,40.80447246752146,-73.99401551064027,road_0000,arterial,362,60.0,60,4.495790221864375,0
2024-01-04 23:00:00,40.80949107356936,-73.96391243158607,road_0001,local,86,32.959903138106235,35,19.04232909030383,0
2024-01-04 23:00:00,40.72351506842384,-73.96679396976803,road_0002,arterial,591,55.94097402176262,60,25.715102876752262,0
2024-01-04 23:00:00,40.7911614698899,-73.9971824244575,road_0003,collector,276,45.0,45,17.667820176092924,0
2024-01-04 23:00:00,40.7746287921634,-73.93637254877068,road_0004,collector,190,45.0,45,8.719473479402959,0
2024-01-04 23:00:00,40.77476408309478,-73.96823070091489,road_0005,collector,275,44.32069805739908,45,10.897094789542567,0
2024-01-04 23:00:00,40.796308181536965,-73.9632723129526,road_0006,arterial,349,60.0,60,9.200700090137492,0
2024-01-04 23:00:00,40.70105925421109,-73.79200731226265,road_0007,collector,235,41.28572801283976,45,17.943585566821152,0
2024-01-04 23:00:00,40.74483244518929,-73.97033735860573,road_0008,collector,363,45.0,45,27.388464936998325,0
2024-01-04 23:00:00,40.74105839625748,-73.99941744380057,road_0009,arterial,472,60.0,60,10.938922894005723,0
2024-01-04 23:00:00,40.69591159380505,-73.82426598115977,road_0010,arterial,358,57.88960730559058,60,9.298870495937456,0
2024-01-04 23:00:00,40.65692390877457,-73.74942808238488,road_0011,highway,363,80.0,80,5.89595745661247,0
2024-01-04 23:00:00,40.79398843427041,-73.9412929963572,road_0012,collector,339,40.76147104761083,45,21.710033904384407,0
2024-01-04 23:00:00,40.741050449839285,-73.98098885522496,road_0013,arterial,669,59.82457829797265,60,35.65500160420424,0
2024-01-04 23:00:00,40.76936020671709,-73.98141462047757,road_0014,collector,371,45.0,45,15.221153195535265,0
2024-01-04 23:00:00,40.72484697982401,-74.01459505800035,road_0015,collector,344,45.0,45,21.511081960337545,0
2024-01-04 23:00:00,40.73100440294086,-73.98775581733632,road_0016,collector,358,41.960306412266355,45,32.60373526848697,0
2024-01-04 23:00:00,40.75868351619848,-73.94023079983116,road_0017,local,90,32.360587334076975,35,2.0064027310407067,0
2024-01-04 23:00:00,40.716165397891224,-73.7396523951108,road_0018,collector,264,41.45695458017926,45,9.906021806780984,0
2024-01-04 23:00:00,40.74909586171322,-73.98772674635582,road_0019,collector,610,40.52194548827893,45,35.805712656836064,0
2024-01-05 00:00:00,40.80447246752146,-73.99401551064027,road_0000,arterial,169,59.17791206892674,60,0.0,0
2024-01-05 00:00:00,40.80949107356936,-73.96391243158607,road_0001,local,66,35.0,35,3.3198750651438074,0
2024-01-05 00:00:00,40.72351506842384,-73.96679396976803,road_0002,arterial,579,58.54849514597655,60,20.248479839747723,0
2024-01-05 00:00:00,40.7911614698899,-73.9971824244575,road_0003,collector,165,45.0,45,10.032779910376759,0
2024-01-05 00:00:00,40.7746287921634,-73.93637254877068,road_0004,collector,216,41.35284168674265,45,15.6138896275136,0
2024-01-05 00:00:00,40.77476408309478,-73.96823070091489,road_0005,collector,173,45.0,45,5.657387651368911,0
2024-01-05 00:00:00,40.796308181536965,-73.9632723129526,road_0006,arterial,186,60.0,60,9.553984809197512,0
2024-01-05 00:00:00,40.70105925421109,-73.79200731226265,road_0007,collector,135,44.45513251884128,45,10.36638302155851,0
2024-01-05 00:00:00,40.74483244518929,-73.97033735860573,road_0008,collector,148,45.0,45,16.281383482981273,0
2024-01-05 00:00:00,40.74105839625748,-73.99941744380057,road_0009,arterial,535,54.146644100820424,60,13.769234101889635,0
2024-01-05 00:00:00,40.69591159380505,-73.82426598115977,road_0010,arterial,194,57.5487209941949,60,13.565198078833875,0
2024-01-05 00:00:00,40.65692390877457,-73.74942808238488,road_0011,highway,339,75.70099360810134,80,6.685455687028558,0
2024-01-05 00:00:00,40.79398843427041,-73.9412929963572,road_0012,collector,97,42.28306576413337,45,0.0,0
2024-01-05 00:00:00,40.741050449839285,-73.98098885522496,road_0013,arterial,240,60.0,60,5.927508147753658,0
2024-01-05 00:00:00,40.76936020671709,-73.98141462047757,road_0014,collector,167,40.575128377582104,45,8.290156506164,0
2024-01-05 00:00:00,40.72484697982401,-74.01459505800035,road_0015,collector,263,45.0,45,26.33693002791816,0
2024-01-05 00:00:00,40.73100440294086,-73.98775581733632,road_0016,collector,259,43.977586610893745,45,20.342225125789792,0
2024-01-05 00:00:00,40.75868351619848,-73.94023079983116,road_0017,local,81,34.70006591924979,35,1.2059525469945314,0
2024-01-05 00:00:00,40.716165397891224,-73.7396523951108,road_0018,collector,159,45.0,45,2.6932126781579253,0
2024-01-05 00:00:00,40.74909586171322,-73.98772674635582,road_0019,collector,209,44.0989043588421,45,10.265382029881591,0
2024-01-05 01:00:00,40.80447246752146,-73.99401551064027,road_0000,arterial,140,59.29832064918219,60,11.632851796627346,0
2024-01-05 01:00:00,40.80949107356936,-73.96391243158607,road_0001,local,74,34.93279724819578,35,13.371162292760616,0
2024-01-05 01:00:00,40.72351506842384,-73.96679396976803,road_0002,arterial,278,56.65247196198827,60,12.660408033811166,0
2024-01-05 01:00:00,40.7911614698899,-73.9971824244575,road_0003,collector,109,45.0,45,0.0,0
2024-01-05 01:00:00,40.7746287921634,-73.93637254877068,road_0004,collector,91,44.929854358831335,45,3.9621730021003234,0
2024-01-05 01:00:00,40.77476408309478,-73.96823070091489,road_0005,collector,241,40.939604938922606,45,16.816541740131356,0
2024-01-05 01:00:00,40.796308181536965,-73.9632723129526,road_0006,arterial,101,55.455156560876055,60,7.651661858375346,0
2024-01-05 01:00:00,40.70105925421109,-73.79200731226265,road_0007,collector,61,45.0,45,7.023407438831196,0
2024-01-05 01:00:00,40.74483244518929,-73.97033735860573,road_0008,collector,109,42.845818241965304,45,16.074607345577554,0
2024-01-05 01:00:00,40.74105839625748,-73.99941744380057,road_0009,arterial,468,56.01568459649744,60,24.170451835250887,0
2024-01-05 01:00:00,40.69591159380505,-73.82426598115977,road_0010,arterial,236,58.04573298993056,60,11.374459802124342,0
2024-01-05 01:00:00,40.65692390877457,-73.74942808238488,road_0011,highway,175,80.0,80,4.570141338017429,0
2024-01-05 01:00:00,40.79398843427041,-73.9412929963572,road_0012,collector,106,45.0,45,4.3369558140520015,0
2024-01-05 01:00:00,40.741050449839285,-73.98098885522496,road_0013,arterial,365,55.68662788194058,60,12.228176198062467,0
2024-01-05 01:00:00,40.76936020671709,-73.98141462047757,road_0014,collector,225,43.00658152406421,45,23.63825465194912,0
2024-01-05 01:00:00,40.72484697982401,-74.01459505800035,road_0015,collector,215,41.01159798349373,45,16.393610600625095,0
2024-01-05 01:00:00,40.73100440294086,-73.98775581733632,road_0016,collector,255,45.0,45,20.38696701525592,0
2024-01-05 01:00:00,40.75868351619848,-73.94023079983116,road_0017,local,36,33.70451186077794,35,12.077622918257042,0
2024-01-05 01:00:00,40.716165397891224,-73.7396523951108,road_0018,collector,64,40.77871515959333,45,6.232788180587042,0
2024-01-05 01:00:00,40.74909586171322,-73.98772674635582,road_0019,collector,144,45.0,45,8.00670778390998,0
2024-01-05 02:00:00,40.80447246752146,-73.99401551064027,road_0000,arterial,208,60.0,60,1.5527538756918364,0
2024-01-05 02:00:00,40.80949107356936,-73.96391243158607,road_0001,local,38,35.0,35,13.184533389033227,0
2024-01-05 02:00:00,40.72351506842384,-73.96679396976803,road_0002,arterial,270,56.53092665496613,60,4.806796421928848,0
2024-01-05 02:00:00,40.7911614698899,-73.9971824244575,road_0003,collector,85,45.0,45,4.440100602727643,0
2024-01-05 02:00:00,40.7746287921634,-73.93637254877068,road_0004,collector,101,45.0,45,12.577132098838234,0
2024-01-05 02:00:00,40.77476408309478,-73.96823070091489,road_0005,collector,125,43.33325693472511,45,3.8135689410442826,0
2024-01-05 02:00:00,40.796308181536965,-73.9632723129526,road_0006,arterial,81,59.46393516834991,60,0.0,0
2024-01-05 02:00:00,40.70105925421109,-73.79200731226265,road_0007,collector,76,45.0,45,9.472025145614579,0
2024-01-05 02:00:00,40.74483244518929,-73.97033735860573,road_0008,collector,91,43.773440749125086,45,7.436110709803058,0
2024-01-05 02:00:00,40.74105839625748,-73.99941744380057,road_0009,arterial,229,54.47595921250418,60,13.030196740926408,0
2024-01-05 02:00:00,40.69591159380505,-73.82426598115977,road_0010,arterial,140,56.654770262013486,60,8.333858287158836,0
2024-01-05 02:00:00,40.65692390877457,-73.74942808238488,road_0011,highway,226,80.0,80,5.114263737687976,0
2024-01-05 02:00:00,40.79398843427041,-73.9412929963572,road_0012,collector,91,45.0,45,6.02405027695305,0
2024-01-05 02:00:00,40.741050449839285,-73.98098885522496,road_0013,arterial,253,58.87205935284018,60,4.7216898371494995,0
2024-01-05 02:00:00,40.76936020671709,-73.98141462047757,road_0014,collector,142,45.0,45,9.955393583821653,0
2024-01-05 02:00:00,40.72484697982401,-74.01459505800035,road_0015,collector,113,41.48331460105503,45,2.445964814309624,0
2024-01-05 02:00:00,40.73100440294086,-73.98775581733632,road_0016,collector,131,45.0,45,4.160961234925024,0
2024-01-05 02:00:00,40.75868351619848,-73.94023079983116,road_0017,local,45,33.37788201981889,35,15.219686695477193,0
2024-01-05 02:00:00,40.716165397891224,-73.7396523951108,road_0018,collector,41,41.40677212880235,45,1.7530633863002079,0
2024-01-05 02:00:00,40.74909586171322,-73.98772674635582,road_0019,collector,143,41.74735551339695,45,16.937267143178175,0
2024-01-05 03:00:00,40.80447246752146,-73.99401551064027,road_0000,arterial,79,60.0,60,12.365327169841333,0
2024-01-05 03:00:00,40.80949107356936,-73.96391243158607,road_0001,local,53,33.14129228305211,35,3.351254550099111,0
2024-01-05 03:00:00,40.72351506842384,-73.96679396976803,road_0002,arterial,206,57.08502729782051,60,10.875496873055107,0
2024-01-05 03:00:00,40.7911614698899,-73.9971824244575,road_0003,collector,100,40.63358470676099,45,15.979730161994915,0
2024-01-05 03:00:00,40.7746287921634,-73.93637254877068,road_0004,collector,75,45.0,45,3.9824682786050154,0
2024-01-05 03:00:00,40.77476408309478,-73.96823070091489,road_0005,collector,112,45.0,45,12.121134974932797,0
2024-01-05 03:00:00,40.796308181536965,-73.9632723129526,road_0006,arterial,161,60.0,60,8.63057019508127,0
2024-01-05 03:00:00,40.70105925421109,-73.79200731226265,road_0007,collector,57,41.776586512073195,45,0.07564286611457494,0
2024-01-05 03:00:00,40.74483244518929,-73.97033735860573,road_0008,collector,77,45.0,45,8.794724837135817,0
2024-01-05 03:00:00,40.74105839625748,-73.99941744380057,road_0009,arterial,317,60.0,60,3.720916775122628,0
2024-01-05 03:00:00,40.69591159380505,-73.82426598115977,road_0010,arterial,142,60.0,60,7.397261010558432,0
2024-01-05 03:00:00,40.65692390877457,-73.74942808238488,road_0011,highway,210,75.05674436939341,80,0.0,0
2024-01-05 03:00:00,40.79398843427041,-73.9412929963572,road_0012,collector,80,45.0,45,11.657890370589337,0
2024-01-05 03:00:00,40.741050449839285,-73.98098885522496,road_0013,arterial,151,60.0,60,12.063430065906495,0
2024-01-05 03:00:00,40.76936020671709,-73.98141462047757,road_0014,collector,89,45.0,45,10.77953824400782,0
2024-01-05 03:00:00,40.72484697982401,-74.01459505800035,road_0015,collector,114,45.0,45,17.07485164076987,0
2024-01-05 03:00:00,40.73100440294086,-73.98775581733632,road_0016,collector,103,42.67950868097198,45,11.48872632673791,0
2024-01-05 03:00:00,40.75868351619848,-73.94023079983116,road_0017,local,31,35.0,35,0.0,0
2024-01-05 03:00:00,40.716165397891224,-73.7396523951108,road_0018,collector,45,40.502181488895566,45,0.0,0
2024-01-05 03:00:00,40.74909586171322,-73.98772674635582,road_0019,collector,115,42.602260513156054,45,15.013759448973824,0
2024-01-05 04:00:00,40.80447246752146,-73.99401551064027,road_0000,arterial,269,58.48209203375737,60,20.178094228997388,0
2024-01-05 04:00:00,40.80949107356936,-73.96391243158607,road_0001,local,63,35.0,35,5.799946936328119,0
2024-01-05 04:00:00,40.72351506842384,-73.96679396976803,road_0002,arterial,293,60.0,60,4.125419262572137,0
2024-01-05 04:00:00,40.7911614698899,-73.9971824244575,road_0003,collector,132,40.69945920773804,45,17.818827037316687,0
2024-01-05 04:00:00,40.7746287921634,-73.93637254877068,road_0004,collector,118,42.770029811118484,45,4.285375433055473,0
2024-01-05 04:00:00,40.77476408309478,-73.96823070091489,road_0005,collector,216,45.0,45,6.462935217567219,0
2024-01-05 04:00:00,40.796308181536965,-73.9632723129526,road_0006,arterial,228,58.61889638504978,60,13.360159223963255,0
2024-01-05 04:00:00,40.70105925421109,-73.79200731226265,road_0007,collector,100,41.639779478500365,45,15.922362826281311,0
2024-01-05 04:00:00,40.74483244518929,-73.97033735860573,road_0008,collector,170,43.76761899779971,45,8.859569672433285,0
2024-01-05 04:00:00,40.74105839625748,-73.99941744380057,road_0009,arterial,197,56.33719980148891,60,6.604288342400907,0
2024-01-05 04:00:00,40.69591159380505,-73.82426598115977,road_0010,arterial,238,57.58069849326669,60,9.247832561777878,0
2024-01-05 04:00:00,40.65692390877457,-73.74942808238488,road_0011,highway,271,80.0,80,1.4951586064742415,0
2024-01-05 04:00:00,40.79398843427041,-73.9412929963572,road_0012,collector,60,41.87647259771336,45,0.0,0
2024-01-05 04:00:00,40.741050449839285,-73.98098885522496,road_0013,arterial,225,55.790667088180825,60,4.776199399081792,0
2024-01-05 04:00:00,40.76936020671709,-73.98141462047757,road_0014,collector,166,43.78237781757812,45,11.46987112715458,0
2024-01-05 04:00:00,40.72484697982401,-74.01459505800035,road_0015,collector,238,42.36151548123552,45,12.566838065820583,0
2024-01-05 04:00:00,40.73100440294086,-73.98775581733632,road_0016,collector,152,43.105562578307804,45,13.679412519296154,0
2024-01-05 04:00:00,40.75868351619848,-73.94023079983116,road_0017,local,58,34.35169454014155,35,1.075783133930286,0
2024-01-05 04:00:00,40.716165397891224,-73.7396523951108,road_0018,collector,131,42.795411572301404,45,12.014815757330014,0
2024-01-05 04:00:00,40.74909586171322,-73.98772674635582,road_0019,collector,121,41.9186829999283,45,4.174936637521693,0
2024-01-05 05:00:00,40.80447246752146,-73.99401551064027,road_0000,arterial,320,60.0,60,3.116761418897486,0
2024-01-05 05:00:00,40.80949107356936,-73.96391243158607,road_0001,local,117,33.69126183881392,35,15.881604744292058,0
2024-01-05 05:00:00,40.72351506842384,-73.96679396976803,road_0002,arterial,550,56.291199762564965,60,29.425539762423142,0
2024-01-05 05:00:00,40.7911614698899,-73.9971824244575,road_0003,collector,181,45.0,45,9.06457593961464,0
2024-01-05 05:00:00,40.7746287921634,-73.93637254877068,road_0004,collector,183,45.0,45,13.98663289895456,0
2024-01-05 05:00:00,40.77476408309478,-73.96823070091489,road_0005,collector,265,45.0,45,23.605616746979585,0
2024-01-05 05:00:00,40.796308181536965,-73.9632723129526,road_0006,arterial,266,60.0,60,14.694765985791737,0
2024-01-05 05:00:00,40.70105925421109,-73.79200731226265,road_0007,collector,190,45.0,45,16.87013199846988,0
2024-01-05 05:00:00,40.74483244518929,-73.97033735860573,road_0008,collector,203,45.0,45,10.192338272580798,0
2024-01-05 05:00:00,40.74105839625748,-73.99941744380057,road_0009,arterial,475,60.0,60,27.26411923628345,0
2024-01-05 05:00:00,40.69591159380505,-73.82426598115977,road_0010,arterial,543,60.0,60,11.933402540123254,0
2024-01-05 05:00:00,40.65692390877457,-73.74942808238488,road_0011,highway,556,80.0,80,8.936294040182636,0
2024-01-05 05:00:00,40.79398843427041,-73.9412929963572,road_0012,collector,305,42.1403159977373,45,12.045324389788698,0
2024-01-05 05:00:00,40.741050449839285,-73.98098885522496,road_0013,arterial,618,54.13706468922756,60,31.057559717875655,0
2024-01-05 05:00:00,40.76936020671709,-73.98141462047757,road_0014,collector,401,45.0,45,28.963230387717314,0
2024-01-05 05:00:00,40.72484697982401,-74.01459505800035,road_0015,collector,268,45.0,45,9.25958402163198,0
2024-01-05 05:00:00,40.73100440294086,-73.98775581733632,road_0016,collector,414,44.26348440121664,45,27.794710200078743,0
2024-01-05 05:00:00,40.75868351619848,-73.94023079983116,road_0017,local,97,35.0,35,8.836144033933143,0
2024-01-05 05:00:00,40.716165397891224,-73.7396523951108,road_0018,collector,247,45.0,45,18.22257476799411,0
2024-01-05 05:00:00,40.74909586171322,-73.98772674635582,road_0019,collector,340,45.0,45,14.156875903039467,0
2024-01-05 06:00:00,40.80447246752146,-73.99401551064027,road_0000,arterial,1268,55.71921828961183,60,42.13832382877139,0
2024-01-05 06:00:00,40.80949107356936,-73.96391243158607,road_0001,local,374,35.0,35,49.10389172377182,0
2024-01-05 06:00:00,40.72351506842384,-73.96679396976803,road_0002,arterial,799,57.01918588150008,60,37.725504163416595,0
2024-01-05 06:00:00,40.7911614698899,-73.9971824244575,road_0003,collector,521,42.218061892509,45,25.539936554363592,0
2024-01-05 06:00:00,40.7746287921634,-73.93637254877068,road_0004,collector,327,45.0,45,20.16898994350916,0
2024-01-05 06:00:00,40.77476408309478,-73.96823070091489,road_0005,collector,660,45.0,45,34.58341337148149,0
2024-01-05 06:00:00,40.796308181536965,-73.9632723129526,road_0006,arterial,686,60.0,60,34.778820856610245,0
2024-01-05 06:00:00,40.70105925421109,-73.79200731226265,road_0007,collector,523,45.0,45,27.485291709202215,0
2024-01-05 06:00:00,40.74483244518929,-73.97033735860573,road_0008,collector,531,45.0,45,26.700015778977768,0
2024-01-05 06:00:00,40.74105839625748,-73.99941744380057,road_0009,arterial,948,59.39079567923289,60,45.204612045231144,0
2024-01-05 06:00:00,40.69591159380505,-73.82426598115977,road_0010,arterial,845,59.06602447966597,60,39.861512846754906,0
2024-01-05 06:00:00,40.65692390877457,-73.74942808238488,road_0011,highway,1310,79.6445201860371,80,41.56931575685587,0
2024-01-05 06:00:00,40.79398843427041,-73.9412929963572,road_0012,collector,532,45.0,45,41.89822050188343,0
2024-01-05 06:00:00,40.741050449839285,-73.98098885522496,road_0013,arterial,865,60.0,60,43.96145005819356,0
2024-01-05 06:00:00,40.76936020671709,-73.98141462047757,road_0014,collector,774,45.0,45,50.9571892526832,0
2024-01-05 06:00:00,40.72484697982401,-74.01459505800035,road_0015,collector,791,44.91462971539499,45,59.7821110461708,0
2024-01-05 06:00:00,40.73100440294086,-73.98775581733632,road_0016,collector,498,45.0,45,28.838591035031218,0
2024-01-05 06:00:00,40.75868351619848,-73.94023079983116,road_0017,local,135,32.42428393638442,35,23.128860867515648,0
2024-01-05 06:00:00,40.716165397891224,-73.7396523951108,road_0018,collector,294,45.0,45,19.94241776226661,0
2024-01-05 06:00:00,40.74909586171322,-73.98772674635582,road_0019,collector,946,40.555530363958,45,65.43359280757582,0
2024-01-05 07:00:00,40.80447246752146,-73.99401551064027,road_0000,arterial,1492,60.0,60,57.61778786178079,0
2024-01-05 07:00:00,40.80949107356936,-73.96391243158607,road_0001,local,730,29.970956254214368,35,84.66520566900772,0
2024-01-05 07:00:00,40.72351506842384,-73.96679396976803,road_0002,arterial,2500,48.737503672718965,60,100.0,0
2024-01-05 07:00:00,40.7911614698899,-73.9971824244575,road_0003,collector,1500,39.064024376075174,45,95.15879013573802,0
2024-01-05 07:00:00,40.7746287921634,-73.93637254877068,road_0004,collector,1500,35.923270697219316,45,100.0,1
2024-01-05 07:00:00,40.77476408309478,-73.96823070091489,road_0005,collector,1500,40.818229451000704,45,100.0,0
2024-01-05 07:00:00,40.796308181536965,-73.9632723129526,road_0006,arterial,2500,51.65126380263137,60,100.0,0
2024-01-05 07:00:00,40.70105925421109,-73.79200731226265,road_0007,collector,1397,43.926583150476986,45,93.11405679141497,0
2024-01-05 07:00:00,40.74483244518929,-73.97033735860573,road_0008,collector,1500,36.855295525018335,45,99.08965465910714,0
2024-01-05 07:00:00,40.74105839625748,-73.99941744380057,road_0009,arterial,2009,55.11207156307236,60,80.5544634320713,0
2024-01-05 07:00:00,40.69591159380505,-73.82426598115977,road_0010,arterial,1687,57.6336598211615,60,64.48544741338654,0
2024-01-05 07:00:00,40.65692390877457,-73.74942808238488,road_0011,highway,1297,80.0,80,37.93319029184989,0
2024-01-05 07:00:00,40.79398843427041,-73.9412929963572,road_0012,collector,1421,38.1713100197095,45,96.16990875698716,0
2024-01-05 07:00:00,40.741050449839285,-73.98098885522496,road_0013,arterial,2473,50.46344438760997,60,91.52681447138144,0
2024-01-05 07:00:00,40.76936020671709,-73.98141462047757,road_0014,collector,1500,36.23731784375736,45,96.17265297047902,0
2024-01-05 07:00:00,40.72484697982401,-74.01459505800035,road_0015,collector,1500,41.96687580110471,45,91.28087047729576,0
2024-01-05 07:00:00,40.73100440294086,-73.98775581733632,road_0016,collector,1500,35.39061744283955,45,99.00190537181719,1
2024-01-05 07:00:00,40.75868351619848,-73.94023079983116,road_0017,local,776,29.08548426062177,35,92.40116932203111,0
2024-01-05 07:00:00,40.716165397891224,-73.7396523951108,road_0018,collector,981,45.0,45,58.993185780598246,0
2024-01-05 07:00:00,40.74909586171322,-73.98772674635582,road_0019,collector,1500,41.366086450000104,45,92.34951797752986,0
2024-01-05 08:00:00,40.80447246752146,-73.99401551064027,road_0000,arterial,2500,51.56397171005041,60,100.0,0
2024-01-05 08:00:00,40.80949107356936,-73.96391243158607,road_0001,local,800,29.716400276730983,35,100.0,0
2024-01-05 08:00:00,40.72351506842384,-73.96679396976803,road_0002,arterial,2500,56.363330620181735,60,100.0,0
2024-01-05 08:00:00,40.7911614698899,-73.9971824244575,road_0003,collector,1500,37.19475393003613,45,100.0,0
2024-01-05 08:00:00,40.7746287921634,-73.93637254877068,road_0004,collector,1500,35.33685526679502,45,95.89862271607728,1
2024-01-05 08:00:00,40.77476408309478,-73.96823070091489,road_0005,collector,1500,36.5564541788875,45,98.87199402636375,0
2024-01-05 08:00:00,40.796308181536965,-73.9632723129526,road_0006,arterial,2500,53.74009514232972,60,91.70400955119324,0
2024-01-05 08:00:00,40.70105925421109,-73.79200731226265,road_0007,collector,1500,37.15773221587154,45,90.06041742712323,0
2024-01-05 08:00:00,40.74483244518929,-73.97033735860573,road_0008,collector,1500,41.21032164298076,45,100.0,0
2024-01-05 08:00:00,40.74105839625748,-73.99941744380057,road_0009,arterial,2500,48.84749262901166,60,94.63165982577999,0
2024-01-05 08:00:00,40.69591159380505,-73.82426598115977,road_0010,arterial,2167,60.0,60,86.05303273992772,0
2024-01-05 08:00:00,40.65692390877457,-73.74942808238488,road_0011,highway,2695,78.46460411174269,80,77.26075971522118,0
2024-01-05 08:00:00,40.79398843427041,-73.9412929963572,road_0012,collector,1155,41.11589490994264,45,75.48985665353071,0
2024-01-05 08:00:00,40.741050449839285,-73.98098885522496,road_0013,arterial,2500,54.60863904748031,60,93.06729654831491,0
2024-01-05 08:00:00,40.76936020671709,-73.98141462047757,road_0014,collector,1500,37.47078856246868,45,100.0,0
2024-01-05 08:00:00,40.72484697982401,-74.01459505800035,road_0015,collector,1500,40.60197797440682,45,100.0,0
2024-01-05 08:00:00,40.73100440294086,-73.98775581733632,road_0016,collector,1500,42.443213542982065,45,100.0,0
2024-01-05 08:00:00,40.75868351619848,-73.94023079983116,road_0017,local,800,29.974541849137026,35,99.04646955268592,0
2024-01-05 08:00:00,40.716165397891224,-73.7396523951108,road_0018,collector,793,40.231147828430935,45,53.6150054386628,0
2024-01-05 08:00:00,40.74909586171322,-73.98772674635582,road_0019,collector,1500,40.1881851302395,45,100.0,0
2024-01-05 09:00:00,40.80447246752146,-73.99401551064027,road_0000,arterial,2500,55.17233580949261,60,100.0,0
2024-01-05 09:00:00,40.80949107356936,-73.96391243158607,road_0001,local,763,33.548962276406485,35,88.10001130183956,0
2024-01-05 09:00:00,40.72351506842384,-73.96679396976803,road_0002,arterial,2500,53.99156991250436,60,100.0,0
2024-01-05 09:00:00,40.7911614698899,-73.9971824244575,road_0003,collector,1500,39.237130830745976,45,97.96109681357875,0
2024-01-05 09:00:00,40.7746287921634,-73.93637254877068,road_0004,collector,1500,35.9662704734974,45,97.76242913536994,1
2024-01-05 09:00:00,40.77476408309478,-73.96823070091489,road_0005,collector,1500,38.45108722541321,45,100.0,0
2024-01-05 09:00:00,40.796308181536965,-73.9632723129526,road_0006,arterial,2425,53.95903723995859,60,88.34187465259757,0
2024-01-05 09:00:00,40.70105925421109,-73.79200731226265,road_0007,collector,1396,43.66334052573707,45,86.47727445454217,0
2024-01-05 09:00:00,40.74483244518929,-73.97033735860573,road_0008,collector,1500,39.45939139641289,45,99.70561434220397,0
2024-01-05 09:00:00,40.74105839625748,-73.99941744380057,road_0009,arterial,2500,49.81995789532886,60,98.96321746738005,0
2024-01-05 09:00:00,40.69591159380505,-73.82426598115977,road_0010,arterial,1422,56.338381644596275,60,52.617337499655875,0
2024-01-05 09:00:00,40.65692390877457,-73.74942808238488,road_0011,highway,2903,71.77814526351195,80,76.12722364199189,0
2024-01-05 09:00:00,40.79398843427041,-73.9412929963572,road_0012,collector,1051,45.0,45,65.4661394037759,0
2024-01-05 09:00:00,40.741050449839285,-73.98098885522496,road_0013,arterial,2500,51.864250934996946,60,99.27095678517844,0
2024-01-05 09:00:00,40.76936020671709,-73.98141462047757,road_0014,collector,1500,40.46671722108345,45,100.0,0
2024-01-05 09:00:00,40.72484697982401,-74.01459505800035,road_0015,collector,1500,42.31755522216845,45,98.05780062100098,0
2024-01-05 09:00:00,40.73100440294086,-73.98775581733632,road_0016,collector,1500,37.93907032907822,45,100.0,0
2024-01-05 09:00:00,40.75868351619848,-73.94023079983116,road_0017,local,800,31.738323499778456,35,98.36726076857586,0
2024-01-05 09:00:00,40.716165397891224,-73.7396523951108,road_0018,collector,1133,42.115857008789376,45,74.56427378968182,0
2024-01-05 09:00:00,40.74909586171322,-73.98772674635582,road_0019,collector,1500,42.08469841355078,45,100.0,0
2024-01-05 10:00:00,40.80447246752146,-73.99401551064027,road_0000,arterial,1185,54.85772760506546,60,57.26327477866957,0
2024-01-05 10:00:00,40.80949107356936,-73.96391243158607,road_0001,local,314,32.06978252677859,35,48.416553729627736,0
2024-01-05 10:00:00,40.72351506842384,-73.96679396976803,road_0002,arterial,797,56.07311552242746,60,41.80025566764496,0
2024-01-05 10:00:00,40.7911614698899,-73.9971824244575,road_0003,collector,753,45.0,45,40.60803221376413,0
2024-01-05 10:00:00,40.7746287921634,-73.93637254877068,road_0004,collector,602,45.0,45,35.80255631861492,0
2024-01-05 10:00:00,40.77476408309478,-73.96823070091489,road_0005,collector,1019,42.81544362034601,45,58.62931733070034,0
2024-01-05 10:00:00,40.796308181536965,-73.9632723129526,road_0006,arterial,999,59.25764689530364,60,45.967283769106906,0
2024-01-05 10:00:00,40.70105925421109,-73.79200731226265,road_0007,collector,603,44.152061416487385,45,46.74316296855247,0
2024-01-05 10:00:00,40.74483244518929,-73.97033735860573,road_0008,collector,713,44.203844957560065,45,48.25717891897742,0
2024-01-05 10:00:00,40.74105839625748,-73.99941744380057,road_0009,arterial,1305,55.9418090814306,60,56.572074813803916,0
2024-01-05 10:00:00,40.69591159380505,-73.82426598115977,road_0010,arterial,615,60.0,60,19.15556683235603,0
2024-01-05 10:00:00,40.65692390877457,-73.74942808238488,road_0011,highway,1218,75.15964573393012,80,31.193386432080576,0
2024-01-05 10:00:00,40.79398843427041,-73.9412929963572,road_0012,collector,522,44.111799755227,45,33.47447405662842,0
2024-01-05 10:00:00,40.741050449839285,-73.98098885522496,road_0013,arterial,952,60.0,60,39.16339443222001,0
2024-01-05 10:00:00,40.76936020671709,-73.98141462047757,road_0014,collector,1024,45.0,45,63.31112935127904,0
2024-01-05 10:00:00,40.72484697982401,-74.01459505800035,road_0015,collector,1189,40.05557570767304,45,79.21965775677103,0
2024-01-05 10:00:00,40.73100440294086,-73.98775581733632,road_0016,collector,552,45.0,45,29.673752503684252,0
2024-01-05 10:00:00,40.75868351619848,-73.94023079983116,road_0017,local,311,35.0,35,29.059831768110286,0
2024-01-05 10:00:00,40.716165397891224,-73.7396523951108,road_0018,collector,388,45.0,45,22.605104928201577,0
2024-01-05 10:00:00,40.74909586171322,-73.98772674635582,road_0019,collector,825,41.62123660598522,45,49.45900017115508,0
2024-01-05 11:00:00,40.80447246752146,-73.99401551064027,road_0000,arterial,1229,53.67461210645726,60,44.43612149892715,0
2024-01-05 11:00:00,40.80949107356936,-73.96391243158607,road_0001,local,419,35.0,35,61.6324098800362,0
2024-01-05 11:00:00,40.72351506842384,-73.96679396976803,road_0002,arterial,1860,60.0,60,82.95801259724055,0
2024-01-05 11:00:00,40.7911614698899,-73.9971824244575,road_0003,collector,557,44.91170192608254,45,32.3860055806548,0
2024-01-05 11:00:00,40.7746287921634,-73.93637254877068,road_0004,collector,908,45.0,45,51.88926124989558,0
2024-01-05 11:00:00,40.77476408309478,-73.96823070091489,road_0005,collector,1303,40.85033854683321,45,90.14918145233368,0
2024-01-05 11:00:00,40.796308181536965,-73.9632723129526,road_0006,arterial,1906,59.29318347182821,60,76.74863996619284,0
2024-01-05 11:00:00,40.70105925421109,-73.79200731226265,road_0007,collector,799,45.0,45,49.531681476443104,0
2024-01-05 11:00:00,40.74483244518929,-73.97033735860573,road_0008,collector,793,45.0,45,60.18121140880253,0
2024-01-05 11:00:00,40.74105839625748,-73.99941744380057,road_0009,arterial,1500,56.31449598870871,60,57.11936781664473,0
2024-01-05 11:00:00,40.69591159380505,-73.82426598115977,road_0010,arterial,766,59.37151781201686,60,25.68139773700343,0
2024-01-05 11:00:00,40.65692390877457,-73.74942808238488,road_0011,highway,1693,72.92866293465862,80,40.146844882964416,0
2024-01-05 11:00:00,40.79398843427041,-73.9412929963572,road_0012,collector,482,44.19814735003596,45,34.12060436809865,0
2024-01-05 11:00:00,40.741050449839285,-73.98098885522496,road_0013,arterial,1430,59.107756491659124,60,57.53093020778524,0
2024-01-05 11:00:00,40.76936020671709,-73.98141462047757,road_0014,collector,638,41.206961834149126,45,35.004783145323145,0
2024-01-05 11:00:00,40.72484697982401,-74.01459505800035,road_0015,collector,1076,40.45538687291503,45,66.7619363770826,0
2024-01-05 11:00:00,40.73100440294086,-73.98775581733632,road_0016,collector,1500,37.78095360460795,45,94.60989674703042,0
2024-01-05 11:00:00,40.75868351619848,-73.94023079983116,road_0017,local,290,35.0,35,26.642210649485072,0
2024-01-05 11:00:00,40.716165397891224,-73.7396523951108,road_0018,collector,703,45.0,45,40.15452035323495,0
2024-01-05 11:00:00,40.74909586171322,-73.98772674635582,road_0019,collector,1439,37.29331553525259,45,93.90451781621589,0
2024-01-05 12:00:00,40.80447246752146,-73.99401551064027,road_0000,arterial,967,58.739703046431885,60,39.80472788051546,0
2024-01-05 12:00:00,40.80949107356936,-73.96391243158607,road_0001,local,526,32.21147636993081,35,75.22384269700397,0
2024-01-05 12:00:00,40.72351506842384,-73.96679396976803,road_0002,arterial,2408,56.942827870181624,60,89.18162790834627,0
2024-01-05 12:00:00,40.7911614698899,-73.9971824244575,road_0003,collector,724,44.38447053611493,45,49.5955403683992,0
2024-01-05 12:00:00,40.7746287921634,-73.93637254877068,road_0004,collector,898,45.0,45,51.62212494913548,0
2024-01-05 12:00:00,40.77476408309478,-73.96823070091489,road_0005,collector,1385,42.33420861407453,45,85.14640011800667,0
2024-01-05 12:00:00,40.796308181536965,-73.9632723129526,road_0006,arterial,1246,59.53025377360484,60,42.57933269088472,0
2024-01-05 12:00:00,40.70105925421109,-73.79200731226265,road_0007,collector,431,42.780638839238776,45,34.00563931256647,0
2024-01-05 12:00:00,40.74483244518929,-73.97033735860573,road_0008,collector,1455,42.436854602902095,45,100.0,0
2024-01-05 12:00:00,40.74105839625748,-73.99941744380057,road_0009,arterial,2106,51.578783157226475,60,75.05018345882644,0
2024-01-05 12:00:00,40.69591159380505,-73.82426598115977,road_0010,arterial,771,58.07638859553194,60,37.75489756651527,0
2024-01-05 12:00:00,40.65692390877457,-73.74942808238488,road_0011,highway,2175,76.7100049780796,80,56.09864708176682,0
2024-01-05 12:00:00,40.79398843427041,-73.9412929963572,road_0012,collector,827,45.0,45,46.81080810437358,0
2024-01-05 12:00:00,40.741050449839285,-73.98098885522496,road_0013,arterial,1130,57.26348816265425,60,52.77061498414312,0
2024-01-05 12:00:00,40.76936020671709,-73.98141462047757,road_0014,collector,1310,39.41931724734603,45,85.16241874922275,0
2024-01-05 12:00:00,40.72484697982401,-74.01459505800035,road_0015,collector,1023,43.686163847407286,45,72.60832138184686,0
2024-01-05 12:00:00,40.73100440294086,-73.98775581733632,road_0016,collector,1418,40.8629330813835,45,94.59469978597389,0
2024-01-05 12:00:00,40.75868351619848,-73.94023079983116,road_0017,local,498,35.0,35,63.71999169870433,0
2024-01-05 12:00:00,40.716165397891224,-73.7396523951108,road_0018,collector,581,45.0,45,29.114201518819172,0
2024-01-05 12:00:00,40.74909586171322,-73.98772674635582,road_0019,collector,1500,35.56863404196041,45,98.78058487960897,1
2024-01-05 13:00:00,40.80447246752146,-73.99401551064027,road_0000,arterial,1689,60.0,60,58.13993488671896,0
2024-01-05 13:00:00,40.80949107356936,-73.96391243158607,road_0001,local,330,31.813270606607464,35,35.53543618620519,0
2024-01-05 13:00:00,40.72351506842384,-73.96679396976803,road_0002,arterial,2078,59.542013732201035,60,83.2348459671089,0
2024-01-05 13:00:00,40.7911614698899,-73.9971824244575,road_0003,collector,1031,45.0,45,58.98846292748195,0
2024-01-05 13:00:00,40.7746287921634,-73.93637254877068,road_0004,collector,705,43.334938514783566,45,49.981612040377684,0
2024-01-05 13:00:00,40.77476408309478,-73.96823070091489,road_0005,collector,1311,37.276568016752854,45,90.83023614562076,0
2024-01-05 13:00:00,40.796308181536965,-73.9632723129526,road_0006,arterial,1449,57.03067824068392,60,49.857684602951494,0
2024-01-05 13:00:00,40.70105925421109,-73.79200731226265,road_0007,collector,465,44.42468618646027,45,32.702433218542495,0
2024-01-05 13:00:00,40.74483244518929,-73.97033735860573,road_0008,collector,595,45.0,45,45.87532493813008,0
2024-01-05 13:00:00,40.74105839625748,-73.99941744380057,road_0009,arterial,2412,48.84732006361442,60,92.69946042766067,0
2024-01-05 13:00:00,40.69591159380505,-73.82426598115977,road_0010,arterial,889,59.78277566969734,60,45.16941595566142,0
2024-01-05 13:00:00,40.65692390877457,-73.74942808238488,road_0011,highway,751,80.0,80,15.216611506325314,0
2024-01-05 13:00:00,40.79398843427041,-73.9412929963572,road_0012,collector,536,45.0,45,33.035006799021346,0
2024-01-05 13:00:00,40.741050449839285,-73.98098885522496,road_0013,arterial,2500,53.49687461271491,60,100.0,0
2024-01-05 13:00:00,40.76936020671709,-73.98141462047757,road_0014,collector,1318,45.0,45,88.9412312946339,0
2024-01-05 13:00:00,40.72484697982401,-74.01459505800035,road_0015,collector,1498,36.93064638705577,45,100.0,0
2024-01-05 13:00:00,40.73100440294086,-73.98775581733632,road_0016,collector,687,45.0,45,46.081613912385464,0
2024-01-05 13:00:00,40.75868351619848,-73.94023079983116,road_0017,local,386,31.511239021231805,35,48.79141877026917,0
2024-01-05 13:00:00,40.716165397891224,-73.7396523951108,road_0018,collector,742,45.0,45,42.616677628182735,0
2024-01-05 13:00:00,40.74909586171322,-73.98772674635582,road_0019,collector,1255,45.0,45,76.13593814128139,0
2024-01-05 14:00:00,40.80447246752146,-73.99401551064027,road_0000,arterial,885,60.0,60,28.8264908890875,0
2024-01-05 14:00:00,40.80949107356936,-73.96391243158607,road_0001,local,409,35.0,35,42.88512055022905,0
2024-01-05 14:00:00,40.72351506842384,-73.96679396976803,road_0002,arterial,1373,57.89080036355803,60,54.167228944954786,0
2024-01-05 14:00:00,40.7911614698899,-73.9971824244575,road_0003,collector,1028,45.0,45,64.60239766232546,0
2024-01-05 14:00:00,40.7746287921634,-73.93637254877068,road_0004,collector,971,44.5200094008111,45,59.64833957705109,0
2024-01-05 14:00:00,40.77476408309478,-73.96823070091489,road_0005,collector,889,44.75509517997445,45,49.37315047808795,0
2024-01-05 14:00:00,40.796308181536965,-73.9632723129526,road_0006,arterial,872,60.0,60,37.77812647729834,0
2024-01-05 14:00:00,40.70105925421109,-73.79200731226265,road_0007,collector,662,44.91989546450028,45,39.42527557095393,0
2024-01-05 14:00:00,40.74483244518929,-73.97033735860573,road_0008,collector,760,45.0,45,51.802909529481475,0
2024-01-05 14:00:00,40.74105839625748,-73.99941744380057,road_0009,arterial,1956,51.884615550573734,60,79.66679056906153,0
2024-01-05 14:00:00,40.69591159380505,-73.82426598115977,road_0010,arterial,595,54.929305094988784,60,19.299583839472803,0
2024-01-05 14:00:00,40.65692390877457,-73.74942808238488,road_0011,highway,1346,80.0,80,30.224919766992137,0
2024-01-05 14:00:00,40.79398843427041,-73.9412929963572,road_0012,collector,696,45.0,45,51.49745057817122,0
2024-01-05 14:00:00,40.741050449839285,-73.98098885522496,road_0013,arterial,1895,59.415896080801055,60,66.02779336177105,0
2024-01-05 14:00:00,40.76936020671709,-73.98141462047757,road_0014,collector,1033,44.29480399779804,45,75.22636208821076,0
2024-01-05 14:00:00,40.72484697982401,-74.01459505800035,road_0015,collector,676,44.51368446819188,45,41.87436342021765,0
2024-01-05 14:00:00,40.73100440294086,-73.98775581733632,road_0016,collector,811,45.0,45,47.37407517693038,0
2024-01-05 14:00:00,40.75868351619848,-73.94023079983116,road_0017,local,265,35.0,35,41.3965602280539,0
2024-01-05 14:00:00,40.716165397891224,-73.7396523951108,road_0018,collector,619,43.376495870070755,45,43.86735821751543,0
2024-01-05 14:00:00,40.74909586171322,-73.98772674635582,road_0019,collector,1003,44.3848676873969,45,66.82926015034627,0
2024-01-05 15:00:00,40.80447246752146,-73.99401551064027,road_0000,arterial,944,54.46124052274685,60,29.437959212578185,0
2024-01-05 15:00:00,40.80949107356936,-73.96391243158607,road_0001,local,254,35.0,35,23.825494172694814,0
2024-01-05 15:00:00,40.72351506842384,-73.96679396976803,road_0002,arterial,1146,60.0,60,41.29115497630801,0
2024-01-05 15:00:00,40.7911614698899,-73.9971824244575,road_0003,collector,675,43.669016778516315,45,45.352778713788695,0
2024-01-05 15:00:00,40.7746287921634,-73.93637254877068,road_0004,collector,664,44.076138338649756,45,54.206476722917685,0
2024-01-05 15:00:00,40.77476408309478,-73.96823070091489,road_0005,collector,1040,45.0,45,66.61132146323999,0
2024-01-05 15:00:00,40.796308181536965,-73.9632723129526,road_0006,arterial,1290,60.0,60,43.74906432883773,0
2024-01-05 15:00:00,40.70105925421109,-73.79200731226265,road_0007,collector,638,43.13487428541443,45,35.43905352824906,0
2024-01-05 15:00:00,40.74483244518929,-73.97033735860573,road_0008,collector,1440,36.16295040284054,45,95.12254417893267,0
2024-01-05 15:00:00,40.74105839625748,-73.99941744380057,road_0009,arterial,1730,58.19898478210428,60,78.26249225015928,0
2024-01-05 15:00:00,40.69591159380505,-73.82426598115977,road_0010,arterial,1301,57.15136519611642,60,42.855700268710365,0
2024-01-05 15:00:00,40.65692390877457,-73.74942808238488,road_0011,highway,1997,74.9551916575691,80,57.10760719502467,0
2024-01-05 15:00:00,40.79398843427041,-73.9412929963572,road_0012,collector,487,45.0,45,40.916644592716736,0
2024-01-05 15:00:00,40.741050449839285,-73.98098885522496,road_0013,arterial,2220,54.48971208722069,60,88.88761408597533,0
2024-01-05 15:00:00,40.76936020671709,-73.98141462047757,road_0014,collector,865,41.00608963114565,45,48.276597623721756,0
2024-01-05 15:00:00,40.72484697982401,-74.01459505800035,road_0015,collector,1500,39.26465500917818,45,98.45736818118175,0
2024-01-05 15:00:00,40.73100440294086,-73.98775581733632,road_0016,collector,1076,45.0,45,77.41707691797492,0
2024-01-05 15:00:00,40.75868351619848,-73.94023079983116,road_0017,local,419,34.40063019452679,35,49.134399584809586,0
2024-01-05 15:00:00,40.716165397891224,-73.7396523951108,road_0018,collector,553,41.62873814470901,45,33.45373715166576,0
2024-01-05 15:00:00,40.74909586171322,-73.98772674635582,road_0019,collector,1446,40.73293781552194,45,90.91762825867151,0
2024-01-05 16:00:00,40.80447246752146,-73.99401551064027,road_0000,arterial,1176,60.0,60,46.79753211996119,0
2024-01-05 16:00:00,40.80949107356936,-73.96391243158607,road_0001,local,562,30.972257546366002,35,66.02874033315166,0
2024-01-05 16:00:00,40.72351506842384,-73.96679396976803,road_0002,arterial,2500,55.22090218570639,60,100.0,0
2024-01-05 16:00:00,40.7911614698899,-73.9971824244575,road_0003,collector,828,42.52935109797359,45,47.908376996356566,0
2024-01-05 16:00:00,40.7746287921634,-73.93637254877068,road_0004,collector,690,45.0,45,40.45298470453571,0
2024-01-05 16:00:00,40.77476408309478,-73.96823070091489,road_0005,collector,1500,38.8254800981568,45,100.0,0
2024-01-05 16:00:00,40.796308181536965,-73.9632723129526,road_0006,arterial,1260,60.0,60,52.456150645335185,0
2024-01-05 16:00:00,40.70105925421109,-73.79200731226265,road_0007,collector,1161,42.42665428590165,45,85.18261071409717,0
2024-01-05 16:00:00,40.74483244518929,-73.97033735860573,road_0008,collector,1500,42.74422809139933,45,97.85901529982706,0
2024-01-05 16:00:00,40.74105839625748,-73.99941744380057,road_0009,arterial,2179,60.0,60,91.35609426544745,0
2024-01-05 16:00:00,40.69591159380505,-73.82426598115977,road_0010,arterial,1020,56.98582186823154,60,41.21631172288164,0
2024-01-05 16:00:00,40.65692390877457,-73.74942808238488,road_0011,highway,2473,75.51155737195354,80,65.0444764129935,0
2024-01-05 16:00:00,40.79398843427041,-73.9412929963572,road_0012,collector,933,41.35681444088925,45,60.29821628539688,0
2024-01-05 16:00:00,40.741050449839285,-73.98098885522496,road_0013,arterial,2500,51.24570984580235,60,100.0,0
2024-01-05 16:00:00,40.76936020671709,-73.98141462047757,road_0014,collector,1138,43.24847433668235,45,74.05059954237967,0
2024-01-05 16:00:00,40.72484697982401,-74.01459505800035,road_0015,collector,1413,40.214817519230465,45,86.89571569834875,0
2024-01-05 16:00:00,40.73100440294086,-73.98775581733632,road_0016,collector,809,45.0,45,62.58624768015669,0
2024-01-05 16:00:00,40.75868351619848,-73.94023079983116,road_0017,local,532,34.94055181562817,35,74.67961783829728,0
2024-01-05 16:00:00,40.716165397891224,-73.7396523951108,road_0018,collector,856,45.0,45,66.26690428304917,0
2024-01-05 16:00:00,40.74909586171322,-73.98772674635582,road_0019,collector,1500,37.452729910567136,45,95.4192641574244,0
2024-01-05 17:00:00,40.80447246752146,-73.99401551064027,road_0000,arterial,2500,47.75060858066896,60,90.63769590417184,1
2024-01-05 17:00:00,40.80949107356936,-73.96391243158607,road_0001,local,719,33.77961233809065,35,84.51219227765696,0
2024-01-05 17:00:00,40.72351506842384,-73.96679396976803,road_0002,arterial,2500,51.21271228017767,60,98.5864553140839,0
2024-01-05 17:00:00,40.7911614698899,-73.9971824244575,road_0003,collector,1341,42.8794686099882,45,93.44194376758983,0
2024-01-05 17:00:00,40.7746287921634,-73.93637254877068,road_0004,collector,1500,41.58945991607998,45,100.0,0
2024-01-05 17:00:00,40.77476408309478,-73.96823070091489,road_0005,collector,1500,41.554866746254746,45,100.0,0
2024-01-05 17:00:00,40.796308181536965,-73.9632723129526,road_0006,arterial,2500,56.97304371800444,60,100.0,0
2024-01-05 17:00:00,40.70105925421109,-73.79200731226265,road_0007,collector,1500,38.68385573531299,45,100.0,0
2024-01-05 17:00:00,40.74483244518929,-73.97033735860573,road_0008,collector,1500,35.81283699207789,45,100.0,1
2024-01-05 17:00:00,40.74105839625748,-73.99941744380057,road_0009,arterial,2500,53.04019458202578,60,100.0,0
2024-01-05 17:00:00,40.69591159380505,-73.82426598115977,road_0010,arterial,2500,51.15517084738826,60,91.28638446387167,0
2024-01-05 17:00:00,40.65692390877457,-73.74942808238488,road_0011,highway,1812,80.0,80,46.037364359412045,0
2024-01-05 17:00:00,40.79398843427041,-73.9412929963572,road_0012,collector,1500,39.829048738095665,45,91.86060749481791,0
2024-01-05 17:00:00,40.741050449839285,-73.98098885522496,road_0013,arterial,2500,56.63338862046839,60,100.0,0
2024-01-05 17:00:00,40.76936020671709,-73.98141462047757,road_0014,collector,1500,40.98378390127592,45,97.67897788525946,0
2024-01-05 17:00:00,40.72484697982401,-74.01459505800035,road_0015,collector,1500,38.77119073078073,45,100.0,0
2024-01-05 17:00:00,40.73100440294086,-73.98775581733632,road_0016,collector,1500,36.004150633240464,45,90.3776175715247,0
2024-01-05 17:00:00,40.75868351619848,-73.94023079983116,road_0017,local,800,31.62471236021179,35,96.69470653158558,0
2024-01-05 17:00:00,40.716165397891224,-73.7396523951108,road_0018,collector,1500,42.37736987051613,45,99.85043708041017,0
2024-01-05 17:00:00,40.74909586171322,-73.98772674635582,road_0019,collector,1500,37.62512677061481,45,93.98761638021254,0
2024-01-05 18:00:00,40.80447246752146,-73.99401551064027,road_0000,arterial,1826,55.28950953066482,60,68.01071487854186,0
2024-01-05 18:00:00,40.80949107356936,-73.96391243158607,road_0001,local,800,28.420351516466038,35,94.84391784026285,0
2024-01-05 18:00:00,40.72351506842384,-73.96679396976803,road_0002,arterial,2500,52.24622729819682,60,99.07507520500707,0
2024-01-05 18:00:00,40.7911614698899,-73.9971824244575,road_0003,collector,1500,35.567619917683615,45,100.0,1
2024-01-05 18:00:00,40.7746287921634,-73.93637254877068,road_0004,collector,1324,39.5056313498982,45,81.18700477850884,0
2024-01-05 18:00:00,40.77476408309478,-73.96823070091489,road_0005,collector,1500,38.199917063048986,45,100.0,0
2024-01-05 18:00:00,40.796308181536965,-73.9632723129526,road_0006,arterial,2500,52.60370145242113,60,95.80567354629521,0
2024-01-05 18:00:00,40.70105925421109,-73.79200731226265,road_0007,collector,560,45.0,45,35.692724205063875,0
2024-01-05 18:00:00,40.74483244518929,-73.97033735860573,road_0008,collector,1500,40.94844081345534,45,100.0,0
2024-01-05 18:00:00,40.74105839625748,-73.99941744380057,road_0009,arterial,2500,49.26783705238803,60,98.08219695485914,0
2024-01-05 18:00:00,40.69591159380505,-73.82426598115977,road_0010,arterial,2040,56.99073747939207,60,82.36652744019824,0
2024-01-05 18:00:00,40.65692390877457,-73.74942808238488,road_0011,highway,4000,73.75884258655483,80,100.0,0
2024-01-05 18:00:00,40.79398843427041,-73.9412929963572,road_0012,collector,1500,39.091742183383715,45,95.30246522891478,0
2024-01-05 18:00:00,40.741050449839285,-73.98098885522496,road_0013,arterial,2500,48.40653814172782,60,100.0,0
2024-01-05 18:00:00,40.76936020671709,-73.98141462047757,road_0014,collector,1500,37.96713340164726,45,93.29468017775449,0
2024-01-05 18:00:00,40.72484697982401,-74.01459505800035,road_0015,collector,1500,38.096195330682804,45,100.0,0
2024-01-05 18:00:00,40.73100440294086,-73.98775581733632,road_0016,collector,1500,38.11217185289838,45,100.0,0
2024-01-05 18:00:00,40.75868351619848,-73.94023079983116,road_0017,local,800,32.776282517107354,35,94.19321844223401,0
2024-01-05 18:00:00,40.716165397891224,-73.7396523951108,road_0018,collector,1276,45.0,45,78.71337033823106,0
2024-01-05 18:00:00,40.74909586171322,-73.98772674635582,road_0019,collector,1500,41.553972454602324,45,96.75421549448448,0
2024-01-05 19:00:00,40.80447246752146,-73.99401551064027,road_0000,arterial,2500,54.43279578409218,60,98.82402204425864,0
2024-01-05 19:00:00,40.80949107356936,-73.96391243158607,road_0001,local,565,35.0,35,73.2785406968272,0
2024-01-05 19:00:00,40.72351506842384,-73.96679396976803,road_0002,arterial,2500,52.60702207432161,60,100.0,0
2024-01-05 19:00:00,40.7911614698899,-73.9971824244575,road_0003,collector,1500,43.03112270027303,45,91.16594407724713,0
2024-01-05 19:00:00,40.7746287921634,-73.93637254877068,road_0004,collector,1500,41.91875317601815,45,100.0,0
2024-01-05 19:00:00,40.77476408309478,-73.96823070091489,road_0005,collector,1490,36.922710773183695,45,100.0,0
2024-01-05 19:00:00,40.796308181536965,-73.9632723129526,road_0006,arterial,1531,54.79577021656984,60,67.94972311286594,0
2024-01-05 19:00:00,40.70105925421109,-73.79200731226265,road_0007,collector,1266,44.57917942041969,45,84.80165366433167,0
2024-01-05 19:00:00,40.74483244518929,-73.97033735860573,road_0008,collector,1500,39.17084883881726,45,95.69705353221227,0
2024-01-05 19:00:00,40.74105839625748,-73.99941744380057,road_0009,arterial,2500,53.022955379526,60,100.0,0
2024-01-05 19:00:00,40.69591159380505,-73.82426598115977,road_0010,arterial,1634,60.0,60,56.361290541865884,0
2024-01-05 19:00:00,40.65692390877457,-73.74942808238488,road_0011,highway,1311,78.41544081496919,80,36.681378992487694,0
2024-01-05 19:00:00,40.79398843427041,-73.9412929963572,road_0012,collector,1500,37.57034849134496,45,90.23742693338718,0
2024-01-05 19:00:00,40.741050449839285,-73.98098885522496,road_0013,arterial,2500,56.10363254436542,60,100.0,0
2024-01-05 19:00:00,40.76936020671709,-73.98141462047757,road_0014,collector,1500,39.51504011928093,45,99.24280946539801,0
2024-01-05 19:00:00,40.72484697982401,-74.01459505800035,road_0015,collector,1500,40.90679899314117,45,94.70814497683054,0
2024-01-05 19:00:00,40.73100440294086,-73.98775581733632,road_0016,collector,1500,38.821820928748096,45,90.18505044871804,0
2024-01-05 19:00:00,40.75868351619848,-73.94023079983116,road_0017,local,570,32.30904550956407,35,74.98854833548604,0
2024-01-05 19:00:00,40.716165397891224,-73.7396523951108,road_0018,collector,864,43.447194116031696,45,50.94268629738614,0
2024-01-05 19:00:00,40.74909586171322,-73.98772674635582,road_0019,collector,1500,39.19622068678405,45,93.97657060572959,0
2024-01-05 20:00:00,40.80447246752146,-73.99401551064027,road_0000,arterial,708,55.27140165219613,60,33.39875368882848,0
2024-01-05 20:00:00,40.80949107356936,-73.96391243158607,road_0001,local,247,33.30543234899638,35,32.83864891084005,0
2024-01-05 20:00:00,40.72351506842384,-73.96679396976803,road_0002,arterial,1490,59.463546341109215,60,68.087086923876,0
2024-01-05 20:00:00,40.7911614698899,-73.9971824244575,road_0003,collector,596,45.0,45,48.71492539698967,0
2024-01-05 20:00:00,40.7746287921634,-73.93637254877068,road_0004,collector,528,45.0,45,33.84792720370179,0
2024-01-05 20:00:00,40.77476408309478,-73.96823070091489,road_0005,collector,981,41.964239869797666,45,69.42282262767154,0
2024-01-05 20:00:00,40.796308181536965,-73.9632723129526,road_0006,arterial,721,56.69907580734389,60,33.35136495119896,0
2024-01-05 20:00:00,40.70105925421109,-73.79200731226265,road_0007,collector,274,41.43342198505951,45,11.690361543369171,0
2024-01-05 20:00:00,40.74483244518929,-73.97033735860573,road_0008,collector,627,40.71468676467737,45,41.31812654946401,0
2024-01-05 20:00:00,40.74105839625748,-73.99941744380057,road_0009,arterial,2239,52.73518411650513,60,86.02388130648673,0
2024-01-05 20:00:00,40.69591159380505,-73.82426598115977,road_0010,arterial,771,56.19091215949938,60,23.767461331779355,0
2024-01-05 20:00:00,40.65692390877457,-73.74942808238488,road_0011,highway,1475,80.0,80,34.47889995950355,0
2024-01-05 20:00:00,40.79398843427041,-73.9412929963572,road_0012,collector,621,40.498691925391014,45,45.07399091449241,0
2024-01-05 20:00:00,40.741050449839285,-73.98098885522496,road_0013,arterial,1743,60.0,60,75.98364294568923,0
2024-01-05 20:00:00,40.76936020671709,-73.98141462047757,road_0014,collector,1398,39.29412169456488,45,93.44339911867775,0
2024-01-05 20:00:00,40.72484697982401,-74.01459505800035,road_0015,collector,902,41.54798052740249,45,67.81328887075708,0
2024-01-05 20:00:00,40.73100440294086,-73.98775581733632,road_0016,collector,1346,44.13041642433372,45,99.31045363689802,0
2024-01-05 20:00:00,40.75868351619848,-73.94023079983116,road_0017,local,207,33.516027831907294,35,18.119821439831767,0
2024-01-05 20:00:00,40.716165397891224,-73.7396523951108,road_0018,collector,572,45.0,45,46.11833947296463,0
2024-01-05 20:00:00,40.74909586171322,-73.98772674635582,road_0019,collector,500,43.68901469734823,45,25.32785741040069,0
2024-01-05 21:00:00,40.80447246752146,-73.99401551064027,road_0000,arterial,675,56.105431005965016,60,23.969559515913105,0
2024-01-05 21:00:00,40.80949107356936,-73.96391243158607,road_0001,local,295,34.39844037393505,35,36.781352938678175,0
2024-01-05 21:00:00,40.72351506842384,-73.96679396976803,road_0002,arterial,1550,60.0,60,62.33328519687748,0
2024-01-05 21:00:00,40.7911614698899,-73.9971824244575,road_0003,collector,609,44.491750072131104,45,38.159367112825684,0
2024-01-05 21:00:00,40.7746287921634,-73.93637254877068,road_0004,collector,323,41.92925896433723,45,17.297572702295454,0
2024-01-05 21:00:00,40.77476408309478,-73.96823070091489,road_0005,collector,782,45.0,45,43.65076615781428,0
2024-01-05 21:00:00,40.796308181536965,-73.9632723129526,road_0006,arterial,803,60.0,60,31.508697243080874,0
2024-01-05 21:00:00,40.70105925421109,-73.79200731226265,road_0007,collector,389,45.0,45,22.38010249495221,0
2024-01-05 21:00:00,40.74483244518929,-73.97033735860573,road_0008,collector,1110,42.72442589509954,45,65.4949180727263,0
2024-01-05 21:00:00,40.74105839625748,-73.99941744380057,road_0009,arterial,1405,60.0,60,65.97751424275087,0
2024-01-05 21:00:00,40.69591159380505,-73.82426598115977,road_0010,arterial,477,60.0,60,16.34265180518924,0
2024-01-05 21:00:00,40.65692390877457,-73.74942808238488,road_0011,highway,954,80.0,80,26.534861819550848,0
2024-01-05 21:00:00,40.79398843427041,-73.9412929963572,road_0012,collector,295,43.603761169749355,45,13.401326548614083,0
2024-01-05 21:00:00,40.741050449839285,-73.98098885522496,road_0013,arterial,1053,55.028537290976104,60,38.802728237523475,0
2024-01-05 21:00:00,40.76936020671709,-73.98141462047757,road_0014,collector,409,45.0,45,26.67164837324175,0
2024-01-05 21:00:00,40.72484697982401,-74.01459505800035,road_0015,collector,569,45.0,45,42.600563627975205,0
2024-01-05 21:00:00,40.73100440294086,-73.98775581733632,road_0016,collector,950,43.98136385307206,45,55.471730620929755,0
2024-01-05 21:00:00,40.75868351619848,-73.94023079983116,road_0017,local,322,31.88039192835844,35,46.90558142046589,0
2024-01-05 21:00:00,40.716165397891224,-73.7396523951108,road_0018,collector,470,43.49958177856174,45,28.916550612932205,0
2024-01-05 21:00:00,40.74909586171322,-73.98772674635582,road_0019,collector,1143,45.0,45,76.12351852202231,0
2024-01-05 22:00:00,40.80447246752146,-73.99401551064027,road_0000,arterial,421,54.60942485604455,60,8.07011472917277,0
2024-01-05 22:00:00,40.80949107356936,-73.96391243158607,road_0001,local,146,35.0,35,22.60874047245139,0
2024-01-05 22:00:00,40.72351506842384,-73.96679396976803,road_0002,arterial,433,60.0,60,12.805237003177995,0
2024-01-05 22:00:00,40.7911614698899,-73.9971824244575,road_0003,collector,190,45.0,45,21.54244445082583,0
2024-01-05 22:00:00,40.7746287921634,-73.93637254877068,road_0004,collector,225,45.0,45,12.112439985151312,0
2024-01-05 22:00:00,40.77476408309478,-73.96823070091489,road_0005,collector,425,44.02942951256225,45,33.11317459645821,0
2024-01-05 22:00:00,40.796308181536965,-73.9632723129526,road_0006,arterial,409,58.11114189548238,60,16.315131272137926,0
2024-01-05 22:00:00,40.70105925421109,-73.79200731226265,road_0007,collector,193,45.0,45,3.2501248816646324,0
2024-01-05 22:00:00,40.74483244518929,-73.97033735860573,road_0008,collector,283,45.0,45,21.940640524768252,0
2024-01-05 22:00:00,40.74105839625748,-73.99941744380057,road_0009,arterial,1057,60.0,60,36.387363693799706,0
2024-01-05 22:00:00,40.69591159380505,-73.82426598115977,road_0010,arterial,467,55.24236796474086,60,26.74815511725586,0
2024-01-05 22:00:00,40.65692390877457,-73.74942808238488,road_0011,highway,1158,80.0,80,32.7079729095815,0
2024-01-05 22:00:00,40.79398843427041,-73.9412929963572,road_0012,collector,347,41.12586036910787,45,21.97645609558957,0
2024-01-05 22:00:00,40.741050449839285,-73.98098885522496,road_0013,arterial,813,57.86645223010723,60,30.248867018616345,0
2024-01-05 22:00:00,40.76936020671709,-73.98141462047757,road_0014,collector,617,43.78123519372452,45,32.084997184255585,0
2024-01-05 22:00:00,40.72484697982401,-74.01459505800035,road_0015,collector,367,45.0,45,16.581157875289364,0
2024-01-05 22:00:00,40.73100440294086,-73.98775581733632,road_0016,collector,350,40.64864759758734,45,32.06038448983304,0
2024-01-05 22:00:00,40.75868351619848,-73.94023079983116,road_0017,local,134,35.0,35,16.42186096208658,0
2024-01-05 22:00:00,40.716165397891224,-73.7396523951108,road_0018,collector,188,45.0,45,10.06108408802284,0
2024-01-05 22:00:00,40.74909586171322,-73.98772674635582,road_0019,collector,755,41.90213407793136,45,52.13002122212844,0
2024-01-05 23:00:00,40.80447246752146,-73.99401551064027,road_0000,arterial,287,56.697164227841235,60,6.465907000092227,0
2024-01-05 23:00:00,40.80949107356936,-73.96391243158607,road_0001,local,137,32.864754743330764,35,26.02394841643009,0
2024-01-05 23:00:00,40.72351506842384,-73.96679396976803,road_0002,arterial,787,56.97611271951533,60,32.68482927566105,0
2024-01-05 23:00:00,40.7911614698899,-73.9971824244575,road_0003,collector,158,45.0,45,6.6422178643029675,0
2024-01-05 23:00:00,40.7746287921634,-73.93637254877068,road_0004,collector,129,45.0,45,12.724649970635639,0
2024-01-05 23:00:00,40.77476408309478,-73.96823070091489,road_0005,collector,384,41.91221746472008,45,23.35904337309784,0
2024-01-05 23:00:00,40.796308181536965,-73.9632723129526,road_0006,arterial,386,54.82033814129283,60,24.40106563705781,0
2024-01-05 23:00:00,40.70105925421109,-73.79200731226265,road_0007,collector,185,40.7143659657067,45,12.499567218867226,0
2024-01-05 23:00:00,40.74483244518929,-73.97033735860573,road_0008,collector,347,44.53611060993927,45,24.212168010426083,0
2024-01-05 23:00:00,40.74105839625748,-73.99941744380057,road_0009,arterial,457,60.0,60,15.942028671811688,0
2024-01-05 23:00:00,40.69591159380505,-73.82426598115977,road_0010,arterial,458,60.0,60,16.187056774955238,0
2024-01-05 23:00:00,40.65692390877457,-73.74942808238488,road_0011,highway,503,80.0,80,7.193833291974888,0
2024-01-05 23:00:00,40.79398843427041,-73.9412929963572,road_0012,collector,286,42.426632276929595,45,24.68132126724006,0
2024-01-05 23:00:00,40.741050449839285,-73.98098885522496,road_0013,arterial,828,55.970288714112506,60,30.042144815647898,0
2024-01-05 23:00:00,40.76936020671709,-73.98141462047757,road_0014,collector,199,45.0,45,10.315321297443496,0
2024-01-05 23:00:00,40.72484697982401,-74.01459505800035,road_0015,collector,304,42.52710460970937,45,15.421770979228858,0
2024-01-05 23:00:00,40.73100440294086,-73.98775581733632,road_0016,collector,364,42.92441924168542,45,18.56837124236852,0
2024-01-05 23:00:00,40.75868351619848,-73.94023079983116,road_0017,local,100,34.73502744751842,35,17.90178062508164,0
2024-01-05 23:00:00,40.716165397891224,-73.7396523951108,road_0018,collector,258,45.0,45,9.965510553556172,0
2024-01-05 23:00:00,40.74909586171322,-73.98772674635582,road_0019,collector,507,41.54960641326402,45,27.523300714921408,0
2024-01-06 00:00:00,40.80447246752146,-73.99401551064027,road_0000,arterial,162,60.0,60,5.873085139032471,0
2024-01-06 00:00:00,40.80949107356936,-73.96391243158607,road_0001,local,89,31.627763362859366,35,14.85233213157359,0
2024-01-06 00:00:00,40.72351506842384,-73.96679396976803,road_0002,arterial,252,54.39488097644473,60,0.2668990697248841,0
2024-01-06 00:00:00,40.7911614698899,-73.9971824244575,road_0003,collector,187,45.0,45,7.774061329073546,0
2024-01-06 00:00:00,40.7746287921634,-73.93637254877068,road_0004,collector,154,45.0,45,0.9874142166504161,0
2024-01-06 00:00:00,40.77476408309478,-73.96823070091489,road_0005,collector,125,45.0,45,8.17047076119628,0
2024-01-06 00:00:00,40.796308181536965,-73.9632723129526,road_0006,arterial,149,60.0,60,0.8142997359716633,0
2024-01-06 00:00:00,40.70105925421109,-73.79200731226265,road_0007,collector,88,41.82199480743711,45,14.371959499805953,0
2024-01-06 00:00:00,40.74483244518929,-73.97033735860573,road_0008,collector,291,42.4219952789925,45,27.091439741165253,0
2024-01-06 00:00:00,40.74105839625748,-73.99941744380057,road_0009,arterial,357,56.16158283843293,60,24.000558563928596,0
2024-01-06 00:00:00,40.69591159380505,-73.82426598115977,road_0010,arterial,230,59.05588868622273,60,2.7125293113600453,0
2024-01-06 00:00:00,40.65692390877457,-73.74942808238488,road_0011,highway,395,80.0,80,10.62546200406097,0
2024-01-06 00:00:00,40.79398843427041,-73.9412929963572,road_0012,collector,125,44.03475227853041,45,5.638217365640769,0
2024-01-06 00:00:00,40.741050449839285,-73.98098885522496,road_0013,arterial,399,60.0,60,16.80717900984643,0
2024-01-06 00:00:00,40.76936020671709,-73.98141462047757,road_0014,collector,96,40.680003138079044,45,6.442632818390649,0
2024-01-06 00:00:00,40.72484697982401,-74.01459505800035,road_0015,collector,135,42.880494567647084,45,0.0,0
2024-01-06 00:00:00,40.73100440294086,-73.98775581733632,road_0016,collector,180,45.0,45,20.515033861106108,0
2024-01-06 00:00:00,40.75868351619848,-73.94023079983116,road_0017,local,76,32.899660493102814,35,15.197659667755886,0
2024-01-06 00:00:00,40.716165397891224,-73.7396523951108,road_0018,collector,84,45.0,45,6.797663311539677,0
2024-01-06 00:00:00,40.74909586171322,-73.98772674635582,road_0019,collector,227,45.0,45,24.860976765911175,0
2024-01-06 01:00:00,40.80447246752146,-73.99401551064027,road_0000,arterial,121,60.0,60,0.0,0
2024-01-06 01:00:00,40.80949107356936,-73.96391243158607,road_0001,local,80,34.72218239698933,35,11.920603218996021,0
2024-01-06 01:00:00,40.72351506842384,-73.96679396976803,road_0002,arterial,178,60.0,60,9.847454114191812,0
2024-01-06 01:00:00,40.7911614698899,-73.9971824244575,road_0003,collector,101,45.0,45,6.613076936203155,0
2024-01-06 01:00:00,40.7746287921634,-73.93637254877068,road_0004,collector,98,45.0,45,11.956054296749777,0
2024-01-06 01:00:00,40.77476408309478,-73.96823070091489,road_0005,collector,138,45.0,45,2.451341373269571,0
2024-01-06 01:00:00,40.796308181536965,-73.9632723129526,road_0006,arterial,86,56.93943014019963,60,11.240378022975294,0
2024-01-06 01:00:00,40.70105925421109,-73.79200731226265,road_0007,collector,121,45.0,45,15.246394487309004,0
2024-01-06 01:00:00,40.74483244518929,-73.97033735860573,road_0008,collector,114,44.1610626258401,45,0.0,0
2024-01-06 01:00:00,40.74105839625748,-73.99941744380057,road_0009,arterial,269,60.0,60,12.58190761071228,0
2024-01-06 01:00:00,40.69591159380505,-73.82426598115977,road_0010,arterial,200,60.0,60,0.0,0
2024-01-06 01:00:00,40.65692390877457,-73.74942808238488,road_0011,highway,313,80.0,80,0.0,0
2024-01-06 01:00:00,40.79398843427041,-73.9412929963572,road_0012,collector,72,45.0,45,11.78069026566946,0
2024-01-06 01:00:00,40.741050449839285,-73.98098885522496,road_0013,arterial,338,54.05759675496414,60,17.379435875473348,0
2024-01-06 01:00:00,40.76936020671709,-73.98141462047757,road_0014,collector,106,42.07109848788718,45,15.282624887644022,0
2024-01-06 01:00:00,40.72484697982401,-74.01459505800035,road_0015,collector,105,42.38862943286319,45,2.267272379961586,0
2024-01-06 01:00:00,40.73100440294086,-73.98775581733632,road_0016,collector,118,43.84995575943315,45,0.0,0
2024-01-06 01:00:00,40.75868351619848,-73.94023079983116,road_0017,local,64,35.0,35,6.457529369335576,0
2024-01-06 01:00:00,40.716165397891224,-73.7396523951108,road_0018,collector,91,45.0,45,0.0,0
2024-01-06 01:00:00,40.74909586171322,-73.98772674635582,road_0019,collector,203,43.16116542229072,45,7.214154029762268,0
2024-01-06 02:00:00,40.80447246752146,-73.99401551064027,road_0000,arterial,109,60.0,60,10.597233996651681,0
2024-01-06 02:00:00,40.80949107356936,-73.96391243158607,road_0001,local,35,35.0,35,8.730210896324618,0
2024-01-06 02:00:00,40.72351506842384,-73.96679396976803,road_0002,arterial,153,58.47596215060936,60,0.0,0
2024-01-06 02:00:00,40.7911614698899,-73.9971824244575,road_0003,collector,45,44.02331222417371,45,11.346978030134977,0
2024-01-06 02:00:00,40.7746287921634,-73.93637254877068,road_0004,collector,69,40.773784472462886,45,0.0,0
2024-01-06 02:00:00,40.77476408309478,-73.96823070091489,road_0005,collector,85,45.0,45,0.0,0
2024-01-06 02:00:00,40.796308181536965,-73.9632723129526,road_0006,arterial,123,56.544284507858364,60,0.0,0
2024-01-06 02:00:00,40.70105925421109,-73.79200731226265,road_0007,collector,33,45.0,45,0.0,0
2024-01-06 02:00:00,40.74483244518929,-73.97033735860573,road_0008,collector,99,41.32653541104793,45,7.238213937626049,0
2024-01-06 02:00:00,40.74105839625748,-73.99941744380057,road_0009,arterial,164,60.0,60,13.264585816920297,0
2024-01-06 02:00:00,40.69591159380505,-73.82426598115977,road_0010,arterial,107,54.037432616769316,60,0.0,0
2024-01-06 02:00:00,40.65692390877457,-73.74942808238488,road_0011,highway,109,80.0,80,2.180866906031661,0
2024-01-06 02:00:00,40.79398843427041,-73.9412929963572,road_0012,collector,97,40.984977106268396,45,15.238378582236772,0
2024-01-06 02:00:00,40.741050449839285,-73.98098885522496,road_0013,arterial,85,57.04200075917741,60,0.0,0
2024-01-06 02:00:00,40.76936020671709,-73.98141462047757,road_0014,collector,66,44.4613110282279,45,4.628728126031745,0
2024-01-06 02:00:00,40.72484697982401,-74.01459505800035,road_0015,collector,93,42.76167440514907,45,3.9426101794229664,0
2024-01-06 02:00:00,40.73100440294086,-73.98775581733632,road_0016,collector,56,45.0,45,8.569462838256776,0
2024-01-06 02:00:00,40.75868351619848,-73.94023079983116,road_0017,local,36,35.0,35,6.261724917093954,0
2024-01-06 02:00:00,40.716165397891224,-73.7396523951108,road_0018,collector,59,45.0,45,3.7691459858066945,0
2024-01-06 02:00:00,40.74909586171322,-73.98772674635582,road_0019,collector,89,41.72289778705626,45,10.925848376313809,0
2024-01-06 03:00:00,40.80447246752146,-73.99401551064027,road_0000,arterial,79,54.72523035412649,60,12.29983537740883,0
2024-01-06 03:00:00,40.80949107356936,-73.96391243158607,road_0001,local,29,35.0,35,3.3318979426883604,0
2024-01-06 03:00:00,40.72351506842384,-73.96679396976803,road_0002,arterial,214,60.0,60,5.63811334423634,0
2024-01-06 03:00:00,40.7911614698899,-73.9971824244575,road_0003,collector,63,45.0,45,11.608009262116738,0
2024-01-06 03:00:00,40.7746287921634,-73.93637254877068,road_0004,collector,50,45.0,45,0.0,0
2024-01-06 03:00:00,40.77476408309478,-73.96823070091489,road_0005,collector,76,45.0,45,4.488873766621744,0
2024-01-06 03:00:00,40.796308181536965,-73.9632723129526,road_0006,arterial,82,60.0,60,11.230176702167082,0
2024-01-06 03:00:00,40.70105925421109,-73.79200731226265,road_0007,collector,47,43.49620257726505,45,0.6061497026673028,0
2024-01-06 03:00:00,40.74483244518929,-73.97033735860573,road_0008,collector,63,45.0,45,3.7324832101725773,0
2024-01-06 03:00:00,40.74105839625748,-73.99941744380057,road_0009,arterial,87,60.0,60,8.73897757023122,0
2024-01-06 03:00:00,40.69591159380505,-73.82426598115977,road_0010,arterial,145,57.99178075828745,60,14.356201232953925,0
2024-01-06 03:00:00,40.65692390877457,-73.74942808238488,road_0011,highway,127,75.84201436673979,80,0.0,0
2024-01-06 03:00:00,40.79398843427041,-73.9412929963572,road_0012,collector,38,40.75667770552662,45,0.0,0
2024-01-06 03:00:00,40.741050449839285,-73.98098885522496,road_0013,arterial,159,55.825637632672176,60,11.081642886741708,0
2024-01-06 03:00:00,40.76936020671709,-73.98141462047757,road_0014,collector,137,45.0,45,12.21135626071848,0
2024-01-06 03:00:00,40.72484697982401,-74.01459505800035,road_0015,collector,56,45.0,45,11.289985404849624,0
2024-01-06 03:00:00,40.73100440294086,-73.98775581733632,road_0016,collector,93,43.12355677213608,45,14.072972981809617,0
2024-01-06 03:00:00,40.75868351619848,-73.94023079983116,road_0017,local,31,32.48538221772882,35,12.314112602655005,0
2024-01-06 03:00:00,40.716165397891224,-73.7396523951108,road_0018,collector,45,45.0,45,8.28186000425963,0
2024-01-06 03:00:00,40.74909586171322,-73.98772674635582,road_0019,collector,53,45.0,45,8.676344939482117,0
2024-01-06 04:00:00,40.80447246752146,-73.99401551064027,road_0000,arterial,208,58.917748599562714,60,16.395345227982133,0
2024-01-06 04:00:00,40.80949107356936,-73.96391243158607,road_0001,local,53,35.0,35,5.5774774533104985,0
2024-01-06 04:00:00,40.72351506842384,-73.96679396976803,road_0002,arterial,205,54.452598515539044,60,3.3631633531695675,0
2024-01-06 04:00:00,40.7911614698899,-73.9971824244575,road_0003,collector,94,45.0,45,0.0,0
2024-01-06 04:00:00,40.7746287921634,-73.93637254877068,road_0004,collector,126,45.0,45,8.47153792677183,0
2024-01-06 04:00:00,40.77476408309478,-73.96823070091489,road_0005,collector,203,43.231313334191825,45,16.24520297349708,0
2024-01-06 04:00:00,40.796308181536965,-73.9632723129526,road_0006,arterial,215,59.305362757678594,60,2.653138439808621,0
2024-01-06 04:00:00,40.70105925421109,-73.79200731226265,road_0007,collector,63,45.0,45,5.968671128328496,0
2024-01-06 04:00:00,40.74483244518929,-73.97033735860573,road_0008,collector,148,45.0,45,0.5079370085574979,0
2024-01-06 04:00:00,40.74105839625748,-73.99941744380057,road_0009,arterial,250,56.72316474458987,60,15.14591144142386,0
2024-01-06 04:00:00,40.69591159380505,-73.82426598115977,road_0010,arterial,95,60.0,60,1.2398951957832365,0
2024-01-06 04:00:00,40.65692390877457,-73.74942808238488,road_0011,highway,293,80.0,80,9.107374719604731,0
2024-01-06 04:00:00,40.79398843427041,-73.9412929963572,road_0012,collector,65,45.0,45,13.775253197579554,0
2024-01-06 04:00:00,40.741050449839285,-73.98098885522496,road_0013,arterial,291,56.66968317373667,60,15.70063399948263,0
2024-01-06 04:00:00,40.76936020671709,-73.98141462047757,road_0014,collector,102,42.0084593447656,45,3.1923625101614252,0
2024-01-06 04:00:00,40.72484697982401,-74.01459505800035,road_0015,collector,82,44.928989725998214,45,9.555139096216399,0
2024-01-06 04:00:00,40.73100440294086,-73.98775581733632,road_0016,collector,71,45.0,45,0.0,0
2024-01-06 04:00:00,40.75868351619848,-73.94023079983116,road_0017,local,36,33.24561006680428,35,0.0,0
2024-01-06 04:00:00,40.716165397891224,-73.7396523951108,road_0018,collector,131,45.0,45,0.1926999918470873,0
2024-01-06 04:00:00,40.74909586171322,-73.98772674635582,road_0019,collector,151,45.0,45,12.081462155674535,0
2024-01-06 05:00:00,40.80447246752146,-73.99401551064027,road_0000,arterial,426,59.516329960629925,60,19.518911495227766,0
2024-01-06 05:00:00,40.80949107356936,-73.96391243158607,road_0001,local,49,35.0,35,0.0,0
2024-01-06 05:00:00,40.72351506842384,-73.96679396976803,road_0002,arterial,469,59.620559046010776,60,9.3971352505652,0
2024-01-06 05:00:00,40.7911614698899,-73.9971824244575,road_0003,collector,263,45.0,45,20.03178272910246,0
2024-01-06 05:00:00,40.7746287921634,-73.93637254877068,road_0004,collector,251,44.01722625013443,45,23.89237224138006,0
2024-01-06 05:00:00,40.77476408309478,-73.96823070091489,road_0005,collector,315,40.966134915464266,45,16.60432813981142,0
2024-01-06 05:00:00,40.796308181536965,-73.9632723129526,road_0006,arterial,404,56.775675433214744,60,10.74233227822798,0
2024-01-06 05:00:00,40.70105925421109,-73.79200731226265,road_0007,collector,275,45.0,45,19.403951040476997,0
2024-01-06 05:00:00,40.74483244518929,-73.97033735860573,road_0008,collector,242,41.62628418592946,45,24.442870957699963,0
2024-01-06 05:00:00,40.74105839625748,-73.99941744380057,road_0009,arterial,376,59.48701682163778,60,15.003014405022968,0
2024-01-06 05:00:00,40.69591159380505,-73.82426598115977,road_0010,arterial,258,56.908057524885756,60,10.582830030265542,0
2024-01-06 05:00:00,40.65692390877457,-73.74942808238488,road_0011,highway,279,78.83879083037733,80,12.228051175122818,0
2024-01-06 05:00:00,40.79398843427041,-73.9412929963572,road_0012,collector,240,44.73010932314024,45,19.586333306271072,0
2024-01-06 05:00:00,40.741050449839285,-73.98098885522496,road_0013,arterial,369,59.93326543628067,60,17.56097593860113,0
2024-01-06 05:00:00,40.76936020671709,-73.98141462047757,road_0014,collector,393,41.69663169253693,45,19.611207560130374,0
2024-01-06 05:00:00,40.72484697982401,-74.01459505800035,road_0015,collector,267,45.0,45,8.171414375301978,0
2024-01-06 05:00:00,40.73100440294086,-73.98775581733632,road_0016,collector,228,45.0,45,19.548689017565074,0
2024-01-06 05:00:00,40.75868351619848,-73.94023079983116,road_0017,local,68,32.704442889695166,35,8.925355076481315,0
2024-01-06 05:00:00,40.716165397891224,-73.7396523951108,road_0018,collector,136,42.346216264231884,45,2.2592653317219487,0
2024-01-06 05:00:00,40.74909586171322,-73.98772674635582,road_0019,collector,292,45.0,45,10.035814503545115,0
2024-01-06 06:00:00,40.80447246752146,-73.99401551064027,road_0000,arterial,881,60.0,60,27.613114063925046,0
2024-01-06 06:00:00,40.80949107356936,-73.96391243158607,road_0001,local,322,33.5732209366514,35,42.70031736825432,0
2024-01-06 06:00:00,40.72351506842384,-73.96679396976803,road_0002,arterial,752,60.0,60,33.6589084856134,0
2024-01-06 06:00:00,40.7911614698899,-73.9971824244575,road_0003,collector,509,45.0,45,24.302461714193782,0
2024-01-06 06:00:00,40.7746287921634,-73.93637254877068,road_0004,collector,525,42.75952679897914,45,28.87477866049621,0
2024-01-06 06:00:00,40.77476408309478,-73.96823070091489,road_0005,collector,490,44.687511129175896,45,39.87689639841557,0
2024-01-06 06:00:00,40.796308181536965,-73.9632723129526,road_0006,arterial,866,57.86709757301319,60,40.101802832342244,0
2024-01-06 06:00:00,40.70105925421109,-73.79200731226265,road_0007,collector,421,42.38661072195828,45,28.98864282673248,0
2024-01-06 06:00:00,40.74483244518929,-73.97033735860573,road_0008,collector,471,45.0,45,26.734068612744284,0
2024-01-06 06:00:00,40.74105839625748,-73.99941744380057,road_0009,arterial,667,54.19762562069711,60,36.363299189664296,0
2024-01-06 06:00:00,40.69591159380505,-73.82426598115977,road_0010,arterial,632,58.79865302272192,60,16.08975648656609,0
2024-01-06 06:00:00,40.65692390877457,-73.74942808238488,road_0011,highway,1067,79.96161544043947,80,28.43271383859563,0
2024-01-06 06:00:00,40.79398843427041,-73.9412929963572,road_0012,collector,442,45.0,45,33.09718726439968,0
2024-01-06 06:00:00,40.741050449839285,-73.98098885522496,road_0013,arterial,1176,54.10629064063734,60,53.50175058013761,0
2024-01-06 06:00:00,40.76936020671709,-73.98141462047757,road_0014,collector,485,44.48909372121131,45,28.53627775514937,0
2024-01-06 06:00:00,40.72484697982401,-74.01459505800035,road_0015,collector,452,41.24668516473071,45,39.71857064550618,0
2024-01-06 06:00:00,40.73100440294086,-73.98775581733632,road_0016,collector,713,45.0,45,50.00817824332415,0
2024-01-06 06:00:00,40.75868351619848,-73.94023079983116,road_0017,local,179,34.110292999017695,35,20.56536960557428,0
2024-01-06 06:00:00,40.716165397891224,-73.7396523951108,road_0018,collector,559,41.35346769755788,45,29.44666646392619,0
2024-01-06 06:00:00,40.74909586171322,-73.98772674635582,road_0019,collector,419,41.75509227411214,45,30.315195238755727,0
2024-01-06 07:00:00,40.80447246752146,-73.99401551064027,road_0000,arterial,1459,60.0,60,54.691926968252936,0
2024-01-06 07:00:00,40.80949107356936,-73.96391243158607,road_0001,local,669,31.68892213042631,35,91.10707592132422,0
2024-01-06 07:00:00,40.72351506842384,-73.96679396976803,road_0002,arterial,1909,60.0,60,84.58468620629343,0
2024-01-06 07:00:00,40.7911614698899,-73.9971824244575,road_0003,collector,848,45.0,45,51.70501776438881,0
2024-01-06 07:00:00,40.7746287921634,-73.93637254877068,road_0004,collector,1310,39.81142011531443,45,95.49850442687465,0
2024-01-06 07:00:00,40.77476408309478,-73.96823070091489,road_0005,collector,1500,35.636436398290506,45,100.0,1
2024-01-06 07:00:00,40.796308181536965,-73.9632723129526,road_0006,arterial,2148,52.39854254641958,60,85.47754154245462,0
2024-01-06 07:00:00,40.70105925421109,-73.79200731226265,road_0007,collector,834,42.17464485634105,45,56.656835919695375,0
2024-01-06 07:00:00,40.74483244518929,-73.97033735860573,road_0008,collector,1500,37.11373518042351,45,93.99456560222472,0
2024-01-06 07:00:00,40.74105839625748,-73.99941744380057,road_0009,arterial,2353,57.67998778545768,60,93.94698180537571,0
2024-01-06 07:00:00,40.69591159380505,-73.82426598115977,road_0010,arterial,1645,60.0,60,57.58006355965359,0
2024-01-06 07:00:00,40.65692390877457,-73.74942808238488,road_0011,highway,1660,78.32429780930315,80,36.501135170203064,0
2024-01-06 07:00:00,40.79398843427041,-73.9412929963572,road_0012,collector,1056,43.970691377539985,45,62.93088917426815,0
2024-01-06 07:00:00,40.741050449839285,-73.98098885522496,road_0013,arterial,2086,55.201633769729916,60,91.54156255588961,0
2024-01-06 07:00:00,40.76936020671709,-73.98141462047757,road_0014,collector,1500,39.03337908038788,45,100.0,0
2024-01-06 07:00:00,40.72484697982401,-74.01459505800035,road_0015,collector,1500,41.64347369536839,45,92.13766750174062,0
2024-01-06 07:00:00,40.73100440294086,-73.98775581733632,road_0016,collector,1338,40.08590482987175,45,94.92365338396426,0
2024-01-06 07:00:00,40.75868351619848,-73.94023079983116,road_0017,local,382,35.0,35,55.35262706867283,0
2024-01-06 07:00:00,40.716165397891224,-73.7396523951108,road_0018,collector,1302,40.47577340178136,45,76.8428183869095,0
2024-01-06 07:00:00,40.74909586171322,-73.98772674635582,road_0019,collector,1500,39.96248045771373,45,100.0,0
2024-01-06 08:00:00,40.80447246752146,-73.99401551064027,road_0000,arterial,2421,52.63394465698691,60,96.90456690772236,0
2024-01-06 08:00:00,40.80949107356936,-73.96391243158607,road_0001,local,800,30.51433561742963,35,93.56796503857163,0
2024-01-06 08:00:00,40.72351506842384,-73.96679396976803,road_0002,arterial,2500,54.344596006934744,60,100.0,0
2024-01-06 08:00:00,40.7911614698899,-73.9971824244575,road_0003,collector,1267,39.2504400379323,45,92.33553597419197,0
2024-01-06 08:00:00,40.7746287921634,-73.93637254877068,road_0004,collector,1126,45.0,45,82.43314593967403,0
2024-01-06 08:00:00,40.77476408309478,-73.96823070091489,road_0005,collector,1500,39.485448408002426,45,100.0,0
2024-01-06 08:00:00,40.796308181536965,-73.9632723129526,road_0006,arterial,1544,60.0,60,61.866640666717615,0
2024-01-06 08:00:00,40.70105925421109,-73.79200731226265,road_0007,collector,1068,41.41203771555087,45,64.63578218955534,0
2024-01-06 08:00:00,40.74483244518929,-73.97033735860573,road_0008,collector,1385,37.76112206275576,45,100.0,0
2024-01-06 08:00:00,40.74105839625748,-73.99941744380057,road_0009,arterial,2500,48.56320831037039,60,100.0,0
2024-01-06 08:00:00,40.69591159380505,-73.82426598115977,road_0010,arterial,2500,49.96869185400481,60,94.74635408407782,0
2024-01-06 08:00:00,40.65692390877457,-73.74942808238488,road_0011,highway,4000,63.75281003840836,80,100.0,1
2024-01-06 08:00:00,40.79398843427041,-73.9412929963572,road_0012,collector,1350,40.54391030619031,45,83.74822575967553,0
2024-01-06 08:00:00,40.741050449839285,-73.98098885522496,road_0013,arterial,2500,55.726430417100595,60,100.0,0
2024-01-06 08:00:00,40.76936020671709,-73.98141462047757,road_0014,collector,1500,41.77353207617732,45,92.0715313220603,0
2024-01-06 08:00:00,40.72484697982401,-74.01459505800035,road_0015,collector,1303,41.22633429030017,45,89.7021747554869,0
2024-01-06 08:00:00,40.73100440294086,-73.98775581733632,road_0016,collector,1500,39.13618622199808,45,95.74304526875257,0
2024-01-06 08:00:00,40.75868351619848,-73.94023079983116,road_0017,local,684,34.08471463517863,35,89.37482597396657,0
2024-01-06 08:00:00,40.716165397891224,-73.7396523951108,road_0018,collector,1500,40.82160116731275,45,95.33312384265008,0
2024-01-06 08:00:00,40.74909586171322,-73.98772674635582,road_0019,collector,1500,42.99474602166208,45,99.5196338069844,0
2024-01-06 09:00:00,40.80447246752146,-73.99401551064027,road_0000,arterial,2500,56.37809750779171,60,100.0,0
2024-01-06 09:00:00,40.80949107356936,-73.96391243158607,road_0001,local,800,29.645427154916227,35,95.03576906693769,0
2024-01-06 09:00:00,40.72351506842384,-73.96679396976803,road_0002,arterial,1808,57.92616682586999,60,72.42115600540816,0
2024-01-06 09:00:00,40.7911614698899,-73.9971824244575,road_0003,collector,1500,38.10429799478523,45,93.23425556660216,0
2024-01-06 09:00:00,40.7746287921634,-73.93637254877068,road_0004,collector,1044,43.67889313163969,45,75.56991927207825,0
2024-01-06 09:00:00,40.77476408309478,-73.96823070091489,road_0005,collector,1500,36.252090178593654,45,100.0,0
2024-01-06 09:00:00,40.796308181536965,-73.9632723129526,road_0006,arterial,2303,49.27726168510147,60,88.01297806125001,0
2024-01-06 09:00:00,40.70105925421109,-73.79200731226265,road_0007,collector,829,45.0,45,50.29692746019468,0
2024-01-06 09:00:00,40.74483244518929,-73.97033735860573,road_0008,collector,1500,41.859803743554025,45,90.98894873358694,0
2024-01-06 09:00:00,40.74105839625748,-73.99941744380057,road_0009,arterial,2069,54.058209252490286,60,85.31239747965412,0
2024-01-06 09:00:00,40.69591159380505,-73.82426598115977,road_0010,arterial,918,55.50138149202481,60,31.429428340217548,0
2024-01-06 09:00:00,40.65692390877457,-73.74942808238488,road_0011,highway,2269,80.0,80,57.29759675073239,0
2024-01-06 09:00:00,40.79398843427041,-73.9412929963572,road_0012,collector,789,40.274674403165555,45,43.34507761228392,0
2024-01-06 09:00:00,40.741050449839285,-73.98098885522496,road_0013,arterial,2500,51.461559900968865,60,100.0,0
2024-01-06 09:00:00,40.76936020671709,-73.98141462047757,road_0014,collector,1500,37.35784851518902,45,100.0,0
2024-01-06 09:00:00,40.72484697982401,-74.01459505800035,road_0015,collector,1278,41.22405241396952,45,81.73955246485478,0
2024-01-06 09:00:00,40.73100440294086,-73.98775581733632,road_0016,collector,1500,39.4763478426284,45,100.0,0
2024-01-06 09:00:00,40.75868351619848,-73.94023079983116,road_0017,local,800,31.523757518276483,35,100.0,0
2024-01-06 09:00:00,40.716165397891224,-73.7396523951108,road_0018,collector,1161,44.95795278631468,45,75.65526145497589,0
2024-01-06 09:00:00,40.74909586171322,-73.98772674635582,road_0019,collector,1500,35.45830253925111,45,100.0,1
2024-01-06 10:00:00,40.80447246752146,-73.99401551064027,road_0000,arterial,1190,54.23199925141135,60,56.6622217056386,0
2024-01-06 10:00:00,40.80949107356936,-73.96391243158607,road_0001,local,297,32.040931715885016,35,33.73765909719084,0
2024-01-06 10:00:00,40.72351506842384,-73.96679396976803,road_0002,arterial,1210,60.0,60,40.49108916302048,0
2024-01-06 10:00:00,40.7911614698899,-73.9971824244575,road_0003,collector,710,43.85503514710213,45,55.44079709858188,0
2024-01-06 10:00:00,40.7746287921634,-73.93637254877068,road_0004,collector,854,41.28292618366117,45,52.86336475381212,0
2024-01-06 10:00:00,40.77476408309478,-73.96823070091489,road_0005,collector,626,45.0,45,43.24771943995742,0
2024-01-06 10:00:00,40.796308181536965,-73.9632723129526,road_0006,arterial,1084,60.0,60,35.45645281881531,0
2024-01-06 10:00:00,40.70105925421109,-73.79200731226265,road_0007,collector,467,45.0,45,23.49053550692874,0
2024-01-06 10:00:00,40.74483244518929,-73.97033735860573,road_0008,collector,388,45.0,45,16.7982655083975,0
2024-01-06 10:00:00,40.74105839625748,-73.99941744380057,road_0009,arterial,1482,59.972682349096665,60,67.8504415008486,0
2024-01-06 10:00:00,40.69591159380505,-73.82426598115977,road_0010,arterial,1007,58.022079525732075,60,36.21600410103678,0
2024-01-06 10:00:00,40.65692390877457,-73.74942808238488,road_0011,highway,2013,80.0,80,59.85465552401742,0
2024-01-06 10:00:00,40.79398843427041,-73.9412929963572,road_0012,collector,394,45.0,45,24.463436228858548,0
2024-01-06 10:00:00,40.741050449839285,-73.98098885522496,road_0013,arterial,1150,57.474832805806294,60,46.59549830513597,0
2024-01-06 10:00:00,40.76936020671709,-73.98141462047757,road_0014,collector,492,41.68337253957657,45,38.85351625052574,0
2024-01-06 10:00:00,40.72484697982401,-74.01459505800035,road_0015,collector,911,41.930474624292046,45,58.91620909168577,0
2024-01-06 10:00:00,40.73100440294086,-73.98775581733632,road_0016,collector,993,44.69841489708494,45,67.15479818938275,0
2024-01-06 10:00:00,40.75868351619848,-73.94023079983116,road_0017,local,175,32.947369458286396,35,15.74900585571404,0
2024-01-06 10:00:00,40.716165397891224,-73.7396523951108,road_0018,collector,634,42.16787661611698,45,40.3417988762336,0
2024-01-06 10:00:00,40.74909586171322,-73.98772674635582,road_0019,collector,929,45.0,45,66.89970935578314,0
2024-01-06 11:00:00,40.80447246752146,-73.99401551064027,road_0000,arterial,1125,57.823625875574265,60,37.80129118717873,0
2024-01-06 11:00:00,40.80949107356936,-73.96391243158607,road_0001,local,286,35.0,35,44.331527205136474,0
2024-01-06 11:00:00,40.72351506842384,-73.96679396976803,road_0002,arterial,754,57.4176637149149,60,27.31281099177822,0
2024-01-06 11:00:00,40.7911614698899,-73.9971824244575,road_0003,collector,761,45.0,45,59.97916416678506,0
2024-01-06 11:00:00,40.7746287921634,-73.93637254877068,road_0004,collector,784,44.721576421704825,45,46.43320560386745,0
2024-01-06 11:00:00,40.77476408309478,-73.96823070091489,road_0005,collector,898,42.986538480975234,45,54.26432646081365,0
2024-01-06 11:00:00,40.796308181536965,-73.9632723129526,road_0006,arterial,1027,60.0,60,39.958899206534376,0
2024-01-06 11:00:00,40.70105925421109,-73.79200731226265,road_0007,collector,594,45.0,45,41.037393787434645,0
2024-01-06 11:00:00,40.74483244518929,-73.97033735860573,road_0008,collector,897,40.392617011003765,45,54.08916458648323,0
2024-01-06 11:00:00,40.74105839625748,-73.99941744380057,road_0009,arterial,2006,58.514269230540705,60,90.09179751867688,0
2024-01-06 11:00:00,40.69591159380505,-73.82426598115977,road_0010,arterial,1407,59.92784476786784,60,63.16852666240173,0
2024-01-06 11:00:00,40.65692390877457,-73.74942808238488,road_0011,highway,1494,80.0,80,35.99234351231789,0
2024-01-06 11:00:00,40.79398843427041,-73.9412929963572,road_0012,collector,579,40.7958589915961,45,38.01010157984655,0
2024-01-06 11:00:00,40.741050449839285,-73.98098885522496,road_0013,arterial,1711,53.89650582099652,60,70.21887297014698,0
2024-01-06 11:00:00,40.76936020671709,-73.98141462047757,road_0014,collector,384,41.366100863460176,45,29.691720642667008,0
2024-01-06 11:00:00,40.72484697982401,-74.01459505800035,road_0015,collector,947,41.15289346914009,45,57.22520561916885,0
2024-01-06 11:00:00,40.73100440294086,-73.98775581733632,road_0016,collector,482,45.0,45,39.6340239582385,0
2024-01-06 11:00:00,40.75868351619848,-73.94023079983116,road_0017,local,207,35.0,35,25.39353394729926,0
2024-01-06 11:00:00,40.716165397891224,-73.7396523951108,road_0018,collector,449,43.12868901759132,45,28.72229779919174,0
2024-01-06 11:00:00,40.74909586171322,-73.98772674635582,road_0019,collector,637,42.48246775774948,45,48.440414085273915,0
2024-01-06 12:00:00,40.80447246752146,-73.99401551064027,road_0000,arterial,1096,56.00586185472525,60,52.94197112331372,0
2024-01-06 12:00:00,40.80949107356936,-73.96391243158607,road_0001,local,533,33.84492666688058,35,75.98219848162832,0
2024-01-06 12:00:00,40.72351506842384,-73.96679396976803,road_0002,arterial,1652,57.667597538084884,60,59.76736476039389,0
2024-01-06 12:00:00,40.7911614698899,-73.9971824244575,road_0003,collector,548,45.0,45,28.45826315614766,0
2024-01-06 12:00:00,40.7746287921634,-73.93637254877068,road_0004,collector,747,41.165835194881765,45,53.04371771423667,0
2024-01-06 12:00:00,40.77476408309478,-73.96823070091489,road_0005,collector,832,45.0,45,64.27018793268779,0
2024-01-06 12:00:00,40.796308181536965,-73.9632723129526,road_0006,arterial,1281,55.76841605153458,60,46.94266350361417,0
2024-01-06 12:00:00,40.70105925421109,-73.79200731226265,road_0007,collector,296,42.57011756709754,45,23.308853003741913,0
2024-01-06 12:00:00,40.74483244518929,-73.97033735860573,road_0008,collector,1008,42.74415152994846,45,71.0751584069815,0
2024-01-06 12:00:00,40.74105839625748,-73.99941744380057,road_0009,arterial,1253,60.0,60,43.66082882119812,0
2024-01-06 12:00:00,40.69591159380505,-73.82426598115977,road_0010,arterial,990,60.0,60,44.73105320115633,0
2024-01-06 12:00:00,40.65692390877457,-73.74942808238488,road_0011,highway,1227,79.67672722262874,80,36.19803728211246,0
2024-01-06 12:00:00,40.79398843427041,-73.9412929963572,road_0012,collector,434,45.0,45,22.241351423360513,0
2024-01-06 12:00:00,40.741050449839285,-73.98098885522496,road_0013,arterial,1099,60.0,60,42.99092721946113,0
2024-01-06 12:00:00,40.76936020671709,-73.98141462047757,road_0014,collector,1334,37.152238874151706,45,87.95485476983053,0
2024-01-06 12:00:00,40.72484697982401,-74.01459505800035,road_0015,collector,842,45.0,45,57.28862851529457,0
2024-01-06 12:00:00,40.73100440294086,-73.98775581733632,road_0016,collector,628,45.0,45,35.51969904154211,0
2024-01-06 12:00:00,40.75868351619848,-73.94023079983116,road_0017,local,325,34.21522757733601,35,31.582311978122142,0
2024-01-06 12:00:00,40.716165397891224,-73.7396523951108,road_0018,collector,627,45.0,45,47.705740895944444,0
2024-01-06 12:00:00,40.74909586171322,-73.98772674635582,road_0019,collector,905,44.98209694222157,45,59.982362740955686,0
2024-01-06 13:00:00,40.80447246752146,-73.99401551064027,road_0000,arterial,1041,56.173958361107594,60,40.31393866213919,0
2024-01-06 13:00:00,40.80949107356936,-73.96391243158607,road_0001,local,188,35.0,35,19.51915431117345,0
2024-01-06 13:00:00,40.72351506842384,-73.96679396976803,road_0002,arterial,1450,59.026867555878574,60,67.18087993742814,0
2024-01-06 13:00:00,40.7911614698899,-73.9971824244575,road_0003,collector,886,40.525465176084715,45,63.51533512711493,0
2024-01-06 13:00:00,40.7746287921634,-73.93637254877068,road_0004,collector,355,43.5794366932009,45,27.98921947620142,0
2024-01-06 13:00:00,40.77476408309478,-73.96823070091489,road_0005,collector,919,40.8137142081663,45,67.65334171264388,0
2024-01-06 13:00:00,40.796308181536965,-73.9632723129526,road_0006,arterial,651,58.14433205036303,60,24.209747777645468,0
2024-01-06 13:00:00,40.70105925421109,-73.79200731226265,road_0007,collector,555,45.0,45,34.02434039276976,0
2024-01-06 13:00:00,40.74483244518929,-73.97033735860573,road_0008,collector,556,41.18050858542409,45,46.79300351210692,0
2024-01-06 13:00:00,40.74105839625748,-73.99941744380057,road_0009,arterial,999,60.0,60,45.48782737305452,0
2024-01-06 13:00:00,40.69591159380505,-73.82426598115977,road_0010,arterial,1111,60.0,60,36.79957998874052,0
2024-01-06 13:00:00,40.65692390877457,-73.74942808238488,road_0011,highway,1744,80.0,80,51.394706695661135,0
2024-01-06 13:00:00,40.79398843427041,-73.9412929963572,road_0012,collector,420,40.95919491838602,45,27.88085733871467,0
2024-01-06 13:00:00,40.741050449839285,-73.98098885522496,road_0013,arterial,1563,58.72885423710884,60,66.46922534453454,0
2024-01-06 13:00:00,40.76936020671709,-73.98141462047757,road_0014,collector,518,45.0,45,41.570069509712,0
2024-01-06 13:00:00,40.72484697982401,-74.01459505800035,road_0015,collector,498,42.72099979961267,45,30.467849588642537,0
2024-01-06 13:00:00,40.73100440294086,-73.98775581733632,road_0016,collector,930,45.0,45,63.499069864592826,0
2024-01-06 13:00:00,40.75868351619848,-73.94023079983116,road_0017,local,356,34.59607968658434,35,51.59215125466743,0
2024-01-06 13:00:00,40.716165397891224,-73.7396523951108,road_0018,collector,654,45.0,45,36.176261475259764,0
2024-01-06 13:00:00,40.74909586171322,-73.98772674635582,road_0019,collector,1000,39.80329852015331,45,75.42321080651432,0
2024-01-06 14:00:00,40.80447246752146,-73.99401551064027,road_0000,arterial,836,60.0,60,35.95716794140234,0
2024-01-06 14:00:00,40.80949107356936,-73.96391243158607,road_0001,local,230,32.40780578988415,35,32.924571598097984,0
2024-01-06 14:00:00,40.72351506842384,-73.96679396976803,road_0002,arterial,1547,56.82458098443496,60,70.87074874227304,0
2024-01-06 14:00:00,40.7911614698899,-73.9971824244575,road_0003,collector,340,45.0,45,14.382882100855442,0
2024-01-06 14:00:00,40.7746287921634,-73.93637254877068,road_0004,collector,337,43.80084691777622,45,22.968714629511545,0
2024-01-06 14:00:00,40.77476408309478,-73.96823070091489,road_0005,collector,439,42.9806498779091,45,30.971073254485773,0
2024-01-06 14:00:00,40.796308181536965,-73.9632723129526,road_0006,arterial,1113,60.0,60,43.51450821184212,0
2024-01-06 14:00:00,40.70105925421109,-73.79200731226265,road_0007,collector,354,41.207838643005395,45,21.09072304902082,0
2024-01-06 14:00:00,40.74483244518929,-73.97033735860573,road_0008,collector,646,45.0,45,43.339720103093256,0
2024-01-06 14:00:00,40.74105839625748,-73.99941744380057,road_0009,arterial,628,54.925918718158535,60,31.50461153680204,0
2024-01-06 14:00:00,40.69591159380505,-73.82426598115977,road_0010,arterial,876,58.19786118140746,60,41.72908429783392,0
2024-01-06 14:00:00,40.65692390877457,-73.74942808238488,road_0011,highway,1202,75.36283345492969,80,21.373374434503614,0
2024-01-06 14:00:00,40.79398843427041,-73.9412929963572,road_0012,collector,323,45.0,45,21.820998263553733,0
2024-01-06 14:00:00,40.741050449839285,-73.98098885522496,road_0013,arterial,1550,57.66330575868764,60,64.17516650259105,0
2024-01-06 14:00:00,40.76936020671709,-73.98141462047757,road_0014,collector,653,42.34189151053528,45,50.37665393456099,0
2024-01-06 14:00:00,40.72484697982401,-74.01459505800035,road_0015,collector,404,45.0,45,20.982577006109956,0
2024-01-06 14:00:00,40.73100440294086,-73.98775581733632,road_0016,collector,763,44.50957490013855,45,42.99443477494822,0
2024-01-06 14:00:00,40.75868351619848,-73.94023079983116,road_0017,local,281,35.0,35,39.46095433398742,0
2024-01-06 14:00:00,40.716165397891224,-73.7396523951108,road_0018,collector,323,42.41910262414427,45,26.536338959303684,0
2024-01-06 14:00:00,40.74909586171322,-73.98772674635582,road_0019,collector,899,45.0,45,61.474882185968646,0
2024-01-06 15:00:00,40.80447246752146,-73.99401551064027,road_0000,arterial,1249,60.0,60,44.137777854296864,0
2024-01-06 15:00:00,40.80949107356936,-73.96391243158607,road_0001,local,260,32.831785494911045,35,40.58850684634301,0
2024-01-06 15:00:00,40.72351506842384,-73.96679396976803,road_0002,arterial,597,60.0,60,26.326307129085286,0
2024-01-06 15:00:00,40.7911614698899,-73.9971824244575,road_0003,collector,456,45.0,45,27.189878301198853,0
2024-01-06 15:00:00,40.7746287921634,-73.93637254877068,road_0004,collector,416,45.0,45,22.18375421688226,0
2024-01-06 15:00:00,40.77476408309478,-73.96823070091489,road_0005,collector,606,41.063534640153826,45,34.86825089859251,0
2024-01-06 15:00:00,40.796308181536965,-73.9632723129526,road_0006,arterial,1517,60.0,60,58.75140784899203,0
2024-01-06 15:00:00,40.70105925421109,-73.79200731226265,road_0007,collector,641,44.988013961298066,45,39.03445271970642,0
2024-01-06 15:00:00,40.74483244518929,-73.97033735860573,road_0008,collector,724,41.65379563779661,45,56.09576795779411,0
2024-01-06 15:00:00,40.74105839625748,-73.99941744380057,road_0009,arterial,912,56.18617222506285,60,39.62988459969884,0
2024-01-06 15:00:00,40.69591159380505,-73.82426598115977,road_0010,arterial,945,60.0,60,32.73234845381348,0
2024-01-06 15:00:00,40.65692390877457,-73.74942808238488,road_0011,highway,1700,80.0,80,51.25051973519166,0
2024-01-06 15:00:00,40.79398843427041,-73.9412929963572,road_0012,collector,587,45.0,45,42.98560220183535,0
2024-01-06 15:00:00,40.741050449839285,-73.98098885522496,road_0013,arterial,1646,55.01534315351456,60,61.8377148011161,0
2024-01-06 15:00:00,40.76936020671709,-73.98141462047757,road_0014,collector,369,45.0,45,32.00110386218566,0
2024-01-06 15:00:00,40.72484697982401,-74.01459505800035,road_0015,collector,934,43.83401987502284,45,69.25104956054878,0
2024-01-06 15:00:00,40.73100440294086,-73.98775581733632,road_0016,collector,983,45.0,45,74.06748342011514,0
2024-01-06 15:00:00,40.75868351619848,-73.94023079983116,road_0017,local,253,32.41665309573164,35,32.28561122976511,0
2024-01-06 15:00:00,40.716165397891224,-73.7396523951108,road_0018,collector,536,45.0,45,26.780308669525382,0
2024-01-06 15:00:00,40.74909586171322,-73.98772674635582,road_0019,collector,1041,42.242967544197576,45,72.92112010026506,0
2024-01-06 16:00:00,40.80447246752146,-73.99401551064027,road_0000,arterial,1309,56.408071659560996,60,61.56504650402874,0
2024-01-06 16:00:00,40.80949107356936,-73.96391243158607,road_0001,local,607,35.0,35,79.28331029317913,0
2024-01-06 16:00:00,40.72351506842384,-73.96679396976803,road_0002,arterial,1701,52.806468290446126,60,72.0956575433195,0
2024-01-06 16:00:00,40.7911614698899,-73.9971824244575,road_0003,collector,988,44.34618241213649,45,65.07320636222332,0
2024-01-06 16:00:00,40.7746287921634,-73.93637254877068,road_0004,collector,488,40.57116746671552,45,39.155877667688245,0
2024-01-06 16:00:00,40.77476408309478,-73.96823070091489,road_0005,collector,605,45.0,45,38.6475595163303,0
2024-01-06 16:00:00,40.796308181536965,-73.9632723129526,road_0006,arterial,1812,54.78750931785355,60,74.65009225941573,0
2024-01-06 16:00:00,40.70105925421109,-73.79200731226265,road_0007,collector,1005,45.0,45,68.4885696600629,0
2024-01-06 16:00:00,40.74483244518929,-73.97033735860573,road_0008,collector,1432,41.71926923450159,45,92.83415681836135,0
2024-01-06 16:00:00,40.74105839625748,-73.99941744380057,road_0009,arterial,882,55.872220907933595,60,33.40646063691159,0
2024-01-06 16:00:00,40.69591159380505,-73.82426598115977,road_0010,arterial,526,60.0,60,24.132429915941103,0
2024-01-06 16:00:00,40.65692390877457,-73.74942808238488,road_0011,highway,2361,80.0,80,61.01258444522204,0
2024-01-06 16:00:00,40.79398843427041,-73.9412929963572,road_0012,collector,550,41.189103957815455,45,41.76624132964993,0
2024-01-06 16:00:00,40.741050449839285,-73.98098885522496,road_0013,arterial,2373,49.11279729047929,60,85.58806013154869,0
2024-01-06 16:00:00,40.76936020671709,-73.98141462047757,road_0014,collector,525,45.0,45,35.18577981359852,0
2024-01-06 16:00:00,40.72484697982401,-74.01459505800035,road_0015,collector,875,40.21154344782712,45,55.6985891307716,0
2024-01-06 16:00:00,40.73100440294086,-73.98775581733632,road_0016,collector,789,42.47684479297783,45,50.76443645176464,0
2024-01-06 16:00:00,40.75868351619848,-73.94023079983116,road_0017,local,290,33.719456807968214,35,46.17290484248384,0
2024-01-06 16:00:00,40.716165397891224,-73.7396523951108,road_0018,collector,610,43.84837909174727,45,45.035496161377495,0
2024-01-06 16:00:00,40.74909586171322,-73.98772674635582,road_0019,collector,1373,41.90740793176034,45,90.54113486145195,0
2024-01-06 17:00:00,40.80447246752146,-73.99401551064027,road_0000,arterial,2500,50.424103416416976,60,90.80026261070249,0
2024-01-06 17:00:00,40.80949107356936,-73.96391243158607,road_0001,local,742,33.558666598693726,35,96.75375121660913,0
2024-01-06 17:00:00,40.72351506842384,-73.96679396976803,road_0002,arterial,2500,56.086846904602666,60,95.45095295786058,0
2024-01-06 17:00:00,40.7911614698899,-73.9971824244575,road_0003,collector,1500,36.0318987893602,45,100.0,0
2024-01-06 17:00:00,40.7746287921634,-73.93637254877068,road_0004,collector,1500,40.349561492224026,45,95.84580345418506,0
2024-01-06 17:00:00,40.77476408309478,-73.96823070091489,road_0005,collector,1500,38.61095937575224,45,90.60794829623052,0
2024-01-06 17:00:00,40.796308181536965,-73.9632723129526,road_0006,arterial,2500,52.47448923294018,60,100.0,0
2024-01-06 17:00:00,40.70105925421109,-73.79200731226265,road_0007,collector,1390,38.12616562993591,45,97.58830979812451,0
2024-01-06 17:00:00,40.74483244518929,-73.97033735860573,road_0008,collector,1500,40.871436341783124,45,90.36315931214158,0
2024-01-06 17:00:00,40.74105839625748,-73.99941744380057,road_0009,arterial,2500,55.83946656225947,60,98.95884834354328,0
2024-01-06 17:00:00,40.69591159380505,-73.82426598115977,road_0010,arterial,2209,56.9401928511932,60,84.83952213123078,0
2024-01-06 17:00:00,40.65692390877457,-73.74942808238488,road_0011,highway,2824,80.0,80,66.79859818458333,0
2024-01-06 17:00:00,40.79398843427041,-73.9412929963572,road_0012,collector,1500,42.589365121123755,45,100.0,0
2024-01-06 17:00:00,40.741050449839285,-73.98098885522496,road_0013,arterial,2500,53.95575674829428,60,90.40435040295594,0
2024-01-06 17:00:00,40.76936020671709,-73.98141462047757,road_0014,collector,1500,41.902964551232856,45,100.0,0
2024-01-06 17:00:00,40.72484697982401,-74.01459505800035,road_0015,collector,1462,38.96617893645649,45,94.8233111530858,0
2024-01-06 17:00:00,40.73100440294086,-73.98775581733632,road_0016,collector,1500,36.623221249868934,45,100.0,0
2024-01-06 17:00:00,40.75868351619848,-73.94023079983116,road_0017,local,800,29.368047185017755,35,95.04390322855836,0
2024-01-06 17:00:00,40.716165397891224,-73.7396523951108,road_0018,collector,1500,39.39618167166471,45,96.58191760629519,0
2024-01-06 17:00:00,40.74909586171322,-73.98772674635582,road_0019,collector,1500,35.89022923261992,45,99.71641117720799,1
2024-01-06 18:00:00,40.80447246752146,-73.99401551064027,road_0000,arterial,2500,54.19269814918985,60,100.0,0
2024-01-06 18:00:00,40.80949107356936,-73.96391243158607,road_0001,local,800,33.33808468033377,35,100.0,0
2024-01-06 18:00:00,40.72351506842384,-73.96679396976803,road_0002,arterial,2500,56.404890700564344,60,100.0,0
2024-01-06 18:00:00,40.7911614698899,-73.9971824244575,road_0003,collector,1500,42.966718350665275,45,100.0,0
2024-01-06 18:00:00,40.7746287921634,-73.93637254877068,road_0004,collector,954,45.0,45,59.26795389141188,0
2024-01-06 18:00:00,40.77476408309478,-73.96823070091489,road_0005,collector,1500,40.08231843685994,45,94.13493291480478,0
2024-01-06 18:00:00,40.796308181536965,-73.9632723129526,road_0006,arterial,1425,57.02220833963655,60,63.70491095476004,0
2024-01-06 18:00:00,40.70105925421109,-73.79200731226265,road_0007,collector,1244,41.090865687467094,45,77.47631511007226,0
2024-01-06 18:00:00,40.74483244518929,-73.97033735860573,road_0008,collector,1500,42.38196251144491,45,100.0,0
2024-01-06 18:00:00,40.74105839625748,-73.99941744380057,road_0009,arterial,2500,50.961119273276076,60,90.49618660085132,0
2024-01-06 18:00:00,40.69591159380505,-73.82426598115977,road_0010,arterial,1302,53.93251057558714,60,55.30261173651434,0
2024-01-06 18:00:00,40.65692390877457,-73.74942808238488,road_0011,highway,3349,77.01067294101897,80,82.36954150982085,0
2024-01-06 18:00:00,40.79398843427041,-73.9412929963572,road_0012,collector,1302,40.65162185156361,45,78.11255990671481,0
2024-01-06 18:00:00,40.741050449839285,-73.98098885522496,road_0013,arterial,2500,51.37654775873822,60,98.26994274126744,0
2024-01-06 18:00:00,40.76936020671709,-73.98141462047757,road_0014,collector,1500,38.66199813812299,45,95.3412188047872,0
2024-01-06 18:00:00,40.72484697982401,-74.01459505800035,road_0015,collector,1500,40.130082278313395,45,92.2117268792791,0
2024-01-06 18:00:00,40.73100440294086,-73.98775581733632,road_0016,collector,1500,42.07463500871728,45,100.0,0
2024-01-06 18:00:00,40.75868351619848,-73.94023079983116,road_0017,local,669,35.0,35,78.24432696432063,0
2024-01-06 18:00:00,40.716165397891224,-73.7396523951108,road_0018,collector,727,45.0,45,42.21012896520561,0
2024-01-06 18:00:00,40.74909586171322,-73.98772674635582,road_0019,collector,1500,41.88689379174507,45,97.22199281252934,0
2024-01-06 19:00:00,40.80447246752146,-73.99401551064027,road_0000,arterial,2032,60.0,60,89.22077032501369,0
2024-01-06 19:00:00,40.80949107356936,-73.96391243158607,road_0001,local,568,32.88437794382528,35,61.49751764029211,0
2024-01-06 19:00:00,40.72351506842384,-73.96679396976803,road_0002,arterial,2500,50.114319496506674,60,95.46162900642636,0
2024-01-06 19:00:00,40.7911614698899,-73.9971824244575,road_0003,collector,1149,45.0,45,81.13469672706685,0
2024-01-06 19:00:00,40.7746287921634,-73.93637254877068,road_0004,collector,1092,41.14681930465399,45,81.45363804721003,0
2024-01-06 19:00:00,40.77476408309478,-73.96823070091489,road_0005,collector,977,40.43233805135683,45,66.40100814665664,0
2024-01-06 19:00:00,40.796308181536965,-73.9632723129526,road_0006,arterial,1101,60.0,60,39.673060193689274,0
2024-01-06 19:00:00,40.70105925421109,-73.79200731226265,road_0007,collector,1140,40.67241412433252,45,71.24968909432954,0
2024-01-06 19:00:00,40.74483244518929,-73.97033735860573,road_0008,collector,1500,36.78048406269709,45,100.0,0
2024-01-06 19:00:00,40.74105839625748,-73.99941744380057,road_0009,arterial,2500,54.335171623767465,60,98.80703547786504,0
2024-01-06 19:00:00,40.69591159380505,-73.82426598115977,road_0010,arterial,1337,60.0,60,54.556618317356474,0
2024-01-06 19:00:00,40.65692390877457,-73.74942808238488,road_0011,highway,1004,74.06528971477944,80,24.261338781457827,0
2024-01-06 19:00:00,40.79398843427041,-73.9412929963572,road_0012,collector,1088,40.593650378256626,45,71.19035546924675,0
2024-01-06 19:00:00,40.741050449839285,-73.98098885522496,road_0013,arterial,2500,47.490069267200326,60,90.46213705574961,1
2024-01-06 19:00:00,40.76936020671709,-73.98141462047757,road_0014,collector,1500,35.748987685222126,45,100.0,1
2024-01-06 19:00:00,40.72484697982401,-74.01459505800035,road_0015,collector,1108,45.0,45,73.16408526975354,0
2024-01-06 19:00:00,40.73100440294086,-73.98775581733632,road_0016,collector,1500,38.77795031003227,45,100.0,0
2024-01-06 19:00:00,40.75868351619848,-73.94023079983116,road_0017,local,584,34.10089935644055,35,75.0581762284937,0
2024-01-06 19:00:00,40.716165397891224,-73.7396523951108,road_0018,collector,496,43.24606416624862,45,41.97043826185755,0
2024-01-06 19:00:00,40.74909586171322,-73.98772674635582,road_0019,collector,1500,35.43364043104642,45,100.0,1
2024-01-06 20:00:00,40.80447246752146,-73.99401551064027,road_0000,arterial,859,60.0,60,42.091282252623046,0
2024-01-06 20:00:00,40.80949107356936,-73.96391243158607,road_0001,local,175,32.73638786256932,35,18.12812628710439,0
2024-01-06 20:00:00,40.72351506842384,-73.96679396976803,road_0002,arterial,1288,55.45261434346867,60,49.49087428730765,0
2024-01-06 20:00:00,40.7911614698899,-73.9971824244575,road_0003,collector,474,45.0,45,28.86257420979272,0
2024-01-06 20:00:00,40.7746287921634,-73.93637254877068,road_0004,collector,557,45.0,45,30.67955840378623,0
2024-01-06 20:00:00,40.77476408309478,-73.96823070091489,road_0005,collector,438,45.0,45,24.677436394107417,0
2024-01-06 20:00:00,40.796308181536965,-73.9632723129526,road_0006,arterial,835,60.0,60,25.610827288334704,0
2024-01-06 20:00:00,40.70105925421109,-73.79200731226265,road_0007,collector,529,44.256998609783096,45,40.65040246658523,0
2024-01-06 20:00:00,40.74483244518929,-73.97033735860573,road_0008,collector,710,45.0,45,42.215224783185384,0
2024-01-06 20:00:00,40.74105839625748,-73.99941744380057,road_0009,arterial,1117,60.0,60,41.66970364616202,0
2024-01-06 20:00:00,40.69591159380505,-73.82426598115977,road_0010,arterial,866,59.069319302131326,60,40.60442363176027,0
2024-01-06 20:00:00,40.65692390877457,-73.74942808238488,road_0011,highway,1499,79.23706311640608,80,42.36107434674732,0
2024-01-06 20:00:00,40.79398843427041,-73.9412929963572,road_0012,collector,305,45.0,45,18.841957218460244,0
2024-01-06 20:00:00,40.741050449839285,-73.98098885522496,road_0013,arterial,1190,59.32042705074704,60,43.24652701463884,0
2024-01-06 20:00:00,40.76936020671709,-73.98141462047757,road_0014,collector,400,44.12843932520055,45,36.46450991146416,0
2024-01-06 20:00:00,40.72484697982401,-74.01459505800035,road_0015,collector,292,45.0,45,22.517204221675044,0
2024-01-06 20:00:00,40.73100440294086,-73.98775581733632,road_0016,collector,689,45.0,45,51.20597164427601,0
2024-01-06 20:00:00,40.75868351619848,-73.94023079983116,road_0017,local,210,34.643278210854284,35,19.195476169966533,0
2024-01-06 20:00:00,40.716165397891224,-73.7396523951108,road_0018,collector,542,45.0,45,42.92466746284177,0
2024-01-06 20:00:00,40.74909586171322,-73.98772674635582,road_0019,collector,463,44.027823643176966,45,30.986333249807934,0
2024-01-06 21:00:00,40.80447246752146,-73.99401551064027,road_0000,arterial,417,55.178821717948544,60,8.135247524792542,0
2024-01-06 21:00:00,40.80949107356936,-73.96391243158607,road_0001,local,179,34.11711391452729,35,30.88588651724447,0
2024-01-06 21:00:00,40.72351506842384,-73.96679396976803,road_0002,arterial,1082,56.82233111788975,60,47.36171337284671,0
2024-01-06 21:00:00,40.7911614698899,-73.9971824244575,road_0003,collector,561,43.657286086645065,45,44.02648142570499,0
2024-01-06 21:00:00,40.7746287921634,-73.93637254877068,road_0004,collector,269,44.77069087929183,45,8.088526300081824,0
2024-01-06 21:00:00,40.77476408309478,-73.96823070091489,road_0005,collector,393,44.64806891024533,45,35.78839746275705,0
2024-01-06 21:00:00,40.796308181536965,-73.9632723129526,road_0006,arterial,853,60.0,60,34.03680062208048,0
2024-01-06 21:00:00,40.70105925421109,-73.79200731226265,road_0007,collector,537,45.0,45,31.72511506633568,0
2024-01-06 21:00:00,40.74483244518929,-73.97033735860573,road_0008,collector,380,45.0,45,25.017594648529148,0
2024-01-06 21:00:00,40.74105839625748,-73.99941744380057,road_0009,arterial,1137,60.0,60,35.83408890146474,0
2024-01-06 21:00:00,40.69591159380505,-73.82426598115977,road_0010,arterial,438,58.78576963833388,60,8.019418008682624,0
2024-01-06 21:00:00,40.65692390877457,-73.74942808238488,road_0011,highway,1151,76.83538341949286,80,27.248863039992848,0
2024-01-06 21:00:00,40.79398843427041,-73.9412929963572,road_0012,collector,621,41.04980459885224,45,36.15397520612458,0
2024-01-06 21:00:00,40.741050449839285,-73.98098885522496,road_0013,arterial,903,54.24693463172265,60,39.561687812121264,0
2024-01-06 21:00:00,40.76936020671709,-73.98141462047757,road_0014,collector,372,45.0,45,19.047413106049955,0
2024-01-06 21:00:00,40.72484697982401,-74.01459505800035,road_0015,collector,275,44.39016274304131,45,28.304538303034704,0
2024-01-06 21:00:00,40.73100440294086,-73.98775581733632,road_0016,collector,537,45.0,45,37.997374699710754,0
2024-01-06 21:00:00,40.75868351619848,-73.94023079983116,road_0017,local,198,34.20460902963481,35,26.818351569445667,0
2024-01-06 21:00:00,40.716165397891224,-73.7396523951108,road_0018,collector,386,44.09558648275026,45,19.044039187210654,0
2024-01-06 21:00:00,40.74909586171322,-73.98772674635582,road_0019,collector,440,44.79310082511703,45,34.55554510303849,0
2024-01-06 22:00:00,40.80447246752146,-73.99401551064027,road_0000,arterial,565,60.0,60,20.91407156569858,0
2024-01-06 22:00:00,40.80949107356936,-73.96391243158607,road_0001,local,149,34.28400938704044,35,9.69180326010367,0
2024-01-06 22:00:00,40.72351506842384,-73.96679396976803,road_0002,arterial,548,60.0,60,18.087101412646206,0
2024-01-06 22:00:00,40.7911614698899,-73.9971824244575,road_0003,collector,286,45.0,45,19.93735423414914,0
2024-01-06 22:00:00,40.7746287921634,-73.93637254877068,road_0004,collector,307,43.50555812144404,45,17.258129490830058,0
2024-01-06 22:00:00,40.77476408309478,-73.96823070091489,road_0005,collector,210,43.931637973723056,45,21.096401059843764,0
2024-01-06 22:00:00,40.796308181536965,-73.9632723129526,road_0006,arterial,563,55.6712395020908,60,20.032974709860014,0
2024-01-06 22:00:00,40.70105925421109,-73.79200731226265,road_0007,collector,322,40.647958780844284,45,25.183756514696505,0
2024-01-06 22:00:00,40.74483244518929,-73.97033735860573,road_0008,collector,212,45.0,45,15.54105532485787,0
2024-01-06 22:00:00,40.74105839625748,-73.99941744380057,road_0009,arterial,423,60.0,60,18.030179567909663,0
2024-01-06 22:00:00,40.69591159380505,-73.82426598115977,road_0010,arterial,471,55.50274346734127,60,26.864480459555786,0
2024-01-06 22:00:00,40.65692390877457,-73.74942808238488,road_0011,highway,652,80.0,80,24.425084734757366,0
2024-01-06 22:00:00,40.79398843427041,-73.9412929963572,road_0012,collector,310,41.58222213906208,45,27.32184003572095,0
2024-01-06 22:00:00,40.741050449839285,-73.98098885522496,road_0013,arterial,734,59.02101274463304,60,28.372468502163382,0
2024-01-06 22:00:00,40.76936020671709,-73.98141462047757,road_0014,collector,411,45.0,45,28.364075455843036,0
2024-01-06 22:00:00,40.72484697982401,-74.01459505800035,road_0015,collector,267,45.0,45,24.044790772174945,0
2024-01-06 22:00:00,40.73100440294086,-73.98775581733632,road_0016,collector,390,45.0,45,33.21860965157392,0
2024-01-06 22:00:00,40.75868351619848,-73.94023079983116,road_0017,local,105,33.27439666115086,35,11.40637238880885,0
2024-01-06 22:00:00,40.716165397891224,-73.7396523951108,road_0018,collector,308,42.85920442965123,45,26.700627136869667,0
2024-01-06 22:00:00,40.74909586171322,-73.98772674635582,road_0019,collector,195,45.0,45,5.004565132857685,0
2024-01-06 23:00:00,40.80447246752146,-73.99401551064027,road_0000,arterial,256,57.43896365924058,60,1.9806713018310855,0
2024-01-06 23:00:00,40.80949107356936,-73.96391243158607,road_0001,local,114,35.0,35,17.19319122253915,0
2024-01-06 23:00:00,40.72351506842384,-73.96679396976803,road_0002,arterial,566,56.98632409222302,60,14.819432586078317,0
2024-01-06 23:00:00,40.7911614698899,-73.9971824244575,road_0003,collector,292,45.0,45,22.25774319421289,0
2024-01-06 23:00:00,40.7746287921634,-73.93637254877068,road_0004,collector,149,45.0,45,15.622164174747914,0
2024-01-06 23:00:00,40.77476408309478,-73.96823070091489,road_0005,collector,293,43.13947524995903,45,16.256526633035307,0
2024-01-06 23:00:00,40.796308181536965,-73.9632723129526,road_0006,arterial,494,55.55611198479697,60,20.059596212966895,0
2024-01-06 23:00:00,40.70105925421109,-73.79200731226265,road_0007,collector,140,45.0,45,7.034158090141567,0
2024-01-06 23:00:00,40.74483244518929,-73.97033735860573,road_0008,collector,410,45.0,45,24.884241793244477,0
2024-01-06 23:00:00,40.74105839625748,-73.99941744380057,road_0009,arterial,324,58.62611969222575,60,3.627864097317147,0
2024-01-06 23:00:00,40.69591159380505,-73.82426598115977,road_0010,arterial,363,60.0,60,8.650263298595679,0
2024-01-06 23:00:00,40.65692390877457,-73.74942808238488,road_0011,highway,300,72.59946274605817,80,3.9273991148174066,0
2024-01-06 23:00:00,40.79398843427041,-73.9412929963572,road_0012,collector,233,42.962736048213344,45,16.56891900784724,0
2024-01-06 23:00:00,40.741050449839285,-73.98098885522496,road_0013,arterial,214,54.85596238249623,60,0.8711339767267745,0
2024-01-06 23:00:00,40.76936020671709,-73.98141462047757,road_0014,collector,319,44.25174270612582,45,18.12450849364626,0
2024-01-06 23:00:00,40.72484697982401,-74.01459505800035,road_0015,collector,420,45.0,45,32.31352960245154,0
2024-01-06 23:00:00,40.73100440294086,-73.98775581733632,road_0016,collector,206,45.0,45,16.007576970417894,0
2024-01-06 23:00:00,40.75868351619848,-73.94023079983116,road_0017,local,99,35.0,35,22.098606232173903,0
2024-01-06 23:00:00,40.716165397891224,-73.7396523951108,road_0018,collector,182,41.40017803244698,45,7.524567198382522,0
2024-01-06 23:00:00,40.74909586171322,-73.98772674635582,road_0019,collector,222,45.0,45,5.1307424912134145,0
2024-01-07 00:00:00,40.80447246752146,-73.99401551064027,road_0000,arterial,198,56.09963085048992,60,0.0,0
2024-01-07 00:00:00,40.80949107356936,-73.96391243158607,road_0001,local,99,35.0,35,21.380681003409713,0
2024-01-07 00:00:00,40.72351506842384,-73.96679396976803,road_0002,arterial,234,60.0,60,16.527121103181933,0
2024-01-07 00:00:00,40.7911614698899,-73.9971824244575,road_0003,collector,164,43.697120773364325,45,16.568250509638823,0
2024-01-07 00:00:00,40.7746287921634,-73.93637254877068,road_0004,collector,159,40.6897037786354,45,14.362277525221108,0
2024-01-07 00:00:00,40.77476408309478,-73.96823070091489,road_0005,collector,126,45.0,45,3.059444241560782,0
2024-01-07 00:00:00,40.796308181536965,-73.9632723129526,road_0006,arterial,113,60.0,60,0.7113870447646287,0
2024-01-07 00:00:00,40.70105925421109,-73.79200731226265,road_0007,collector,108,42.63101046241963,45,0.48482134446308844,0
2024-01-07 00:00:00,40.74483244518929,-73.97033735860573,road_0008,collector,157,44.67398276427565,45,19.418716698821108,0
2024-01-07 00:00:00,40.74105839625748,-73.99941744380057,road_0009,arterial,188,60.0,60,4.096905764179793,0
2024-01-07 00:00:00,40.69591159380505,-73.82426598115977,road_0010,arterial,162,60.0,60,11.923050096149293,0
2024-01-07 00:00:00,40.65692390877457,-73.74942808238488,road_0011,highway,231,80.0,80,5.060328405718794,0
2024-01-07 00:00:00,40.79398843427041,-73.9412929963572,road_0012,collector,150,44.958908212352554,45,2.638596515076217,0
2024-01-07 00:00:00,40.741050449839285,-73.98098885522496,road_0013,arterial,174,60.0,60,0.0,0
2024-01-07 00:00:00,40.76936020671709,-73.98141462047757,road_0014,collector,292,45.0,45,16.97148931660496,0
2024-01-07 00:00:00,40.72484697982401,-74.01459505800035,road_0015,collector,194,44.17773884070214,45,16.724621554372632,0
2024-01-07 00:00:00,40.73100440294086,-73.98775581733632,road_0016,collector,122,45.0,45,0.0,0
2024-01-07 00:00:00,40.75868351619848,-73.94023079983116,road_0017,local,50,35.0,35,0.0,0
2024-01-07 00:00:00,40.716165397891224,-73.7396523951108,road_0018,collector,121,44.19415733723909,45,9.455320328563758,0
2024-01-07 00:00:00,40.74909586171322,-73.98772674635582,road_0019,collector,140,41.43439248476953,45,1.8744586404868206,0
