timestamp,road_id,latitude,longitude,traffic_volume,average_speed,free_flow_speed,occupancy_rate,congestion_level,congestion_name,road_type,district
2025-09-17 12:56:17.877592,road_0000,51.090206297253665,71.51261522969342,444,42.015393286057275,45,24.01605259571278,0,FREE_FLOW,collector,Esil District
2025-09-17 12:56:17.877592,road_0001,51.1287740471871,71.50587709332447,1430,60.0,60,61.68634939353322,0,FREE_FLOW,arterial,Esil District
2025-09-17 12:56:17.877592,road_0002,51.151311066924016,71.4735630039515,341,35.0,35,39.70972480889549,0,FREE_FLOW,local,Esil District
2025-09-17 12:56:17.877592,road_0003,51.118122109682595,71.43871030563635,1765,60.0,60,68.3415752067126,0,FREE_FLOW,arterial,Left Bank
2025-09-17 12:56:17.877592,road_0004,51.15184880769501,71.45937053463895,977,45.0,45,63.50494576581203,0,FREE_FLOW,collector,City Center
2025-09-17 12:56:17.877592,road_0005,51.08107964105507,71.44847060630846,1267,60.0,60,44.473896963493544,0,FREE_FLOW,arterial,Esil District
2025-09-17 12:56:17.877592,road_0006,51.14918612732707,71.49036788307733,785,41.81918399107644,45,54.91930945354805,0,FREE_FLOW,collector,Right Bank
2025-09-17 12:56:17.877592,road_0007,51.110489893076185,71.4237496928499,1018,56.955327877516055,60,38.148171353002816,0,FREE_FLOW,arterial,Left Bank
2025-09-17 12:56:17.877592,road_0008,51.14432758813648,71.43845828951056,800,28.299708213609772,35,95.32038556010761,0,FREE_FLOW,local,City Center
2025-09-17 12:56:17.877592,road_0009,51.169925634959554,71.46668303287746,1874,59.025112130446814,60,69.82955936809735,0,FREE_FLOW,arterial,City Center
2025-09-17 12:56:17.877592,road_0010,51.12778115192114,71.4384708479152,2500,51.05106492029713,60,100.0,0,FREE_FLOW,arterial,Left Bank
2025-09-17 12:56:17.877592,road_0011,51.137221625425056,71.41556243649795,2489,53.95287306002366,60,91.60299059315076,0,FREE_FLOW,arterial,Left Bank
2025-09-17 12:56:17.877592,road_0012,51.097795984364055,71.39600758045155,800,29.091803476124365,35,91.52833718876103,0,FREE_FLOW,local,Left Bank
2025-09-17 12:56:17.877592,road_0013,51.18178170167311,71.47812576762125,1379,60.0,60,60.78340847573838,0,FREE_FLOW,arterial,Esil District
2025-09-17 12:56:17.877592,road_0014,51.163628086584104,71.43484741916329,627,42.34875580190104,45,40.80248864839519,0,FREE_FLOW,collector,Esil District
2025-09-17 12:56:17.877592,road_0015,51.1326469214106,71.47066027619965,1459,54.32309309693623,60,66.009188809122,0,FREE_FLOW,arterial,Esil District
2025-09-17 12:56:17.877592,road_0016,51.11465579817138,71.47066398517191,1552,53.2694652089225,60,53.03661640788211,0,FREE_FLOW,arterial,Esil District
2025-09-17 12:56:17.877592,road_0017,51.1353912190157,71.39325572750592,2500,48.056009049942325,60,100.0,0,FREE_FLOW,arterial,Left Bank
2025-09-17 12:56:17.877592,road_0018,51.163666040877104,71.37112832872046,1195,59.08071745899145,60,45.55190462965539,0,FREE_FLOW,arterial,Left Bank
2025-09-17 12:56:17.877592,road_0019,51.18468086706726,71.4364182383345,1500,41.351812252964415,45,100.0,0,FREE_FLOW,collector,City Center
2025-09-17 13:11:17.877592,road_0000,51.090206297253665,71.51261522969342,497,45.0,45,34.12565420771182,0,FREE_FLOW,collector,Esil District
2025-09-17 13:11:17.877592,road_0001,51.1287740471871,71.50587709332447,583,60.0,60,14.972353269185374,0,FREE_FLOW,arterial,Esil District
2025-09-17 13:11:17.877592,road_0002,51.151311066924016,71.4735630039515,480,35.0,35,54.5568483508622,0,FREE_FLOW,local,Esil District
2025-09-17 13:11:17.877592,road_0003,51.118122109682595,71.43871030563635,1719,55.27517785955457,60,63.86826969370439,0,FREE_FLOW,arterial,Left Bank
2025-09-17 13:11:17.877592,road_0004,51.15184880769501,71.45937053463895,962,45.0,45,63.698439224851796,0,FREE_FLOW,collector,City Center
2025-09-17 13:11:17.877592,road_0005,51.08107964105507,71.44847060630846,705,55.31500724829828,60,27.686722198124272,0,FREE_FLOW,arterial,Esil District
2025-09-17 13:11:17.877592,road_0006,51.14918612732707,71.49036788307733,856,45.0,45,57.482029503350915,0,FREE_FLOW,collector,Right Bank
2025-09-17 13:11:17.877592,road_0007,51.110489893076185,71.4237496928499,1043,60.0,60,33.93615924359614,0,FREE_FLOW,arterial,Left Bank
2025-09-17 13:11:17.877592,road_0008,51.14432758813648,71.43845828951056,428,33.805147844360356,35,54.50183880916312,0,FREE_FLOW,local,City Center
2025-09-17 13:11:17.877592,road_0009,51.169925634959554,71.46668303287746,1406,60.0,60,64.80635065697155,0,FREE_FLOW,arterial,City Center
2025-09-17 13:11:17.877592,road_0010,51.12778115192114,71.4384708479152,1489,60.0,60,69.40830800978941,0,FREE_FLOW,arterial,Left Bank
2025-09-17 13:11:17.877592,road_0011,51.137221625425056,71.41556243649795,1782,58.27177715279566,60,66.44863240583636,0,FREE_FLOW,arterial,Left Bank
2025-09-17 13:11:17.877592,road_0012,51.097795984364055,71.39600758045155,593,35.0,35,83.69294557601192,0,FREE_FLOW,local,Left Bank
2025-09-17 13:11:17.877592,road_0013,51.18178170167311,71.47812576762125,908,57.69013491123949,60,27.397164139960523,0,FREE_FLOW,arterial,Esil District
2025-09-17 13:11:17.877592,road_0014,51.163628086584104,71.43484741916329,663,45.0,45,44.99112440991011,0,FREE_FLOW,collector,Esil District
2025-09-17 13:11:17.877592,road_0015,51.1326469214106,71.47066027619965,684,60.0,60,19.19741775420089,0,FREE_FLOW,arterial,Esil District
2025-09-17 13:11:17.877592,road_0016,51.11465579817138,71.47066398517191,842,58.847416051454054,60,30.527672720670928,0,FREE_FLOW,arterial,Esil District
2025-09-17 13:11:17.877592,road_0017,51.1353912190157,71.39325572750592,2500,48.06188569626254,60,100.0,0,FREE_FLOW,arterial,Left Bank
2025-09-17 13:11:17.877592,road_0018,51.163666040877104,71.37112832872046,1062,60.0,60,44.023455665751,0,FREE_FLOW,arterial,Left Bank
2025-09-17 13:11:17.877592,road_0019,51.18468086706726,71.4364182383345,1085,45.0,45,73.49417983631268,0,FREE_FLOW,collector,City Center
2025-09-17 13:26:17.877592,road_0000,51.090206297253665,71.51261522969342,835,41.645734817878726,45,51.22470861164402,0,FREE_FLOW,collector,Esil District
2025-09-17 13:26:17.877592,road_0001,51.1287740471871,71.50587709332447,1415,60.0,60,52.81857860015108,0,FREE_FLOW,arterial,Esil District
2025-09-17 13:26:17.877592,road_0002,51.151311066924016,71.4735630039515,426,33.72013354536714,35,57.0076821975983,0,FREE_FLOW,local,Esil District
2025-09-17 13:26:17.877592,road_0003,51.118122109682595,71.43871030563635,1940,60.0,60,84.56095582261545,0,FREE_FLOW,arterial,Left Bank
2025-09-17 13:26:17.877592,road_0004,51.15184880769501,71.45937053463895,1400,42.49148622288537,45,98.3242430227111,0,FREE_FLOW,collector,City Center
2025-09-17 13:26:17.877592,road_0005,51.08107964105507,71.44847060630846,1268,59.05757728610488,60,57.55940742993417,0,FREE_FLOW,arterial,Esil District
2025-09-17 13:26:17.877592,road_0006,51.14918612732707,71.49036788307733,632,45.0,45,39.84085099428057,0,FREE_FLOW,collector,Right Bank
2025-09-17 13:26:17.877592,road_0007,51.110489893076185,71.4237496928499,2065,57.9127421415137,60,75.3564579831847,0,FREE_FLOW,arterial,Left Bank
2025-09-17 13:26:17.877592,road_0008,51.14432758813648,71.43845828951056,339,32.51095697556473,35,32.956427606879075,0,FREE_FLOW,local,City Center
2025-09-17 13:26:17.877592,road_0009,51.169925634959554,71.46668303287746,1511,60.0,60,58.48654249373112,0,FREE_FLOW,arterial,City Center
2025-09-17 13:26:17.877592,road_0010,51.12778115192114,71.4384708479152,2040,53.169262813223575,60,73.68274715840575,0,FREE_FLOW,arterial,Left Bank
2025-09-17 13:26:17.877592,road_0011,51.137221625425056,71.41556243649795,1805,58.79587529678622,60,71.93195324487506,0,FREE_FLOW,arterial,Left Bank
2025-09-17 13:26:17.877592,road_0012,51.097795984364055,71.39600758045155,525,34.982204095086246,35,62.06716008458371,0,FREE_FLOW,local,Left Bank
2025-09-17 13:26:17.877592,road_0013,51.18178170167311,71.47812576762125,726,60.0,60,33.95850417627349,0,FREE_FLOW,arterial,Esil District
2025-09-17 13:26:17.877592,road_0014,51.163628086584104,71.43484741916329,494,43.78390446785235,45,33.33926487170641,0,FREE_FLOW,collector,Esil District
2025-09-17 13:26:17.877592,road_0015,51.1326469214106,71.47066027619965,711,58.399755309573564,60,23.15715198287374,0,FREE_FLOW,arterial,Esil District
2025-09-17 13:26:17.877592,road_0016,51.11465579817138,71.47066398517191,668,60.0,60,32.05177047943287,0,FREE_FLOW,arterial,Esil District
2025-09-17 13:26:17.877592,road_0017,51.1353912190157,71.39325572750592,1319,59.265169960030825,60,55.51106528940459,0,FREE_FLOW,arterial,Left Bank
2025-09-17 13:26:17.877592,road_0018,51.163666040877104,71.37112832872046,1410,60.0,60,66.22252863642606,0,FREE_FLOW,arterial,Left Bank
2025-09-17 13:26:17.877592,road_0019,51.18468086706726,71.4364182383345,1500,39.64343450808085,45,94.05872735149805,0,FREE_FLOW,collector,City Center
2025-09-17 13:41:17.877592,road_0000,51.090206297253665,71.51261522969342,738,45.0,45,53.205039188890424,0,FREE_FLOW,collector,Esil District
2025-09-17 13:41:17.877592,road_0001,51.1287740471871,71.50587709332447,1152,60.0,60,54.67233845751368,0,FREE_FLOW,arterial,Esil District
2025-09-17 13:41:17.877592,road_0002,51.151311066924016,71.4735630039515,215,34.11170669321935,35,21.385826598514655,0,FREE_FLOW,local,Esil District
2025-09-17 13:41:17.877592,road_0003,51.118122109682595,71.43871030563635,1777,60.0,60,69.78360798510714,0,FREE_FLOW,arterial,Left Bank
2025-09-17 13:41:17.877592,road_0004,51.15184880769501,71.45937053463895,1500,42.29149562812468,45,90.99684055565884,0,FREE_FLOW,collector,City Center
2025-09-17 13:41:17.877592,road_0005,51.08107964105507,71.44847060630846,1510,53.61697479538396,60,50.54058407627238,0,FREE_FLOW,arterial,Esil District
2025-09-17 13:41:17.877592,road_0006,51.14918612732707,71.49036788307733,474,45.0,45,29.57672059407459,0,FREE_FLOW,collector,Right Bank
2025-09-17 13:41:17.877592,road_0007,51.110489893076185,71.4237496928499,1456,53.60996735525832,60,53.89491379157524,0,FREE_FLOW,arterial,Left Bank
2025-09-17 13:41:17.877592,road_0008,51.14432758813648,71.43845828951056,375,35.0,35,42.38724677357891,0,FREE_FLOW,local,City Center
2025-09-17 13:41:17.877592,road_0009,51.169925634959554,71.46668303287746,2500,55.77171585689762,60,98.57773757722077,0,FREE_FLOW,arterial,City Center
2025-09-17 13:41:17.877592,road_0010,51.12778115192114,71.4384708479152,1263,54.03007237651989,60,57.581792468073004,0,FREE_FLOW,arterial,Left Bank
2025-09-17 13:41:17.877592,road_0011,51.137221625425056,71.41556243649795,2109,53.70253567161431,60,81.27840895003388,0,FREE_FLOW,arterial,Left Bank
2025-09-17 13:41:17.877592,road_0012,51.097795984364055,71.39600758045155,618,34.769817337011176,35,71.98568618622771,0,FREE_FLOW,local,Left Bank
2025-09-17 13:41:17.877592,road_0013,51.18178170167311,71.47812576762125,879,58.58707029534026,60,42.802712285641206,0,FREE_FLOW,arterial,Esil District
2025-09-17 13:41:17.877592,road_0014,51.163628086584104,71.43484741916329,859,44.23668643164806,45,59.755175596101225,0,FREE_FLOW,collector,Esil District
2025-09-17 13:41:17.877592,road_0015,51.1326469214106,71.47066027619965,1219,55.82098078314008,60,53.2631145510223,0,FREE_FLOW,arterial,Esil District
2025-09-17 13:41:17.877592,road_0016,51.11465579817138,71.47066398517191,779,60.0,60,40.10071975477446,0,FREE_FLOW,arterial,Esil District
2025-09-17 13:41:17.877592,road_0017,51.1353912190157,71.39325572750592,1068,58.722505752272994,60,47.12016079326226,0,FREE_FLOW,arterial,Left Bank
2025-09-17 13:41:17.877592,road_0018,51.163666040877104,71.37112832872046,1247,60.0,60,50.782110565214,0,FREE_FLOW,arterial,Left Bank
2025-09-17 13:41:17.877592,road_0019,51.18468086706726,71.4364182383345,966,45.0,45,65.25091606790846,0,FREE_FLOW,collector,City Center
2025-09-17 13:56:17.877592,road_0000,51.090206297253665,71.51261522969342,648,45.0,45,37.72294103179882,0,FREE_FLOW,collector,Esil District
2025-09-17 13:56:17.877592,road_0001,51.1287740471871,71.50587709332447,792,56.507708682405564,60,34.96375829010835,0,FREE_FLOW,arterial,Esil District
2025-09-17 13:56:17.877592,road_0002,51.151311066924016,71.4735630039515,229,35.0,35,27.828245289768795,0,FREE_FLOW,local,Esil District
2025-09-17 13:56:17.877592,road_0003,51.118122109682595,71.43871030563635,1675,56.561998958030514,60,59.238718540430604,0,FREE_FLOW,arterial,Left Bank
2025-09-17 13:56:17.877592,road_0004,51.15184880769501,71.45937053463895,1500,37.87651934265824,45,99.94511860629376,0,FREE_FLOW,collector,City Center
2025-09-17 13:56:17.877592,road_0005,51.08107964105507,71.44847060630846,1348,60.0,60,59.08850035738222,0,FREE_FLOW,arterial,Esil District
2025-09-17 13:56:17.877592,road_0006,51.14918612732707,71.49036788307733,354,41.93506563614416,45,26.792587327894843,0,FREE_FLOW,collector,Right Bank
2025-09-17 13:56:17.877592,road_0007,51.110489893076185,71.4237496928499,1701,60.0,60,69.24364516749824,0,FREE_FLOW,arterial,Left Bank
2025-09-17 13:56:17.877592,road_0008,51.14432758813648,71.43845828951056,766,30.109442217309585,35,87.63303820251396,0,FREE_FLOW,local,City Center
2025-09-17 13:56:17.877592,road_0009,51.169925634959554,71.46668303287746,1708,56.61307402137575,60,74.28688376448657,0,FREE_FLOW,arterial,City Center
2025-09-17 13:56:17.877592,road_0010,51.12778115192114,71.4384708479152,1701,57.44611160935523,60,59.90815943950592,0,FREE_FLOW,arterial,Left Bank
2025-09-17 13:56:17.877592,road_0011,51.137221625425056,71.41556243649795,1174,57.857998662983555,60,38.840722088685325,0,FREE_FLOW,arterial,Left Bank
2025-09-17 13:56:17.877592,road_0012,51.097795984364055,71.39600758045155,667,33.56578247053733,35,79.62198203771027,0,FREE_FLOW,local,Left Bank
2025-09-17 13:56:17.877592,road_0013,51.18178170167311,71.47812576762125,829,59.26375260197118,60,33.563810465031096,0,FREE_FLOW,arterial,Esil District
2025-09-17 13:56:17.877592,road_0014,51.163628086584104,71.43484741916329,541,43.65709887480913,45,38.3361294394502,0,FREE_FLOW,collector,Esil District
2025-09-17 13:56:17.877592,road_0015,51.1326469214106,71.47066027619965,1168,60.0,60,46.86102207730882,0,FREE_FLOW,arterial,Esil District
2025-09-17 13:56:17.877592,road_0016,51.11465579817138,71.47066398517191,538,60.0,60,26.172704694016655,0,FREE_FLOW,arterial,Esil District
2025-09-17 13:56:17.877592,road_0017,51.1353912190157,71.39325572750592,1725,60.0,60,78.35511754206777,0,FREE_FLOW,arterial,Left Bank
2025-09-17 13:56:17.877592,road_0018,51.163666040877104,71.37112832872046,1327,60.0,60,49.4733366488109,0,FREE_FLOW,arterial,Left Bank
2025-09-17 13:56:17.877592,road_0019,51.18468086706726,71.4364182383345,1119,41.48008103825279,45,79.10371096054782,0,FREE_FLOW,collector,City Center
2025-09-17 14:11:17.877592,road_0000,51.090206297253665,71.51261522969342,913,40.827882928541385,45,63.98934702707828,0,FREE_FLOW,collector,Esil District
2025-09-17 14:11:17.877592,road_0001,51.1287740471871,71.50587709332447,861,60.0,60,25.027283182047846,0,FREE_FLOW,arterial,Esil District
2025-09-17 14:11:17.877592,road_0002,51.151311066924016,71.4735630039515,197,33.83921900500388,35,34.09414779952346,0,FREE_FLOW,local,Esil District
2025-09-17 14:11:17.877592,road_0003,51.118122109682595,71.43871030563635,1569,60.0,60,54.97496890637917,0,FREE_FLOW,arterial,Left Bank
2025-09-17 14:11:17.877592,road_0004,51.15184880769501,71.45937053463895,1500,37.6752583955953,45,100.0,0,FREE_FLOW,collector,City Center
2025-09-17 14:11:17.877592,road_0005,51.08107964105507,71.44847060630846,770,60.0,60,38.3964382790339,0,FREE_FLOW,arterial,Esil District
2025-09-17 14:11:17.877592,road_0006,51.14918612732707,71.49036788307733,428,45.0,45,20.276922689969954,0,FREE_FLOW,collector,Right Bank
2025-09-17 14:11:17.877592,road_0007,51.110489893076185,71.4237496928499,1778,54.214592770994834,60,75.91342601453528,0,FREE_FLOW,arterial,Left Bank
2025-09-17 14:11:17.877592,road_0008,51.14432758813648,71.43845828951056,681,33.98939268186526,35,86.66999461537226,0,FREE_FLOW,local,City Center
2025-09-17 14:11:17.877592,road_0009,51.169925634959554,71.46668303287746,2500,47.28120626000722,60,95.07949749144049,1,LIGHT,arterial,City Center
2025-09-17 14:11:17.877592,road_0010,51.12778115192114,71.4384708479152,1692,52.39674371264752,60,63.97839177225934,0,FREE_FLOW,arterial,Left Bank
2025-09-17 14:11:17.877592,road_0011,51.137221625425056,71.41556243649795,1666,60.0,60,69.74564819383316,0,FREE_FLOW,arterial,Left Bank
2025-09-17 14:11:17.877592,road_0012,51.097795984364055,71.39600758045155,268,35.0,35,30.307601853333498,0,FREE_FLOW,local,Left Bank
2025-09-17 14:11:17.877592,road_0013,51.18178170167311,71.47812576762125,615,60.0,60,15.970108132539593,0,FREE_FLOW,arterial,Esil District
2025-09-17 14:11:17.877592,road_0014,51.163628086584104,71.43484741916329,534,42.49249107786113,45,43.6721568869359,0,FREE_FLOW,collector,Esil District
2025-09-17 14:11:17.877592,road_0015,51.1326469214106,71.47066027619965,927,60.0,60,45.056947763604946,0,FREE_FLOW,arterial,Esil District
2025-09-17 14:11:17.877592,road_0016,51.11465579817138,71.47066398517191,943,58.499477060602615,60,31.10162140711985,0,FREE_FLOW,arterial,Esil District
2025-09-17 14:11:17.877592,road_0017,51.1353912190157,71.39325572750592,1308,54.92879077974649,60,49.952238797344,0,FREE_FLOW,arterial,Left Bank
2025-09-17 14:11:17.877592,road_0018,51.163666040877104,71.37112832872046,1702,52.52352206929094,60,67.66140126206702,0,FREE_FLOW,arterial,Left Bank
2025-09-17 14:11:17.877592,road_0019,51.18468086706726,71.4364182383345,894,40.87348299106183,45,68.92486821413596,0,FREE_FLOW,collector,City Center
2025-09-17 14:26:17.877592,road_0000,51.090206297253665,71.51261522969342,746,45.0,45,56.25411436666477,0,FREE_FLOW,collector,Esil District
2025-09-17 14:26:17.877592,road_0001,51.1287740471871,71.50587709332447,1373,59.892904046016156,60,57.34688994507059,0,FREE_FLOW,arterial,Esil District
2025-09-17 14:26:17.877592,road_0002,51.151311066924016,71.4735630039515,318,34.519623048699174,35,42.45178211819437,0,FREE_FLOW,local,Esil District
2025-09-17 14:26:17.877592,road_0003,51.118122109682595,71.43871030563635,1041,56.90318111170048,60,33.006818710645206,0,FREE_FLOW,arterial,Left Bank
2025-09-17 14:26:17.877592,road_0004,51.15184880769501,71.45937053463895,716,45.0,45,43.40990227380374,0,FREE_FLOW,collector,City Center
2025-09-17 14:26:17.877592,road_0005,51.08107964105507,71.44847060630846,480,60.0,60,23.804922941802918,0,FREE_FLOW,arterial,Esil District
2025-09-17 14:26:17.877592,road_0006,51.14918612732707,71.49036788307733,458,43.41706783902734,45,38.07856858985693,0,FREE_FLOW,collector,Right Bank
2025-09-17 14:26:17.877592,road_0007,51.110489893076185,71.4237496928499,1686,58.558803385334876,60,69.96352343186277,0,FREE_FLOW,arterial,Left Bank
2025-09-17 14:26:17.877592,road_0008,51.14432758813648,71.43845828951056,757,29.79173520560909,35,93.20865186792713,0,FREE_FLOW,local,City Center
2025-09-17 14:26:17.877592,road_0009,51.169925634959554,71.46668303287746,2500,49.58929304180251,60,100.0,0,FREE_FLOW,arterial,City Center
2025-09-17 14:26:17.877592,road_0010,51.12778115192114,71.4384708479152,1224,59.78756802377254,60,53.71131498185654,0,FREE_FLOW,arterial,Left Bank
2025-09-17 14:26:17.877592,road_0011,51.137221625425056,71.41556243649795,1088,60.0,60,34.81373787030263,0,FREE_FLOW,arterial,Left Bank
2025-09-17 14:26:17.877592,road_0012,51.097795984364055,71.39600758045155,323,35.0,35,32.019141274235636,0,FREE_FLOW,local,Left Bank
2025-09-17 14:26:17.877592,road_0013,51.18178170167311,71.47812576762125,728,55.91758390842878,60,25.936313995796933,0,FREE_FLOW,arterial,Esil District
2025-09-17 14:26:17.877592,road_0014,51.163628086584104,71.43484741916329,436,45.0,45,27.971588912362435,0,FREE_FLOW,collector,Esil District
2025-09-17 14:26:17.877592,road_0015,51.1326469214106,71.47066027619965,1061,56.5351004785888,60,35.073868769440764,0,FREE_FLOW,arterial,Esil District
2025-09-17 14:26:17.877592,road_0016,51.11465579817138,71.47066398517191,1318,56.60293397033035,60,47.973512851973034,0,FREE_FLOW,arterial,Esil District
2025-09-17 14:26:17.877592,road_0017,51.1353912190157,71.39325572750592,1920,55.963283191915494,60,72.17917891652942,0,FREE_FLOW,arterial,Left Bank
2025-09-17 14:26:17.877592,road_0018,51.163666040877104,71.37112832872046,1792,58.915856356347135,60,62.475319299771385,0,FREE_FLOW,arterial,Left Bank
2025-09-17 14:26:17.877592,road_0019,51.18468086706726,71.4364182383345,1457,39.30585160407312,45,96.52616882694753,0,FREE_FLOW,collector,City Center
2025-09-17 14:41:17.877592,road_0000,51.090206297253665,71.51261522969342,540,44.415312268206115,45,35.39487525981367,0,FREE_FLOW,collector,Esil District
2025-09-17 14:41:17.877592,road_0001,51.1287740471871,71.50587709332447,890,60.0,60,36.34014976702717,0,FREE_FLOW,arterial,Esil District
2025-09-17 14:41:17.877592,road_0002,51.151311066924016,71.4735630039515,188,33.47904049092468,35,30.37849225223448,0,FREE_FLOW,local,Esil District
2025-09-17 14:41:17.877592,road_0003,51.118122109682595,71.43871030563635,1555,57.4712248669394,60,56.57019668708261,0,FREE_FLOW,arterial,Left Bank
2025-09-17 14:41:17.877592,road_0004,51.15184880769501,71.45937053463895,634,42.855900155823804,45,48.60031017568103,0,FREE_FLOW,collector,City Center
2025-09-17 14:41:17.877592,road_0005,51.08107964105507,71.44847060630846,1148,60.0,60,53.517253547223206,0,FREE_FLOW,arterial,Esil District
2025-09-17 14:41:17.877592,road_0006,51.14918612732707,71.49036788307733,404,44.5202325760883,45,17.830404693804702,0,FREE_FLOW,collector,Right Bank
2025-09-17 14:41:17.877592,road_0007,51.110489893076185,71.4237496928499,1986,59.22062234992877,60,77.23744705883088,0,FREE_FLOW,arterial,Left Bank
2025-09-17 14:41:17.877592,road_0008,51.14432758813648,71.43845828951056,800,31.497613017750886,35,95.16346508382338,0,FREE_FLOW,local,City Center
2025-09-17 14:41:17.877592,road_0009,51.169925634959554,71.46668303287746,1755,60.0,60,79.2806625517008,0,FREE_FLOW,arterial,City Center
2025-09-17 14:41:17.877592,road_0010,51.12778115192114,71.4384708479152,1757,60.0,60,74.63144249463188,0,FREE_FLOW,arterial,Left Bank
2025-09-17 14:41:17.877592,road_0011,51.137221625425056,71.41556243649795,1103,60.0,60,39.25388456620092,0,FREE_FLOW,arterial,Left Bank
2025-09-17 14:41:17.877592,road_0012,51.097795984364055,71.39600758045155,715,32.55812561673627,35,81.22069584146514,0,FREE_FLOW,local,Left Bank
2025-09-17 14:41:17.877592,road_0013,51.18178170167311,71.47812576762125,1066,57.567518233497566,60,40.72479459288418,0,FREE_FLOW,arterial,Esil District
2025-09-17 14:41:17.877592,road_0014,51.163628086584104,71.43484741916329,625,45.0,45,44.58859016676793,0,FREE_FLOW,collector,Esil District
2025-09-17 14:41:17.877592,road_0015,51.1326469214106,71.47066027619965,1237,55.170416389851866,60,49.52307219923974,0,FREE_FLOW,arterial,Esil District
2025-09-17 14:41:17.877592,road_0016,51.11465579817138,71.47066398517191,493,60.0,60,13.156969626541889,0,FREE_FLOW,arterial,Esil District
2025-09-17 14:41:17.877592,road_0017,51.1353912190157,71.39325572750592,2035,60.0,60,87.98035465090982,0,FREE_FLOW,arterial,Left Bank
2025-09-17 14:41:17.877592,road_0018,51.163666040877104,71.37112832872046,2296,53.65999857760718,60,92.48985398874294,0,FREE_FLOW,arterial,Left Bank
2025-09-17 14:41:17.877592,road_0019,51.18468086706726,71.4364182383345,709,45.0,45,55.46935940230935,0,FREE_FLOW,collector,City Center
2025-09-17 14:56:17.877592,road_0000,51.090206297253665,71.51261522969342,386,41.07944008393583,45,32.067797384504225,0,FREE_FLOW,collector,Esil District
2025-09-17 14:56:17.877592,road_0001,51.1287740471871,71.50587709332447,901,54.792715093883665,60,34.117957283402475,0,FREE_FLOW,arterial,Esil District
2025-09-17 14:56:17.877592,road_0002,51.151311066924016,71.4735630039515,334,32.93386096903455,35,43.5557108590632,0,FREE_FLOW,local,Esil District
2025-09-17 14:56:17.877592,road_0003,51.118122109682595,71.43871030563635,1446,60.0,60,59.42532707641054,0,FREE_FLOW,arterial,Left Bank
2025-09-17 14:56:17.877592,road_0004,51.15184880769501,71.45937053463895,872,43.092241759500375,45,48.379527393654854,0,FREE_FLOW,collector,City Center
2025-09-17 14:56:17.877592,road_0005,51.08107964105507,71.44847060630846,480,60.0,60,19.716251977466474,0,FREE_FLOW,arterial,Esil District
2025-09-17 14:56:17.877592,road_0006,51.14918612732707,71.49036788307733,486,45.0,45,23.295569010093363,0,FREE_FLOW,collector,Right Bank
2025-09-17 14:56:17.877592,road_0007,51.110489893076185,71.4237496928499,2171,53.94517245697358,60,87.18478763428664,0,FREE_FLOW,arterial,Left Bank
2025-09-17 14:56:17.877592,road_0008,51.14432758813648,71.43845828951056,333,35.0,35,47.45940518522693,0,FREE_FLOW,local,City Center
2025-09-17 14:56:17.877592,road_0009,51.169925634959554,71.46668303287746,1437,60.0,60,58.10170689770486,0,FREE_FLOW,arterial,City Center
2025-09-17 14:56:17.877592,road_0010,51.12778115192114,71.4384708479152,1812,53.78193116742319,60,64.58518370394025,0,FREE_FLOW,arterial,Left Bank
2025-09-17 14:56:17.877592,road_0011,51.137221625425056,71.41556243649795,2101,56.17943550795738,60,93.58904235980737,0,FREE_FLOW,arterial,Left Bank
2025-09-17 14:56:17.877592,road_0012,51.097795984364055,71.39600758045155,296,35.0,35,31.177281414114802,0,FREE_FLOW,local,Left Bank
2025-09-17 14:56:17.877592,road_0013,51.18178170167311,71.47812576762125,777,55.68680092048484,60,27.34412522140348,0,FREE_FLOW,arterial,Esil District
2025-09-17 14:56:17.877592,road_0014,51.163628086584104,71.43484741916329,444,43.783157248739165,45,36.30960472764655,0,FREE_FLOW,collector,Esil District
2025-09-17 14:56:17.877592,road_0015,51.1326469214106,71.47066027619965,771,60.0,60,29.722554263315033,0,FREE_FLOW,arterial,Esil District
2025-09-17 14:56:17.877592,road_0016,51.11465579817138,71.47066398517191,765,55.74569727778772,60,32.737546831538594,0,FREE_FLOW,arterial,Esil District
2025-09-17 14:56:17.877592,road_0017,51.1353912190157,71.39325572750592,1124,60.0,60,50.43077783069128,0,FREE_FLOW,arterial,Left Bank
2025-09-17 14:56:17.877592,road_0018,51.163666040877104,71.37112832872046,1637,55.43425291662491,60,58.84673911838261,0,FREE_FLOW,arterial,Left Bank
2025-09-17 14:56:17.877592,road_0019,51.18468086706726,71.4364182383345,1464,41.264593311784935,45,100.0,0,FREE_FLOW,collector,City Center
2025-09-17 15:11:17.877592,road_0000,51.090206297253665,71.51261522969342,420,42.57608046825998,45,31.54774643037434,0,FREE_FLOW,collector,Esil District
2025-09-17 15:11:17.877592,road_0001,51.1287740471871,71.50587709332447,1310,60.0,60,45.70484100885207,0,FREE_FLOW,arterial,Esil District
2025-09-17 15:11:17.877592,road_0002,51.151311066924016,71.4735630039515,396,32.65706694538132,35,55.83513860239056,0,FREE_FLOW,local,Esil District
2025-09-17 15:11:17.877592,road_0003,51.118122109682595,71.43871030563635,2500,50.35641513980296,60,96.00978771200865,0,FREE_FLOW,arterial,Left Bank
2025-09-17 15:11:17.877592,road_0004,51.15184880769501,71.45937053463895,1500,36.375528109819584,45,100.0,0,FREE_FLOW,collector,City Center
2025-09-17 15:11:17.877592,road_0005,51.08107964105507,71.44847060630846,1417,54.74100045608101,60,64.81885617669667,0,FREE_FLOW,arterial,Esil District
2025-09-17 15:11:17.877592,road_0006,51.14918612732707,71.49036788307733,837,43.98653979393067,45,52.86921481093565,0,FREE_FLOW,collector,Right Bank
2025-09-17 15:11:17.877592,road_0007,51.110489893076185,71.4237496928499,1182,54.28599148413939,60,48.26644958806348,0,FREE_FLOW,arterial,Left Bank
2025-09-17 15:11:17.877592,road_0008,51.14432758813648,71.43845828951056,800,33.29326442429276,35,90.6892251885,0,FREE_FLOW,local,City Center
2025-09-17 15:11:17.877592,road_0009,51.169925634959554,71.46668303287746,2500,54.8308301384201,60,91.8734484141182,0,FREE_FLOW,arterial,City Center
2025-09-17 15:11:17.877592,road_0010,51.12778115192114,71.4384708479152,1697,58.40921405448449,60,67.70836355057114,0,FREE_FLOW,arterial,Left Bank
2025-09-17 15:11:17.877592,road_0011,51.137221625425056,71.41556243649795,1915,60.0,60,78.71510606278113,0,FREE_FLOW,arterial,Left Bank
2025-09-17 15:11:17.877592,road_0012,51.097795984364055,71.39600758045155,566,33.43524204868532,35,78.63905113648464,0,FREE_FLOW,local,Left Bank
2025-09-17 15:11:17.877592,road_0013,51.18178170167311,71.47812576762125,977,60.0,60,40.90813518844976,0,FREE_FLOW,arterial,Esil District
2025-09-17 15:11:17.877592,road_0014,51.163628086584104,71.43484741916329,696,40.24866748254555,45,37.58943137734562,0,FREE_FLOW,collector,Esil District
2025-09-17 15:11:17.877592,road_0015,51.1326469214106,71.47066027619965,1026,57.49812256012273,60,35.84764777398968,0,FREE_FLOW,arterial,Esil District
2025-09-17 15:11:17.877592,road_0016,51.11465579817138,71.47066398517191,625,56.61577255720066,60,34.43066084781177,0,FREE_FLOW,arterial,Esil District
2025-09-17 15:11:17.877592,road_0017,51.1353912190157,71.39325572750592,2487,47.4029051705131,60,100.0,1,LIGHT,arterial,Left Bank
2025-09-17 15:11:17.877592,road_0018,51.163666040877104,71.37112832872046,2500,53.68142897865427,60,100.0,0,FREE_FLOW,arterial,Left Bank
2025-09-17 15:11:17.877592,road_0019,51.18468086706726,71.4364182383345,1500,39.35408955434764,45,100.0,0,FREE_FLOW,collector,City Center
2025-09-17 15:26:17.877592,road_0000,51.090206297253665,71.51261522969342,900,45.0,45,54.01302034807522,0,FREE_FLOW,collector,Esil District
2025-09-17 15:26:17.877592,road_0001,51.1287740471871,71.50587709332447,497,58.08777937615661,60,10.763238723556624,0,FREE_FLOW,arterial,Esil District
2025-09-17 15:26:17.877592,road_0002,51.151311066924016,71.4735630039515,293,35.0,35,26.738316290591346,0,FREE_FLOW,local,Esil District
2025-09-17 15:26:17.877592,road_0003,51.118122109682595,71.43871030563635,2500,54.26122719414371,60,100.0,0,FREE_FLOW,arterial,Left Bank
2025-09-17 15:26:17.877592,road_0004,51.15184880769501,71.45937053463895,821,42.45154161959929,45,59.19632306262592,0,FREE_FLOW,collector,City Center
2025-09-17 15:26:17.877592,road_0005,51.08107964105507,71.44847060630846,938,60.0,60,33.642746817591856,0,FREE_FLOW,arterial,Esil District
2025-09-17 15:26:17.877592,road_0006,51.14918612732707,71.49036788307733,857,39.91682109366869,45,61.08845885480192,0,FREE_FLOW,collector,Right Bank
2025-09-17 15:26:17.877592,road_0007,51.110489893076185,71.4237496928499,1357,54.64365440584786,60,57.91497288180322,0,FREE_FLOW,arterial,Left Bank
2025-09-17 15:26:17.877592,road_0008,51.14432758813648,71.43845828951056,800,28.275109208863157,35,99.56519768390447,0,FREE_FLOW,local,City Center
2025-09-17 15:26:17.877592,road_0009,51.169925634959554,71.46668303287746,2500,55.965921045464384,60,94.22224942332272,0,FREE_FLOW,arterial,City Center
2025-09-17 15:26:17.877592,road_0010,51.12778115192114,71.4384708479152,1549,55.956955555103455,60,55.00659178929071,0,FREE_FLOW,arterial,Left Bank
2025-09-17 15:26:17.877592,road_0011,51.137221625425056,71.41556243649795,1084,60.0,60,50.20461492687896,0,FREE_FLOW,arterial,Left Bank
2025-09-17 15:26:17.877592,road_0012,51.097795984364055,71.39600758045155,359,34.204786453871,35,39.16756146517606,0,FREE_FLOW,local,Left Bank
2025-09-17 15:26:17.877592,road_0013,51.18178170167311,71.47812576762125,1070,60.0,60,47.19582906709372,0,FREE_FLOW,arterial,Esil District
2025-09-17 15:26:17.877592,road_0014,51.163628086584104,71.43484741916329,642,45.0,45,43.89314696070191,0,FREE_FLOW,collector,Esil District
2025-09-17 15:26:17.877592,road_0015,51.1326469214106,71.47066027619965,998,57.41959610972591,60,34.61306883551699,0,FREE_FLOW,arterial,Esil District
2025-09-17 15:26:17.877592,road_0016,51.11465579817138,71.47066398517191,821,60.0,60,25.239073860477802,0,FREE_FLOW,arterial,Esil District
2025-09-17 15:26:17.877592,road_0017,51.1353912190157,71.39325572750592,2140,59.77028758520909,60,78.77248289052756,0,FREE_FLOW,arterial,Left Bank
2025-09-17 15:26:17.877592,road_0018,51.163666040877104,71.37112832872046,2500,51.15596491235134,60,95.43094094822484,0,FREE_FLOW,arterial,Left Bank
2025-09-17 15:26:17.877592,road_0019,51.18468086706726,71.4364182383345,747,45.0,45,55.46033274633466,0,FREE_FLOW,collector,City Center
2025-09-17 15:41:17.877592,road_0000,51.090206297253665,71.51261522969342,746,44.29622352651934,45,51.398663689594244,0,FREE_FLOW,collector,Esil District
2025-09-17 15:41:17.877592,road_0001,51.1287740471871,71.50587709332447,995,60.0,60,31.454309230487073,0,FREE_FLOW,arterial,Esil District
2025-09-17 15:41:17.877592,road_0002,51.151311066924016,71.4735630039515,350,35.0,35,45.049687153505076,0,FREE_FLOW,local,Esil District
2025-09-17 15:41:17.877592,road_0003,51.118122109682595,71.43871030563635,2299,53.346065488132936,60,100.0,0,FREE_FLOW,arterial,Left Bank
2025-09-17 15:41:17.877592,road_0004,51.15184880769501,71.45937053463895,1394,37.36371266362731,45,96.43613455632669,0,FREE_FLOW,collector,City Center
2025-09-17 15:41:17.877592,road_0005,51.08107964105507,71.44847060630846,593,60.0,60,32.32341930876849,0,FREE_FLOW,arterial,Esil District
2025-09-17 15:41:17.877592,road_0006,51.14918612732707,71.49036788307733,736,45.0,45,44.15129434164057,0,FREE_FLOW,collector,Right Bank
2025-09-17 15:41:17.877592,road_0007,51.110489893076185,71.4237496928499,1203,60.0,60,40.712013023908845,0,FREE_FLOW,arterial,Left Bank
2025-09-17 15:41:17.877592,road_0008,51.14432758813648,71.43845828951056,800,31.25250276345951,35,99.50813215700147,0,FREE_FLOW,local,City Center
2025-09-17 15:41:17.877592,road_0009,51.169925634959554,71.46668303287746,2500,50.97516646854783,60,99.97141599011418,0,FREE_FLOW,arterial,City Center
2025-09-17 15:41:17.877592,road_0010,51.12778115192114,71.4384708479152,2449,54.13539586922723,60,90.17955049170297,0,FREE_FLOW,arterial,Left Bank
2025-09-17 15:41:17.877592,road_0011,51.137221625425056,71.41556243649795,1853,53.79677054249415,60,81.29913370841258,0,FREE_FLOW,arterial,Left Bank
2025-09-17 15:41:17.877592,road_0012,51.097795984364055,71.39600758045155,601,32.543274328312954,35,79.51807633221061,0,FREE_FLOW,local,Left Bank
2025-09-17 15:41:17.877592,road_0013,51.18178170167311,71.47812576762125,1444,60.0,60,60.71426342125843,0,FREE_FLOW,arterial,Esil District
2025-09-17 15:41:17.877592,road_0014,51.163628086584104,71.43484741916329,595,45.0,45,37.56135374356323,0,FREE_FLOW,collector,Esil District
2025-09-17 15:41:17.877592,road_0015,51.1326469214106,71.47066027619965,715,54.5716161380434,60,38.09183622670659,0,FREE_FLOW,arterial,Esil District
2025-09-17 15:41:17.877592,road_0016,51.11465579817138,71.47066398517191,1139,54.67076541823419,60,47.14350510749445,0,FREE_FLOW,arterial,Esil District
2025-09-17 15:41:17.877592,road_0017,51.1353912190157,71.39325572750592,1157,60.0,60,52.746188596414356,0,FREE_FLOW,arterial,Left Bank
2025-09-17 15:41:17.877592,road_0018,51.163666040877104,71.37112832872046,1621,55.432957665553715,60,68.60088887672028,0,FREE_FLOW,arterial,Left Bank
2025-09-17 15:41:17.877592,road_0019,51.18468086706726,71.4364182383345,1500,42.64314226302625,45,100.0,0,FREE_FLOW,collector,City Center
2025-09-17 15:56:17.877592,road_0000,51.090206297253665,71.51261522969342,373,45.0,45,21.471522253394774,0,FREE_FLOW,collector,Esil District
2025-09-17 15:56:17.877592,road_0001,51.1287740471871,71.50587709332447,850,54.390855133912844,60,41.55294039301563,0,FREE_FLOW,arterial,Esil District
2025-09-17 15:56:17.877592,road_0002,51.151311066924016,71.4735630039515,317,33.24781756780046,35,38.723377790151744,0,FREE_FLOW,local,Esil District
2025-09-17 15:56:17.877592,road_0003,51.118122109682595,71.43871030563635,1179,60.0,60,54.30259119712565,0,FREE_FLOW,arterial,Left Bank
2025-09-17 15:56:17.877592,road_0004,51.15184880769501,71.45937053463895,783,41.67155125202529,45,49.5546730161022,0,FREE_FLOW,collector,City Center
2025-09-17 15:56:17.877592,road_0005,51.08107964105507,71.44847060630846,869,60.0,60,31.596074109843656,0,FREE_FLOW,arterial,Esil District
2025-09-17 15:56:17.877592,road_0006,51.14918612732707,71.49036788307733,587,45.0,45,40.54632581095203,0,FREE_FLOW,collector,Right Bank
2025-09-17 15:56:17.877592,road_0007,51.110489893076185,71.4237496928499,2172,57.21710179388026,60,94.46510229692768,0,FREE_FLOW,arterial,Left Bank
2025-09-17 15:56:17.877592,road_0008,51.14432758813648,71.43845828951056,800,29.16348672564892,35,100.0,0,FREE_FLOW,local,City Center
2025-09-17 15:56:17.877592,road_0009,51.169925634959554,71.46668303287746,1407,60.0,60,64.26910425092203,0,FREE_FLOW,arterial,City Center
2025-09-17 15:56:17.877592,road_0010,51.12778115192114,71.4384708479152,2500,47.57965031969624,60,99.46801762989826,1,LIGHT,arterial,Left Bank
2025-09-17 15:56:17.877592,road_0011,51.137221625425056,71.41556243649795,2216,52.05007644586545,60,98.44417787175243,0,FREE_FLOW,arterial,Left Bank
2025-09-17 15:56:17.877592,road_0012,51.097795984364055,71.39600758045155,647,33.292588732327694,35,83.76682349484688,0,FREE_FLOW,local,Left Bank
2025-09-17 15:56:17.877592,road_0013,51.18178170167311,71.47812576762125,1092,60.0,60,48.192544005488315,0,FREE_FLOW,arterial,Esil District
2025-09-17 15:56:17.877592,road_0014,51.163628086584104,71.43484741916329,920,42.09265788691347,45,57.63627411598439,0,FREE_FLOW,collector,Esil District
2025-09-17 15:56:17.877592,road_0015,51.1326469214106,71.47066027619965,1439,55.059983223667786,60,65.68841927828873,0,FREE_FLOW,arterial,Esil District
2025-09-17 15:56:17.877592,road_0016,51.11465579817138,71.47066398517191,1257,57.496872366903155,60,59.227904991728934,0,FREE_FLOW,arterial,Esil District
2025-09-17 15:56:17.877592,road_0017,51.1353912190157,71.39325572750592,2270,56.517416973518685,60,82.01257852132936,0,FREE_FLOW,arterial,Left Bank
2025-09-17 15:56:17.877592,road_0018,51.163666040877104,71.37112832872046,2500,49.35914004219668,60,99.94624892337944,0,FREE_FLOW,arterial,Left Bank
2025-09-17 15:56:17.877592,road_0019,51.18468086706726,71.4364182383345,756,45.0,45,46.43833400155003,0,FREE_FLOW,collector,City Center
2025-09-17 16:11:17.877592,road_0000,51.090206297253665,71.51261522969342,742,45.0,45,58.712870726422345,0,FREE_FLOW,collector,Esil District
2025-09-17 16:11:17.877592,road_0001,51.1287740471871,71.50587709332447,1856,53.716056941301254,60,75.17719281950252,0,FREE_FLOW,arterial,Esil District
2025-09-17 16:11:17.877592,road_0002,51.151311066924016,71.4735630039515,381,34.60231817476817,35,54.90423161470021,0,FREE_FLOW,local,Esil District
2025-09-17 16:11:17.877592,road_0003,51.118122109682595,71.43871030563635,2500,57.33893602774011,60,92.73998126107342,0,FREE_FLOW,arterial,Left Bank
2025-09-17 16:11:17.877592,road_0004,51.15184880769501,71.45937053463895,1500,36.06959984854727,45,100.0,0,FREE_FLOW,collector,City Center
2025-09-17 16:11:17.877592,road_0005,51.08107964105507,71.44847060630846,1359,60.0,60,52.493481399971664,0,FREE_FLOW,arterial,Esil District
2025-09-17 16:11:17.877592,road_0006,51.14918612732707,71.49036788307733,822,45.0,45,53.97926958754598,0,FREE_FLOW,collector,Right Bank
2025-09-17 16:11:17.877592,road_0007,51.110489893076185,71.4237496928499,1417,53.34443333424091,60,46.94059135514168,0,FREE_FLOW,arterial,Left Bank
2025-09-17 16:11:17.877592,road_0008,51.14432758813648,71.43845828951056,800,31.641894000515666,35,97.10082112903916,0,FREE_FLOW,local,City Center
2025-09-17 16:11:17.877592,road_0009,51.169925634959554,71.46668303287746,2500,51.05523939974968,60,100.0,0,FREE_FLOW,arterial,City Center
2025-09-17 16:11:17.877592,road_0010,51.12778115192114,71.4384708479152,2500,49.37780691027242,60,96.19999874343578,0,FREE_FLOW,arterial,Left Bank
2025-09-17 16:11:17.877592,road_0011,51.137221625425056,71.41556243649795,2428,55.726165710513875,60,100.0,0,FREE_FLOW,arterial,Left Bank
2025-09-17 16:11:17.877592,road_0012,51.097795984364055,71.39600758045155,800,32.1660400052382,35,100.0,0,FREE_FLOW,local,Left Bank
2025-09-17 16:11:17.877592,road_0013,51.18178170167311,71.47812576762125,1097,54.25098770572945,60,49.9750624397939,0,FREE_FLOW,arterial,Esil District
2025-09-17 16:11:17.877592,road_0014,51.163628086584104,71.43484741916329,809,45.0,45,54.22700567576211,0,FREE_FLOW,collector,Esil District
2025-09-17 16:11:17.877592,road_0015,51.1326469214106,71.47066027619965,843,60.0,60,31.775287969245035,0,FREE_FLOW,arterial,Esil District
2025-09-17 16:11:17.877592,road_0016,51.11465579817138,71.47066398517191,766,60.0,60,23.716140492832157,0,FREE_FLOW,arterial,Esil District
2025-09-17 16:11:17.877592,road_0017,51.1353912190157,71.39325572750592,2500,51.98138442026979,60,100.0,0,FREE_FLOW,arterial,Left Bank
2025-09-17 16:11:17.877592,road_0018,51.163666040877104,71.37112832872046,2130,50.68617490906093,60,75.85235896683133,0,FREE_FLOW,arterial,Left Bank
2025-09-17 16:11:17.877592,road_0019,51.18468086706726,71.4364182383345,1411,44.23661446204172,45,96.50745791408654,0,FREE_FLOW,collector,City Center
2025-09-17 16:26:17.877592,road_0000,51.090206297253665,71.51261522969342,670,45.0,45,42.97874458481337,0,FREE_FLOW,collector,Esil District
2025-09-17 16:26:17.877592,road_0001,51.1287740471871,71.50587709332447,1901,51.73574956289514,60,85.52744477358515,0,FREE_FLOW,arterial,Esil District
2025-09-17 16:26:17.877592,road_0002,51.151311066924016,71.4735630039515,557,35.0,35,64.19888818800729,0,FREE_FLOW,local,Esil District
2025-09-17 16:26:17.877592,road_0003,51.118122109682595,71.43871030563635,1653,57.527279865957595,60,60.61780433631826,0,FREE_FLOW,arterial,Left Bank
2025-09-17 16:26:17.877592,road_0004,51.15184880769501,71.45937053463895,1500,37.77134424207643,45,98.55003662656223,0,FREE_FLOW,collector,City Center
2025-09-17 16:26:17.877592,road_0005,51.08107964105507,71.44847060630846,1357,60.0,60,52.88205753059599,0,FREE_FLOW,arterial,Esil District
2025-09-17 16:26:17.877592,road_0006,51.14918612732707,71.49036788307733,1145,45.0,45,81.59550060535949,0,FREE_FLOW,collector,Right Bank
2025-09-17 16:26:17.877592,road_0007,51.110489893076185,71.4237496928499,2500,49.620616450475815,60,94.08921772109423,0,FREE_FLOW,arterial,Left Bank
2025-09-17 16:26:17.877592,road_0008,51.14432758813648,71.43845828951056,736,32.46377436946302,35,82.65619248257217,0,FREE_FLOW,local,City Center
2025-09-17 16:26:17.877592,road_0009,51.169925634959554,71.46668303287746,2191,54.68121515655465,60,95.22993141456253,0,FREE_FLOW,arterial,City Center
2025-09-17 16:26:17.877592,road_0010,51.12778115192114,71.4384708479152,1620,60.0,60,55.752825148730125,0,FREE_FLOW,arterial,Left Bank
2025-09-17 16:26:17.877592,road_0011,51.137221625425056,71.41556243649795,2500,52.3373155393717,60,100.0,0,FREE_FLOW,arterial,Left Bank
2025-09-17 16:26:17.877592,road_0012,51.097795984364055,71.39600758045155,574,35.0,35,67.55058387297812,0,FREE_FLOW,local,Left Bank
2025-09-17 16:26:17.877592,road_0013,51.18178170167311,71.47812576762125,1111,60.0,60,45.08043357968504,0,FREE_FLOW,arterial,Esil District
2025-09-17 16:26:17.877592,road_0014,51.163628086584104,71.43484741916329,412,42.26895643680666,45,31.92923214431775,0,FREE_FLOW,collector,Esil District
2025-09-17 16:26:17.877592,road_0015,51.1326469214106,71.47066027619965,710,60.0,60,27.149638532164193,0,FREE_FLOW,arterial,Esil District
2025-09-17 16:26:17.877592,road_0016,51.11465579817138,71.47066398517191,628,60.0,60,21.3216907668551,0,FREE_FLOW,arterial,Esil District
2025-09-17 16:26:17.877592,road_0017,51.1353912190157,71.39325572750592,2472,53.62602604252471,60,100.0,0,FREE_FLOW,arterial,Left Bank
2025-09-17 16:26:17.877592,road_0018,51.163666040877104,71.37112832872046,2500,49.78892428835688,60,95.056272121784,0,FREE_FLOW,arterial,Left Bank
2025-09-17 16:26:17.877592,road_0019,51.18468086706726,71.4364182383345,1006,42.85134366185937,45,77.05754504104854,0,FREE_FLOW,collector,City Center
2025-09-17 16:41:17.877592,road_0000,51.090206297253665,71.51261522969342,598,41.68845318576467,45,40.71608673591979,0,FREE_FLOW,collector,Esil District
2025-09-17 16:41:17.877592,road_0001,51.1287740471871,71.50587709332447,1041,54.00451981956259,60,46.71659401138437,0,FREE_FLOW,arterial,Esil District
2025-09-17 16:41:17.877592,road_0002,51.151311066924016,71.4735630039515,308,35.0,35,33.876934849056866,0,FREE_FLOW,local,Esil District
2025-09-17 16:41:17.877592,road_0003,51.118122109682595,71.43871030563635,2107,57.2529300033691,60,93.26417253741025,0,FREE_FLOW,arterial,Left Bank
2025-09-17 16:41:17.877592,road_0004,51.15184880769501,71.45937053463895,1110,44.858670384327304,45,79.61463706401801,0,FREE_FLOW,collector,City Center
2025-09-17 16:41:17.877592,road_0005,51.08107964105507,71.44847060630846,1009,55.686660594614736,60,39.33627291493212,0,FREE_FLOW,arterial,Esil District
2025-09-17 16:41:17.877592,road_0006,51.14918612732707,71.49036788307733,540,41.49373413925658,45,42.070362168698686,0,FREE_FLOW,collector,Right Bank
2025-09-17 16:41:17.877592,road_0007,51.110489893076185,71.4237496928499,1705,52.66137783051451,60,65.0920816889512,0,FREE_FLOW,arterial,Left Bank
2025-09-17 16:41:17.877592,road_0008,51.14432758813648,71.43845828951056,442,35.0,35,49.51786695951379,0,FREE_FLOW,local,City Center
2025-09-17 16:41:17.877592,road_0009,51.169925634959554,71.46668303287746,1588,60.0,60,68.81438282952558,0,FREE_FLOW,arterial,City Center
2025-09-17 16:41:17.877592,road_0010,51.12778115192114,71.4384708479152,2177,55.04252357978078,60,83.31968040652836,0,FREE_FLOW,arterial,Left Bank
2025-09-17 16:41:17.877592,road_0011,51.137221625425056,71.41556243649795,2179,49.87512509817199,60,95.29144421344327,0,FREE_FLOW,arterial,Left Bank
2025-09-17 16:41:17.877592,road_0012,51.097795984364055,71.39600758045155,775,31.632403248062474,35,100.0,0,FREE_FLOW,local,Left Bank
2025-09-17 16:41:17.877592,road_0013,51.18178170167311,71.47812576762125,1332,59.2962914355156,60,54.45961268199549,0,FREE_FLOW,arterial,Esil District
2025-09-17 16:41:17.877592,road_0014,51.163628086584104,71.43484741916329,873,43.61573270972816,45,59.014691342662076,0,FREE_FLOW,collector,Esil District
2025-09-17 16:41:17.877592,road_0015,51.1326469214106,71.47066027619965,992,60.0,60,32.049847175368015,0,FREE_FLOW,arterial,Esil District
2025-09-17 16:41:17.877592,road_0016,51.11465579817138,71.47066398517191,1707,60.0,60,62.814547646599266,0,FREE_FLOW,arterial,Esil District
2025-09-17 16:41:17.877592,road_0017,51.1353912190157,71.39325572750592,2500,50.25964868105604,60,100.0,0,FREE_FLOW,arterial,Left Bank
2025-09-17 16:41:17.877592,road_0018,51.163666040877104,71.37112832872046,2500,50.2211808089231,60,91.4178315178257,0,FREE_FLOW,arterial,Left Bank
2025-09-17 16:41:17.877592,road_0019,51.18468086706726,71.4364182383345,1500,40.13212212472773,45,100.0,0,FREE_FLOW,collector,City Center
2025-09-17 16:56:17.877592,road_0000,51.090206297253665,71.51261522969342,483,40.61267072826617,45,25.938288812169233,0,FREE_FLOW,collector,Esil District
2025-09-17 16:56:17.877592,road_0001,51.1287740471871,71.50587709332447,955,60.0,60,36.43310920913405,0,FREE_FLOW,arterial,Esil District
2025-09-17 16:56:17.877592,road_0002,51.151311066924016,71.4735630039515,417,32.86598723259035,35,54.23509533231753,0,FREE_FLOW,local,Esil District
2025-09-17 16:56:17.877592,road_0003,51.118122109682595,71.43871030563635,1643,60.0,60,62.38925187192021,0,FREE_FLOW,arterial,Left Bank
2025-09-17 16:56:17.877592,road_0004,51.15184880769501,71.45937053463895,880,45.0,45,56.29548749493289,0,FREE_FLOW,collector,City Center
2025-09-17 16:56:17.877592,road_0005,51.08107964105507,71.44847060630846,1665,60.0,60,58.92381913050893,0,FREE_FLOW,arterial,Esil District
2025-09-17 16:56:17.877592,road_0006,51.14918612732707,71.49036788307733,1189,40.99938415013324,45,89.0739023066341,0,FREE_FLOW,collector,Right Bank
2025-09-17 16:56:17.877592,road_0007,51.110489893076185,71.4237496928499,2500,51.6533898414763,60,90.22961319498756,0,FREE_FLOW,arterial,Left Bank
2025-09-17 16:56:17.877592,road_0008,51.14432758813648,71.43845828951056,800,33.350176129815424,35,100.0,0,FREE_FLOW,local,City Center
2025-09-17 16:56:17.877592,road_0009,51.169925634959554,71.46668303287746,2500,49.08981468469093,60,100.0,0,FREE_FLOW,arterial,City Center
2025-09-17 16:56:17.877592,road_0010,51.12778115192114,71.4384708479152,1915,57.245200280653435,60,78.70965338428809,0,FREE_FLOW,arterial,Left Bank
2025-09-17 16:56:17.877592,road_0011,51.137221625425056,71.41556243649795,2500,54.15421407911084,60,100.0,0,FREE_FLOW,arterial,Left Bank
2025-09-17 16:56:17.877592,road_0012,51.097795984364055,71.39600758045155,509,35.0,35,57.06721205645555,0,FREE_FLOW,local,Left Bank
2025-09-17 16:56:17.877592,road_0013,51.18178170167311,71.47812576762125,714,59.436949348242145,60,32.4759495531089,0,FREE_FLOW,arterial,Esil District
2025-09-17 16:56:17.877592,road_0014,51.163628086584104,71.43484741916329,466,45.0,45,33.899304843213756,0,FREE_FLOW,collector,Esil District
2025-09-17 16:56:17.877592,road_0015,51.1326469214106,71.47066027619965,1097,60.0,60,42.893729498778264,0,FREE_FLOW,arterial,Esil District
2025-09-17 16:56:17.877592,road_0016,51.11465579817138,71.47066398517191,1315,53.410934292706386,60,47.59048733676497,0,FREE_FLOW,arterial,Esil District
2025-09-17 16:56:17.877592,road_0017,51.1353912190157,71.39325572750592,1351,60.0,60,53.02169490021893,0,FREE_FLOW,arterial,Left Bank
2025-09-17 16:56:17.877592,road_0018,51.163666040877104,71.37112832872046,1971,59.80189840832707,60,68.97364258447776,0,FREE_FLOW,arterial,Left Bank
2025-09-17 16:56:17.877592,road_0019,51.18468086706726,71.4364182383345,1500,40.12815577918133,45,91.00977888824816,0,FREE_FLOW,collector,City Center
2025-09-17 17:11:17.877592,road_0000,51.090206297253665,71.51261522969342,1354,44.52297241322892,45,91.10646816446199,0,FREE_FLOW,collector,Esil District
2025-09-17 17:11:17.877592,road_0001,51.1287740471871,71.50587709332447,1744,60.0,60,72.10498041697451,0,FREE_FLOW,arterial,Esil District
2025-09-17 17:11:17.877592,road_0002,51.151311066924016,71.4735630039515,541,35.0,35,67.58580786113738,0,FREE_FLOW,local,Esil District
2025-09-17 17:11:17.877592,road_0003,51.118122109682595,71.43871030563635,2500,55.37936680477762,60,91.68602629222701,0,FREE_FLOW,arterial,Left Bank
2025-09-17 17:11:17.877592,road_0004,51.15184880769501,71.45937053463895,1500,38.64823027850162,45,100.0,0,FREE_FLOW,collector,City Center
2025-09-17 17:11:17.877592,road_0005,51.08107964105507,71.44847060630846,2500,53.95487504746775,60,100.0,0,FREE_FLOW,arterial,Esil District
2025-09-17 17:11:17.877592,road_0006,51.14918612732707,71.49036788307733,1500,41.62202269420178,45,100.0,0,FREE_FLOW,collector,Right Bank
2025-09-17 17:11:17.877592,road_0007,51.110489893076185,71.4237496928499,2500,50.67100207813978,60,90.59008110290412,0,FREE_FLOW,arterial,Left Bank
2025-09-17 17:11:17.877592,road_0008,51.14432758813648,71.43845828951056,800,29.551326795846123,35,100.0,0,FREE_FLOW,local,City Center
2025-09-17 17:11:17.877592,road_0009,51.169925634959554,71.46668303287746,2500,53.163163979246505,60,100.0,0,FREE_FLOW,arterial,City Center
2025-09-17 17:11:17.877592,road_0010,51.12778115192114,71.4384708479152,2500,50.95600945713602,60,100.0,0,FREE_FLOW,arterial,Left Bank
2025-09-17 17:11:17.877592,road_0011,51.137221625425056,71.41556243649795,2500,51.10380685459922,60,100.0,0,FREE_FLOW,arterial,Left Bank
2025-09-17 17:11:17.877592,road_0012,51.097795984364055,71.39600758045155,800,29.165626249100924,35,100.0,0,FREE_FLOW,local,Left Bank
2025-09-17 17:11:17.877592,road_0013,51.18178170167311,71.47812576762125,2500,55.301413189198556,60,94.1243481016828,0,FREE_FLOW,arterial,Esil District
2025-09-17 17:11:17.877592,road_0014,51.163628086584104,71.43484741916329,1251,44.97461891047386,45,91.70514369835645,0,FREE_FLOW,collector,Esil District
2025-09-17 17:11:17.877592,road_0015,51.1326469214106,71.47066027619965,1380,60.0,60,53.42678932998288,0,FREE_FLOW,arterial,Esil District
2025-09-17 17:11:17.877592,road_0016,51.11465579817138,71.47066398517191,2500,52.539396569728005,60,99.98863539733671,0,FREE_FLOW,arterial,Esil District
2025-09-17 17:11:17.877592,road_0017,51.1353912190157,71.39325572750592,2500,52.17474906022522,60,98.38779223333944,0,FREE_FLOW,arterial,Left Bank
2025-09-17 17:11:17.877592,road_0018,51.163666040877104,71.37112832872046,2500,53.11547122592236,60,94.02197454885335,0,FREE_FLOW,arterial,Left Bank
2025-09-17 17:11:17.877592,road_0019,51.18468086706726,71.4364182383345,1500,36.86109925708395,45,90.56622548805336,0,FREE_FLOW,collector,City Center
2025-09-17 17:26:17.877592,road_0000,51.090206297253665,71.51261522969342,1118,42.22439973070187,45,64.76318279929563,0,FREE_FLOW,collector,Esil District
2025-09-17 17:26:17.877592,road_0001,51.1287740471871,71.50587709332447,2500,55.163711816252324,60,100.0,0,FREE_FLOW,arterial,Esil District
2025-09-17 17:26:17.877592,road_0002,51.151311066924016,71.4735630039515,800,32.422101418582905,35,100.0,0,FREE_FLOW,local,Esil District
2025-09-17 17:26:17.877592,road_0003,51.118122109682595,71.43871030563635,2500,56.604115360453626,60,90.15928809490902,0,FREE_FLOW,arterial,Left Bank
2025-09-17 17:26:17.877592,road_0004,51.15184880769501,71.45937053463895,1500,41.02850217005548,45,95.09764497829765,0,FREE_FLOW,collector,City Center
2025-09-17 17:26:17.877592,road_0005,51.08107964105507,71.44847060630846,1516,55.46768119662126,60,67.20233658012685,0,FREE_FLOW,arterial,Esil District
2025-09-17 17:26:17.877592,road_0006,51.14918612732707,71.49036788307733,1500,38.140592688780174,45,100.0,0,FREE_FLOW,collector,Right Bank
2025-09-17 17:26:17.877592,road_0007,51.110489893076185,71.4237496928499,2500,56.38495767060033,60,96.37217925527214,0,FREE_FLOW,arterial,Left Bank
2025-09-17 17:26:17.877592,road_0008,51.14432758813648,71.43845828951056,800,30.56625719311262,35,96.97780150083648,0,FREE_FLOW,local,City Center
2025-09-17 17:26:17.877592,road_0009,51.169925634959554,71.46668303287746,2500,51.775758065479415,60,96.89562840145294,0,FREE_FLOW,arterial,City Center
2025-09-17 17:26:17.877592,road_0010,51.12778115192114,71.4384708479152,2500,51.74806156938326,60,95.91885777717313,0,FREE_FLOW,arterial,Left Bank
2025-09-17 17:26:17.877592,road_0011,51.137221625425056,71.41556243649795,2500,52.06305859795483,60,97.69607234442206,0,FREE_FLOW,arterial,Left Bank
2025-09-17 17:26:17.877592,road_0012,51.097795984364055,71.39600758045155,800,30.6288900461327,35,100.0,0,FREE_FLOW,local,Left Bank
2025-09-17 17:26:17.877592,road_0013,51.18178170167311,71.47812576762125,2489,50.67448671639888,60,100.0,0,FREE_FLOW,arterial,Esil District
2025-09-17 17:26:17.877592,road_0014,51.163628086584104,71.43484741916329,1296,38.38492265056224,45,94.03324964665426,0,FREE_FLOW,collector,Esil District
2025-09-17 17:26:17.877592,road_0015,51.1326469214106,71.47066027619965,2486,49.31045961715825,60,91.80830078351863,0,FREE_FLOW,arterial,Esil District
2025-09-17 17:26:17.877592,road_0016,51.11465579817138,71.47066398517191,1539,56.004756015265706,60,56.43458965048684,0,FREE_FLOW,arterial,Esil District
2025-09-17 17:26:17.877592,road_0017,51.1353912190157,71.39325572750592,2500,57.2477913594929,60,100.0,0,FREE_FLOW,arterial,Left Bank
2025-09-17 17:26:17.877592,road_0018,51.163666040877104,71.37112832872046,2500,54.041514709962186,60,100.0,0,FREE_FLOW,arterial,Left Bank
2025-09-17 17:26:17.877592,road_0019,51.18468086706726,71.4364182383345,1500,37.780843031844526,45,94.0733427554537,0,FREE_FLOW,collector,City Center
2025-09-17 17:41:17.877592,road_0000,51.090206297253665,71.51261522969342,1382,44.22594394515323,45,82.57616284278593,0,FREE_FLOW,collector,Esil District
2025-09-17 17:41:17.877592,road_0001,51.1287740471871,71.50587709332447,2500,51.53838850696518,60,100.0,0,FREE_FLOW,arterial,Esil District
2025-09-17 17:41:17.877592,road_0002,51.151311066924016,71.4735630039515,800,32.04661461496952,35,92.28571539995959,0,FREE_FLOW,local,Esil District
2025-09-17 17:41:17.877592,road_0003,51.118122109682595,71.43871030563635,2500,55.0590188102715,60,100.0,0,FREE_FLOW,arterial,Left Bank
2025-09-17 17:41:17.877592,road_0004,51.15184880769501,71.45937053463895,1500,38.411366531681146,45,100.0,0,FREE_FLOW,collector,City Center
2025-09-17 17:41:17.877592,road_0005,51.08107964105507,71.44847060630846,2500,56.15544474720791,60,100.0,0,FREE_FLOW,arterial,Esil District
2025-09-17 17:41:17.877592,road_0006,51.14918612732707,71.49036788307733,1500,38.85695411713549,45,100.0,0,FREE_FLOW,collector,Right Bank
2025-09-17 17:41:17.877592,road_0007,51.110489893076185,71.4237496928499,2500,49.935743792541,60,92.54772832000678,0,FREE_FLOW,arterial,Left Bank
2025-09-17 17:41:17.877592,road_0008,51.14432758813648,71.43845828951056,800,29.853896169415762,35,100.0,0,FREE_FLOW,local,City Center
2025-09-17 17:41:17.877592,road_0009,51.169925634959554,71.46668303287746,2500,53.71590503948185,60,98.19478472885878,0,FREE_FLOW,arterial,City Center
2025-09-17 17:41:17.877592,road_0010,51.12778115192114,71.4384708479152,2500,47.39463056253484,60,94.1591271857878,1,LIGHT,arterial,Left Bank
2025-09-17 17:41:17.877592,road_0011,51.137221625425056,71.41556243649795,2500,55.80446487405234,60,100.0,0,FREE_FLOW,arterial,Left Bank
2025-09-17 17:41:17.877592,road_0012,51.097795984364055,71.39600758045155,800,30.516154323108186,35,99.0095714294119,0,FREE_FLOW,local,Left Bank
2025-09-17 17:41:17.877592,road_0013,51.18178170167311,71.47812576762125,2500,47.403522314286406,60,100.0,1,LIGHT,arterial,Esil District
2025-09-17 17:41:17.877592,road_0014,51.163628086584104,71.43484741916329,1013,44.58461043605642,45,72.11802819160619,0,FREE_FLOW,collector,Esil District
2025-09-17 17:41:17.877592,road_0015,51.1326469214106,71.47066027619965,2420,48.1962802020719,60,94.18963868062761,0,FREE_FLOW,arterial,Esil District
2025-09-17 17:41:17.877592,road_0016,51.11465579817138,71.47066398517191,2170,58.95643919777994,60,84.38453074360898,0,FREE_FLOW,arterial,Esil District
2025-09-17 17:41:17.877592,road_0017,51.1353912190157,71.39325572750592,2500,47.951703675892794,60,100.0,1,LIGHT,arterial,Left Bank
2025-09-17 17:41:17.877592,road_0018,51.163666040877104,71.37112832872046,2500,51.4024797665332,60,100.0,0,FREE_FLOW,arterial,Left Bank
2025-09-17 17:41:17.877592,road_0019,51.18468086706726,71.4364182383345,1500,40.51935715948806,45,97.00405982181461,0,FREE_FLOW,collector,City Center
2025-09-17 17:56:17.877592,road_0000,51.090206297253665,71.51261522969342,1280,43.46228755946743,45,79.47817932871091,0,FREE_FLOW,collector,Esil District
2025-09-17 17:56:17.877592,road_0001,51.1287740471871,71.50587709332447,2048,54.97526320470602,60,78.85925319469118,0,FREE_FLOW,arterial,Esil District
2025-09-17 17:56:17.877592,road_0002,51.151311066924016,71.4735630039515,427,34.11679482046004,35,55.48323515015174,0,FREE_FLOW,local,Esil District
2025-09-17 17:56:17.877592,road_0003,51.118122109682595,71.43871030563635,2500,54.86887609101975,60,100.0,0,FREE_FLOW,arterial,Left Bank
2025-09-17 17:56:17.877592,road_0004,51.15184880769501,71.45937053463895,1500,38.239919943785466,45,100.0,0,FREE_FLOW,collector,City Center
2025-09-17 17:56:17.877592,road_0005,51.08107964105507,71.44847060630846,2025,60.0,60,82.99542629940996,0,FREE_FLOW,arterial,Esil District
2025-09-17 17:56:17.877592,road_0006,51.14918612732707,71.49036788307733,1500,39.58378000552723,45,100.0,0,FREE_FLOW,collector,Right Bank
2025-09-17 17:56:17.877592,road_0007,51.110489893076185,71.4237496928499,2500,51.66027426664032,60,98.87718376842602,0,FREE_FLOW,arterial,Left Bank
2025-09-17 17:56:17.877592,road_0008,51.14432758813648,71.43845828951056,800,30.637182430394542,35,100.0,0,FREE_FLOW,local,City Center
2025-09-17 17:56:17.877592,road_0009,51.169925634959554,71.46668303287746,2500,52.47364611233151,60,94.50083752341745,0,FREE_FLOW,arterial,City Center
2025-09-17 17:56:17.877592,road_0010,51.12778115192114,71.4384708479152,2500,53.78826861241357,60,95.56915092747145,0,FREE_FLOW,arterial,Left Bank
2025-09-17 17:56:17.877592,road_0011,51.137221625425056,71.41556243649795,2500,55.53023930047066,60,100.0,0,FREE_FLOW,arterial,Left Bank
2025-09-17 17:56:17.877592,road_0012,51.097795984364055,71.39600758045155,800,32.10055474284319,35,100.0,0,FREE_FLOW,local,Left Bank
2025-09-17 17:56:17.877592,road_0013,51.18178170167311,71.47812576762125,2260,54.14394188773312,60,84.74461772906022,0,FREE_FLOW,arterial,Esil District
2025-09-17 17:56:17.877592,road_0014,51.163628086584104,71.43484741916329,976,45.0,45,72.83594886512508,0,FREE_FLOW,collector,Esil District
2025-09-17 17:56:17.877592,road_0015,51.1326469214106,71.47066027619965,2500,51.43288624529625,60,100.0,0,FREE_FLOW,arterial,Esil District
2025-09-17 17:56:17.877592,road_0016,51.11465579817138,71.47066398517191,1570,57.88649628519653,60,67.524577650571,0,FREE_FLOW,arterial,Esil District
2025-09-17 17:56:17.877592,road_0017,51.1353912190157,71.39325572750592,2500,55.43701168584066,60,100.0,0,FREE_FLOW,arterial,Left Bank
2025-09-17 17:56:17.877592,road_0018,51.163666040877104,71.37112832872046,2500,56.380108464798674,60,100.0,0,FREE_FLOW,arterial,Left Bank
2025-09-17 17:56:17.877592,road_0019,51.18468086706726,71.4364182383345,1500,35.262145419345316,45,100.0,1,LIGHT,collector,City Center
2025-09-17 18:11:17.877592,road_0000,51.090206297253665,71.51261522969342,1183,40.98453810479212,45,74.94727211562665,0,FREE_FLOW,collector,Esil District
2025-09-17 18:11:17.877592,road_0001,51.1287740471871,71.50587709332447,2500,51.19316662649855,60,100.0,0,FREE_FLOW,arterial,Esil District
2025-09-17 18:11:17.877592,road_0002,51.151311066924016,71.4735630039515,294,31.52394996230023,35,32.993927364352075,0,FREE_FLOW,local,Esil District
2025-09-17 18:11:17.877592,road_0003,51.118122109682595,71.43871030563635,2500,50.18041033114594,60,100.0,0,FREE_FLOW,arterial,Left Bank
2025-09-17 18:11:17.877592,road_0004,51.15184880769501,71.45937053463895,1500,42.56149886497679,45,90.10692321708729,0,FREE_FLOW,collector,City Center
2025-09-17 18:11:17.877592,road_0005,51.08107964105507,71.44847060630846,1755,52.90470783252936,60,68.01187215163563,0,FREE_FLOW,arterial,Esil District
2025-09-17 18:11:17.877592,road_0006,51.14918612732707,71.49036788307733,1500,36.300799513012656,45,100.0,0,FREE_FLOW,collector,Right Bank
2025-09-17 18:11:17.877592,road_0007,51.110489893076185,71.4237496928499,2500,50.91263643522415,60,100.0,0,FREE_FLOW,arterial,Left Bank
2025-09-17 18:11:17.877592,road_0008,51.14432758813648,71.43845828951056,800,30.24782312285264,35,100.0,0,FREE_FLOW,local,City Center
2025-09-17 18:11:17.877592,road_0009,51.169925634959554,71.46668303287746,2500,51.76869810004081,60,100.0,0,FREE_FLOW,arterial,City Center
2025-09-17 18:11:17.877592,road_0010,51.12778115192114,71.4384708479152,2500,55.6469415847208,60,100.0,0,FREE_FLOW,arterial,Left Bank
2025-09-17 18:11:17.877592,road_0011,51.137221625425056,71.41556243649795,2500,56.60918791662277,60,92.2012656840223,0,FREE_FLOW,arterial,Left Bank
2025-09-17 18:11:17.877592,road_0012,51.097795984364055,71.39600758045155,800,33.32150746001157,35,100.0,0,FREE_FLOW,local,Left Bank
2025-09-17 18:11:17.877592,road_0013,51.18178170167311,71.47812576762125,1232,60.0,60,54.23588699518745,0,FREE_FLOW,arterial,Esil District
2025-09-17 18:11:17.877592,road_0014,51.163628086584104,71.43484741916329,965,44.57228521186371,45,55.180178908781,0,FREE_FLOW,collector,Esil District
2025-09-17 18:11:17.877592,road_0015,51.1326469214106,71.47066027619965,2235,56.783896938882094,60,80.6120981542982,0,FREE_FLOW,arterial,Esil District
2025-09-17 18:11:17.877592,road_0016,51.11465579817138,71.47066398517191,977,59.25116593514502,60,38.15157999845668,0,FREE_FLOW,arterial,Esil District
2025-09-17 18:11:17.877592,road_0017,51.1353912190157,71.39325572750592,2500,56.90645319497228,60,100.0,0,FREE_FLOW,arterial,Left Bank
2025-09-17 18:11:17.877592,road_0018,51.163666040877104,71.37112832872046,2500,53.66167941207271,60,100.0,0,FREE_FLOW,arterial,Left Bank
2025-09-17 18:11:17.877592,road_0019,51.18468086706726,71.4364182383345,1500,39.86673480445863,45,91.89816882534693,0,FREE_FLOW,collector,City Center
2025-09-17 18:26:17.877592,road_0000,51.090206297253665,71.51261522969342,1162,45.0,45,72.0825597451973,0,FREE_FLOW,collector,Esil District
2025-09-17 18:26:17.877592,road_0001,51.1287740471871,71.50587709332447,1967,57.83662367752405,60,82.49359542296014,0,FREE_FLOW,arterial,Esil District
2025-09-17 18:26:17.877592,road_0002,51.151311066924016,71.4735630039515,755,30.498945888459076,35,98.04407554815018,0,FREE_FLOW,local,Esil District
2025-09-17 18:26:17.877592,road_0003,51.118122109682595,71.43871030563635,2500,49.04924846447235,60,92.50441119033663,0,FREE_FLOW,arterial,Left Bank
2025-09-17 18:26:17.877592,road_0004,51.15184880769501,71.45937053463895,1500,40.06167311503244,45,100.0,0,FREE_FLOW,collector,City Center
2025-09-17 18:26:17.877592,road_0005,51.08107964105507,71.44847060630846,2500,50.58268259921929,60,92.55873849023567,0,FREE_FLOW,arterial,Esil District
2025-09-17 18:26:17.877592,road_0006,51.14918612732707,71.49036788307733,1500,42.19742428635572,45,100.0,0,FREE_FLOW,collector,Right Bank
2025-09-17 18:26:17.877592,road_0007,51.110489893076185,71.4237496928499,2500,51.299666700994955,60,100.0,0,FREE_FLOW,arterial,Left Bank
2025-09-17 18:26:17.877592,road_0008,51.14432758813648,71.43845828951056,800,33.1275514591443,35,91.10445041486057,0,FREE_FLOW,local,City Center
2025-09-17 18:26:17.877592,road_0009,51.169925634959554,71.46668303287746,2500,57.23795303256299,60,100.0,0,FREE_FLOW,arterial,City Center
2025-09-17 18:26:17.877592,road_0010,51.12778115192114,71.4384708479152,2500,48.57987586298403,60,90.17412294125087,0,FREE_FLOW,arterial,Left Bank
2025-09-17 18:26:17.877592,road_0011,51.137221625425056,71.41556243649795,2500,47.17065197978427,60,94.39413580782801,1,LIGHT,arterial,Left Bank
2025-09-17 18:26:17.877592,road_0012,51.097795984364055,71.39600758045155,800,29.232481047109125,35,97.07393373161467,0,FREE_FLOW,local,Left Bank
2025-09-17 18:26:17.877592,road_0013,51.18178170167311,71.47812576762125,2461,55.503585096264594,60,100.0,0,FREE_FLOW,arterial,Esil District
2025-09-17 18:26:17.877592,road_0014,51.163628086584104,71.43484741916329,872,40.69016791287014,45,53.56065260411355,0,FREE_FLOW,collector,Esil District
2025-09-17 18:26:17.877592,road_0015,51.1326469214106,71.47066027619965,2500,48.584148142945395,60,100.0,0,FREE_FLOW,arterial,Esil District
2025-09-17 18:26:17.877592,road_0016,51.11465579817138,71.47066398517191,2159,53.29377789414747,60,82.4324787628768,0,FREE_FLOW,arterial,Esil District
2025-09-17 18:26:17.877592,road_0017,51.1353912190157,71.39325572750592,2500,51.566050347523905,60,100.0,0,FREE_FLOW,arterial,Left Bank
2025-09-17 18:26:17.877592,road_0018,51.163666040877104,71.37112832872046,2500,49.89828566509283,60,100.0,0,FREE_FLOW,arterial,Left Bank
2025-09-17 18:26:17.877592,road_0019,51.18468086706726,71.4364182383345,1500,39.50011972503113,45,96.9412473699879,0,FREE_FLOW,collector,City Center
2025-09-17 18:41:17.877592,road_0000,51.090206297253665,71.51261522969342,1500,35.569263455933886,45,93.98491908816628,1,LIGHT,collector,Esil District
2025-09-17 18:41:17.877592,road_0001,51.1287740471871,71.50587709332447,1340,60.0,60,58.90320657633533,0,FREE_FLOW,arterial,Esil District
2025-09-17 18:41:17.877592,road_0002,51.151311066924016,71.4735630039515,357,35.0,35,44.04234712446353,0,FREE_FLOW,local,Esil District
2025-09-17 18:41:17.877592,road_0003,51.118122109682595,71.43871030563635,2500,48.177513650691616,60,100.0,0,FREE_FLOW,arterial,Left Bank
2025-09-17 18:41:17.877592,road_0004,51.15184880769501,71.45937053463895,1500,38.47418113805693,45,100.0,0,FREE_FLOW,collector,City Center
2025-09-17 18:41:17.877592,road_0005,51.08107964105507,71.44847060630846,2328,57.34629795009247,60,100.0,0,FREE_FLOW,arterial,Esil District
2025-09-17 18:41:17.877592,road_0006,51.14918612732707,71.49036788307733,1500,42.023004123715666,45,100.0,0,FREE_FLOW,collector,Right Bank
2025-09-17 18:41:17.877592,road_0007,51.110489893076185,71.4237496928499,2500,54.694983855149076,60,100.0,0,FREE_FLOW,arterial,Left Bank
2025-09-17 18:41:17.877592,road_0008,51.14432758813648,71.43845828951056,800,28.39749217649194,35,100.0,0,FREE_FLOW,local,City Center
2025-09-17 18:41:17.877592,road_0009,51.169925634959554,71.46668303287746,2500,56.38112117044622,60,98.13113567616209,0,FREE_FLOW,arterial,City Center
2025-09-17 18:41:17.877592,road_0010,51.12778115192114,71.4384708479152,2500,50.82959494976903,60,100.0,0,FREE_FLOW,arterial,Left Bank
2025-09-17 18:41:17.877592,road_0011,51.137221625425056,71.41556243649795,2500,56.28506300918569,60,100.0,0,FREE_FLOW,arterial,Left Bank
2025-09-17 18:41:17.877592,road_0012,51.097795984364055,71.39600758045155,800,29.446560968691,35,100.0,0,FREE_FLOW,local,Left Bank
2025-09-17 18:41:17.877592,road_0013,51.18178170167311,71.47812576762125,2316,54.24759039585299,60,87.69292061242574,0,FREE_FLOW,arterial,Esil District
2025-09-17 18:41:17.877592,road_0014,51.163628086584104,71.43484741916329,1254,42.96344039498422,45,88.63352344045838,0,FREE_FLOW,collector,Esil District
2025-09-17 18:41:17.877592,road_0015,51.1326469214106,71.47066027619965,1774,54.70417630481539,60,68.49060575578598,0,FREE_FLOW,arterial,Esil District
2025-09-17 18:41:17.877592,road_0016,51.11465579817138,71.47066398517191,1591,56.1459543518142,60,57.63010629859216,0,FREE_FLOW,arterial,Esil District
2025-09-17 18:41:17.877592,road_0017,51.1353912190157,71.39325572750592,2500,53.32112930708924,60,100.0,0,FREE_FLOW,arterial,Left Bank
2025-09-17 18:41:17.877592,road_0018,51.163666040877104,71.37112832872046,2500,47.02367177214048,60,100.0,1,LIGHT,arterial,Left Bank
2025-09-17 18:41:17.877592,road_0019,51.18468086706726,71.4364182383345,1500,41.168538091428054,45,100.0,0,FREE_FLOW,collector,City Center
2025-09-17 18:56:17.877592,road_0000,51.090206297253665,71.51261522969342,1300,40.45844199636806,45,95.37010840119655,0,FREE_FLOW,collector,Esil District
2025-09-17 18:56:17.877592,road_0001,51.1287740471871,71.50587709332447,2331,56.72389939335884,60,96.72799303627963,0,FREE_FLOW,arterial,Esil District
2025-09-17 18:56:17.877592,road_0002,51.151311066924016,71.4735630039515,393,35.0,35,43.65982368813889,0,FREE_FLOW,local,Esil District
2025-09-17 18:56:17.877592,road_0003,51.118122109682595,71.43871030563635,2500,53.49205932162987,60,92.46801630411193,0,FREE_FLOW,arterial,Left Bank
2025-09-17 18:56:17.877592,road_0004,51.15184880769501,71.45937053463895,1500,43.01529099401001,45,100.0,0,FREE_FLOW,collector,City Center
2025-09-17 18:56:17.877592,road_0005,51.08107964105507,71.44847060630846,2500,50.4626823546794,60,94.31001517735102,0,FREE_FLOW,arterial,Esil District
2025-09-17 18:56:17.877592,road_0006,51.14918612732707,71.49036788307733,1500,36.69761034800597,45,100.0,0,FREE_FLOW,collector,Right Bank
2025-09-17 18:56:17.877592,road_0007,51.110489893076185,71.4237496928499,2500,49.04182196120286,60,100.0,0,FREE_FLOW,arterial,Left Bank
2025-09-17 18:56:17.877592,road_0008,51.14432758813648,71.43845828951056,800,28.67432186563724,35,100.0,0,FREE_FLOW,local,City Center
2025-09-17 18:56:17.877592,road_0009,51.169925634959554,71.46668303287746,2500,56.63327144959615,60,100.0,0,FREE_FLOW,arterial,City Center
2025-09-17 18:56:17.877592,road_0010,51.12778115192114,71.4384708479152,2500,51.455085966229625,60,100.0,0,FREE_FLOW,arterial,Left Bank
2025-09-17 18:56:17.877592,road_0011,51.137221625425056,71.41556243649795,2500,50.008867048447854,60,98.37164571062978,0,FREE_FLOW,arterial,Left Bank
2025-09-17 18:56:17.877592,road_0012,51.097795984364055,71.39600758045155,800,31.269272091974873,35,90.82998334366158,0,FREE_FLOW,local,Left Bank
2025-09-17 18:56:17.877592,road_0013,51.18178170167311,71.47812576762125,2287,52.0771518850045,60,85.32619792067254,0,FREE_FLOW,arterial,Esil District
2025-09-17 18:56:17.877592,road_0014,51.163628086584104,71.43484741916329,1369,39.538781269574535,45,91.39327285375202,0,FREE_FLOW,collector,Esil District
2025-09-17 18:56:17.877592,road_0015,51.1326469214106,71.47066027619965,2500,54.03249214908741,60,99.11238312874504,0,FREE_FLOW,arterial,Esil District
2025-09-17 18:56:17.877592,road_0016,51.11465579817138,71.47066398517191,1931,60.0,60,75.9528958091302,0,FREE_FLOW,arterial,Esil District
2025-09-17 18:56:17.877592,road_0017,51.1353912190157,71.39325572750592,2500,55.8212265963955,60,96.26326403659554,0,FREE_FLOW,arterial,Left Bank
2025-09-17 18:56:17.877592,road_0018,51.163666040877104,71.37112832872046,2500,57.23317298052621,60,100.0,0,FREE_FLOW,arterial,Left Bank
2025-09-17 18:56:17.877592,road_0019,51.18468086706726,71.4364182383345,1500,36.507793903553264,45,93.96982149210699,0,FREE_FLOW,collector,City Center
2025-09-17 19:11:17.877592,road_0000,51.090206297253665,71.51261522969342,737,43.195227466443725,45,44.59233322796309,0,FREE_FLOW,collector,Esil District
2025-09-17 19:11:17.877592,road_0001,51.1287740471871,71.50587709332447,1649,52.56775359006952,60,59.747868357696916,0,FREE_FLOW,arterial,Esil District
2025-09-17 19:11:17.877592,road_0002,51.151311066924016,71.4735630039515,331,33.26505599691719,35,44.32532929686727,0,FREE_FLOW,local,Esil District
2025-09-17 19:11:17.877592,road_0003,51.118122109682595,71.43871030563635,2500,56.78121297688113,60,92.2959385450256,0,FREE_FLOW,arterial,Left Bank
2025-09-17 19:11:17.877592,road_0004,51.15184880769501,71.45937053463895,1500,37.16967290316443,45,100.0,0,FREE_FLOW,collector,City Center
2025-09-17 19:11:17.877592,road_0005,51.08107964105507,71.44847060630846,2031,59.220198727920355,60,78.37537423246545,0,FREE_FLOW,arterial,Esil District
2025-09-17 19:11:17.877592,road_0006,51.14918612732707,71.49036788307733,1000,43.1810829245246,45,58.80781023775038,0,FREE_FLOW,collector,Right Bank
2025-09-17 19:11:17.877592,road_0007,51.110489893076185,71.4237496928499,2500,55.963153437242504,60,100.0,0,FREE_FLOW,arterial,Left Bank
2025-09-17 19:11:17.877592,road_0008,51.14432758813648,71.43845828951056,800,28.10301282493717,35,99.71634857825264,0,FREE_FLOW,local,City Center
2025-09-17 19:11:17.877592,road_0009,51.169925634959554,71.46668303287746,2500,54.61443266924391,60,92.74178916157513,0,FREE_FLOW,arterial,City Center
2025-09-17 19:11:17.877592,road_0010,51.12778115192114,71.4384708479152,2500,50.66224328090935,60,97.80240469376679,0,FREE_FLOW,arterial,Left Bank
2025-09-17 19:11:17.877592,road_0011,51.137221625425056,71.41556243649795,2125,56.54915353069909,60,75.30353764573654,0,FREE_FLOW,arterial,Left Bank
2025-09-17 19:11:17.877592,road_0012,51.097795984364055,71.39600758045155,800,31.65028640296606,35,100.0,0,FREE_FLOW,local,Left Bank
2025-09-17 19:11:17.877592,road_0013,51.18178170167311,71.47812576762125,1397,54.2000938204621,60,64.7331835393326,0,FREE_FLOW,arterial,Esil District
2025-09-17 19:11:17.877592,road_0014,51.163628086584104,71.43484741916329,769,40.75862078189169,45,43.24141080431999,0,FREE_FLOW,collector,Esil District
2025-09-17 19:11:17.877592,road_0015,51.1326469214106,71.47066027619965,1086,56.413976570813624,60,45.14156884412406,0,FREE_FLOW,arterial,Esil District
2025-09-17 19:11:17.877592,road_0016,51.11465579817138,71.47066398517191,2248,55.91954736803688,60,93.91410412198952,0,FREE_FLOW,arterial,Esil District
2025-09-17 19:11:17.877592,road_0017,51.1353912190157,71.39325572750592,2500,55.194702244424896,60,100.0,0,FREE_FLOW,arterial,Left Bank
2025-09-17 19:11:17.877592,road_0018,51.163666040877104,71.37112832872046,2500,51.37615216687197,60,94.924883219412,0,FREE_FLOW,arterial,Left Bank
2025-09-17 19:11:17.877592,road_0019,51.18468086706726,71.4364182383345,1500,37.0962057951201,45,100.0,0,FREE_FLOW,collector,City Center
2025-09-17 19:26:17.877592,road_0000,51.090206297253665,71.51261522969342,510,45.0,45,24.545000239016304,0,FREE_FLOW,collector,Esil District
2025-09-17 19:26:17.877592,road_0001,51.1287740471871,71.50587709332447,1320,55.013274201684176,60,54.28873511744412,0,FREE_FLOW,arterial,Esil District
2025-09-17 19:26:17.877592,road_0002,51.151311066924016,71.4735630039515,645,30.125637284827242,35,85.52858990739229,0,FREE_FLOW,local,Esil District
2025-09-17 19:26:17.877592,road_0003,51.118122109682595,71.43871030563635,2500,47.49689623025549,60,93.16607800211229,1,LIGHT,arterial,Left Bank
2025-09-17 19:26:17.877592,road_0004,51.15184880769501,71.45937053463895,1500,38.021749486995716,45,100.0,0,FREE_FLOW,collector,City Center
2025-09-17 19:26:17.877592,road_0005,51.08107964105507,71.44847060630846,2096,51.83362384588316,60,77.49344768479337,0,FREE_FLOW,arterial,Esil District
2025-09-17 19:26:17.877592,road_0006,51.14918612732707,71.49036788307733,1500,37.37549273041004,45,100.0,0,FREE_FLOW,collector,Right Bank
2025-09-17 19:26:17.877592,road_0007,51.110489893076185,71.4237496928499,2408,48.63906840285668,60,99.90398302402338,0,FREE_FLOW,arterial,Left Bank
2025-09-17 19:26:17.877592,road_0008,51.14432758813648,71.43845828951056,800,29.289230398861207,35,100.0,0,FREE_FLOW,local,City Center
2025-09-17 19:26:17.877592,road_0009,51.169925634959554,71.46668303287746,2500,50.422015130171744,60,100.0,0,FREE_FLOW,arterial,City Center
2025-09-17 19:26:17.877592,road_0010,51.12778115192114,71.4384708479152,2500,49.451922213229814,60,94.47965091730163,0,FREE_FLOW,arterial,Left Bank
2025-09-17 19:26:17.877592,road_0011,51.137221625425056,71.41556243649795,2500,54.191323343318686,60,90.88080758776928,0,FREE_FLOW,arterial,Left Bank
2025-09-17 19:26:17.877592,road_0012,51.097795984364055,71.39600758045155,800,33.11415855544746,35,100.0,0,FREE_FLOW,local,Left Bank
2025-09-17 19:26:17.877592,road_0013,51.18178170167311,71.47812576762125,810,60.0,60,31.163534333327103,0,FREE_FLOW,arterial,Esil District
2025-09-17 19:26:17.877592,road_0014,51.163628086584104,71.43484741916329,1237,42.34710509787941,45,87.4672349095105,0,FREE_FLOW,collector,Esil District
2025-09-17 19:26:17.877592,road_0015,51.1326469214106,71.47066027619965,1399,56.623157810596865,60,50.299124917277595,0,FREE_FLOW,arterial,Esil District
2025-09-17 19:26:17.877592,road_0016,51.11465579817138,71.47066398517191,1267,55.327907282755746,60,58.82497888712811,0,FREE_FLOW,arterial,Esil District
2025-09-17 19:26:17.877592,road_0017,51.1353912190157,71.39325572750592,2500,47.95543361472415,60,100.0,1,LIGHT,arterial,Left Bank
2025-09-17 19:26:17.877592,road_0018,51.163666040877104,71.37112832872046,2500,50.22313194848501,60,95.24685933561892,0,FREE_FLOW,arterial,Left Bank
2025-09-17 19:26:17.877592,road_0019,51.18468086706726,71.4364182383345,1500,38.188305113100036,45,99.29226337617942,0,FREE_FLOW,collector,City Center
2025-09-17 19:41:17.877592,road_0000,51.090206297253665,71.51261522969342,678,43.06380915139393,45,37.027482097208186,0,FREE_FLOW,collector,Esil District
2025-09-17 19:41:17.877592,road_0001,51.1287740471871,71.50587709332447,965,59.12994497387644,60,36.56455587916024,0,FREE_FLOW,arterial,Esil District
2025-09-17 19:41:17.877592,road_0002,51.151311066924016,71.4735630039515,686,35.0,35,75.9111820668424,0,FREE_FLOW,local,Esil District
2025-09-17 19:41:17.877592,road_0003,51.118122109682595,71.43871030563635,2500,52.17889373078315,60,100.0,0,FREE_FLOW,arterial,Left Bank
2025-09-17 19:41:17.877592,road_0004,51.15184880769501,71.45937053463895,1500,37.36474908419417,45,100.0,0,FREE_FLOW,collector,City Center
2025-09-17 19:41:17.877592,road_0005,51.08107964105507,71.44847060630846,1796,58.380356287861154,60,79.52710300911508,0,FREE_FLOW,arterial,Esil District
2025-09-17 19:41:17.877592,road_0006,51.14918612732707,71.49036788307733,1500,37.755749799352614,45,100.0,0,FREE_FLOW,collector,Right Bank
2025-09-17 19:41:17.877592,road_0007,51.110489893076185,71.4237496928499,2500,55.517497254876744,60,100.0,0,FREE_FLOW,arterial,Left Bank
2025-09-17 19:41:17.877592,road_0008,51.14432758813648,71.43845828951056,800,31.161221025181206,35,97.64504503954916,0,FREE_FLOW,local,City Center
2025-09-17 19:41:17.877592,road_0009,51.169925634959554,71.46668303287746,2500,48.95094353164067,60,100.0,0,FREE_FLOW,arterial,City Center
2025-09-17 19:41:17.877592,road_0010,51.12778115192114,71.4384708479152,2500,49.023605391863896,60,96.08985065497902,0,FREE_FLOW,arterial,Left Bank
2025-09-17 19:41:17.877592,road_0011,51.137221625425056,71.41556243649795,2500,52.14151845391356,60,98.39697395372636,0,FREE_FLOW,arterial,Left Bank
2025-09-17 19:41:17.877592,road_0012,51.097795984364055,71.39600758045155,800,30.83299110717757,35,92.61002528234368,0,FREE_FLOW,local,Left Bank
2025-09-17 19:41:17.877592,road_0013,51.18178170167311,71.47812576762125,1574,60.0,60,67.44465095223899,0,FREE_FLOW,arterial,Esil District
2025-09-17 19:41:17.877592,road_0014,51.163628086584104,71.43484741916329,854,41.28595522258801,45,47.98115924523056,0,FREE_FLOW,collector,Esil District
2025-09-17 19:41:17.877592,road_0015,51.1326469214106,71.47066027619965,1049,60.0,60,36.65988555069383,0,FREE_FLOW,arterial,Esil District
2025-09-17 19:41:17.877592,road_0016,51.11465579817138,71.47066398517191,1926,54.480029827130636,60,72.33031607977675,0,FREE_FLOW,arterial,Esil District
2025-09-17 19:41:17.877592,road_0017,51.1353912190157,71.39325572750592,2500,49.18641539029908,60,100.0,0,FREE_FLOW,arterial,Left Bank
2025-09-17 19:41:17.877592,road_0018,51.163666040877104,71.37112832872046,2500,54.58598968126871,60,100.0,0,FREE_FLOW,arterial,Left Bank
2025-09-17 19:41:17.877592,road_0019,51.18468086706726,71.4364182383345,1500,37.15726976396159,45,96.2741302410413,0,FREE_FLOW,collector,City Center
2025-09-17 19:56:17.877592,road_0000,51.090206297253665,71.51261522969342,994,39.41620765213263,45,67.59096698171899,0,FREE_FLOW,collector,Esil District
2025-09-17 19:56:17.877592,road_0001,51.1287740471871,71.50587709332447,906,60.0,60,37.561432928963306,0,FREE_FLOW,arterial,Esil District
2025-09-17 19:56:17.877592,road_0002,51.151311066924016,71.4735630039515,317,32.033911037553175,35,33.513952888633774,0,FREE_FLOW,local,Esil District
2025-09-17 19:56:17.877592,road_0003,51.118122109682595,71.43871030563635,2500,50.27013474646437,60,94.43563956384637,0,FREE_FLOW,arterial,Left Bank
2025-09-17 19:56:17.877592,road_0004,51.15184880769501,71.45937053463895,1500,36.72977803226741,45,91.79832489719405,0,FREE_FLOW,collector,City Center
2025-09-17 19:56:17.877592,road_0005,51.08107964105507,71.44847060630846,922,57.198229479048855,60,32.62653433017804,0,FREE_FLOW,arterial,Esil District
2025-09-17 19:56:17.877592,road_0006,51.14918612732707,71.49036788307733,1206,44.54009616306832,45,87.81267762966982,0,FREE_FLOW,collector,Right Bank
2025-09-17 19:56:17.877592,road_0007,51.110489893076185,71.4237496928499,2500,52.7244768838287,60,100.0,0,FREE_FLOW,arterial,Left Bank
2025-09-17 19:56:17.877592,road_0008,51.14432758813648,71.43845828951056,800,32.93532060590322,35,95.92784013750567,0,FREE_FLOW,local,City Center
2025-09-17 19:56:17.877592,road_0009,51.169925634959554,71.46668303287746,2500,51.210947172158875,60,96.93117519633095,0,FREE_FLOW,arterial,City Center
2025-09-17 19:56:17.877592,road_0010,51.12778115192114,71.4384708479152,2339,54.72791356559142,60,100.0,0,FREE_FLOW,arterial,Left Bank
2025-09-17 19:56:17.877592,road_0011,51.137221625425056,71.41556243649795,2500,57.14121076800213,60,94.93039811275966,0,FREE_FLOW,arterial,Left Bank
2025-09-17 19:56:17.877592,road_0012,51.097795984364055,71.39600758045155,800,28.13459183606089,35,96.2382381107341,0,FREE_FLOW,local,Left Bank
2025-09-17 19:56:17.877592,road_0013,51.18178170167311,71.47812576762125,1016,60.0,60,48.14236089116094,0,FREE_FLOW,arterial,Esil District
2025-09-17 19:56:17.877592,road_0014,51.163628086584104,71.43484741916329,611,40.73942083591148,45,32.845164252866134,0,FREE_FLOW,collector,Esil District
2025-09-17 19:56:17.877592,road_0015,51.1326469214106,71.47066027619965,1719,52.653784766157216,60,60.40047370422943,0,FREE_FLOW,arterial,Esil District
2025-09-17 19:56:17.877592,road_0016,51.11465579817138,71.47066398517191,1742,58.00434018099957,60,68.57056506100318,0,FREE_FLOW,arterial,Esil District
2025-09-17 19:56:17.877592,road_0017,51.1353912190157,71.39325572750592,2310,56.91682392117542,60,89.43610012820706,0,FREE_FLOW,arterial,Left Bank
2025-09-17 19:56:17.877592,road_0018,51.163666040877104,71.37112832872046,2500,54.97049149892046,60,100.0,0,FREE_FLOW,arterial,Left Bank
2025-09-17 19:56:17.877592,road_0019,51.18468086706726,71.4364182383345,1500,40.424597283278395,45,100.0,0,FREE_FLOW,collector,City Center
2025-09-17 20:11:17.877592,road_0000,51.090206297253665,71.51261522969342,489,44.29156752284559,45,23.070649888281977,0,FREE_FLOW,collector,Esil District
2025-09-17 20:11:17.877592,road_0001,51.1287740471871,71.50587709332447,523,60.0,60,12.9109302561755,0,FREE_FLOW,arterial,Esil District
2025-09-17 20:11:17.877592,road_0002,51.151311066924016,71.4735630039515,226,34.91227257009093,35,27.669001175450287,0,FREE_FLOW,local,Esil District
2025-09-17 20:11:17.877592,road_0003,51.118122109682595,71.43871030563635,1106,60.0,60,49.85838712772181,0,FREE_FLOW,arterial,Left Bank
2025-09-17 20:11:17.877592,road_0004,51.15184880769501,71.45937053463895,1141,41.02999296196034,45,67.28680952677458,0,FREE_FLOW,collector,City Center
2025-09-17 20:11:17.877592,road_0005,51.08107964105507,71.44847060630846,575,55.797883115100014,60,15.701602924515214,0,FREE_FLOW,arterial,Esil District
2025-09-17 20:11:17.877592,road_0006,51.14918612732707,71.49036788307733,920,39.70583017357827,45,66.64991411803152,0,FREE_FLOW,collector,Right Bank
2025-09-17 20:11:17.877592,road_0007,51.110489893076185,71.4237496928499,750,54.15483558058876,60,22.867907400217852,0,FREE_FLOW,arterial,Left Bank
2025-09-17 20:11:17.877592,road_0008,51.14432758813648,71.43845828951056,631,34.14561920380226,35,75.35139149804863,0,FREE_FLOW,local,City Center
2025-09-17 20:11:17.877592,road_0009,51.169925634959554,71.46668303287746,1775,54.47168217499612,60,74.00850497647728,0,FREE_FLOW,arterial,City Center
2025-09-17 20:11:17.877592,road_0010,51.12778115192114,71.4384708479152,1023,60.0,60,33.18881634207834,0,FREE_FLOW,arterial,Left Bank
2025-09-17 20:11:17.877592,road_0011,51.137221625425056,71.41556243649795,1067,55.24168573875791,60,40.90749142825179,0,FREE_FLOW,arterial,Left Bank
2025-09-17 20:11:17.877592,road_0012,51.097795984364055,71.39600758045155,276,35.0,35,40.63515127578252,0,FREE_FLOW,local,Left Bank
2025-09-17 20:11:17.877592,road_0013,51.18178170167311,71.47812576762125,842,60.0,60,37.136942669770896,0,FREE_FLOW,arterial,Esil District
2025-09-17 20:11:17.877592,road_0014,51.163628086584104,71.43484741916329,483,44.00998901791505,45,38.31051827152115,0,FREE_FLOW,collector,Esil District
2025-09-17 20:11:17.877592,road_0015,51.1326469214106,71.47066027619965,1020,54.07145972881235,60,34.11802048741572,0,FREE_FLOW,arterial,Esil District
2025-09-17 20:11:17.877592,road_0016,51.11465579817138,71.47066398517191,686,55.48264523827064,60,34.236407044069765,0,FREE_FLOW,arterial,Esil District
2025-09-17 20:11:17.877592,road_0017,51.1353912190157,71.39325572750592,2104,59.7247640461195,60,77.17374974001667,0,FREE_FLOW,arterial,Left Bank
2025-09-17 20:11:17.877592,road_0018,51.163666040877104,71.37112832872046,2278,59.75405066237303,60,96.81539363649976,0,FREE_FLOW,arterial,Left Bank
2025-09-17 20:11:17.877592,road_0019,51.18468086706726,71.4364182383345,1051,44.42432616068091,45,76.81728334818777,0,FREE_FLOW,collector,City Center
2025-09-17 20:26:17.877592,road_0000,51.090206297253665,71.51261522969342,447,41.18628529660207,45,34.92668539165773,0,FREE_FLOW,collector,Esil District
2025-09-17 20:26:17.877592,road_0001,51.1287740471871,71.50587709332447,992,59.088672046561896,60,32.23549305579981,0,FREE_FLOW,arterial,Esil District
2025-09-17 20:26:17.877592,road_0002,51.151311066924016,71.4735630039515,154,35.0,35,27.304110208907122,0,FREE_FLOW,local,Esil District
2025-09-17 20:26:17.877592,road_0003,51.118122109682595,71.43871030563635,811,60.0,60,38.70868964648528,0,FREE_FLOW,arterial,Left Bank
2025-09-17 20:26:17.877592,road_0004,51.15184880769501,71.45937053463895,1001,45.0,45,63.09857416104785,0,FREE_FLOW,collector,City Center
2025-09-17 20:26:17.877592,road_0005,51.08107964105507,71.44847060630846,797,60.0,60,27.855657421085027,0,FREE_FLOW,arterial,Esil District
2025-09-17 20:26:17.877592,road_0006,51.14918612732707,71.49036788307733,299,41.82405255554977,45,21.020466957660716,0,FREE_FLOW,collector,Right Bank
2025-09-17 20:26:17.877592,road_0007,51.110489893076185,71.4237496928499,1022,60.0,60,48.76808777297015,0,FREE_FLOW,arterial,Left Bank
2025-09-17 20:26:17.877592,road_0008,51.14432758813648,71.43845828951056,771,30.271088420037984,35,100.0,0,FREE_FLOW,local,City Center
2025-09-17 20:26:17.877592,road_0009,51.169925634959554,71.46668303287746,2384,52.20355093342813,60,89.87455447678255,0,FREE_FLOW,arterial,City Center
2025-09-17 20:26:17.877592,road_0010,51.12778115192114,71.4384708479152,1212,60.0,60,40.10077220930114,0,FREE_FLOW,arterial,Left Bank
2025-09-17 20:26:17.877592,road_0011,51.137221625425056,71.41556243649795,1990,51.67769068299206,60,71.35299672389307,0,FREE_FLOW,arterial,Left Bank
2025-09-17 20:26:17.877592,road_0012,51.097795984364055,71.39600758045155,617,33.07960193606335,35,73.52554633124784,0,FREE_FLOW,local,Left Bank
2025-09-17 20:26:17.877592,road_0013,51.18178170167311,71.47812576762125,639,60.0,60,32.751127938358735,0,FREE_FLOW,arterial,Esil District
2025-09-17 20:26:17.877592,road_0014,51.163628086584104,71.43484741916329,514,45.0,45,39.03678423687704,0,FREE_FLOW,collector,Esil District
2025-09-17 20:26:17.877592,road_0015,51.1326469214106,71.47066027619965,518,60.0,60,15.854869926195159,0,FREE_FLOW,arterial,Esil District
2025-09-17 20:26:17.877592,road_0016,51.11465579817138,71.47066398517191,860,60.0,60,26.250008758779273,0,FREE_FLOW,arterial,Esil District
2025-09-17 20:26:17.877592,road_0017,51.1353912190157,71.39325572750592,1850,57.32613224075369,60,70.15059590980913,0,FREE_FLOW,arterial,Left Bank
2025-09-17 20:26:17.877592,road_0018,51.163666040877104,71.37112832872046,1636,58.98989714954792,60,59.96066393577304,0,FREE_FLOW,arterial,Left Bank
2025-09-17 20:26:17.877592,road_0019,51.18468086706726,71.4364182383345,969,41.90590290134284,45,60.56151301049646,0,FREE_FLOW,collector,City Center
2025-09-17 20:41:17.877592,road_0000,51.090206297253665,71.51261522969342,611,45.0,45,47.38167700153839,0,FREE_FLOW,collector,Esil District
2025-09-17 20:41:17.877592,road_0001,51.1287740471871,71.50587709332447,621,57.515134677156055,60,15.801846208240708,0,FREE_FLOW,arterial,Esil District
2025-09-17 20:41:17.877592,road_0002,51.151311066924016,71.4735630039515,346,34.11511417673169,35,38.685730321602584,0,FREE_FLOW,local,Esil District
2025-09-17 20:41:17.877592,road_0003,51.118122109682595,71.43871030563635,1669,60.0,60,59.83839019565809,0,FREE_FLOW,arterial,Left Bank
2025-09-17 20:41:17.877592,road_0004,51.15184880769501,71.45937053463895,924,40.30131689328323,45,69.47270506692267,0,FREE_FLOW,collector,City Center
2025-09-17 20:41:17.877592,road_0005,51.08107964105507,71.44847060630846,1265,60.0,60,54.60863598313008,0,FREE_FLOW,arterial,Esil District
2025-09-17 20:41:17.877592,road_0006,51.14918612732707,71.49036788307733,579,45.0,45,39.194279322167354,0,FREE_FLOW,collector,Right Bank
2025-09-17 20:41:17.877592,road_0007,51.110489893076185,71.4237496928499,2380,51.313922244777075,60,100.0,0,FREE_FLOW,arterial,Left Bank
2025-09-17 20:41:17.877592,road_0008,51.14432758813648,71.43845828951056,800,31.506726244087368,35,100.0,0,FREE_FLOW,local,City Center
2025-09-17 20:41:17.877592,road_0009,51.169925634959554,71.46668303287746,1354,60.0,60,55.16943554205881,0,FREE_FLOW,arterial,City Center
2025-09-17 20:41:17.877592,road_0010,51.12778115192114,71.4384708479152,1243,60.0,60,46.632499871528026,0,FREE_FLOW,arterial,Left Bank
2025-09-17 20:41:17.877592,road_0011,51.137221625425056,71.41556243649795,1163,54.351433887338246,60,39.84105042963073,0,FREE_FLOW,arterial,Left Bank
2025-09-17 20:41:17.877592,road_0012,51.097795984364055,71.39600758045155,389,35.0,35,40.90779938619264,0,FREE_FLOW,local,Left Bank
2025-09-17 20:41:17.877592,road_0013,51.18178170167311,71.47812576762125,1011,53.786459522594,60,50.15610641700411,0,FREE_FLOW,arterial,Esil District
2025-09-17 20:41:17.877592,road_0014,51.163628086584104,71.43484741916329,533,43.96739229032126,45,34.682194450731096,0,FREE_FLOW,collector,Esil District
2025-09-17 20:41:17.877592,road_0015,51.1326469214106,71.47066027619965,713,55.569118098230824,60,33.12984954964599,0,FREE_FLOW,arterial,Esil District
2025-09-17 20:41:17.877592,road_0016,51.11465579817138,71.47066398517191,486,60.0,60,14.68941170242529,0,FREE_FLOW,arterial,Esil District
2025-09-17 20:41:17.877592,road_0017,51.1353912190157,71.39325572750592,1070,55.67024209774944,60,38.74723062616944,0,FREE_FLOW,arterial,Left Bank
2025-09-17 20:41:17.877592,road_0018,51.163666040877104,71.37112832872046,1364,60.0,60,56.95937129748328,0,FREE_FLOW,arterial,Left Bank
2025-09-17 20:41:17.877592,road_0019,51.18468086706726,71.4364182383345,629,41.19628057623086,45,39.20624051172233,0,FREE_FLOW,collector,City Center
2025-09-17 20:56:17.877592,road_0000,51.090206297253665,71.51261522969342,271,45.0,45,13.976025159201853,0,FREE_FLOW,collector,Esil District
2025-09-17 20:56:17.877592,road_0001,51.1287740471871,71.50587709332447,928,55.90581879697322,60,30.087206745790333,0,FREE_FLOW,arterial,Esil District
2025-09-17 20:56:17.877592,road_0002,51.151311066924016,71.4735630039515,338,33.938610148033305,35,49.64875665795378,0,FREE_FLOW,local,Esil District
2025-09-17 20:56:17.877592,road_0003,51.118122109682595,71.43871030563635,1608,58.14620122954065,60,60.70246979640925,0,FREE_FLOW,arterial,Left Bank
2025-09-17 20:56:17.877592,road_0004,51.15184880769501,71.45937053463895,917,45.0,45,57.43354078086796,0,FREE_FLOW,collector,City Center
2025-09-17 20:56:17.877592,road_0005,51.08107964105507,71.44847060630846,1001,56.12597882712678,60,36.17944564418036,0,FREE_FLOW,arterial,Esil District
2025-09-17 20:56:17.877592,road_0006,51.14918612732707,71.49036788307733,623,43.23816837847181,45,51.2883241153171,0,FREE_FLOW,collector,Right Bank
2025-09-17 20:56:17.877592,road_0007,51.110489893076185,71.4237496928499,1358,58.865463813670395,60,60.3536858638261,0,FREE_FLOW,arterial,Left Bank
2025-09-17 20:56:17.877592,road_0008,51.14432758813648,71.43845828951056,617,35.0,35,67.33487282279889,0,FREE_FLOW,local,City Center
2025-09-17 20:56:17.877592,road_0009,51.169925634959554,71.46668303287746,1314,57.44456765928275,60,54.91863119692596,0,FREE_FLOW,arterial,City Center
2025-09-17 20:56:17.877592,road_0010,51.12778115192114,71.4384708479152,1557,59.460824527266794,60,56.81381304149848,0,FREE_FLOW,arterial,Left Bank
2025-09-17 20:56:17.877592,road_0011,51.137221625425056,71.41556243649795,1304,54.78918113653012,60,42.64220386817333,0,FREE_FLOW,arterial,Left Bank
2025-09-17 20:56:17.877592,road_0012,51.097795984364055,71.39600758045155,267,35.0,35,32.56162881601085,0,FREE_FLOW,local,Left Bank
2025-09-17 20:56:17.877592,road_0013,51.18178170167311,71.47812576762125,1195,58.83309987481155,60,41.73775743551367,0,FREE_FLOW,arterial,Esil District
2025-09-17 20:56:17.877592,road_0014,51.163628086584104,71.43484741916329,304,41.102579874216076,45,20.33760629690439,0,FREE_FLOW,collector,Esil District
2025-09-17 20:56:17.877592,road_0015,51.1326469214106,71.47066027619965,672,59.29820284149107,60,26.20232585316978,0,FREE_FLOW,arterial,Esil District
2025-09-17 20:56:17.877592,road_0016,51.11465579817138,71.47066398517191,386,55.97076978418416,60,22.76584871964363,0,FREE_FLOW,arterial,Esil District
2025-09-17 20:56:17.877592,road_0017,51.1353912190157,71.39325572750592,1073,53.97750000537897,60,42.48670963341112,0,FREE_FLOW,arterial,Left Bank
2025-09-17 20:56:17.877592,road_0018,51.163666040877104,71.37112832872046,2105,53.37610449060793,60,89.9548437660474,0,FREE_FLOW,arterial,Left Bank
2025-09-17 20:56:17.877592,road_0019,51.18468086706726,71.4364182383345,1381,41.64035682238152,45,89.5428288440067,0,FREE_FLOW,collector,City Center
2025-09-17 21:11:17.877592,road_0000,51.090206297253665,71.51261522969342,188,42.69587416392805,45,17.37920409673859,0,FREE_FLOW,collector,Esil District
2025-09-17 21:11:17.877592,road_0001,51.1287740471871,71.50587709332447,685,60.0,60,34.49611557598523,0,FREE_FLOW,arterial,Esil District
2025-09-17 21:11:17.877592,road_0002,51.151311066924016,71.4735630039515,258,34.76463533167544,35,26.133257380921645,0,FREE_FLOW,local,Esil District
2025-09-17 21:11:17.877592,road_0003,51.118122109682595,71.43871030563635,553,60.0,60,23.185812792460002,0,FREE_FLOW,arterial,Left Bank
2025-09-17 21:11:17.877592,road_0004,51.15184880769501,71.45937053463895,1137,39.56277385326401,45,70.96207858320936,0,FREE_FLOW,collector,City Center
2025-09-17 21:11:17.877592,road_0005,51.08107964105507,71.44847060630846,1011,60.0,60,46.88678222913695,0,FREE_FLOW,arterial,Esil District
2025-09-17 21:11:17.877592,road_0006,51.14918612732707,71.49036788307733,496,45.0,45,29.67449613997899,0,FREE_FLOW,collector,Right Bank
2025-09-17 21:11:17.877592,road_0007,51.110489893076185,71.4237496928499,1163,60.0,60,55.25855727462278,0,FREE_FLOW,arterial,Left Bank
2025-09-17 21:11:17.877592,road_0008,51.14432758813648,71.43845828951056,665,30.479653721303002,35,86.73616323558203,0,FREE_FLOW,local,City Center
2025-09-17 21:11:17.877592,road_0009,51.169925634959554,71.46668303287746,957,54.38849528922779,60,42.855724445131514,0,FREE_FLOW,arterial,City Center
2025-09-17 21:11:17.877592,road_0010,51.12778115192114,71.4384708479152,1437,60.0,60,53.198010675424044,0,FREE_FLOW,arterial,Left Bank
2025-09-17 21:11:17.877592,road_0011,51.137221625425056,71.41556243649795,712,60.0,60,25.102929783282995,0,FREE_FLOW,arterial,Left Bank
2025-09-17 21:11:17.877592,road_0012,51.097795984364055,71.39600758045155,387,31.397617188893236,35,49.96738194456273,0,FREE_FLOW,local,Left Bank
2025-09-17 21:11:17.877592,road_0013,51.18178170167311,71.47812576762125,778,60.0,60,40.4760547529697,0,FREE_FLOW,arterial,Esil District
2025-09-17 21:11:17.877592,road_0014,51.163628086584104,71.43484741916329,476,41.96170941917519,45,31.541503717043597,0,FREE_FLOW,collector,Esil District
2025-09-17 21:11:17.877592,road_0015,51.1326469214106,71.47066027619965,408,60.0,60,10.475668419233829,0,FREE_FLOW,arterial,Esil District
2025-09-17 21:11:17.877592,road_0016,51.11465579817138,71.47066398517191,398,59.238910438086386,60,21.552651161064944,0,FREE_FLOW,arterial,Esil District
2025-09-17 21:11:17.877592,road_0017,51.1353912190157,71.39325572750592,1462,56.900823650279364,60,65.35510087974586,0,FREE_FLOW,arterial,Left Bank
2025-09-17 21:11:17.877592,road_0018,51.163666040877104,71.37112832872046,1715,57.953290199274406,60,73.20486668715736,0,FREE_FLOW,arterial,Left Bank
2025-09-17 21:11:17.877592,road_0019,51.18468086706726,71.4364182383345,1092,39.00663690672992,45,75.04551531387744,0,FREE_FLOW,collector,City Center
2025-09-17 21:26:17.877592,road_0000,51.090206297253665,71.51261522969342,321,45.0,45,16.85301294624969,0,FREE_FLOW,collector,Esil District
2025-09-17 21:26:17.877592,road_0001,51.1287740471871,71.50587709332447,588,56.14893272012841,60,14.879465996388074,0,FREE_FLOW,arterial,Esil District
2025-09-17 21:26:17.877592,road_0002,51.151311066924016,71.4735630039515,345,34.53832416906343,35,46.170502217981,0,FREE_FLOW,local,Esil District
2025-09-17 21:26:17.877592,road_0003,51.118122109682595,71.43871030563635,1503,53.65863101673394,60,61.49104511209224,0,FREE_FLOW,arterial,Left Bank
2025-09-17 21:26:17.877592,road_0004,51.15184880769501,71.45937053463895,1105,38.88209525346756,45,83.54829975957819,0,FREE_FLOW,collector,City Center
2025-09-17 21:26:17.877592,road_0005,51.08107964105507,71.44847060630846,821,55.434129933692546,60,31.521043521619138,0,FREE_FLOW,arterial,Esil District
2025-09-17 21:26:17.877592,road_0006,51.14918612732707,71.49036788307733,427,45.0,45,24.523264446241512,0,FREE_FLOW,collector,Right Bank
2025-09-17 21:26:17.877592,road_0007,51.110489893076185,71.4237496928499,1515,57.044284276987085,60,69.37329626586745,0,FREE_FLOW,arterial,Left Bank
2025-09-17 21:26:17.877592,road_0008,51.14432758813648,71.43845828951056,387,33.4304627841262,35,42.351281218748056,0,FREE_FLOW,local,City Center
2025-09-17 21:26:17.877592,road_0009,51.169925634959554,71.46668303287746,921,56.89728335350615,60,43.38997483271347,0,FREE_FLOW,arterial,City Center
2025-09-17 21:26:17.877592,road_0010,51.12778115192114,71.4384708479152,986,57.75710643111257,60,43.42678932505286,0,FREE_FLOW,arterial,Left Bank
2025-09-17 21:26:17.877592,road_0011,51.137221625425056,71.41556243649795,1459,59.12924468251629,60,52.27511212811249,0,FREE_FLOW,arterial,Left Bank
2025-09-17 21:26:17.877592,road_0012,51.097795984364055,71.39600758045155,256,35.0,35,28.34610954840973,0,FREE_FLOW,local,Left Bank
2025-09-17 21:26:17.877592,road_0013,51.18178170167311,71.47812576762125,427,57.82115964866547,60,10.73502331974872,0,FREE_FLOW,arterial,Esil District
2025-09-17 21:26:17.877592,road_0014,51.163628086584104,71.43484741916329,425,41.281872934599136,45,23.184898654809835,0,FREE_FLOW,collector,Esil District
2025-09-17 21:26:17.877592,road_0015,51.1326469214106,71.47066027619965,464,60.0,60,11.13192971921105,0,FREE_FLOW,arterial,Esil District
2025-09-17 21:26:17.877592,road_0016,51.11465579817138,71.47066398517191,322,58.33735688869868,60,17.168282029409955,0,FREE_FLOW,arterial,Esil District
2025-09-17 21:26:17.877592,road_0017,51.1353912190157,71.39325572750592,735,57.2422886713519,60,32.24173014704798,0,FREE_FLOW,arterial,Left Bank
2025-09-17 21:26:17.877592,road_0018,51.163666040877104,71.37112832872046,1045,57.52948906068818,60,43.56187275210894,0,FREE_FLOW,arterial,Left Bank
2025-09-17 21:26:17.877592,road_0019,51.18468086706726,71.4364182383345,1116,41.26516792652281,45,76.63292838779985,0,FREE_FLOW,collector,City Center
2025-09-17 21:41:17.877592,road_0000,51.090206297253665,71.51261522969342,286,42.122196371393684,45,12.359076931396764,0,FREE_FLOW,collector,Esil District
2025-09-17 21:41:17.877592,road_0001,51.1287740471871,71.50587709332447,795,60.0,60,30.519903611411717,0,FREE_FLOW,arterial,Esil District
2025-09-17 21:41:17.877592,road_0002,51.151311066924016,71.4735630039515,188,32.726314562376636,35,30.130815726753312,0,FREE_FLOW,local,Esil District
2025-09-17 21:41:17.877592,road_0003,51.118122109682595,71.43871030563635,1650,59.261037933829165,60,70.29799068182628,0,FREE_FLOW,arterial,Left Bank
2025-09-17 21:41:17.877592,road_0004,51.15184880769501,71.45937053463895,470,43.92355560708112,45,33.43012192058496,0,FREE_FLOW,collector,City Center
2025-09-17 21:41:17.877592,road_0005,51.08107964105507,71.44847060630846,810,57.09759033793559,60,28.270695849173208,0,FREE_FLOW,arterial,Esil District
2025-09-17 21:41:17.877592,road_0006,51.14918612732707,71.49036788307733,429,45.0,45,32.74030588545182,0,FREE_FLOW,collector,Right Bank
2025-09-17 21:41:17.877592,road_0007,51.110489893076185,71.4237496928499,1828,51.99777662752982,60,79.44158084686701,0,FREE_FLOW,arterial,Left Bank
2025-09-17 21:41:17.877592,road_0008,51.14432758813648,71.43845828951056,509,35.0,35,56.28356085415965,0,FREE_FLOW,local,City Center
2025-09-17 21:41:17.877592,road_0009,51.169925634959554,71.46668303287746,1021,53.78670840285765,60,33.59259468796722,0,FREE_FLOW,arterial,City Center
2025-09-17 21:41:17.877592,road_0010,51.12778115192114,71.4384708479152,1369,58.21002119496988,60,48.949115390190215,0,FREE_FLOW,arterial,Left Bank
2025-09-17 21:41:17.877592,road_0011,51.137221625425056,71.41556243649795,1253,59.582607773873825,60,40.92577891469084,0,FREE_FLOW,arterial,Left Bank
2025-09-17 21:41:17.877592,road_0012,51.097795984364055,71.39600758045155,540,35.0,35,69.90742504247442,0,FREE_FLOW,local,Left Bank
2025-09-17 21:41:17.877592,road_0013,51.18178170167311,71.47812576762125,391,60.0,60,13.118942689581349,0,FREE_FLOW,arterial,Esil District
2025-09-17 21:41:17.877592,road_0014,51.163628086584104,71.43484741916329,232,40.98667622355399,45,12.037829664382636,0,FREE_FLOW,collector,Esil District
2025-09-17 21:41:17.877592,road_0015,51.1326469214106,71.47066027619965,556,60.0,60,20.803678797343455,0,FREE_FLOW,arterial,Esil District
2025-09-17 21:41:17.877592,road_0016,51.11465579817138,71.47066398517191,753,56.409331662136815,60,23.064541488210338,0,FREE_FLOW,arterial,Esil District
2025-09-17 21:41:17.877592,road_0017,51.1353912190157,71.39325572750592,1083,53.79758699295694,60,41.28561098178109,0,FREE_FLOW,arterial,Left Bank
2025-09-17 21:41:17.877592,road_0018,51.163666040877104,71.37112832872046,1476,60.0,60,65.28155222017358,0,FREE_FLOW,arterial,Left Bank
2025-09-17 21:41:17.877592,road_0019,51.18468086706726,71.4364182383345,1050,40.335759830022475,45,75.30387667508784,0,FREE_FLOW,collector,City Center
2025-09-17 21:56:17.877592,road_0000,51.090206297253665,71.51261522969342,478,45.0,45,22.37806264846136,0,FREE_FLOW,collector,Esil District
2025-09-17 21:56:17.877592,road_0001,51.1287740471871,71.50587709332447,818,54.89449313022539,60,38.96781448372302,0,FREE_FLOW,arterial,Esil District
2025-09-17 21:56:17.877592,road_0002,51.151311066924016,71.4735630039515,229,35.0,35,29.54347066618,0,FREE_FLOW,local,Esil District
2025-09-17 21:56:17.877592,road_0003,51.118122109682595,71.43871030563635,1843,60.0,60,69.19396915356742,0,FREE_FLOW,arterial,Left Bank
2025-09-17 21:56:17.877592,road_0004,51.15184880769501,71.45937053463895,644,40.776136344016045,45,39.49653478040549,0,FREE_FLOW,collector,City Center
2025-09-17 21:56:17.877592,road_0005,51.08107964105507,71.44847060630846,679,57.62553054961844,60,22.03142251729264,0,FREE_FLOW,arterial,Esil District
2025-09-17 21:56:17.877592,road_0006,51.14918612732707,71.49036788307733,260,44.502660016599854,45,7.436125885044541,0,FREE_FLOW,collector,Right Bank
2025-09-17 21:56:17.877592,road_0007,51.110489893076185,71.4237496928499,826,60.0,60,27.752457023832974,0,FREE_FLOW,arterial,Left Bank
2025-09-17 21:56:17.877592,road_0008,51.14432758813648,71.43845828951056,582,35.0,35,78.41430909313357,0,FREE_FLOW,local,City Center
2025-09-17 21:56:17.877592,road_0009,51.169925634959554,71.46668303287746,2225,56.44940361796008,60,80.63931469287324,0,FREE_FLOW,arterial,City Center
2025-09-17 21:56:17.877592,road_0010,51.12778115192114,71.4384708479152,1454,60.0,60,54.302912962084235,0,FREE_FLOW,arterial,Left Bank
2025-09-17 21:56:17.877592,road_0011,51.137221625425056,71.41556243649795,1556,55.094265333353874,60,54.00304316273288,0,FREE_FLOW,arterial,Left Bank
2025-09-17 21:56:17.877592,road_0012,51.097795984364055,71.39600758045155,547,33.22331204559443,35,71.09594684678254,0,FREE_FLOW,local,Left Bank
2025-09-17 21:56:17.877592,road_0013,51.18178170167311,71.47812576762125,652,60.0,60,25.624001588359224,0,FREE_FLOW,arterial,Esil District
2025-09-17 21:56:17.877592,road_0014,51.163628086584104,71.43484741916329,667,43.86278118163074,45,53.143985523591645,0,FREE_FLOW,collector,Esil District
2025-09-17 21:56:17.877592,road_0015,51.1326469214106,71.47066027619965,694,55.65435547971662,60,36.20383856102569,0,FREE_FLOW,arterial,Esil District
2025-09-17 21:56:17.877592,road_0016,51.11465579817138,71.47066398517191,464,57.66534792909174,60,20.800170599189105,0,FREE_FLOW,arterial,Esil District
2025-09-17 21:56:17.877592,road_0017,51.1353912190157,71.39325572750592,863,60.0,60,31.51592123615184,0,FREE_FLOW,arterial,Left Bank
2025-09-17 21:56:17.877592,road_0018,51.163666040877104,71.37112832872046,1010,60.0,60,42.992566898771855,0,FREE_FLOW,arterial,Left Bank
2025-09-17 21:56:17.877592,road_0019,51.18468086706726,71.4364182383345,706,45.0,45,48.71923958747398,0,FREE_FLOW,collector,City Center
2025-09-17 22:11:17.877592,road_0000,51.090206297253665,71.51261522969342,322,42.78712288173968,45,12.589906864732932,0,FREE_FLOW,collector,Esil District
2025-09-17 22:11:17.877592,road_0001,51.1287740471871,71.50587709332447,391,59.54577828494006,60,8.989194890359771,0,FREE_FLOW,arterial,Esil District
2025-09-17 22:11:17.877592,road_0002,51.151311066924016,71.4735630039515,68,31.94165925826924,35,6.817226788158951,0,FREE_FLOW,local,Esil District
2025-09-17 22:11:17.877592,road_0003,51.118122109682595,71.43871030563635,739,60.0,60,28.585332281462286,0,FREE_FLOW,arterial,Left Bank
2025-09-17 22:11:17.877592,road_0004,51.15184880769501,71.45937053463895,602,45.0,45,38.347518241166654,0,FREE_FLOW,collector,City Center
2025-09-17 22:11:17.877592,road_0005,51.08107964105507,71.44847060630846,682,55.60214963885419,60,30.750931562627812,0,FREE_FLOW,arterial,Esil District
2025-09-17 22:11:17.877592,road_0006,51.14918612732707,71.49036788307733,215,45.0,45,22.94981483313562,0,FREE_FLOW,collector,Right Bank
2025-09-17 22:11:17.877592,road_0007,51.110489893076185,71.4237496928499,933,56.94952970059755,60,44.23307044554684,0,FREE_FLOW,arterial,Left Bank
2025-09-17 22:11:17.877592,road_0008,51.14432758813648,71.43845828951056,164,34.84170391250027,35,21.915229619181467,0,FREE_FLOW,local,City Center
2025-09-17 22:11:17.877592,road_0009,51.169925634959554,71.46668303287746,1108,59.80960469893824,60,45.39646881267451,0,FREE_FLOW,arterial,City Center
2025-09-17 22:11:17.877592,road_0010,51.12778115192114,71.4384708479152,746,60.0,60,34.89697311764412,0,FREE_FLOW,arterial,Left Bank
2025-09-17 22:11:17.877592,road_0011,51.137221625425056,71.41556243649795,1205,60.0,60,42.83682583429452,0,FREE_FLOW,arterial,Left Bank
2025-09-17 22:11:17.877592,road_0012,51.097795984364055,71.39600758045155,195,35.0,35,15.835071857992546,0,FREE_FLOW,local,Left Bank
2025-09-17 22:11:17.877592,road_0013,51.18178170167311,71.47812576762125,468,60.0,60,23.70758033448312,0,FREE_FLOW,arterial,Esil District
2025-09-17 22:11:17.877592,road_0014,51.163628086584104,71.43484741916329,151,42.96989815248739,45,15.071882548412976,0,FREE_FLOW,collector,Esil District
2025-09-17 22:11:17.877592,road_0015,51.1326469214106,71.47066027619965,407,60.0,60,15.324049582070776,0,FREE_FLOW,arterial,Esil District
2025-09-17 22:11:17.877592,road_0016,51.11465579817138,71.47066398517191,579,60.0,60,30.70904253206338,0,FREE_FLOW,arterial,Esil District
2025-09-17 22:11:17.877592,road_0017,51.1353912190157,71.39325572750592,775,54.37704518425982,60,31.699333468188883,0,FREE_FLOW,arterial,Left Bank
2025-09-17 22:11:17.877592,road_0018,51.163666040877104,71.37112832872046,980,57.15092119812002,60,40.44858748235842,0,FREE_FLOW,arterial,Left Bank
2025-09-17 22:11:17.877592,road_0019,51.18468086706726,71.4364182383345,861,45.0,45,55.37284988426128,0,FREE_FLOW,collector,City Center
2025-09-17 22:26:17.877592,road_0000,51.090206297253665,71.51261522969342,210,43.43042944847557,45,21.175228596774083,0,FREE_FLOW,collector,Esil District
2025-09-17 22:26:17.877592,road_0001,51.1287740471871,71.50587709332447,527,60.0,60,11.445501394470122,0,FREE_FLOW,arterial,Esil District
2025-09-17 22:26:17.877592,road_0002,51.151311066924016,71.4735630039515,102,32.457859745575284,35,21.777937239582123,0,FREE_FLOW,local,Esil District
2025-09-17 22:26:17.877592,road_0003,51.118122109682595,71.43871030563635,745,54.672428302138194,60,28.363103460602396,0,FREE_FLOW,arterial,Left Bank
2025-09-17 22:26:17.877592,road_0004,51.15184880769501,71.45937053463895,420,45.0,45,26.7729500049211,0,FREE_FLOW,collector,City Center
2025-09-17 22:26:17.877592,road_0005,51.08107964105507,71.44847060630846,616,60.0,60,25.380826294839487,0,FREE_FLOW,arterial,Esil District
2025-09-17 22:26:17.877592,road_0006,51.14918612732707,71.49036788307733,305,43.3205525973928,45,30.209012840896772,0,FREE_FLOW,collector,Right Bank
2025-09-17 22:26:17.877592,road_0007,51.110489893076185,71.4237496928499,1087,60.0,60,51.79615166701345,0,FREE_FLOW,arterial,Left Bank
2025-09-17 22:26:17.877592,road_0008,51.14432758813648,71.43845828951056,236,35.0,35,19.915160642479286,0,FREE_FLOW,local,City Center
2025-09-17 22:26:17.877592,road_0009,51.169925634959554,71.46668303287746,662,56.02120239874797,60,18.853212289490774,0,FREE_FLOW,arterial,City Center
2025-09-17 22:26:17.877592,road_0010,51.12778115192114,71.4384708479152,884,59.14216534142519,60,28.140044103981552,0,FREE_FLOW,arterial,Left Bank
2025-09-17 22:26:17.877592,road_0011,51.137221625425056,71.41556243649795,718,60.0,60,21.03116753361264,0,FREE_FLOW,arterial,Left Bank
2025-09-17 22:26:17.877592,road_0012,51.097795984364055,71.39600758045155,213,35.0,35,32.68462602618207,0,FREE_FLOW,local,Left Bank
2025-09-17 22:26:17.877592,road_0013,51.18178170167311,71.47812576762125,483,60.0,60,26.888317260899235,0,FREE_FLOW,arterial,Esil District
2025-09-17 22:26:17.877592,road_0014,51.163628086584104,71.43484741916329,317,45.0,45,22.97776131996214,0,FREE_FLOW,collector,Esil District
2025-09-17 22:26:17.877592,road_0015,51.1326469214106,71.47066027619965,310,60.0,60,18.9964252943457,0,FREE_FLOW,arterial,Esil District
2025-09-17 22:26:17.877592,road_0016,51.11465579817138,71.47066398517191,430,58.8102506019055,60,9.564448241449197,0,FREE_FLOW,arterial,Esil District
2025-09-17 22:26:17.877592,road_0017,51.1353912190157,71.39325572750592,928,60.0,60,30.83923015114835,0,FREE_FLOW,arterial,Left Bank
2025-09-17 22:26:17.877592,road_0018,51.163666040877104,71.37112832872046,549,60.0,60,31.352318778086758,0,FREE_FLOW,arterial,Left Bank
2025-09-17 22:26:17.877592,road_0019,51.18468086706726,71.4364182383345,800,45.0,45,45.649794978069224,0,FREE_FLOW,collector,City Center
2025-09-17 22:41:17.877592,road_0000,51.090206297253665,71.51261522969342,299,45.0,45,20.096167706637218,0,FREE_FLOW,collector,Esil District
2025-09-17 22:41:17.877592,road_0001,51.1287740471871,71.50587709332447,427,60.0,60,22.439399561236634,0,FREE_FLOW,arterial,Esil District
2025-09-17 22:41:17.877592,road_0002,51.151311066924016,71.4735630039515,154,35.0,35,19.87218992675055,0,FREE_FLOW,local,Esil District
2025-09-17 22:41:17.877592,road_0003,51.118122109682595,71.43871030563635,1153,60.0,60,54.60145977691366,0,FREE_FLOW,arterial,Left Bank
2025-09-17 22:41:17.877592,road_0004,51.15184880769501,71.45937053463895,670,45.0,45,53.19283220509058,0,FREE_FLOW,collector,City Center
2025-09-17 22:41:17.877592,road_0005,51.08107964105507,71.44847060630846,612,56.87142241956894,60,25.518727221209332,0,FREE_FLOW,arterial,Esil District
2025-09-17 22:41:17.877592,road_0006,51.14918612732707,71.49036788307733,365,45.0,45,27.488640998785336,0,FREE_FLOW,collector,Right Bank
2025-09-17 22:41:17.877592,road_0007,51.110489893076185,71.4237496928499,1189,60.0,60,48.081650368348065,0,FREE_FLOW,arterial,Left Bank
2025-09-17 22:41:17.877592,road_0008,51.14432758813648,71.43845828951056,331,34.65526858940162,35,40.80116549148242,0,FREE_FLOW,local,City Center
2025-09-17 22:41:17.877592,road_0009,51.169925634959554,71.46668303287746,886,56.25902128324966,60,33.70214795454288,0,FREE_FLOW,arterial,City Center
2025-09-17 22:41:17.877592,road_0010,51.12778115192114,71.4384708479152,629,60.0,60,26.67571725548823,0,FREE_FLOW,arterial,Left Bank
2025-09-17 22:41:17.877592,road_0011,51.137221625425056,71.41556243649795,938,56.258556255723406,60,29.26142411154616,0,FREE_FLOW,arterial,Left Bank
2025-09-17 22:41:17.877592,road_0012,51.097795984364055,71.39600758045155,242,33.079644839450836,35,31.12946222569935,0,FREE_FLOW,local,Left Bank
2025-09-17 22:41:17.877592,road_0013,51.18178170167311,71.47812576762125,555,60.0,60,17.111012518889822,0,FREE_FLOW,arterial,Esil District
2025-09-17 22:41:17.877592,road_0014,51.163628086584104,71.43484741916329,191,45.0,45,14.141523161406164,0,FREE_FLOW,collector,Esil District
2025-09-17 22:41:17.877592,road_0015,51.1326469214106,71.47066027619965,471,57.37757183974752,60,17.7154267818449,0,FREE_FLOW,arterial,Esil District
2025-09-17 22:41:17.877592,road_0016,51.11465579817138,71.47066398517191,313,57.615433237263154,60,17.097396089766825,0,FREE_FLOW,arterial,Esil District
2025-09-17 22:41:17.877592,road_0017,51.1353912190157,71.39325572750592,792,55.29533112986578,60,39.48473243591542,0,FREE_FLOW,arterial,Left Bank
2025-09-17 22:41:17.877592,road_0018,51.163666040877104,71.37112832872046,453,60.0,60,19.782556469057386,0,FREE_FLOW,arterial,Left Bank
2025-09-17 22:41:17.877592,road_0019,51.18468086706726,71.4364182383345,327,42.43483661424804,45,21.783978936826635,0,FREE_FLOW,collector,City Center
2025-09-17 22:56:17.877592,road_0000,51.090206297253665,71.51261522969342,295,45.0,45,19.414355500107522,0,FREE_FLOW,collector,Esil District
2025-09-17 22:56:17.877592,road_0001,51.1287740471871,71.50587709332447,361,56.28037327067371,60,21.02770300284749,0,FREE_FLOW,arterial,Esil District
2025-09-17 22:56:17.877592,road_0002,51.151311066924016,71.4735630039515,198,34.4965915478715,35,20.734640086021212,0,FREE_FLOW,local,Esil District
2025-09-17 22:56:17.877592,road_0003,51.118122109682595,71.43871030563635,745,60.0,60,35.72601326830264,0,FREE_FLOW,arterial,Left Bank
2025-09-17 22:56:17.877592,road_0004,51.15184880769501,71.45937053463895,956,42.50112208498913,45,65.7610147471046,0,FREE_FLOW,collector,City Center
2025-09-17 22:56:17.877592,road_0005,51.08107964105507,71.44847060630846,373,59.34705524991992,60,19.81650151059826,0,FREE_FLOW,arterial,Esil District
2025-09-17 22:56:17.877592,road_0006,51.14918612732707,71.49036788307733,153,45.0,45,7.949329276435132,0,FREE_FLOW,collector,Right Bank
2025-09-17 22:56:17.877592,road_0007,51.110489893076185,71.4237496928499,836,60.0,60,33.04588517582711,0,FREE_FLOW,arterial,Left Bank
2025-09-17 22:56:17.877592,road_0008,51.14432758813648,71.43845828951056,199,34.87279894874458,35,26.8036790925132,0,FREE_FLOW,local,City Center
2025-09-17 22:56:17.877592,road_0009,51.169925634959554,71.46668303287746,537,60.0,60,13.602511709819911,0,FREE_FLOW,arterial,City Center
2025-09-17 22:56:17.877592,road_0010,51.12778115192114,71.4384708479152,780,57.514274672741955,60,37.31204437540477,0,FREE_FLOW,arterial,Left Bank
2025-09-17 22:56:17.877592,road_0011,51.137221625425056,71.41556243649795,1188,60.0,60,49.88581597509577,0,FREE_FLOW,arterial,Left Bank
2025-09-17 22:56:17.877592,road_0012,51.097795984364055,71.39600758045155,305,31.775774365806395,35,36.70028582229367,0,FREE_FLOW,local,Left Bank
2025-09-17 22:56:17.877592,road_0013,51.18178170167311,71.47812576762125,234,58.651666591869315,60,6.033217812673852,0,FREE_FLOW,arterial,Esil District
2025-09-17 22:56:17.877592,road_0014,51.163628086584104,71.43484741916329,194,45.0,45,20.072621628858112,0,FREE_FLOW,collector,Esil District
2025-09-17 22:56:17.877592,road_0015,51.1326469214106,71.47066027619965,472,59.00824697440799,60,25.99102246871745,0,FREE_FLOW,arterial,Esil District
2025-09-17 22:56:17.877592,road_0016,51.11465579817138,71.47066398517191,427,59.95939243658635,60,17.393531021541463,0,FREE_FLOW,arterial,Esil District
2025-09-17 22:56:17.877592,road_0017,51.1353912190157,71.39325572750592,492,60.0,60,26.522137249670234,0,FREE_FLOW,arterial,Left Bank
2025-09-17 22:56:17.877592,road_0018,51.163666040877104,71.37112832872046,608,60.0,60,25.42994560339263,0,FREE_FLOW,arterial,Left Bank
2025-09-17 22:56:17.877592,road_0019,51.18468086706726,71.4364182383345,497,43.625970483599055,45,24.818620656450356,0,FREE_FLOW,collector,City Center
2025-09-17 23:11:17.877592,road_0000,51.090206297253665,71.51261522969342,209,45.0,45,20.48683722895877,0,FREE_FLOW,collector,Esil District
2025-09-17 23:11:17.877592,road_0001,51.1287740471871,71.50587709332447,353,57.43426032212211,60,6.930942559910857,0,FREE_FLOW,arterial,Esil District
2025-09-17 23:11:17.877592,road_0002,51.151311066924016,71.4735630039515,117,35.0,35,21.355617815218068,0,FREE_FLOW,local,Esil District
2025-09-17 23:11:17.877592,road_0003,51.118122109682595,71.43871030563635,941,57.00932863838738,60,33.7653577400923,0,FREE_FLOW,arterial,Left Bank
2025-09-17 23:11:17.877592,road_0004,51.15184880769501,71.45937053463895,460,45.0,45,22.520962882872062,0,FREE_FLOW,collector,City Center
2025-09-17 23:11:17.877592,road_0005,51.08107964105507,71.44847060630846,358,60.0,60,20.157826475914586,0,FREE_FLOW,arterial,Esil District
2025-09-17 23:11:17.877592,road_0006,51.14918612732707,71.49036788307733,200,45.0,45,6.825130358277062,0,FREE_FLOW,collector,Right Bank
2025-09-17 23:11:17.877592,road_0007,51.110489893076185,71.4237496928499,855,55.37565277784376,60,35.85372293109166,0,FREE_FLOW,arterial,Left Bank
2025-09-17 23:11:17.877592,road_0008,51.14432758813648,71.43845828951056,169,33.788604843877195,35,14.800693302158024,0,FREE_FLOW,local,City Center
2025-09-17 23:11:17.877592,road_0009,51.169925634959554,71.46668303287746,594,58.866533916978725,60,18.73638054039864,0,FREE_FLOW,arterial,City Center
2025-09-17 23:11:17.877592,road_0010,51.12778115192114,71.4384708479152,422,60.0,60,21.440245155923947,0,FREE_FLOW,arterial,Left Bank
2025-09-17 23:11:17.877592,road_0011,51.137221625425056,71.41556243649795,535,60.0,60,19.111071288026274,0,FREE_FLOW,arterial,Left Bank
2025-09-17 23:11:17.877592,road_0012,51.097795984364055,71.39600758045155,288,32.37634642189686,35,42.10233702632355,0,FREE_FLOW,local,Left Bank
2025-09-17 23:11:17.877592,road_0013,51.18178170167311,71.47812576762125,232,57.45391698681669,60,7.036685391421886,0,FREE_FLOW,arterial,Esil District
2025-09-17 23:11:17.877592,road_0014,51.163628086584104,71.43484741916329,270,43.33715022910337,45,25.24979243796602,0,FREE_FLOW,collector,Esil District
2025-09-17 23:11:17.877592,road_0015,51.1326469214106,71.47066027619965,355,60.0,60,5.193229829194376,0,FREE_FLOW,arterial,Esil District
2025-09-17 23:11:17.877592,road_0016,51.11465579817138,71.47066398517191,184,58.04694725794742,60,10.81511972493848,0,FREE_FLOW,arterial,Esil District
2025-09-17 23:11:17.877592,road_0017,51.1353912190157,71.39325572750592,400,59.698761637201805,60,15.151506645008636,0,FREE_FLOW,arterial,Left Bank
2025-09-17 23:11:17.877592,road_0018,51.163666040877104,71.37112832872046,855,60.0,60,33.33635609112271,0,FREE_FLOW,arterial,Left Bank
2025-09-17 23:11:17.877592,road_0019,51.18468086706726,71.4364182383345,260,43.896002815847886,45,23.892862603378365,0,FREE_FLOW,collector,City Center
2025-09-17 23:26:17.877592,road_0000,51.090206297253665,71.51261522969342,280,44.11272954906543,45,24.50537912594195,0,FREE_FLOW,collector,Esil District
2025-09-17 23:26:17.877592,road_0001,51.1287740471871,71.50587709332447,293,60.0,60,16.101512410216237,0,FREE_FLOW,arterial,Esil District
2025-09-17 23:26:17.877592,road_0002,51.151311066924016,71.4735630039515,133,34.24890589349205,35,8.636254641668888,0,FREE_FLOW,local,Esil District
2025-09-17 23:26:17.877592,road_0003,51.118122109682595,71.43871030563635,783,60.0,60,28.24393773360655,0,FREE_FLOW,arterial,Left Bank
2025-09-17 23:26:17.877592,road_0004,51.15184880769501,71.45937053463895,402,42.54929400700989,45,34.496158940613014,0,FREE_FLOW,collector,City Center
2025-09-17 23:26:17.877592,road_0005,51.08107964105507,71.44847060630846,360,60.0,60,21.771140564989214,0,FREE_FLOW,arterial,Esil District
2025-09-17 23:26:17.877592,road_0006,51.14918612732707,71.49036788307733,229,45.0,45,15.610855220537255,0,FREE_FLOW,collector,Right Bank
2025-09-17 23:26:17.877592,road_0007,51.110489893076185,71.4237496928499,662,57.14036131517816,60,20.509278421070654,0,FREE_FLOW,arterial,Left Bank
2025-09-17 23:26:17.877592,road_0008,51.14432758813648,71.43845828951056,139,32.28868314422894,35,15.7577234888411,0,FREE_FLOW,local,City Center
2025-09-17 23:26:17.877592,road_0009,51.169925634959554,71.46668303287746,530,54.74996827152998,60,14.491985473991495,0,FREE_FLOW,arterial,City Center
2025-09-17 23:26:17.877592,road_0010,51.12778115192114,71.4384708479152,458,55.21907500168008,60,18.626103759887535,0,FREE_FLOW,arterial,Left Bank
2025-09-17 23:26:17.877592,road_0011,51.137221625425056,71.41556243649795,883,60.0,60,40.18870347912389,0,FREE_FLOW,arterial,Left Bank
2025-09-17 23:26:17.877592,road_0012,51.097795984364055,71.39600758045155,283,34.17834723420782,35,25.5860224490038,0,FREE_FLOW,local,Left Bank
2025-09-17 23:26:17.877592,road_0013,51.18178170167311,71.47812576762125,408,60.0,60,7.024303470510471,0,FREE_FLOW,arterial,Esil District
2025-09-17 23:26:17.877592,road_0014,51.163628086584104,71.43484741916329,218,42.22477329343419,45,15.280143270196959,0,FREE_FLOW,collector,Esil District
2025-09-17 23:26:17.877592,road_0015,51.1326469214106,71.47066027619965,359,60.0,60,10.684302451266603,0,FREE_FLOW,arterial,Esil District
2025-09-17 23:26:17.877592,road_0016,51.11465579817138,71.47066398517191,344,57.57298640893609,60,11.807461014449354,0,FREE_FLOW,arterial,Esil District
2025-09-17 23:26:17.877592,road_0017,51.1353912190157,71.39325572750592,594,56.481443265774345,60,21.21999671133726,0,FREE_FLOW,arterial,Left Bank
2025-09-17 23:26:17.877592,road_0018,51.163666040877104,71.37112832872046,858,59.27995777678724,60,44.23021936031733,0,FREE_FLOW,arterial,Left Bank
2025-09-17 23:26:17.877592,road_0019,51.18468086706726,71.4364182383345,337,42.33787124381343,45,29.412054865921142,0,FREE_FLOW,collector,City Center
2025-09-17 23:41:17.877592,road_0000,51.090206297253665,71.51261522969342,261,45.0,45,27.116073189006098,0,FREE_FLOW,collector,Esil District
2025-09-17 23:41:17.877592,road_0001,51.1287740471871,71.50587709332447,391,58.58033727467825,60,5.815544238958591,0,FREE_FLOW,arterial,Esil District
2025-09-17 23:41:17.877592,road_0002,51.151311066924016,71.4735630039515,70,34.32091740460408,35,8.857305130118593,0,FREE_FLOW,local,Esil District
2025-09-17 23:41:17.877592,road_0003,51.118122109682595,71.43871030563635,728,60.0,60,21.534932717933604,0,FREE_FLOW,arterial,Left Bank
2025-09-17 23:41:17.877592,road_0004,51.15184880769501,71.45937053463895,311,45.0,45,20.495684202008032,0,FREE_FLOW,collector,City Center
2025-09-17 23:41:17.877592,road_0005,51.08107964105507,71.44847060630846,203,56.581498490538074,60,10.690043404724078,0,FREE_FLOW,arterial,Esil District
2025-09-17 23:41:17.877592,road_0006,51.14918612732707,71.49036788307733,322,40.77907035273878,45,31.41702929012017,0,FREE_FLOW,collector,Right Bank
2025-09-17 23:41:17.877592,road_0007,51.110489893076185,71.4237496928499,434,56.89933418440902,60,15.342522008899321,0,FREE_FLOW,arterial,Left Bank
2025-09-17 23:41:17.877592,road_0008,51.14432758813648,71.43845828951056,205,31.808374951766982,35,33.995432055410355,0,FREE_FLOW,local,City Center
2025-09-17 23:41:17.877592,road_0009,51.169925634959554,71.46668303287746,609,60.0,60,19.140290693318867,0,FREE_FLOW,arterial,City Center
2025-09-17 23:41:17.877592,road_0010,51.12778115192114,71.4384708479152,795,60.0,60,36.61738536770436,0,FREE_FLOW,arterial,Left Bank
2025-09-17 23:41:17.877592,road_0011,51.137221625425056,71.41556243649795,641,59.83193914327611,60,27.501123799347155,0,FREE_FLOW,arterial,Left Bank
2025-09-17 23:41:17.877592,road_0012,51.097795984364055,71.39600758045155,118,35.0,35,10.58386901443172,0,FREE_FLOW,local,Left Bank
2025-09-17 23:41:17.877592,road_0013,51.18178170167311,71.47812576762125,228,60.0,60,6.507082601788647,0,FREE_FLOW,arterial,Esil District
2025-09-17 23:41:17.877592,road_0014,51.163628086584104,71.43484741916329,152,45.0,45,17.444757735228624,0,FREE_FLOW,collector,Esil District
2025-09-17 23:41:17.877592,road_0015,51.1326469214106,71.47066027619965,308,60.0,60,9.098895506968974,0,FREE_FLOW,arterial,Esil District
2025-09-17 23:41:17.877592,road_0016,51.11465579817138,71.47066398517191,185,57.07669960216874,60,9.105936566686225,0,FREE_FLOW,arterial,Esil District
2025-09-17 23:41:17.877592,road_0017,51.1353912190157,71.39325572750592,735,60.0,60,35.34788715815557,0,FREE_FLOW,arterial,Left Bank
2025-09-17 23:41:17.877592,road_0018,51.163666040877104,71.37112832872046,702,60.0,60,28.369792046240775,0,FREE_FLOW,arterial,Left Bank
2025-09-17 23:41:17.877592,road_0019,51.18468086706726,71.4364182383345,407,45.0,45,27.856441058388054,0,FREE_FLOW,collector,City Center
2025-09-17 23:56:17.877592,road_0000,51.090206297253665,71.51261522969342,220,44.776064585363414,45,10.565583147513507,0,FREE_FLOW,collector,Esil District
2025-09-17 23:56:17.877592,road_0001,51.1287740471871,71.50587709332447,437,60.0,60,24.752821048343122,0,FREE_FLOW,arterial,Esil District
2025-09-17 23:56:17.877592,road_0002,51.151311066924016,71.4735630039515,83,35.0,35,0.9833176161593595,0,FREE_FLOW,local,Esil District
2025-09-17 23:56:17.877592,road_0003,51.118122109682595,71.43871030563635,736,54.68484283552383,60,22.608960743798118,0,FREE_FLOW,arterial,Left Bank
2025-09-17 23:56:17.877592,road_0004,51.15184880769501,71.45937053463895,532,44.9181425596456,45,33.5006045218622,0,FREE_FLOW,collector,City Center
2025-09-17 23:56:17.877592,road_0005,51.08107964105507,71.44847060630846,457,56.09866907886673,60,20.581292597156224,0,FREE_FLOW,arterial,Esil District
2025-09-17 23:56:17.877592,road_0006,51.14918612732707,71.49036788307733,272,42.30579555722601,45,27.598550993943167,0,FREE_FLOW,collector,Right Bank
2025-09-17 23:56:17.877592,road_0007,51.110489893076185,71.4237496928499,284,60.0,60,8.877049303639586,0,FREE_FLOW,arterial,Left Bank
2025-09-17 23:56:17.877592,road_0008,51.14432758813648,71.43845828951056,128,31.864239588489585,35,12.584612306827891,0,FREE_FLOW,local,City Center
2025-09-17 23:56:17.877592,road_0009,51.169925634959554,71.46668303287746,639,60.0,60,22.59769668694013,0,FREE_FLOW,arterial,City Center
2025-09-17 23:56:17.877592,road_0010,51.12778115192114,71.4384708479152,536,60.0,60,30.668290808472783,0,FREE_FLOW,arterial,Left Bank
2025-09-17 23:56:17.877592,road_0011,51.137221625425056,71.41556243649795,638,54.1988936585169,60,16.46116758920038,0,FREE_FLOW,arterial,Left Bank
2025-09-17 23:56:17.877592,road_0012,51.097795984364055,71.39600758045155,137,34.694941721383955,35,25.841522668056456,0,FREE_FLOW,local,Left Bank
2025-09-17 23:56:17.877592,road_0013,51.18178170167311,71.47812576762125,273,60.0,60,3.1586915626957843,0,FREE_FLOW,arterial,Esil District
2025-09-17 23:56:17.877592,road_0014,51.163628086584104,71.43484741916329,234,42.75406313974577,45,25.33375223234048,0,FREE_FLOW,collector,Esil District
2025-09-17 23:56:17.877592,road_0015,51.1326469214106,71.47066027619965,387,59.8437210525807,60,21.183797688456828,0,FREE_FLOW,arterial,Esil District
2025-09-17 23:56:17.877592,road_0016,51.11465579817138,71.47066398517191,381,54.60167059317012,60,23.859972394251677,0,FREE_FLOW,arterial,Esil District
2025-09-17 23:56:17.877592,road_0017,51.1353912190157,71.39325572750592,746,59.59610513667805,60,25.094418871226054,0,FREE_FLOW,arterial,Left Bank
2025-09-17 23:56:17.877592,road_0018,51.163666040877104,71.37112832872046,613,60.0,60,30.992911895061816,0,FREE_FLOW,arterial,Left Bank
2025-09-17 23:56:17.877592,road_0019,51.18468086706726,71.4364182383345,542,44.41440099697141,45,33.97867416380427,0,FREE_FLOW,collector,City Center
2025-09-18 00:11:17.877592,road_0000,51.090206297253665,71.51261522969342,150,41.16839395406533,45,1.2780188409674764,0,FREE_FLOW,collector,Esil District
2025-09-18 00:11:17.877592,road_0001,51.1287740471871,71.50587709332447,164,60.0,60,6.004528515124088,0,FREE_FLOW,arterial,Esil District
2025-09-18 00:11:17.877592,road_0002,51.151311066924016,71.4735630039515,57,35.0,35,4.0688433512442375,0,FREE_FLOW,local,Esil District
2025-09-18 00:11:17.877592,road_0003,51.118122109682595,71.43871030563635,539,60.0,60,25.154095571536683,0,FREE_FLOW,arterial,Left Bank
2025-09-18 00:11:17.877592,road_0004,51.15184880769501,71.45937053463895,384,40.69015670245202,45,31.364018597334123,0,FREE_FLOW,collector,City Center
2025-09-18 00:11:17.877592,road_0005,51.08107964105507,71.44847060630846,243,56.556948176530106,60,14.6939695687831,0,FREE_FLOW,arterial,Esil District
2025-09-18 00:11:17.877592,road_0006,51.14918612732707,71.49036788307733,260,45.0,45,12.06763945023073,0,FREE_FLOW,collector,Right Bank
2025-09-18 00:11:17.877592,road_0007,51.110489893076185,71.4237496928499,214,54.692452486260066,60,1.1444760020549865,0,FREE_FLOW,arterial,Left Bank
2025-09-18 00:11:17.877592,road_0008,51.14432758813648,71.43845828951056,171,32.216206751248095,35,16.808283827273108,0,FREE_FLOW,local,City Center
2025-09-18 00:11:17.877592,road_0009,51.169925634959554,71.46668303287746,336,55.59720071642829,60,16.80006501486028,0,FREE_FLOW,arterial,City Center
2025-09-18 00:11:17.877592,road_0010,51.12778115192114,71.4384708479152,613,60.0,60,14.793233709412188,0,FREE_FLOW,arterial,Left Bank
2025-09-18 00:11:17.877592,road_0011,51.137221625425056,71.41556243649795,211,58.029680160924144,60,0.0,0,FREE_FLOW,arterial,Left Bank
2025-09-18 00:11:17.877592,road_0012,51.097795984364055,71.39600758045155,149,35.0,35,15.384631009396722,0,FREE_FLOW,local,Left Bank
2025-09-18 00:11:17.877592,road_0013,51.18178170167311,71.47812576762125,173,55.722345405349266,60,1.6399321181847508,0,FREE_FLOW,arterial,Esil District
2025-09-18 00:11:17.877592,road_0014,51.163628086584104,71.43484741916329,82,45.0,45,5.723924254206489,0,FREE_FLOW,collector,Esil District
2025-09-18 00:11:17.877592,road_0015,51.1326469214106,71.47066027619965,147,60.0,60,8.966929193057151,0,FREE_FLOW,arterial,Esil District
2025-09-18 00:11:17.877592,road_0016,51.11465579817138,71.47066398517191,165,60.0,60,15.11654748887035,0,FREE_FLOW,arterial,Esil District
2025-09-18 00:11:17.877592,road_0017,51.1353912190157,71.39325572750592,316,60.0,60,7.889700158011822,0,FREE_FLOW,arterial,Left Bank
2025-09-18 00:11:17.877592,road_0018,51.163666040877104,71.37112832872046,420,60.0,60,18.79194520088108,0,FREE_FLOW,arterial,Left Bank
2025-09-18 00:11:17.877592,road_0019,51.18468086706726,71.4364182383345,323,43.392912721786054,45,28.282325235002567,0,FREE_FLOW,collector,City Center
2025-09-18 00:26:17.877592,road_0000,51.090206297253665,71.51261522969342,154,42.9002336339857,45,3.7271440616899545,0,FREE_FLOW,collector,Esil District
2025-09-18 00:26:17.877592,road_0001,51.1287740471871,71.50587709332447,128,60.0,60,0.0,0,FREE_FLOW,arterial,Esil District
2025-09-18 00:26:17.877592,road_0002,51.151311066924016,71.4735630039515,51,35.0,35,0.0,0,FREE_FLOW,local,Esil District
2025-09-18 00:26:17.877592,road_0003,51.118122109682595,71.43871030563635,394,60.0,60,21.037130004004283,0,FREE_FLOW,arterial,Left Bank
2025-09-18 00:26:17.877592,road_0004,51.15184880769501,71.45937053463895,375,45.0,45,27.82049715270709,0,FREE_FLOW,collector,City Center
2025-09-18 00:26:17.877592,road_0005,51.08107964105507,71.44847060630846,161,58.570533234293066,60,13.438929918903769,0,FREE_FLOW,arterial,Esil District
2025-09-18 00:26:17.877592,road_0006,51.14918612732707,71.49036788307733,132,45.0,45,8.641840207001959,0,FREE_FLOW,collector,Right Bank
2025-09-18 00:26:17.877592,road_0007,51.110489893076185,71.4237496928499,315,60.0,60,16.34379992937353,0,FREE_FLOW,arterial,Left Bank
2025-09-18 00:26:17.877592,road_0008,51.14432758813648,71.43845828951056,135,35.0,35,25.631515999701342,0,FREE_FLOW,local,City Center
2025-09-18 00:26:17.877592,road_0009,51.169925634959554,71.46668303287746,267,56.63997544381277,60,10.35099701580738,0,FREE_FLOW,arterial,City Center
2025-09-18 00:26:17.877592,road_0010,51.12778115192114,71.4384708479152,368,60.0,60,6.511320486326213,0,FREE_FLOW,arterial,Left Bank
2025-09-18 00:26:17.877592,road_0011,51.137221625425056,71.41556243649795,360,54.0852144694946,60,18.848227689270892,0,FREE_FLOW,arterial,Left Bank
2025-09-18 00:26:17.877592,road_0012,51.097795984364055,71.39600758045155,113,35.0,35,21.449540611573532,0,FREE_FLOW,local,Left Bank
2025-09-18 00:26:17.877592,road_0013,51.18178170167311,71.47812576762125,199,60.0,60,4.025658788090543,0,FREE_FLOW,arterial,Esil District
2025-09-18 00:26:17.877592,road_0014,51.163628086584104,71.43484741916329,104,41.323244428890916,45,5.5779545234234975,0,FREE_FLOW,collector,Esil District
2025-09-18 00:26:17.877592,road_0015,51.1326469214106,71.47066027619965,216,56.19390460496656,60,11.529701230411879,0,FREE_FLOW,arterial,Esil District
2025-09-18 00:26:17.877592,road_0016,51.11465579817138,71.47066398517191,175,60.0,60,16.858869315658144,0,FREE_FLOW,arterial,Esil District
2025-09-18 00:26:17.877592,road_0017,51.1353912190157,71.39325572750592,269,59.32901446560924,60,18.084657405353404,0,FREE_FLOW,arterial,Left Bank
2025-09-18 00:26:17.877592,road_0018,51.163666040877104,71.37112832872046,316,60.0,60,18.96184705828523,0,FREE_FLOW,arterial,Left Bank
2025-09-18 00:26:17.877592,road_0019,51.18468086706726,71.4364182383345,464,41.38290290242084,45,21.984821289553395,0,FREE_FLOW,collector,City Center
2025-09-18 00:41:17.877592,road_0000,51.090206297253665,71.51261522969342,142,44.07057300969467,45,8.625930956457376,0,FREE_FLOW,collector,Esil District
2025-09-18 00:41:17.877592,road_0001,51.1287740471871,71.50587709332447,211,57.12807046850328,60,0.0,0,FREE_FLOW,arterial,Esil District
2025-09-18 00:41:17.877592,road_0002,51.151311066924016,71.4735630039515,77,35.0,35,3.1081338479079266,0,FREE_FLOW,local,Esil District
2025-09-18 00:41:17.877592,road_0003,51.118122109682595,71.43871030563635,482,59.37891091846092,60,9.821622673401022,0,FREE_FLOW,arterial,Left Bank
2025-09-18 00:41:17.877592,road_0004,51.15184880769501,71.45937053463895,283,45.0,45,11.358934380233215,0,FREE_FLOW,collector,City Center
2025-09-18 00:41:17.877592,road_0005,51.08107964105507,71.44847060630846,127,57.57540166054275,60,6.159589744401613,0,FREE_FLOW,arterial,Esil District
2025-09-18 00:41:17.877592,road_0006,51.14918612732707,71.49036788307733,136,45.0,45,5.149143656027389,0,FREE_FLOW,collector,Right Bank
2025-09-18 00:41:17.877592,road_0007,51.110489893076185,71.4237496928499,392,59.258415113796254,60,18.248139152819796,0,FREE_FLOW,arterial,Left Bank
2025-09-18 00:41:17.877592,road_0008,51.14432758813648,71.43845828951056,91,33.358065468299344,35,16.670524842501784,0,FREE_FLOW,local,City Center
2025-09-18 00:41:17.877592,road_0009,51.169925634959554,71.46668303287746,570,55.000925450096524,60,29.27492775901601,0,FREE_FLOW,arterial,City Center
2025-09-18 00:41:17.877592,road_0010,51.12778115192114,71.4384708479152,549,57.16141907614127,60,17.890751792405236,0,FREE_FLOW,arterial,Left Bank
2025-09-18 00:41:17.877592,road_0011,51.137221625425056,71.41556243649795,464,55.22876944712633,60,12.96654786875165,0,FREE_FLOW,arterial,Left Bank
2025-09-18 00:41:17.877592,road_0012,51.097795984364055,71.39600758045155,141,35.0,35,18.108925421266147,0,FREE_FLOW,local,Left Bank
2025-09-18 00:41:17.877592,road_0013,51.18178170167311,71.47812576762125,201,55.5486861733946,60,6.753441322445806,0,FREE_FLOW,arterial,Esil District
2025-09-18 00:41:17.877592,road_0014,51.163628086584104,71.43484741916329,170,45.0,45,7.648201383014074,0,FREE_FLOW,collector,Esil District
2025-09-18 00:41:17.877592,road_0015,51.1326469214106,71.47066027619965,160,55.60227087023272,60,14.388250443346505,0,FREE_FLOW,arterial,Esil District
2025-09-18 00:41:17.877592,road_0016,51.11465579817138,71.47066398517191,222,59.44655917754177,60,18.269817988123563,0,FREE_FLOW,arterial,Esil District
2025-09-18 00:41:17.877592,road_0017,51.1353912190157,71.39325572750592,427,60.0,60,25.726962832674218,0,FREE_FLOW,arterial,Left Bank
2025-09-18 00:41:17.877592,road_0018,51.163666040877104,71.37112832872046,281,60.0,60,10.520008563928526,0,FREE_FLOW,arterial,Left Bank
2025-09-18 00:41:17.877592,road_0019,51.18468086706726,71.4364182383345,344,41.15756346707035,45,32.89733148664568,0,FREE_FLOW,collector,City Center
2025-09-18 00:56:17.877592,road_0000,51.090206297253665,71.51261522969342,95,40.69471184146467,45,3.2889813943110777,0,FREE_FLOW,collector,Esil District
2025-09-18 00:56:17.877592,road_0001,51.1287740471871,71.50587709332447,148,60.0,60,13.506489267251213,0,FREE_FLOW,arterial,Esil District
2025-09-18 00:56:17.877592,road_0002,51.151311066924016,71.4735630039515,65,35.0,35,13.482527272674227,0,FREE_FLOW,local,Esil District
2025-09-18 00:56:17.877592,road_0003,51.118122109682595,71.43871030563635,394,54.765795039789644,60,7.700364364741789,0,FREE_FLOW,arterial,Left Bank
2025-09-18 00:56:17.877592,road_0004,51.15184880769501,71.45937053463895,363,44.649628162698995,45,31.366608635618494,0,FREE_FLOW,collector,City Center
2025-09-18 00:56:17.877592,road_0005,51.08107964105507,71.44847060630846,326,58.77297510101845,60,8.543402249761359,0,FREE_FLOW,arterial,Esil District
2025-09-18 00:56:17.877592,road_0006,51.14918612732707,71.49036788307733,214,45.0,45,22.54419247310259,0,FREE_FLOW,collector,Right Bank
2025-09-18 00:56:17.877592,road_0007,51.110489893076185,71.4237496928499,533,60.0,60,26.310911284421707,0,FREE_FLOW,arterial,Left Bank
2025-09-18 00:56:17.877592,road_0008,51.14432758813648,71.43845828951056,107,35.0,35,10.236034650393012,0,FREE_FLOW,local,City Center
2025-09-18 00:56:17.877592,road_0009,51.169925634959554,71.46668303287746,254,60.0,60,2.953847452058773,0,FREE_FLOW,arterial,City Center
2025-09-18 00:56:17.877592,road_0010,51.12778115192114,71.4384708479152,703,60.0,60,27.99958298280376,0,FREE_FLOW,arterial,Left Bank
2025-09-18 00:56:17.877592,road_0011,51.137221625425056,71.41556243649795,501,55.63326663866214,60,21.495210659101737,0,FREE_FLOW,arterial,Left Bank
2025-09-18 00:56:17.877592,road_0012,51.097795984364055,71.39600758045155,173,35.0,35,20.54798512914339,0,FREE_FLOW,local,Left Bank
2025-09-18 00:56:17.877592,road_0013,51.18178170167311,71.47812576762125,168,54.29964288902974,60,9.340987865404411,0,FREE_FLOW,arterial,Esil District
2025-09-18 00:56:17.877592,road_0014,51.163628086584104,71.43484741916329,159,45.0,45,12.715074610418688,0,FREE_FLOW,collector,Esil District
2025-09-18 00:56:17.877592,road_0015,51.1326469214106,71.47066027619965,232,60.0,60,12.95576401779749,0,FREE_FLOW,arterial,Esil District
2025-09-18 00:56:17.877592,road_0016,51.11465579817138,71.47066398517191,304,58.81184681978358,60,5.948868663348055,0,FREE_FLOW,arterial,Esil District
2025-09-18 00:56:17.877592,road_0017,51.1353912190157,71.39325572750592,556,60.0,60,14.737401538118451,0,FREE_FLOW,arterial,Left Bank
2025-09-18 00:56:17.877592,road_0018,51.163666040877104,71.37112832872046,234,60.0,60,19.326375131419134,0,FREE_FLOW,arterial,Left Bank
2025-09-18 00:56:17.877592,road_0019,51.18468086706726,71.4364182383345,285,44.45796066092144,45,28.331178371102865,0,FREE_FLOW,collector,City Center
