timestamp,road_id,latitude,longitude,traffic_volume,average_speed,free_flow_speed,occupancy_rate,congestion_level,congestion_name,road_type
2025-09-17 12:27:22.055745,road_0000,40.66847506300489,-73.73807969374211,740,56.02052438140969,60,24.01605259571278,0,FREE_FLOW,arterial
2025-09-17 12:27:22.055745,road_0001,40.7198987295828,-73.74706387556736,2288,80.0,80,61.68634939353322,0,FREE_FLOW,highway
2025-09-17 12:27:22.055745,road_0002,40.74994808923203,-73.79014932806467,640,45.0,45,39.75139147556216,0,FREE_FLOW,collector
2025-09-17 12:27:22.055745,road_0003,40.74309158226195,-73.96661727077273,1765,60.0,60,68.3415752067126,0,FREE_FLOW,arterial
2025-09-17 12:27:22.055745,road_0004,40.74719920513,-73.97825297690737,977,45.0,45,63.50494576581203,0,FREE_FLOW,collector
2025-09-17 12:27:22.055745,road_0005,40.65630618807343,-73.82360585825539,2028,80.0,80,44.49389696349355,0,FREE_FLOW,highway
2025-09-17 12:27:22.055745,road_0006,40.75804890186165,-73.93570569353813,785,41.81918399107644,45,54.91930945354805,0,FREE_FLOW,collector
2025-09-17 12:27:22.055745,road_0007,40.73736741980714,-73.97783773036258,1018,56.955327877516055,60,38.148171353002816,0,FREE_FLOW,arterial
2025-09-17 12:27:22.055745,road_0008,40.74218505875765,-73.99219447365964,800,28.299708213609772,35,95.32038556010761,0,FREE_FLOW,local
2025-09-17 12:27:22.055745,road_0009,40.75925042330636,-73.9733779780817,1874,59.025112130446814,60,69.82955936809735,0,FREE_FLOW,arterial
2025-09-17 12:27:22.055745,road_0010,40.750335863940855,-73.9667968640636,2500,51.05106492029713,60,100.0,0,FREE_FLOW,arterial
2025-09-17 12:27:22.055745,road_0011,40.757416219068794,-73.98397817262654,2489,53.95287306002366,60,91.60299059315076,0,FREE_FLOW,arterial
2025-09-17 12:27:22.055745,road_0012,40.72784698827304,-73.99864431466133,800,29.091803476124365,35,91.52833718876103,0,FREE_FLOW,local
2025-09-17 12:27:22.055745,road_0013,40.79057560223081,-73.78406564317166,2206,80.0,80,60.773408475738385,0,FREE_FLOW,highway
2025-09-17 12:27:22.055745,road_0014,40.76637078211215,-73.84177010778228,1045,56.46500773586806,60,40.80248864839519,0,FREE_FLOW,arterial
2025-09-17 12:27:22.055745,road_0015,40.725062561880804,-73.7940196317338,2335,72.42951676609509,80,66.024188809122,0,FREE_FLOW,highway
2025-09-17 12:27:22.055745,road_0016,40.70107439756184,-73.79401468643744,2483,71.02645223746201,80,53.03161640788211,0,FREE_FLOW,highway
2025-09-17 12:27:22.055745,road_0017,40.75604341426178,-74.00070820437055,2500,48.056009049942325,60,100.0,0,FREE_FLOW,arterial
2025-09-17 12:27:22.055745,road_0018,40.777249530657826,-74.01730375345964,1195,59.08071745899145,60,45.55190462965539,0,FREE_FLOW,arterial
2025-09-17 12:27:22.055745,road_0019,40.7690872447115,-73.993554507777,1500,41.351812252964415,45,100.0,0,FREE_FLOW,collector
2025-09-17 12:42:22.055745,road_0000,40.66847506300489,-73.73807969374211,921,60.0,60,37.832320874378496,0,FREE_FLOW,arterial
2025-09-17 12:42:22.055745,road_0001,40.7198987295828,-73.74706387556736,1037,80.0,80,17.577353269185373,0,FREE_FLOW,highway
2025-09-17 12:42:22.055745,road_0002,40.74994808923203,-73.79014932806467,1000,45.0,45,61.223515017528854,0,FREE_FLOW,collector
2025-09-17 12:42:22.055745,road_0003,40.74309158226195,-73.96661727077273,1910,54.350946175646335,60,71.50826969370439,0,FREE_FLOW,arterial
2025-09-17 12:42:22.055745,road_0004,40.74719920513,-73.97825297690737,1069,45.0,45,70.83177255818514,0,FREE_FLOW,collector
2025-09-17 12:42:22.055745,road_0005,40.65630618807343,-73.82360585825539,1254,73.71649757757005,80,30.836722198124278,0,FREE_FLOW,highway
2025-09-17 12:42:22.055745,road_0006,40.75804890186165,-73.93570569353813,951,44.958905260086894,45,63.81536283668425,0,FREE_FLOW,collector
2025-09-17 12:42:22.055745,road_0007,40.73736741980714,-73.97783773036258,1159,60.0,60,38.57615924359614,0,FREE_FLOW,arterial
2025-09-17 12:42:22.055745,road_0008,40.74218505875765,-73.99219447365964,475,33.59428581296719,35,60.37683880916312,0,FREE_FLOW,local
2025-09-17 12:42:22.055745,road_0009,40.75925042330636,-73.9733779780817,1562,60.0,60,71.04635065697154,0,FREE_FLOW,arterial
2025-09-17 12:42:22.055745,road_0010,40.750335863940855,-73.9667968640636,1654,60.0,60,76.0083080097894,0,FREE_FLOW,arterial
2025-09-17 12:42:22.055745,road_0011,40.757416219068794,-73.98397817262654,1980,57.15496877069286,60,74.36863240583637,0,FREE_FLOW,arterial
2025-09-17 12:42:22.055745,road_0012,40.72784698827304,-73.99864431466133,658,34.37736777912969,35,91.81794557601192,0,FREE_FLOW,local
2025-09-17 12:42:22.055745,road_0013,40.79057560223081,-73.78406564317166,1615,76.81477074929427,80,31.452164139960523,0,FREE_FLOW,highway
2025-09-17 12:42:22.055745,road_0014,40.76637078211215,-73.84177010778228,1228,60.0,60,49.91112440991011,0,FREE_FLOW,arterial
2025-09-17 12:42:22.055745,road_0015,40.725062561880804,-73.7940196317338,1216,80.0,80,22.23741775420089,0,FREE_FLOW,highway
2025-09-17 12:42:22.055745,road_0016,40.70107439756184,-73.79401468643744,1498,78.3833914329609,80,34.29767272067093,0,FREE_FLOW,highway
2025-09-17 12:42:22.055745,road_0017,40.75604341426178,-74.00070820437055,2500,48.06188569626254,60,100.0,0,FREE_FLOW,arterial
2025-09-17 12:42:22.055745,road_0018,40.777249530657826,-74.01730375345964,1180,60.0,60,48.743455665751,0,FREE_FLOW,arterial
2025-09-17 12:42:22.055745,road_0019,40.7690872447115,-73.993554507777,1206,44.98612735778106,45,81.56084650297935,0,FREE_FLOW,collector
2025-09-17 12:57:22.055745,road_0000,40.66847506300489,-73.73807969374211,1546,55.11833784893662,60,57.39804194497735,0,FREE_FLOW,arterial
2025-09-17 12:57:22.055745,road_0001,40.7198987295828,-73.74706387556736,2516,80.0,80,59.11857860015108,0,FREE_FLOW,highway
2025-09-17 12:57:22.055745,road_0002,40.74994808923203,-73.79014932806467,888,43.08357797148096,45,62.9576821975983,0,FREE_FLOW,collector
2025-09-17 12:57:22.055745,road_0003,40.74309158226195,-73.96661727077273,2155,59.1785670336341,60,93.16095582261545,0,FREE_FLOW,arterial
2025-09-17 12:57:22.055745,road_0004,40.74719920513,-73.97825297690737,1500,41.154858705216576,45,100.0,0,FREE_FLOW,collector
2025-09-17 12:57:22.055745,road_0005,40.65630618807343,-73.82360585825539,2255,78.33821303857238,80,63.21440742993417,0,FREE_FLOW,highway
2025-09-17 12:57:22.055745,road_0006,40.75804890186165,-73.93570569353813,702,45.0,45,44.507517660947244,0,FREE_FLOW,collector
2025-09-17 12:57:22.055745,road_0007,40.73736741980714,-73.97783773036258,2295,55.99183087363489,60,84.5564579831847,0,FREE_FLOW,arterial
2025-09-17 12:57:22.055745,road_0008,40.74218505875765,-73.99219447365964,377,32.42830098467797,35,37.706427606879075,0,FREE_FLOW,local
2025-09-17 12:57:22.055745,road_0009,40.75925042330636,-73.9733779780817,1678,60.0,60,65.16654249373113,0,FREE_FLOW,arterial
2025-09-17 12:57:22.055745,road_0010,40.750335863940855,-73.9667968640636,2267,51.483630554756914,60,82.76274715840576,0,FREE_FLOW,arterial
2025-09-17 12:57:22.055745,road_0011,40.757416219068794,-73.98397817262654,2006,57.61019108656452,60,79.97195324487505,0,FREE_FLOW,arterial
2025-09-17 12:57:22.055745,road_0012,40.72784698827304,-73.99864431466133,583,34.496033388823534,35,69.3171600845837,0,FREE_FLOW,local
2025-09-17 12:57:22.055745,road_0013,40.79057560223081,-73.78406564317166,1292,80.0,80,37.2185041762735,0,FREE_FLOW,highway
2025-09-17 12:57:22.055745,road_0014,40.76637078211215,-73.84177010778228,915,58.324562923501375,60,37.00593153837308,0,FREE_FLOW,arterial
2025-09-17 12:57:22.055745,road_0015,40.725062561880804,-73.7940196317338,1264,77.82634847501055,80,26.317151982873742,0,FREE_FLOW,highway
2025-09-17 12:57:22.055745,road_0016,40.70107439756184,-73.79401468643744,1187,80.0,80,35.006770479432866,0,FREE_FLOW,highway
2025-09-17 12:57:22.055745,road_0017,40.75604341426178,-74.00070820437055,1466,58.90915632532613,60,61.391065289404594,0,FREE_FLOW,arterial
2025-09-17 12:57:22.055745,road_0018,40.777249530657826,-74.01730375345964,1567,60.0,60,72.50252863642608,0,FREE_FLOW,arterial
2025-09-17 12:57:22.055745,road_0019,40.7690872447115,-73.993554507777,1500,39.64343450808085,45,94.05872735149805,0,FREE_FLOW,collector
2025-09-17 13:12:22.055745,road_0000,40.66847506300489,-73.73807969374211,1231,60.0,60,53.24503918889042,0,FREE_FLOW,arterial
2025-09-17 13:12:22.055745,road_0001,40.7198987295828,-73.74706387556736,1843,80.0,80,54.66733845751369,0,FREE_FLOW,highway
2025-09-17 13:12:22.055745,road_0002,40.74994808923203,-73.79014932806467,404,43.857609907477375,45,21.444159931847985,0,FREE_FLOW,collector
2025-09-17 13:12:22.055745,road_0003,40.74309158226195,-73.96661727077273,1777,60.0,60,69.78360798510714,0,FREE_FLOW,arterial
2025-09-17 13:12:22.055745,road_0004,40.74719920513,-73.97825297690737,1500,42.29149562812468,45,90.99684055565884,0,FREE_FLOW,collector
2025-09-17 13:12:22.055745,road_0005,40.65630618807343,-73.82360585825539,2417,71.4869817242149,80,50.56558407627238,0,FREE_FLOW,highway
2025-09-17 13:12:22.055745,road_0006,40.75804890186165,-73.93570569353813,474,45.0,45,29.57672059407459,0,FREE_FLOW,collector
2025-09-17 13:12:22.055745,road_0007,40.73736741980714,-73.97783773036258,1456,53.60996735525832,60,53.89491379157524,0,FREE_FLOW,arterial
2025-09-17 13:12:22.055745,road_0008,40.74218505875765,-73.99219447365964,375,35.0,35,42.38724677357891,0,FREE_FLOW,local
2025-09-17 13:12:22.055745,road_0009,40.75925042330636,-73.9733779780817,2500,55.77171585689762,60,98.57773757722077,0,FREE_FLOW,arterial
2025-09-17 13:12:22.055745,road_0010,40.750335863940855,-73.9667968640636,1263,54.03007237651989,60,57.581792468073004,0,FREE_FLOW,arterial
2025-09-17 13:12:22.055745,road_0011,40.757416219068794,-73.98397817262654,2109,53.70253567161431,60,81.27840895003388,0,FREE_FLOW,arterial
2025-09-17 13:12:22.055745,road_0012,40.72784698827304,-73.99864431466133,618,34.769817337011176,35,71.98568618622771,0,FREE_FLOW,local
2025-09-17 13:12:22.055745,road_0013,40.79057560223081,-73.78406564317166,1407,78.1157886487552,80,42.8177122856412,0,FREE_FLOW,highway
2025-09-17 13:12:22.055745,road_0014,40.76637078211215,-73.84177010778228,1432,58.98137618292354,60,59.76850892943456,0,FREE_FLOW,arterial
2025-09-17 13:12:22.055745,road_0015,40.725062561880804,-73.7940196317338,1951,74.42720400846225,80,53.2781145510223,0,FREE_FLOW,highway
2025-09-17 13:12:22.055745,road_0016,40.70107439756184,-73.79401468643744,1247,80.0,80,40.11571975477446,0,FREE_FLOW,highway
2025-09-17 13:12:22.055745,road_0017,40.75604341426178,-74.00070820437055,1068,58.722505752272994,60,47.12016079326226,0,FREE_FLOW,arterial
2025-09-17 13:12:22.055745,road_0018,40.777249530657826,-74.01730375345964,1247,60.0,60,50.782110565214,0,FREE_FLOW,arterial
2025-09-17 13:12:22.055745,road_0019,40.7690872447115,-73.993554507777,966,45.0,45,65.25091606790846,0,FREE_FLOW,collector
2025-09-17 13:27:22.055745,road_0000,40.66847506300489,-73.73807969374211,1080,60.0,60,37.72294103179882,0,FREE_FLOW,arterial
2025-09-17 13:27:22.055745,road_0001,40.7198987295828,-73.74706387556736,1268,75.34332427555881,80,34.98375829010835,0,FREE_FLOW,highway
2025-09-17 13:27:22.055745,road_0002,40.74994808923203,-73.79014932806467,431,45.0,45,27.93657862310213,0,FREE_FLOW,collector
2025-09-17 13:27:22.055745,road_0003,40.74309158226195,-73.96661727077273,1675,56.561998958030514,60,59.238718540430604,0,FREE_FLOW,arterial
2025-09-17 13:27:22.055745,road_0004,40.74719920513,-73.97825297690737,1500,37.87651934265824,45,99.94511860629376,0,FREE_FLOW,collector
2025-09-17 13:27:22.055745,road_0005,40.65630618807343,-73.82360585825539,2157,80.0,80,59.09350035738222,0,FREE_FLOW,highway
2025-09-17 13:27:22.055745,road_0006,40.75804890186165,-73.93570569353813,354,41.93506563614416,45,26.792587327894843,0,FREE_FLOW,collector
2025-09-17 13:27:22.055745,road_0007,40.73736741980714,-73.97783773036258,1701,60.0,60,69.24364516749824,0,FREE_FLOW,arterial
2025-09-17 13:27:22.055745,road_0008,40.74218505875765,-73.99219447365964,766,30.109442217309585,35,87.63303820251396,0,FREE_FLOW,local
2025-09-17 13:27:22.055745,road_0009,40.75925042330636,-73.9733779780817,1708,56.61307402137575,60,74.28688376448657,0,FREE_FLOW,arterial
2025-09-17 13:27:22.055745,road_0010,40.750335863940855,-73.9667968640636,1701,57.44611160935523,60,59.90815943950592,0,FREE_FLOW,arterial
2025-09-17 13:27:22.055745,road_0011,40.757416219068794,-73.98397817262654,1174,57.857998662983555,60,38.840722088685325,0,FREE_FLOW,arterial
2025-09-17 13:27:22.055745,road_0012,40.72784698827304,-73.99864431466133,667,33.56578247053733,35,79.62198203771027,0,FREE_FLOW,local
2025-09-17 13:27:22.055745,road_0013,40.79057560223081,-73.78406564317166,1327,79.01807779039973,80,33.57881046503108,0,FREE_FLOW,highway
2025-09-17 13:27:22.055745,road_0014,40.76637078211215,-73.84177010778228,902,58.209247124538315,60,38.349462772783525,0,FREE_FLOW,arterial
2025-09-17 13:27:22.055745,road_0015,40.725062561880804,-73.7940196317338,1870,80.0,80,46.89102207730882,0,FREE_FLOW,highway
2025-09-17 13:27:22.055745,road_0016,40.70107439756184,-73.79401468643744,862,80.0,80,26.202704694016656,0,FREE_FLOW,highway
2025-09-17 13:27:22.055745,road_0017,40.75604341426178,-74.00070820437055,1725,60.0,60,78.35511754206777,0,FREE_FLOW,arterial
2025-09-17 13:27:22.055745,road_0018,40.777249530657826,-74.01730375345964,1327,60.0,60,49.4733366488109,0,FREE_FLOW,arterial
2025-09-17 13:27:22.055745,road_0019,40.7690872447115,-73.993554507777,1119,41.48008103825279,45,79.10371096054782,0,FREE_FLOW,collector
2025-09-17 13:42:22.055745,road_0000,40.66847506300489,-73.73807969374211,1713,53.77972299169374,60,71.64268036041162,0,FREE_FLOW,arterial
2025-09-17 13:42:22.055745,road_0001,40.7198987295828,-73.74706387556736,1551,80.0,80,29.362283182047847,0,FREE_FLOW,highway
2025-09-17 13:42:22.055745,road_0002,40.74994808923203,-73.79014932806467,416,43.49297062122651,45,37.20248113285679,0,FREE_FLOW,collector
2025-09-17 13:42:22.055745,road_0003,40.74309158226195,-73.96661727077273,1765,60.0,60,62.81496890637916,0,FREE_FLOW,arterial
2025-09-17 13:42:22.055745,road_0004,40.74719920513,-73.97825297690737,1500,37.6752583955953,45,100.0,0,FREE_FLOW,collector
2025-09-17 13:42:22.055745,road_0005,40.65630618807343,-73.82360585825539,1387,80.0,80,42.2714382790339,0,FREE_FLOW,highway
2025-09-17 13:42:22.055745,road_0006,40.75804890186165,-73.93570569353813,481,45.0,45,23.810256023303285,0,FREE_FLOW,collector
2025-09-17 13:42:22.055745,road_0007,40.73736741980714,-73.97783773036258,2000,53.03655883985439,60,84.79342601453527,0,FREE_FLOW,arterial
2025-09-17 13:42:22.055745,road_0008,40.74218505875765,-73.99219447365964,766,32.561169785729696,35,97.29499461537226,0,FREE_FLOW,local
2025-09-17 13:42:22.055745,road_0009,40.75925042330636,-73.9733779780817,2500,47.28120626000722,60,95.07949749144049,1,LIGHT,arterial
2025-09-17 13:42:22.055745,road_0010,40.750335863940855,-73.9667968640636,1904,51.449361434634845,60,72.45839177225936,0,FREE_FLOW,arterial
2025-09-17 13:42:22.055745,road_0011,40.757416219068794,-73.98397817262654,1874,60.0,60,78.06564819383317,0,FREE_FLOW,arterial
2025-09-17 13:42:22.055745,road_0012,40.72784698827304,-73.99864431466133,301,35.0,35,34.432601853333495,0,FREE_FLOW,local
2025-09-17 13:42:22.055745,road_0013,40.79057560223081,-73.78406564317166,1108,80.0,80,19.070108132539595,0,FREE_FLOW,highway
2025-09-17 13:42:22.055745,road_0014,40.76637078211215,-73.84177010778228,1001,56.5750393172751,60,48.1121568869359,0,FREE_FLOW,arterial
2025-09-17 13:42:22.055745,road_0015,40.725062561880804,-73.7940196317338,1669,80.0,80,49.70194776360495,0,FREE_FLOW,highway
2025-09-17 13:42:22.055745,road_0016,40.70107439756184,-73.79401468643744,1698,77.85692317802975,80,35.83162140711985,0,FREE_FLOW,highway
2025-09-17 13:42:22.055745,road_0017,40.75604341426178,-74.00070820437055,1472,54.562498047047605,60,56.512238797344,0,FREE_FLOW,arterial
2025-09-17 13:42:22.055745,road_0018,40.777249530657826,-74.01730375345964,1915,51.55364747136003,60,76.18140126206701,0,FREE_FLOW,arterial
2025-09-17 13:42:22.055745,road_0019,40.7690872447115,-73.993554507777,1006,40.420439822397476,45,76.39153488080262,0,FREE_FLOW,collector
2025-09-17 13:57:22.055745,road_0000,40.66847506300489,-73.73807969374211,1399,60.0,60,62.48078103333144,0,FREE_FLOW,arterial
2025-09-17 13:57:22.055745,road_0001,40.7198987295828,-73.74706387556736,2472,79.21376827266158,80,64.22688994507058,0,FREE_FLOW,highway
2025-09-17 13:57:22.055745,road_0002,40.74994808923203,-73.79014932806467,671,44.28259960838914,45,47.43511545152771,0,FREE_FLOW,collector
2025-09-17 13:57:22.055745,road_0003,40.74309158226195,-73.96661727077273,1171,56.750033775460196,60,38.20681871064521,0,FREE_FLOW,arterial
2025-09-17 13:57:22.055745,road_0004,40.74719920513,-73.97825297690737,806,45.0,45,49.40990227380374,0,FREE_FLOW,collector
2025-09-17 13:57:22.055745,road_0005,40.65630618807343,-73.82360585825539,864,80.0,80,26.20492294180292,0,FREE_FLOW,highway
2025-09-17 13:57:22.055745,road_0006,40.75804890186165,-73.93570569353813,516,43.382546504234696,45,41.94523525652359,0,FREE_FLOW,collector
2025-09-17 13:57:22.055745,road_0007,40.73736741980714,-73.97783773036258,1897,57.515662320670494,60,78.40352343186277,0,FREE_FLOW,arterial
2025-09-17 13:57:22.055745,road_0008,40.74218505875765,-73.99219447365964,800,29.02124932905943,35,98.58365186792713,0,FREE_FLOW,local
2025-09-17 13:57:22.055745,road_0009,40.75925042330636,-73.9733779780817,2500,49.58929304180251,60,100.0,0,FREE_FLOW,arterial
2025-09-17 13:57:22.055745,road_0010,40.750335863940855,-73.9667968640636,1377,59.48167475941194,60,59.831314981856536,0,FREE_FLOW,arterial
2025-09-17 13:57:22.055745,road_0011,40.757416219068794,-73.98397817262654,1224,60.0,60,40.25373787030263,0,FREE_FLOW,arterial
2025-09-17 13:57:22.055745,road_0012,40.72784698827304,-73.99864431466133,363,35.0,35,37.019141274235636,0,FREE_FLOW,local
2025-09-17 13:57:22.055745,road_0013,40.79057560223081,-73.78406564317166,1310,74.50862380657442,80,29.566313995796932,0,FREE_FLOW,highway
2025-09-17 13:57:22.055745,road_0014,40.76637078211215,-73.84177010778228,817,60.0,60,31.584922245695765,0,FREE_FLOW,arterial
2025-09-17 13:57:22.055745,road_0015,40.725062561880804,-73.7940196317338,1911,75.15962592654051,80,40.40886876944077,0,FREE_FLOW,highway
2025-09-17 13:57:22.055745,road_0016,40.70107439756184,-73.79401468643744,2372,74.95479721623047,80,54.55351285197303,0,FREE_FLOW,highway
2025-09-17 13:57:22.055745,road_0017,40.75604341426178,-74.00070820437055,2160,54.34135382904274,60,81.77917891652943,0,FREE_FLOW,arterial
2025-09-17 13:57:22.055745,road_0018,40.777249530657826,-74.01730375345964,2016,57.59558381766391,60,71.4353192997714,0,FREE_FLOW,arterial
2025-09-17 13:57:22.055745,road_0019,40.7690872447115,-73.993554507777,1500,38.74277192601772,45,99.39283549361419,0,FREE_FLOW,collector
2025-09-17 14:12:22.055745,road_0000,40.66847506300489,-73.73807969374211,900,59.22041635760816,60,35.39487525981367,0,FREE_FLOW,arterial
2025-09-17 14:12:22.055745,road_0001,40.7198987295828,-73.74706387556736,1425,80.0,80,36.36514976702717,0,FREE_FLOW,highway
2025-09-17 14:12:22.055745,road_0002,40.74994808923203,-73.79014932806467,353,43.04436871956037,45,30.411825585567815,0,FREE_FLOW,collector
2025-09-17 14:12:22.055745,road_0003,40.74309158226195,-73.96661727077273,1555,57.4712248669394,60,56.57019668708261,0,FREE_FLOW,arterial
2025-09-17 14:12:22.055745,road_0004,40.74719920513,-73.97825297690737,634,42.855900155823804,45,48.60031017568103,0,FREE_FLOW,collector
2025-09-17 14:12:22.055745,road_0005,40.65630618807343,-73.82360585825539,1838,80.0,80,53.54725354722321,0,FREE_FLOW,highway
2025-09-17 14:12:22.055745,road_0006,40.75804890186165,-73.93570569353813,404,44.5202325760883,45,17.830404693804702,0,FREE_FLOW,collector
2025-09-17 14:12:22.055745,road_0007,40.73736741980714,-73.97783773036258,1986,59.22062234992877,60,77.23744705883088,0,FREE_FLOW,arterial
2025-09-17 14:12:22.055745,road_0008,40.74218505875765,-73.99219447365964,800,31.497613017750886,35,95.16346508382338,0,FREE_FLOW,local
2025-09-17 14:12:22.055745,road_0009,40.75925042330636,-73.9733779780817,1755,60.0,60,79.2806625517008,0,FREE_FLOW,arterial
2025-09-17 14:12:22.055745,road_0010,40.750335863940855,-73.9667968640636,1757,60.0,60,74.63144249463188,0,FREE_FLOW,arterial
2025-09-17 14:12:22.055745,road_0011,40.757416219068794,-73.98397817262654,1103,60.0,60,39.25388456620092,0,FREE_FLOW,arterial
2025-09-17 14:12:22.055745,road_0012,40.72784698827304,-73.99864431466133,715,32.55812561673627,35,81.22069584146514,0,FREE_FLOW,local
2025-09-17 14:12:22.055745,road_0013,40.79057560223081,-73.78406564317166,1707,76.75544598591343,80,40.75979459288419,0,FREE_FLOW,highway
2025-09-17 14:12:22.055745,road_0014,40.76637078211215,-73.84177010778228,1042,60.0,60,44.60192350010126,0,FREE_FLOW,arterial
2025-09-17 14:12:22.055745,road_0015,40.725062561880804,-73.7940196317338,1979,73.56082009976154,80,49.51807219923974,0,FREE_FLOW,highway
2025-09-17 14:12:22.055745,road_0016,40.70107439756184,-73.79401468643744,789,80.0,80,13.161969626541891,0,FREE_FLOW,highway
2025-09-17 14:12:22.055745,road_0017,40.75604341426178,-74.00070820437055,2035,60.0,60,87.98035465090982,0,FREE_FLOW,arterial
2025-09-17 14:12:22.055745,road_0018,40.777249530657826,-74.01730375345964,2296,53.65999857760718,60,92.48985398874294,0,FREE_FLOW,arterial
2025-09-17 14:12:22.055745,road_0019,40.7690872447115,-73.993554507777,709,45.0,45,55.46935940230935,0,FREE_FLOW,collector
2025-09-17 14:27:22.055745,road_0000,40.66847506300489,-73.73807969374211,644,54.77243730665726,60,32.09446405117089,0,FREE_FLOW,arterial
2025-09-17 14:27:22.055745,road_0001,40.7198987295828,-73.74706387556736,1441,73.05726028400487,80,34.102957283402475,0,FREE_FLOW,highway
2025-09-17 14:27:22.055745,road_0002,40.74994808923203,-73.79014932806467,627,42.34261365310732,45,43.605710859063194,0,FREE_FLOW,collector
2025-09-17 14:27:22.055745,road_0003,40.74309158226195,-73.96661727077273,1446,60.0,60,59.42532707641054,0,FREE_FLOW,arterial
2025-09-17 14:27:22.055745,road_0004,40.74719920513,-73.97825297690737,872,43.092241759500375,45,48.379527393654854,0,FREE_FLOW,collector
2025-09-17 14:27:22.055745,road_0005,40.65630618807343,-73.82360585825539,768,80.0,80,19.716251977466474,0,FREE_FLOW,highway
2025-09-17 14:27:22.055745,road_0006,40.75804890186165,-73.93570569353813,486,45.0,45,23.295569010093363,0,FREE_FLOW,collector
2025-09-17 14:27:22.055745,road_0007,40.73736741980714,-73.97783773036258,2171,53.94517245697358,60,87.18478763428664,0,FREE_FLOW,arterial
2025-09-17 14:27:22.055745,road_0008,40.74218505875765,-73.99219447365964,333,35.0,35,47.45940518522693,0,FREE_FLOW,local
2025-09-17 14:27:22.055745,road_0009,40.75925042330636,-73.9733779780817,1437,60.0,60,58.10170689770486,0,FREE_FLOW,arterial
2025-09-17 14:27:22.055745,road_0010,40.750335863940855,-73.9667968640636,1812,53.78193116742319,60,64.58518370394025,0,FREE_FLOW,arterial
2025-09-17 14:27:22.055745,road_0011,40.757416219068794,-73.98397817262654,2101,56.17943550795738,60,93.58904235980737,0,FREE_FLOW,arterial
2025-09-17 14:27:22.055745,road_0012,40.72784698827304,-73.99864431466133,296,35.0,35,31.177281414114802,0,FREE_FLOW,local
2025-09-17 14:27:22.055745,road_0013,40.79057560223081,-73.78406564317166,1243,74.24913465814913,80,27.339125221403485,0,FREE_FLOW,highway
2025-09-17 14:27:22.055745,road_0014,40.76637078211215,-73.84177010778228,741,58.37717932627824,60,36.34960472764655,0,FREE_FLOW,arterial
2025-09-17 14:27:22.055745,road_0015,40.725062561880804,-73.7940196317338,1234,80.0,80,29.732554263315034,0,FREE_FLOW,highway
2025-09-17 14:27:22.055745,road_0016,40.70107439756184,-73.79401468643744,1224,74.32759637038362,80,32.737546831538594,0,FREE_FLOW,highway
2025-09-17 14:27:22.055745,road_0017,40.75604341426178,-74.00070820437055,1124,60.0,60,50.43077783069128,0,FREE_FLOW,arterial
2025-09-17 14:27:22.055745,road_0018,40.777249530657826,-74.01730375345964,1637,55.43425291662491,60,58.84673911838261,0,FREE_FLOW,arterial
2025-09-17 14:27:22.055745,road_0019,40.7690872447115,-73.993554507777,1464,41.264593311784935,45,100.0,0,FREE_FLOW,collector
2025-09-17 14:42:22.055745,road_0000,40.66847506300489,-73.73807969374211,623,56.78759646232156,60,28.46774643037434,0,FREE_FLOW,arterial
2025-09-17 14:42:22.055745,road_0001,40.7198987295828,-73.74706387556736,1864,80.0,80,39.90484100885207,0,FREE_FLOW,highway
2025-09-17 14:42:22.055745,road_0002,40.74994808923203,-73.79014932806467,660,42.12892613936714,45,50.33513860239056,0,FREE_FLOW,collector
2025-09-17 14:42:22.055745,road_0003,40.74309158226195,-73.96661727077273,2268,52.56877079274839,60,86.72978771200864,0,FREE_FLOW,arterial
2025-09-17 14:42:22.055745,road_0004,40.74719920513,-73.97825297690737,1480,36.62526199650062,45,100.0,0,FREE_FLOW,collector
2025-09-17 14:42:22.055745,road_0005,40.65630618807343,-73.82360585825539,2016,73.4074750641612,80,58.538856176696676,0,FREE_FLOW,highway
2025-09-17 14:42:22.055745,road_0006,40.75804890186165,-73.93570569353813,744,44.22470030435621,45,46.66921481093565,0,FREE_FLOW,collector
2025-09-17 14:42:22.055745,road_0007,40.73736741980714,-73.97783773036258,1051,54.43783229561089,60,43.02644958806348,0,FREE_FLOW,arterial
2025-09-17 14:42:22.055745,road_0008,40.74218505875765,-73.99219447365964,727,34.734018629214,35,81.5642251885,0,FREE_FLOW,local
2025-09-17 14:42:22.055745,road_0009,40.75925042330636,-73.9733779780817,2500,54.8308301384201,60,91.8734484141182,0,FREE_FLOW,arterial
2025-09-17 14:42:22.055745,road_0010,40.750335863940855,-73.9667968640636,1508,59.09580237185582,60,60.148363550571126,0,FREE_FLOW,arterial
2025-09-17 14:42:22.055745,road_0011,40.757416219068794,-73.98397817262654,1703,60.0,60,70.23510606278114,0,FREE_FLOW,arterial
2025-09-17 14:42:22.055745,road_0012,40.72784698827304,-73.99864431466133,503,33.89722056919824,35,70.76405113648464,0,FREE_FLOW,local
2025-09-17 14:42:22.055745,road_0013,40.79057560223081,-73.78406564317166,1390,80.0,80,36.578135188449764,0,FREE_FLOW,highway
2025-09-17 14:42:22.055745,road_0014,40.76637078211215,-73.84177010778228,1032,53.803665843643394,60,32.469431377345614,0,FREE_FLOW,arterial
2025-09-17 14:42:22.055745,road_0015,40.725062561880804,-73.7940196317338,1459,76.78651336175808,80,31.282647773989677,0,FREE_FLOW,highway
2025-09-17 14:42:22.055745,road_0016,40.70107439756184,-73.79401468643744,890,75.50417019311898,80,31.680660847811772,0,FREE_FLOW,highway
2025-09-17 14:42:22.055745,road_0017,40.75604341426178,-74.00070820437055,2211,49.796886201543266,60,97.02514796014458,0,FREE_FLOW,arterial
2025-09-17 14:42:22.055745,road_0018,40.777249530657826,-74.01730375345964,2232,56.362144394197195,60,91.93088219931656,0,FREE_FLOW,arterial
2025-09-17 14:42:22.055745,road_0019,40.7690872447115,-73.993554507777,1431,40.255581087697664,45,100.0,0,FREE_FLOW,collector
2025-09-17 14:57:22.055745,road_0000,40.66847506300489,-73.73807969374211,1333,60.0,60,47.33302034807522,0,FREE_FLOW,arterial
2025-09-17 14:57:22.055745,road_0001,40.7198987295828,-73.74706387556736,707,77.45717906143422,80,8.558238723556626,0,FREE_FLOW,highway
2025-09-17 14:57:22.055745,road_0002,40.74994808923203,-73.79014932806467,489,45.0,45,22.713316290591347,0,FREE_FLOW,collector
2025-09-17 14:57:22.055745,road_0003,40.74309158226195,-73.96661727077273,2396,55.39048218057901,60,100.0,0,FREE_FLOW,arterial
2025-09-17 14:57:22.055745,road_0004,40.74719920513,-73.97825297690737,730,42.664022534100624,45,53.12965639595926,0,FREE_FLOW,collector
2025-09-17 14:57:22.055745,road_0005,40.65630618807343,-73.82360585825539,1334,80.0,80,29.472746817591865,0,FREE_FLOW,highway
2025-09-17 14:57:22.055745,road_0006,40.75804890186165,-73.93570569353813,762,40.15368135733175,45,54.755125521468585,0,FREE_FLOW,collector
2025-09-17 14:57:22.055745,road_0007,40.73736741980714,-73.97783773036258,1206,54.909148587761,60,51.87497288180323,0,FREE_FLOW,arterial
2025-09-17 14:57:22.055745,road_0008,40.74218505875765,-73.99219447365964,744,29.235881591856128,35,92.56519768390447,0,FREE_FLOW,local
2025-09-17 14:57:22.055745,road_0009,40.75925042330636,-73.9733779780817,2500,55.965921045464384,60,94.22224942332272,0,FREE_FLOW,arterial
2025-09-17 14:57:22.055745,road_0010,40.750335863940855,-73.9667968640636,1377,56.41515017167311,60,48.12659178929071,0,FREE_FLOW,arterial
2025-09-17 14:57:22.055745,road_0011,40.757416219068794,-73.98397817262654,964,60.0,60,45.40461492687896,0,FREE_FLOW,arterial
2025-09-17 14:57:22.055745,road_0012,40.72784698827304,-73.99864431466133,319,34.28284176295067,35,34.16756146517606,0,FREE_FLOW,local
2025-09-17 14:57:22.055745,road_0013,40.79057560223081,-73.78406564317166,1523,80.0,80,42.47082906709372,0,FREE_FLOW,highway
2025-09-17 14:57:22.055745,road_0014,40.76637078211215,-73.84177010778228,951,60.0,60,39.13314696070191,0,FREE_FLOW,arterial
2025-09-17 14:57:22.055745,road_0015,40.725062561880804,-73.7940196317338,1420,76.66845423558321,80,30.19306883551699,0,FREE_FLOW,highway
2025-09-17 14:57:22.055745,road_0016,40.70107439756184,-73.79401468643744,1168,80.0,80,21.599073860477798,0,FREE_FLOW,highway
2025-09-17 14:57:22.055745,road_0017,40.75604341426178,-74.00070820437055,1902,60.0,60,69.25248289052756,0,FREE_FLOW,arterial
2025-09-17 14:57:22.055745,road_0018,40.777249530657826,-74.01730375345964,2325,52.89421596383581,60,88.43094094822484,0,FREE_FLOW,arterial
2025-09-17 14:57:22.055745,road_0019,40.7690872447115,-73.993554507777,664,45.0,45,49.926999413001326,0,FREE_FLOW,collector
2025-09-17 15:12:22.055745,road_0000,40.66847506300489,-73.73807969374211,1244,59.06047860108775,60,51.42533035626091,0,FREE_FLOW,arterial
2025-09-17 15:12:22.055745,road_0001,40.7198987295828,-73.74706387556736,1592,80.0,80,31.454309230487073,0,FREE_FLOW,highway
2025-09-17 15:12:22.055745,road_0002,40.74994808923203,-73.79014932806467,656,45.0,45,45.03302048683841,0,FREE_FLOW,collector
2025-09-17 15:12:22.055745,road_0003,40.74309158226195,-73.96661727077273,2299,53.346065488132936,60,100.0,0,FREE_FLOW,arterial
2025-09-17 15:12:22.055745,road_0004,40.74719920513,-73.97825297690737,1394,37.36371266362731,45,96.43613455632669,0,FREE_FLOW,collector
2025-09-17 15:12:22.055745,road_0005,40.65630618807343,-73.82360585825539,948,80.0,80,32.30341930876849,0,FREE_FLOW,highway
2025-09-17 15:12:22.055745,road_0006,40.75804890186165,-73.93570569353813,736,45.0,45,44.15129434164057,0,FREE_FLOW,collector
2025-09-17 15:12:22.055745,road_0007,40.73736741980714,-73.97783773036258,1203,60.0,60,40.712013023908845,0,FREE_FLOW,arterial
2025-09-17 15:12:22.055745,road_0008,40.74218505875765,-73.99219447365964,800,31.25250276345951,35,99.50813215700147,0,FREE_FLOW,local
2025-09-17 15:12:22.055745,road_0009,40.75925042330636,-73.9733779780817,2500,50.97516646854783,60,99.97141599011418,0,FREE_FLOW,arterial
2025-09-17 15:12:22.055745,road_0010,40.750335863940855,-73.9667968640636,2449,54.13539586922723,60,90.17955049170297,0,FREE_FLOW,arterial
2025-09-17 15:12:22.055745,road_0011,40.757416219068794,-73.98397817262654,1853,53.79677054249415,60,81.29913370841258,0,FREE_FLOW,arterial
2025-09-17 15:12:22.055745,road_0012,40.72784698827304,-73.99864431466133,601,32.543274328312954,35,79.51807633221061,0,FREE_FLOW,local
2025-09-17 15:12:22.055745,road_0013,40.79057560223081,-73.78406564317166,2311,80.0,80,60.72926342125843,0,FREE_FLOW,highway
2025-09-17 15:12:22.055745,road_0014,40.76637078211215,-73.84177010778228,992,60.0,60,37.574687076896566,0,FREE_FLOW,arterial
2025-09-17 15:12:22.055745,road_0015,40.725062561880804,-73.7940196317338,1144,72.76215485072454,80,38.09183622670659,0,FREE_FLOW,highway
2025-09-17 15:12:22.055745,road_0016,40.70107439756184,-73.79401468643744,1822,72.89476471703925,80,47.13350510749444,0,FREE_FLOW,highway
2025-09-17 15:12:22.055745,road_0017,40.75604341426178,-74.00070820437055,1157,60.0,60,52.746188596414356,0,FREE_FLOW,arterial
2025-09-17 15:12:22.055745,road_0018,40.777249530657826,-74.01730375345964,1621,55.432957665553715,60,68.60088887672028,0,FREE_FLOW,arterial
2025-09-17 15:12:22.055745,road_0019,40.7690872447115,-73.993554507777,1500,42.64314226302625,45,100.0,0,FREE_FLOW,collector
2025-09-17 15:27:22.055745,road_0000,40.66847506300489,-73.73807969374211,621,60.0,60,21.444855586728107,0,FREE_FLOW,arterial
2025-09-17 15:27:22.055745,road_0001,40.7198987295828,-73.74706387556736,1360,72.52114017855045,80,41.55294039301563,0,FREE_FLOW,highway
2025-09-17 15:27:22.055745,road_0002,40.74994808923203,-73.79014932806467,595,42.746530531538006,45,38.7650444568184,0,FREE_FLOW,collector
2025-09-17 15:27:22.055745,road_0003,40.74309158226195,-73.96661727077273,1179,60.0,60,54.30259119712565,0,FREE_FLOW,arterial
2025-09-17 15:27:22.055745,road_0004,40.74719920513,-73.97825297690737,783,41.67155125202529,45,49.5546730161022,0,FREE_FLOW,collector
2025-09-17 15:27:22.055745,road_0005,40.65630618807343,-73.82360585825539,1390,80.0,80,31.58607410984365,0,FREE_FLOW,highway
2025-09-17 15:27:22.055745,road_0006,40.75804890186165,-73.93570569353813,587,45.0,45,40.54632581095203,0,FREE_FLOW,collector
2025-09-17 15:27:22.055745,road_0007,40.73736741980714,-73.97783773036258,2172,57.21710179388026,60,94.46510229692768,0,FREE_FLOW,arterial
2025-09-17 15:27:22.055745,road_0008,40.74218505875765,-73.99219447365964,800,29.16348672564892,35,100.0,0,FREE_FLOW,local
2025-09-17 15:27:22.055745,road_0009,40.75925042330636,-73.9733779780817,1407,60.0,60,64.26910425092203,0,FREE_FLOW,arterial
2025-09-17 15:27:22.055745,road_0010,40.750335863940855,-73.9667968640636,2500,47.57965031969624,60,99.46801762989826,1,LIGHT,arterial
2025-09-17 15:27:22.055745,road_0011,40.757416219068794,-73.98397817262654,2216,52.05007644586545,60,98.44417787175243,0,FREE_FLOW,arterial
2025-09-17 15:27:22.055745,road_0012,40.72784698827304,-73.99864431466133,647,33.292588732327694,35,83.76682349484688,0,FREE_FLOW,local
2025-09-17 15:27:22.055745,road_0013,40.79057560223081,-73.78406564317166,1748,80.0,80,48.21254400548832,0,FREE_FLOW,highway
2025-09-17 15:27:22.055745,road_0014,40.76637078211215,-73.84177010778228,1533,56.1245579215806,60,57.62294078265106,0,FREE_FLOW,arterial
2025-09-17 15:27:22.055745,road_0015,40.725062561880804,-73.7940196317338,2302,73.41413716927049,80,65.67841927828874,0,FREE_FLOW,highway
2025-09-17 15:27:22.055745,road_0016,40.70107439756184,-73.79401468643744,2011,76.66278601230854,80,59.22290499172894,0,FREE_FLOW,highway
2025-09-17 15:27:22.055745,road_0017,40.75604341426178,-74.00070820437055,2270,56.517416973518685,60,82.01257852132936,0,FREE_FLOW,arterial
2025-09-17 15:27:22.055745,road_0018,40.777249530657826,-74.01730375345964,2500,49.35914004219668,60,99.94624892337944,0,FREE_FLOW,arterial
2025-09-17 15:27:22.055745,road_0019,40.7690872447115,-73.993554507777,756,45.0,45,46.43833400155003,0,FREE_FLOW,collector
2025-09-17 15:42:22.055745,road_0000,40.66847506300489,-73.73807969374211,1013,60.0,60,49.76620405975569,0,FREE_FLOW,arterial
2025-09-17 15:42:22.055745,road_0001,40.7198987295828,-73.74706387556736,2430,73.38563083673091,80,61.68719281950253,0,FREE_FLOW,highway
2025-09-17 15:42:22.055745,road_0002,40.74994808923203,-73.79014932806467,585,44.676964108036394,45,46.27923161470021,0,FREE_FLOW,collector
2025-09-17 15:42:22.055745,road_0003,40.74309158226195,-73.96661727077273,2500,57.33893602774011,60,92.73998126107342,0,FREE_FLOW,arterial
2025-09-17 15:42:22.055745,road_0004,40.74719920513,-73.97825297690737,1310,38.15101169807984,45,90.51560862272386,0,FREE_FLOW,collector
2025-09-17 15:42:22.055745,road_0005,40.65630618807343,-73.82360585825539,1779,80.0,80,42.60848139997166,0,FREE_FLOW,highway
2025-09-17 15:42:22.055745,road_0006,40.75804890186165,-73.93570569353813,672,45.0,45,43.97926958754598,0,FREE_FLOW,collector
2025-09-17 15:42:22.055745,road_0007,40.73736741980714,-73.97783773036258,1159,53.7975223609509,60,36.62059135514167,0,FREE_FLOW,arterial
2025-09-17 15:42:22.055745,road_0008,40.74218505875765,-73.99219447365964,800,31.641894000515666,35,97.10082112903916,0,FREE_FLOW,local
2025-09-17 15:42:22.055745,road_0009,40.75925042330636,-73.9733779780817,2380,52.27306354945361,60,100.0,0,FREE_FLOW,arterial
2025-09-17 15:42:22.055745,road_0010,40.750335863940855,-73.9667968640636,2500,49.37780691027242,60,96.19999874343578,0,FREE_FLOW,arterial
2025-09-17 15:42:22.055745,road_0011,40.757416219068794,-73.98397817262654,1986,59.602438657672394,60,88.64335569457491,0,FREE_FLOW,arterial
2025-09-17 15:42:22.055745,road_0012,40.72784698827304,-73.99864431466133,800,32.1660400052382,35,100.0,0,FREE_FLOW,local
2025-09-17 15:42:22.055745,road_0013,40.79057560223081,-73.78406564317166,1436,72.5561307498968,80,41.9950624397939,0,FREE_FLOW,highway
2025-09-17 15:42:22.055745,road_0014,40.76637078211215,-73.84177010778228,1103,60.0,60,44.413672342428775,0,FREE_FLOW,arterial
2025-09-17 15:42:22.055745,road_0015,40.725062561880804,-73.7940196317338,1104,80.0,80,25.655287969245038,0,FREE_FLOW,highway
2025-09-17 15:42:22.055745,road_0016,40.70107439756184,-73.79401468643744,1003,80.0,80,18.151140492832152,0,FREE_FLOW,highway
2025-09-17 15:42:22.055745,road_0017,40.75604341426178,-74.00070820437055,2500,51.98138442026979,60,100.0,0,FREE_FLOW,arterial
2025-09-17 15:42:22.055745,road_0018,40.777249530657826,-74.01730375345964,1743,52.820364773921646,60,60.37235896683133,0,FREE_FLOW,arterial
2025-09-17 15:42:22.055745,road_0019,40.7690872447115,-73.993554507777,1154,45.0,45,79.37412458075322,0,FREE_FLOW,collector
2025-09-17 15:57:22.055745,road_0000,40.66847506300489,-73.73807969374211,913,60.0,60,34.83207791814671,0,FREE_FLOW,arterial
2025-09-17 15:57:22.055745,road_0001,40.7198987295828,-73.74706387556736,2489,70.8470972644214,80,71.71244477358515,0,FREE_FLOW,highway
2025-09-17 15:57:22.055745,road_0002,40.74994808923203,-73.79014932806467,855,45.0,45,51.57388818800729,0,FREE_FLOW,collector
2025-09-17 15:57:22.055745,road_0003,40.74309158226195,-73.96661727077273,1353,58.42473858609623,60,48.61780433631826,0,FREE_FLOW,arterial
2025-09-17 15:57:22.055745,road_0004,40.74719920513,-73.97825297690737,1500,37.77134424207643,45,98.55003662656223,0,FREE_FLOW,collector
2025-09-17 15:57:22.055745,road_0005,40.65630618807343,-73.82360585825539,1777,80.0,80,43.027057530596,0,FREE_FLOW,highway
2025-09-17 15:57:22.055745,road_0006,40.75804890186165,-73.93570569353813,937,45.0,45,67.72883393869283,0,FREE_FLOW,collector
2025-09-17 15:57:22.055745,road_0007,40.73736741980714,-73.97783773036258,2500,49.620616450475815,60,94.08921772109423,0,FREE_FLOW,arterial
2025-09-17 15:57:22.055745,road_0008,40.74218505875765,-73.99219447365964,602,34.30245481853003,35,65.90619248257217,0,FREE_FLOW,local
2025-09-17 15:57:22.055745,road_0009,40.75925042330636,-73.9733779780817,1792,57.252877144714624,60,79.26993141456252,0,FREE_FLOW,arterial
2025-09-17 15:57:22.055745,road_0010,40.750335863940855,-73.9667968640636,1326,60.0,60,43.992825148730134,0,FREE_FLOW,arterial
2025-09-17 15:57:22.055745,road_0011,40.757416219068794,-73.98397817262654,2181,55.376431050005046,60,93.73575712555572,0,FREE_FLOW,arterial
2025-09-17 15:57:22.055745,road_0012,40.72784698827304,-73.99864431466133,469,35.0,35,54.42558387297812,0,FREE_FLOW,local
2025-09-17 15:57:22.055745,road_0013,40.79057560223081,-73.78406564317166,1454,80.0,80,36.99043357968504,0,FREE_FLOW,highway
2025-09-17 15:57:22.055745,road_0014,40.76637078211215,-73.84177010778228,562,56.38512364587345,60,26.942565477651083,0,FREE_FLOW,arterial
2025-09-17 15:57:22.055745,road_0015,40.725062561880804,-73.7940196317338,930,80.0,80,21.999638532164195,0,FREE_FLOW,highway
2025-09-17 15:57:22.055745,road_0016,40.70107439756184,-73.79401468643744,822,80.0,80,16.7516907668551,0,FREE_FLOW,highway
2025-09-17 15:57:22.055745,road_0017,40.75604341426178,-74.00070820437055,2023,57.61034183390837,60,86.10137878516751,0,FREE_FLOW,arterial
2025-09-17 15:57:22.055745,road_0018,40.777249530657826,-74.01730375345964,2500,49.78892428835688,60,95.056272121784,0,FREE_FLOW,arterial
2025-09-17 15:57:22.055745,road_0019,40.7690872447115,-73.993554507777,823,43.55964035580735,45,64.85754504104855,0,FREE_FLOW,collector
2025-09-17 16:12:22.055745,road_0000,40.66847506300489,-73.73807969374211,997,55.58432341510175,60,40.729420069253116,0,FREE_FLOW,arterial
2025-09-17 16:12:22.055745,road_0001,40.7198987295828,-73.74706387556736,1666,72.00571578939078,80,46.72659401138437,0,FREE_FLOW,highway
2025-09-17 16:12:22.055745,road_0002,40.74994808923203,-73.79014932806467,577,45.0,45,33.843601515723535,0,FREE_FLOW,collector
2025-09-17 16:12:22.055745,road_0003,40.74309158226195,-73.96661727077273,2107,57.2529300033691,60,93.26417253741025,0,FREE_FLOW,arterial
2025-09-17 16:12:22.055745,road_0004,40.74719920513,-73.97825297690737,1110,44.858670384327304,45,79.61463706401801,0,FREE_FLOW,collector
2025-09-17 16:12:22.055745,road_0005,40.65630618807343,-73.82360585825539,1615,74.24844296805315,80,39.35127291493212,0,FREE_FLOW,highway
2025-09-17 16:12:22.055745,road_0006,40.75804890186165,-73.93570569353813,540,41.49373413925658,45,42.070362168698686,0,FREE_FLOW,collector
2025-09-17 16:12:22.055745,road_0007,40.73736741980714,-73.97783773036258,1705,52.66137783051451,60,65.0920816889512,0,FREE_FLOW,arterial
2025-09-17 16:12:22.055745,road_0008,40.74218505875765,-73.99219447365964,442,35.0,35,49.51786695951379,0,FREE_FLOW,local
2025-09-17 16:12:22.055745,road_0009,40.75925042330636,-73.9733779780817,1588,60.0,60,68.81438282952558,0,FREE_FLOW,arterial
2025-09-17 16:12:22.055745,road_0010,40.750335863940855,-73.9667968640636,2177,55.04252357978078,60,83.31968040652836,0,FREE_FLOW,arterial
2025-09-17 16:12:22.055745,road_0011,40.757416219068794,-73.98397817262654,2179,49.87512509817199,60,95.29144421344327,0,FREE_FLOW,arterial
2025-09-17 16:12:22.055745,road_0012,40.72784698827304,-73.99864431466133,775,31.632403248062474,35,100.0,0,FREE_FLOW,local
2025-09-17 16:12:22.055745,road_0013,40.79057560223081,-73.78406564317166,2131,79.06207632142335,80,54.45461268199547,0,FREE_FLOW,highway
2025-09-17 16:12:22.055745,road_0014,40.76637078211215,-73.84177010778228,1456,58.151602714430176,60,59.05469134266208,0,FREE_FLOW,arterial
2025-09-17 16:12:22.055745,road_0015,40.725062561880804,-73.7940196317338,1588,80.0,80,32.06984717536801,0,FREE_FLOW,highway
2025-09-17 16:12:22.055745,road_0016,40.70107439756184,-73.79401468643744,2732,80.0,80,62.834547646599276,0,FREE_FLOW,highway
2025-09-17 16:12:22.055745,road_0017,40.75604341426178,-74.00070820437055,2500,50.25964868105604,60,100.0,0,FREE_FLOW,arterial
2025-09-17 16:12:22.055745,road_0018,40.777249530657826,-74.01730375345964,2500,50.2211808089231,60,91.4178315178257,0,FREE_FLOW,arterial
2025-09-17 16:12:22.055745,road_0019,40.7690872447115,-73.993554507777,1500,40.13212212472773,45,100.0,0,FREE_FLOW,collector
2025-09-17 16:27:22.055745,road_0000,40.66847506300489,-73.73807969374211,806,54.14979364235134,60,25.978288812169232,0,FREE_FLOW,arterial
2025-09-17 16:27:22.055745,road_0001,40.7198987295828,-73.74706387556736,1528,80.0,80,36.43310920913405,0,FREE_FLOW,highway
2025-09-17 16:27:22.055745,road_0002,40.74994808923203,-73.79014932806467,782,42.255973281236685,45,54.24342866565086,0,FREE_FLOW,collector
2025-09-17 16:27:22.055745,road_0003,40.74309158226195,-73.96661727077273,1643,60.0,60,62.38925187192021,0,FREE_FLOW,arterial
2025-09-17 16:27:22.055745,road_0004,40.74719920513,-73.97825297690737,880,45.0,45,56.29548749493289,0,FREE_FLOW,collector
2025-09-17 16:27:22.055745,road_0005,40.65630618807343,-73.82360585825539,2664,80.0,80,58.92381913050893,0,FREE_FLOW,highway
2025-09-17 16:27:22.055745,road_0006,40.75804890186165,-73.93570569353813,1189,40.99938415013324,45,89.0739023066341,0,FREE_FLOW,collector
2025-09-17 16:27:22.055745,road_0007,40.73736741980714,-73.97783773036258,2500,51.6533898414763,60,90.22961319498756,0,FREE_FLOW,arterial
2025-09-17 16:27:22.055745,road_0008,40.74218505875765,-73.99219447365964,800,33.350176129815424,35,100.0,0,FREE_FLOW,local
2025-09-17 16:27:22.055745,road_0009,40.75925042330636,-73.9733779780817,2500,49.08981468469093,60,100.0,0,FREE_FLOW,arterial
2025-09-17 16:27:22.055745,road_0010,40.750335863940855,-73.9667968640636,1915,57.245200280653435,60,78.70965338428809,0,FREE_FLOW,arterial
2025-09-17 16:27:22.055745,road_0011,40.757416219068794,-73.98397817262654,2500,54.15421407911084,60,100.0,0,FREE_FLOW,arterial
2025-09-17 16:27:22.055745,road_0012,40.72784698827304,-73.99864431466133,509,35.0,35,57.06721205645555,0,FREE_FLOW,local
2025-09-17 16:27:22.055745,road_0013,40.79057560223081,-73.78406564317166,1143,79.2490996782457,80,32.4909495531089,0,FREE_FLOW,highway
2025-09-17 16:27:22.055745,road_0014,40.76637078211215,-73.84177010778228,777,60.0,60,33.91263817654709,0,FREE_FLOW,arterial
2025-09-17 16:27:22.055745,road_0015,40.725062561880804,-73.7940196317338,1756,80.0,80,42.91372949877826,0,FREE_FLOW,highway
2025-09-17 16:27:22.055745,road_0016,40.70107439756184,-73.79401468643744,2104,71.21457905694184,80,47.59048733676497,0,FREE_FLOW,highway
2025-09-17 16:27:22.055745,road_0017,40.75604341426178,-74.00070820437055,1351,60.0,60,53.02169490021893,0,FREE_FLOW,arterial
2025-09-17 16:27:22.055745,road_0018,40.777249530657826,-74.01730375345964,1971,59.80189840832707,60,68.97364258447776,0,FREE_FLOW,arterial
2025-09-17 16:27:22.055745,road_0019,40.7690872447115,-73.993554507777,1500,40.12815577918133,45,91.00977888824816,0,FREE_FLOW,collector
2025-09-17 16:42:22.055745,road_0000,40.66847506300489,-73.73807969374211,1273,60.0,60,51.75980149779532,0,FREE_FLOW,arterial
2025-09-17 16:42:22.055745,road_0001,40.7198987295828,-73.74706387556736,1574,80.0,80,41.694980416974516,0,FREE_FLOW,highway
2025-09-17 16:42:22.055745,road_0002,40.74994808923203,-73.79014932806467,573,45.0,45,38.160807861137386,0,FREE_FLOW,collector
2025-09-17 16:42:22.055745,road_0003,40.74309158226195,-73.96661727077273,2210,58.34207786776361,60,80.08602629222702,0,FREE_FLOW,arterial
2025-09-17 16:42:22.055745,road_0004,40.74719920513,-73.97825297690737,1500,38.64823027850162,45,100.0,0,FREE_FLOW,collector
2025-09-17 16:42:22.055745,road_0005,40.65630618807343,-73.82360585825539,2505,80.0,80,63.562519317520895,0,FREE_FLOW,highway
2025-09-17 16:42:22.055745,road_0006,40.75804890186165,-73.93570569353813,946,45.0,45,66.14654851346269,0,FREE_FLOW,collector
2025-09-17 16:42:22.055745,road_0007,40.73736741980714,-73.97783773036258,1561,56.97265202646314,60,53.03008110290412,0,FREE_FLOW,arterial
2025-09-17 16:42:22.055745,road_0008,40.74218505875765,-73.99219447365964,405,33.652461154665126,35,58.84836570360158,0,FREE_FLOW,local
2025-09-17 16:42:22.055745,road_0009,40.75925042330636,-73.9733779780817,2247,55.686428957656176,60,91.82191540373441,0,FREE_FLOW,arterial
2025-09-17 16:42:22.055745,road_0010,40.750335863940855,-73.9667968640636,1871,55.96581457436404,60,82.53928616361175,0,FREE_FLOW,arterial
2025-09-17 16:42:22.055745,road_0011,40.757416219068794,-73.98397817262654,2059,54.97515308414125,60,88.09539006714255,0,FREE_FLOW,arterial
2025-09-17 16:42:22.055745,road_0012,40.72784698827304,-73.99864431466133,662,31.336461871877763,35,92.50319184682503,0,FREE_FLOW,local
2025-09-17 16:42:22.055745,road_0013,40.79057560223081,-73.78406564317166,2342,80.0,80,52.6743481016828,0,FREE_FLOW,highway
2025-09-17 16:42:22.055745,road_0014,40.76637078211215,-73.84177010778228,1176,60.0,60,55.34514369835646,0,FREE_FLOW,arterial
2025-09-17 16:42:22.055745,road_0015,40.725062561880804,-73.7940196317338,1246,80.0,80,29.376789329982877,0,FREE_FLOW,highway
2025-09-17 16:42:22.055745,road_0016,40.70107439756184,-73.79401468643744,2469,78.84367601182079,80,61.7136353973367,0,FREE_FLOW,highway
2025-09-17 16:42:22.055745,road_0017,40.75604341426178,-74.00070820437055,1709,58.0978698531344,60,66.74779223333942,0,FREE_FLOW,arterial
2025-09-17 16:42:22.055745,road_0018,40.777249530657826,-74.01730375345964,2500,53.11547122592236,60,94.02197454885335,0,FREE_FLOW,arterial
2025-09-17 16:42:22.055745,road_0019,40.7690872447115,-73.993554507777,1478,37.139102752427604,45,89.0995588213867,0,FREE_FLOW,collector
2025-09-17 16:57:22.055745,road_0000,40.66847506300489,-73.73807969374211,1051,58.63062211788202,60,32.26984946596231,0,FREE_FLOW,arterial
2025-09-17 16:57:22.055745,road_0001,40.7198987295828,-73.74706387556736,2265,80.0,80,56.95348776437222,0,FREE_FLOW,highway
2025-09-17 16:57:22.055745,road_0002,40.74994808923203,-73.79014932806467,1118,45.0,45,78.94464430622145,0,FREE_FLOW,collector
2025-09-17 16:57:22.055745,road_0003,40.74309158226195,-73.96661727077273,2421,57.50824900620937,60,86.99928809490902,0,FREE_FLOW,arterial
2025-09-17 16:57:22.055745,road_0004,40.74719920513,-73.97825297690737,1500,41.02850217005548,45,95.09764497829765,0,FREE_FLOW,collector
2025-09-17 16:57:22.055745,road_0005,40.65630618807343,-73.82360585825539,1368,75.30243474305436,80,40.762336580126856,0,FREE_FLOW,highway
2025-09-17 16:57:22.055745,road_0006,40.75804890186165,-73.93570569353813,1295,40.48780259063169,45,88.97766528841231,0,FREE_FLOW,collector
2025-09-17 16:57:22.055745,road_0007,40.73736741980714,-73.97783773036258,1604,60.0,60,60.53217925527214,0,FREE_FLOW,arterial
2025-09-17 16:57:22.055745,road_0008,40.74218505875765,-73.99219447365964,607,33.48642347437309,35,72.85280150083648,0,FREE_FLOW,local
2025-09-17 16:57:22.055745,road_0009,40.75925042330636,-73.9733779780817,2500,51.775758065479415,60,96.89562840145294,0,FREE_FLOW,arterial
2025-09-17 16:57:22.055745,road_0010,40.750335863940855,-73.9667968640636,1685,57.72344152090624,60,63.318857777173136,0,FREE_FLOW,arterial
2025-09-17 16:57:22.055745,road_0011,40.757416219068794,-73.98397817262654,2270,54.33269431156883,60,88.49607234442206,0,FREE_FLOW,arterial
2025-09-17 16:57:22.055745,road_0012,40.72784698827304,-73.99864431466133,744,31.669642584369697,35,100.0,0,FREE_FLOW,local
2025-09-17 16:57:22.055745,road_0013,40.79057560223081,-73.78406564317166,2246,76.38474944954278,80,56.97739220314537,0,FREE_FLOW,highway
2025-09-17 16:57:22.055745,road_0014,40.76637078211215,-73.84177010778228,1219,54.99166881762649,60,56.393249646654255,0,FREE_FLOW,arterial
2025-09-17 16:57:22.055745,road_0015,40.725062561880804,-73.7940196317338,2244,74.28660378404157,80,48.46830078351864,0,FREE_FLOW,highway
2025-09-17 16:57:22.055745,road_0016,40.70107439756184,-73.79401468643744,1389,76.11560288928743,80,29.599589650486838,0,FREE_FLOW,highway
2025-09-17 16:57:22.055745,road_0017,40.75604341426178,-74.00070820437055,2122,60.0,60,86.31824407701201,0,FREE_FLOW,arterial
2025-09-17 16:57:22.055745,road_0018,40.777249530657826,-74.01730375345964,2305,56.06995902883921,60,99.62936842753068,0,FREE_FLOW,arterial
2025-09-17 16:57:22.055745,road_0019,40.7690872447115,-73.993554507777,1500,37.780843031844526,45,94.0733427554537,0,FREE_FLOW,collector
2025-09-17 17:12:22.055745,road_0000,40.66847506300489,-73.73807969374211,2303,58.97125426206168,60,82.5628295094526,0,FREE_FLOW,arterial
2025-09-17 17:12:22.055745,road_0001,40.7198987295828,-73.74706387556736,4000,68.71785134262024,80,100.0,0,FREE_FLOW,highway
2025-09-17 17:12:22.055745,road_0002,40.74994808923203,-73.79014932806467,1500,41.20279021924653,45,92.28571539995959,0,FREE_FLOW,collector
2025-09-17 17:12:22.055745,road_0003,40.74309158226195,-73.96661727077273,2500,55.0590188102715,60,100.0,0,FREE_FLOW,arterial
2025-09-17 17:12:22.055745,road_0004,40.74719920513,-73.97825297690737,1500,38.411366531681146,45,100.0,0,FREE_FLOW,collector
2025-09-17 17:12:22.055745,road_0005,40.65630618807343,-73.82360585825539,4000,74.87392632961055,80,100.0,0,FREE_FLOW,highway
2025-09-17 17:12:22.055745,road_0006,40.75804890186165,-73.93570569353813,1500,38.85695411713549,45,100.0,0,FREE_FLOW,collector
2025-09-17 17:12:22.055745,road_0007,40.73736741980714,-73.97783773036258,2500,49.935743792541,60,92.54772832000678,0,FREE_FLOW,arterial
2025-09-17 17:12:22.055745,road_0008,40.74218505875765,-73.99219447365964,800,29.853896169415762,35,100.0,0,FREE_FLOW,local
2025-09-17 17:12:22.055745,road_0009,40.75925042330636,-73.9733779780817,2500,53.71590503948185,60,98.19478472885878,0,FREE_FLOW,arterial
2025-09-17 17:12:22.055745,road_0010,40.750335863940855,-73.9667968640636,2500,47.39463056253484,60,94.1591271857878,1,LIGHT,arterial
2025-09-17 17:12:22.055745,road_0011,40.757416219068794,-73.98397817262654,2500,55.80446487405234,60,100.0,0,FREE_FLOW,arterial
2025-09-17 17:12:22.055745,road_0012,40.72784698827304,-73.99864431466133,800,30.516154323108186,35,99.0095714294119,0,FREE_FLOW,local
2025-09-17 17:12:22.055745,road_0013,40.79057560223081,-73.78406564317166,4000,63.204696419048545,80,100.0,1,LIGHT,highway
2025-09-17 17:12:22.055745,road_0014,40.76637078211215,-73.84177010778228,1689,59.44330480665472,60,72.14469485827286,0,FREE_FLOW,arterial
2025-09-17 17:12:22.055745,road_0015,40.725062561880804,-73.7940196317338,3872,64.26170693609586,80,94.18963868062761,0,FREE_FLOW,highway
2025-09-17 17:12:22.055745,road_0016,40.70107439756184,-73.79401468643744,3472,78.60858559703993,80,84.38453074360898,0,FREE_FLOW,highway
2025-09-17 17:12:22.055745,road_0017,40.75604341426178,-74.00070820437055,2500,47.951703675892794,60,100.0,1,LIGHT,arterial
2025-09-17 17:12:22.055745,road_0018,40.777249530657826,-74.01730375345964,2500,51.4024797665332,60,100.0,0,FREE_FLOW,arterial
2025-09-17 17:12:22.055745,road_0019,40.7690872447115,-73.993554507777,1500,40.51935715948806,45,97.00405982181461,0,FREE_FLOW,collector
2025-09-17 17:27:22.055745,road_0000,40.66847506300489,-73.73807969374211,2134,57.94437782261055,60,79.50484599537756,0,FREE_FLOW,arterial
2025-09-17 17:27:22.055745,road_0001,40.7198987295828,-73.74706387556736,3278,73.2935533205785,80,78.88925319469118,0,FREE_FLOW,highway
2025-09-17 17:27:22.055745,road_0002,40.74994808923203,-73.79014932806467,801,43.86346134372333,45,55.50823515015175,0,FREE_FLOW,collector
2025-09-17 17:27:22.055745,road_0003,40.74309158226195,-73.96661727077273,2500,54.86887609101975,60,100.0,0,FREE_FLOW,arterial
2025-09-17 17:27:22.055745,road_0004,40.74719920513,-73.97825297690737,1500,38.239919943785466,45,100.0,0,FREE_FLOW,collector
2025-09-17 17:27:22.055745,road_0005,40.65630618807343,-73.82360585825539,3241,80.0,80,83.02042629940996,0,FREE_FLOW,highway
2025-09-17 17:27:22.055745,road_0006,40.75804890186165,-73.93570569353813,1500,39.58378000552723,45,100.0,0,FREE_FLOW,collector
2025-09-17 17:27:22.055745,road_0007,40.73736741980714,-73.97783773036258,2500,51.66027426664032,60,98.87718376842602,0,FREE_FLOW,arterial
2025-09-17 17:27:22.055745,road_0008,40.74218505875765,-73.99219447365964,800,30.637182430394542,35,100.0,0,FREE_FLOW,local
2025-09-17 17:27:22.055745,road_0009,40.75925042330636,-73.9733779780817,2500,52.47364611233151,60,94.50083752341745,0,FREE_FLOW,arterial
2025-09-17 17:27:22.055745,road_0010,40.750335863940855,-73.9667968640636,2500,53.78826861241357,60,95.56915092747145,0,FREE_FLOW,arterial
2025-09-17 17:27:22.055745,road_0011,40.757416219068794,-73.98397817262654,2500,55.53023930047066,60,100.0,0,FREE_FLOW,arterial
2025-09-17 17:27:22.055745,road_0012,40.72784698827304,-73.99864431466133,800,32.10055474284319,35,100.0,0,FREE_FLOW,local
2025-09-17 17:27:22.055745,road_0013,40.79057560223081,-73.78406564317166,3617,72.1846487519971,80,84.76961772906022,0,FREE_FLOW,highway
2025-09-17 17:27:22.055745,road_0014,40.76637078211215,-73.84177010778228,1627,60.0,60,72.84928219845841,0,FREE_FLOW,arterial
2025-09-17 17:27:22.055745,road_0015,40.725062561880804,-73.7940196317338,4000,68.57718166039501,80,100.0,0,FREE_FLOW,highway
2025-09-17 17:27:22.055745,road_0016,40.70107439756184,-73.79401468643744,2513,77.17919146218617,80,67.549577650571,0,FREE_FLOW,highway
2025-09-17 17:27:22.055745,road_0017,40.75604341426178,-74.00070820437055,2500,55.43701168584066,60,100.0,0,FREE_FLOW,arterial
2025-09-17 17:27:22.055745,road_0018,40.777249530657826,-74.01730375345964,2500,56.380108464798674,60,100.0,0,FREE_FLOW,arterial
2025-09-17 17:27:22.055745,road_0019,40.7690872447115,-73.993554507777,1500,35.262145419345316,45,100.0,1,LIGHT,collector
2025-09-17 17:42:22.055745,road_0000,40.66847506300489,-73.73807969374211,2137,53.53029788498058,60,81.56060544895999,0,FREE_FLOW,arterial
2025-09-17 17:42:22.055745,road_0001,40.7198987295828,-73.74706387556736,4000,68.25755550199808,80,100.0,0,FREE_FLOW,highway
2025-09-17 17:42:22.055745,road_0002,40.74994808923203,-73.79014932806467,597,40.489293662858145,45,36.04392736435208,0,FREE_FLOW,collector
2025-09-17 17:42:22.055745,road_0003,40.74309158226195,-73.96661727077273,2500,50.18041033114594,60,100.0,0,FREE_FLOW,arterial
2025-09-17 17:42:22.055745,road_0004,40.74719920513,-73.97825297690737,1500,42.56149886497679,45,90.10692321708729,0,FREE_FLOW,collector
2025-09-17 17:42:22.055745,road_0005,40.65630618807343,-73.82360585825539,3042,69.61625180786959,80,73.86187215163564,0,FREE_FLOW,highway
2025-09-17 17:42:22.055745,road_0006,40.75804890186165,-73.93570569353813,1500,36.300799513012656,45,100.0,0,FREE_FLOW,collector
2025-09-17 17:42:22.055745,road_0007,40.73736741980714,-73.97783773036258,2500,50.91263643522415,60,100.0,0,FREE_FLOW,arterial
2025-09-17 17:42:22.055745,road_0008,40.74218505875765,-73.99219447365964,800,30.24782312285264,35,100.0,0,FREE_FLOW,local
2025-09-17 17:42:22.055745,road_0009,40.75925042330636,-73.9733779780817,2500,51.76869810004081,60,100.0,0,FREE_FLOW,arterial
2025-09-17 17:42:22.055745,road_0010,40.750335863940855,-73.9667968640636,2500,55.6469415847208,60,100.0,0,FREE_FLOW,arterial
2025-09-17 17:42:22.055745,road_0011,40.757416219068794,-73.98397817262654,2500,56.60918791662277,60,92.2012656840223,0,FREE_FLOW,arterial
2025-09-17 17:42:22.055745,road_0012,40.72784698827304,-73.99864431466133,800,33.32150746001157,35,100.0,0,FREE_FLOW,local
2025-09-17 17:42:22.055745,road_0013,40.79057560223081,-73.78406564317166,2135,80.0,80,58.33088699518744,0,FREE_FLOW,highway
2025-09-17 17:42:22.055745,road_0014,40.76637078211215,-73.84177010778228,1743,58.87022317682364,60,60.56684557544767,0,FREE_FLOW,arterial
2025-09-17 17:42:22.055745,road_0015,40.725062561880804,-73.7940196317338,3874,73.29346325403291,80,88.06209815429821,0,FREE_FLOW,highway
2025-09-17 17:42:22.055745,road_0016,40.70107439756184,-73.79401468643744,1693,78.89816688659913,80,41.39657999845669,0,FREE_FLOW,highway
2025-09-17 17:42:22.055745,road_0017,40.75604341426178,-74.00070820437055,2500,56.90645319497228,60,100.0,0,FREE_FLOW,arterial
2025-09-17 17:42:22.055745,road_0018,40.777249530657826,-74.01730375345964,2500,53.66167941207271,60,100.0,0,FREE_FLOW,arterial
2025-09-17 17:42:22.055745,road_0019,40.7690872447115,-73.993554507777,1500,39.86673480445863,45,91.89816882534693,0,FREE_FLOW,collector
2025-09-17 17:57:22.055745,road_0000,40.66847506300489,-73.73807969374211,2099,60.0,60,78.57589307853064,0,FREE_FLOW,arterial
2025-09-17 17:57:22.055745,road_0001,40.7198987295828,-73.74706387556736,3409,75.56844221248014,80,89.03859542296013,0,FREE_FLOW,highway
2025-09-17 17:57:22.055745,road_0002,40.74994808923203,-73.79014932806467,1500,38.155626075661935,45,100.0,0,FREE_FLOW,collector
2025-09-17 17:57:22.055745,road_0003,40.74309158226195,-73.96661727077273,2500,49.04924846447235,60,92.50441119033663,0,FREE_FLOW,arterial
2025-09-17 17:57:22.055745,road_0004,40.74719920513,-73.97825297690737,1500,40.06167311503244,45,100.0,0,FREE_FLOW,collector
2025-09-17 17:57:22.055745,road_0005,40.65630618807343,-73.82360585825539,4000,67.44357679895906,80,92.55873849023567,0,FREE_FLOW,highway
2025-09-17 17:57:22.055745,road_0006,40.75804890186165,-73.93570569353813,1500,42.19742428635572,45,100.0,0,FREE_FLOW,collector
2025-09-17 17:57:22.055745,road_0007,40.73736741980714,-73.97783773036258,2500,51.299666700994955,60,100.0,0,FREE_FLOW,arterial
2025-09-17 17:57:22.055745,road_0008,40.74218505875765,-73.99219447365964,800,33.1275514591443,35,91.10445041486057,0,FREE_FLOW,local
2025-09-17 17:57:22.055745,road_0009,40.75925042330636,-73.9733779780817,2500,57.23795303256299,60,100.0,0,FREE_FLOW,arterial
2025-09-17 17:57:22.055745,road_0010,40.750335863940855,-73.9667968640636,2500,48.57987586298403,60,90.17412294125087,0,FREE_FLOW,arterial
2025-09-17 17:57:22.055745,road_0011,40.757416219068794,-73.98397817262654,2500,47.17065197978427,60,94.39413580782801,1,LIGHT,arterial
2025-09-17 17:57:22.055745,road_0012,40.72784698827304,-73.99864431466133,800,29.232481047109125,35,97.07393373161467,0,FREE_FLOW,local
2025-09-17 17:57:22.055745,road_0013,40.79057560223081,-73.78406564317166,4000,73.4163941862941,80,100.0,0,FREE_FLOW,highway
2025-09-17 17:57:22.055745,road_0014,40.76637078211215,-73.84177010778228,1575,53.909151971445084,60,58.42731927078021,0,FREE_FLOW,arterial
2025-09-17 17:57:22.055745,road_0015,40.725062561880804,-73.7940196317338,4000,64.77886419059386,80,100.0,0,FREE_FLOW,highway
2025-09-17 17:57:22.055745,road_0016,40.70107439756184,-73.79401468643744,3742,69.05374156822188,80,89.6224787628768,0,FREE_FLOW,highway
2025-09-17 17:57:22.055745,road_0017,40.75604341426178,-74.00070820437055,2500,51.566050347523905,60,100.0,0,FREE_FLOW,arterial
2025-09-17 17:57:22.055745,road_0018,40.777249530657826,-74.01730375345964,2500,49.89828566509283,60,100.0,0,FREE_FLOW,arterial
2025-09-17 17:57:22.055745,road_0019,40.7690872447115,-73.993554507777,1500,39.50011972503113,45,96.9412473699879,0,FREE_FLOW,collector
2025-09-17 18:12:22.055745,road_0000,40.66847506300489,-73.73807969374211,2500,47.42568460791184,60,93.98491908816628,1,LIGHT,arterial
2025-09-17 18:12:22.055745,road_0001,40.7198987295828,-73.74706387556736,2144,80.0,80,58.90320657633533,0,FREE_FLOW,highway
2025-09-17 18:12:22.055745,road_0002,40.74994808923203,-73.79014932806467,671,45.0,45,44.15068045779687,0,FREE_FLOW,collector
2025-09-17 18:12:22.055745,road_0003,40.74309158226195,-73.96661727077273,2500,48.177513650691616,60,100.0,0,FREE_FLOW,arterial
2025-09-17 18:12:22.055745,road_0004,40.74719920513,-73.97825297690737,1500,38.47418113805693,45,100.0,0,FREE_FLOW,collector
2025-09-17 18:12:22.055745,road_0005,40.65630618807343,-73.82360585825539,3725,76.46006600987357,80,100.0,0,FREE_FLOW,highway
2025-09-17 18:12:22.055745,road_0006,40.75804890186165,-73.93570569353813,1500,42.023004123715666,45,100.0,0,FREE_FLOW,collector
2025-09-17 18:12:22.055745,road_0007,40.73736741980714,-73.97783773036258,2500,54.694983855149076,60,100.0,0,FREE_FLOW,arterial
2025-09-17 18:12:22.055745,road_0008,40.74218505875765,-73.99219447365964,800,28.39749217649194,35,100.0,0,FREE_FLOW,local
2025-09-17 18:12:22.055745,road_0009,40.75925042330636,-73.9733779780817,2500,56.38112117044622,60,98.13113567616209,0,FREE_FLOW,arterial
2025-09-17 18:12:22.055745,road_0010,40.750335863940855,-73.9667968640636,2500,50.82959494976903,60,100.0,0,FREE_FLOW,arterial
2025-09-17 18:12:22.055745,road_0011,40.757416219068794,-73.98397817262654,2500,56.28506300918569,60,100.0,0,FREE_FLOW,arterial
2025-09-17 18:12:22.055745,road_0012,40.72784698827304,-73.99864431466133,800,29.446560968691,35,100.0,0,FREE_FLOW,local
2025-09-17 18:12:22.055745,road_0013,40.79057560223081,-73.78406564317166,3706,72.32701305869192,80,87.70292061242574,0,FREE_FLOW,highway
2025-09-17 18:12:22.055745,road_0014,40.76637078211215,-73.84177010778228,2091,57.27709835515239,60,88.67352344045838,0,FREE_FLOW,arterial
2025-09-17 18:12:22.055745,road_0015,40.725062561880804,-73.7940196317338,2839,72.93664149130133,80,68.50560575578596,0,FREE_FLOW,highway
2025-09-17 18:12:22.055745,road_0016,40.70107439756184,-73.79401468643744,2546,74.86014231261095,80,57.640106298592166,0,FREE_FLOW,highway
2025-09-17 18:12:22.055745,road_0017,40.75604341426178,-74.00070820437055,2500,53.32112930708924,60,100.0,0,FREE_FLOW,arterial
2025-09-17 18:12:22.055745,road_0018,40.777249530657826,-74.01730375345964,2500,47.02367177214048,60,100.0,1,LIGHT,arterial
2025-09-17 18:12:22.055745,road_0019,40.7690872447115,-73.993554507777,1500,41.168538091428054,45,100.0,0,FREE_FLOW,collector
2025-09-17 18:27:22.055745,road_0000,40.66847506300489,-73.73807969374211,2166,53.94976761060642,60,95.34344173452988,0,FREE_FLOW,arterial
2025-09-17 18:27:22.055745,road_0001,40.7198987295828,-73.74706387556736,3730,75.62856159931161,80,96.73799303627963,0,FREE_FLOW,highway
2025-09-17 18:27:22.055745,road_0002,40.74994808923203,-73.79014932806467,737,45.0,45,43.668157021472226,0,FREE_FLOW,collector
2025-09-17 18:27:22.055745,road_0003,40.74309158226195,-73.96661727077273,2500,53.49205932162987,60,92.46801630411193,0,FREE_FLOW,arterial
2025-09-17 18:27:22.055745,road_0004,40.74719920513,-73.97825297690737,1500,43.01529099401001,45,100.0,0,FREE_FLOW,collector
2025-09-17 18:27:22.055745,road_0005,40.65630618807343,-73.82360585825539,4000,67.28357647290588,80,94.31001517735102,0,FREE_FLOW,highway
2025-09-17 18:27:22.055745,road_0006,40.75804890186165,-73.93570569353813,1500,36.69761034800597,45,100.0,0,FREE_FLOW,collector
2025-09-17 18:27:22.055745,road_0007,40.73736741980714,-73.97783773036258,2500,49.04182196120286,60,100.0,0,FREE_FLOW,arterial
2025-09-17 18:27:22.055745,road_0008,40.74218505875765,-73.99219447365964,800,28.67432186563724,35,100.0,0,FREE_FLOW,local
2025-09-17 18:27:22.055745,road_0009,40.75925042330636,-73.9733779780817,2500,56.63327144959615,60,100.0,0,FREE_FLOW,arterial
2025-09-17 18:27:22.055745,road_0010,40.750335863940855,-73.9667968640636,2500,51.455085966229625,60,100.0,0,FREE_FLOW,arterial
2025-09-17 18:27:22.055745,road_0011,40.757416219068794,-73.98397817262654,2500,50.008867048447854,60,98.37164571062978,0,FREE_FLOW,arterial
2025-09-17 18:27:22.055745,road_0012,40.72784698827304,-73.99864431466133,800,31.269272091974873,35,90.82998334366158,0,FREE_FLOW,local
2025-09-17 18:27:22.055745,road_0013,40.79057560223081,-73.78406564317166,3659,69.43764554942292,80,85.32119792067255,0,FREE_FLOW,highway
2025-09-17 18:27:22.055745,road_0014,40.76637078211215,-73.84177010778228,2282,52.71547058991352,60,91.40660618708536,0,FREE_FLOW,arterial
2025-09-17 18:27:22.055745,road_0015,40.725062561880804,-73.7940196317338,4000,72.04332286544988,80,99.11238312874504,0,FREE_FLOW,highway
2025-09-17 18:27:22.055745,road_0016,40.70107439756184,-73.79401468643744,3090,80.0,80,75.9628958091302,0,FREE_FLOW,highway
2025-09-17 18:27:22.055745,road_0017,40.75604341426178,-74.00070820437055,2500,55.8212265963955,60,96.26326403659554,0,FREE_FLOW,arterial
2025-09-17 18:27:22.055745,road_0018,40.777249530657826,-74.01730375345964,2500,57.23317298052621,60,100.0,0,FREE_FLOW,arterial
2025-09-17 18:27:22.055745,road_0019,40.7690872447115,-73.993554507777,1500,36.507793903553264,45,93.96982149210699,0,FREE_FLOW,collector
2025-09-17 18:42:22.055745,road_0000,40.66847506300489,-73.73807969374211,1639,56.5306023253456,60,61.01899989462976,0,FREE_FLOW,arterial
2025-09-17 18:42:22.055745,road_0001,40.7198987295828,-73.74706387556736,3519,66.13780261785507,80,81.76286835769693,0,FREE_FLOW,highway
2025-09-17 18:42:22.055745,road_0002,40.74994808923203,-73.79014932806467,828,42.36732937167062,45,58.15032929686727,0,FREE_FLOW,collector
2025-09-17 18:42:22.055745,road_0003,40.74309158226195,-73.96661727077273,2500,56.78121297688113,60,92.2959385450256,0,FREE_FLOW,arterial
2025-09-17 18:42:22.055745,road_0004,40.74719920513,-73.97825297690737,1500,37.16967290316443,45,100.0,0,FREE_FLOW,collector
2025-09-17 18:42:22.055745,road_0005,40.65630618807343,-73.82360585825539,4000,73.14733141496652,80,97.13537423246545,0,FREE_FLOW,highway
2025-09-17 18:42:22.055745,road_0006,40.75804890186165,-73.93570569353813,1333,40.657030674549326,45,81.00781023775039,0,FREE_FLOW,collector
2025-09-17 18:42:22.055745,road_0007,40.73736741980714,-73.97783773036258,2500,55.963153437242504,60,100.0,0,FREE_FLOW,arterial
2025-09-17 18:42:22.055745,road_0008,40.74218505875765,-73.99219447365964,800,28.10301282493717,35,99.71634857825264,0,FREE_FLOW,local
2025-09-17 18:42:22.055745,road_0009,40.75925042330636,-73.9733779780817,2500,54.61443266924391,60,92.74178916157513,0,FREE_FLOW,arterial
2025-09-17 18:42:22.055745,road_0010,40.750335863940855,-73.9667968640636,2500,50.66224328090935,60,97.80240469376679,0,FREE_FLOW,arterial
2025-09-17 18:42:22.055745,road_0011,40.757416219068794,-73.98397817262654,2500,53.02348284085588,60,90.30353764573654,0,FREE_FLOW,arterial
2025-09-17 18:42:22.055745,road_0012,40.72784698827304,-73.99864431466133,800,31.65028640296606,35,100.0,0,FREE_FLOW,local
2025-09-17 18:42:22.055745,road_0013,40.79057560223081,-73.78406564317166,2981,70.08109463719676,80,83.3781835393326,0,FREE_FLOW,highway
2025-09-17 18:42:22.055745,road_0014,40.76637078211215,-73.84177010778228,1709,53.166380741627805,60,60.33474413765332,0,FREE_FLOW,arterial
2025-09-17 18:42:22.055745,road_0015,40.725062561880804,-73.7940196317338,2317,74.36460054427464,80,59.626568844124066,0,FREE_FLOW,highway
2025-09-17 18:42:22.055745,road_0016,40.70107439756184,-73.79401468643744,4000,71.19226472882787,80,100.0,0,FREE_FLOW,highway
2025-09-17 18:42:22.055745,road_0017,40.75604341426178,-74.00070820437055,2500,55.194702244424896,60,100.0,0,FREE_FLOW,arterial
2025-09-17 18:42:22.055745,road_0018,40.777249530657826,-74.01730375345964,2500,51.37615216687197,60,94.924883219412,0,FREE_FLOW,arterial
2025-09-17 18:42:22.055745,road_0019,40.7690872447115,-73.993554507777,1500,37.0962057951201,45,100.0,0,FREE_FLOW,collector
2025-09-17 18:57:22.055745,road_0000,40.66847506300489,-73.73807969374211,1133,59.90397906511322,60,35.865000239016304,0,FREE_FLOW,arterial
2025-09-17 18:57:22.055745,road_0001,40.7198987295828,-73.74706387556736,2817,71.56556335463524,80,71.91373511744413,0,FREE_FLOW,highway
2025-09-17 18:57:22.055745,road_0002,40.74994808923203,-73.79014932806467,1500,35.81561630378699,45,100.0,1,LIGHT,collector
2025-09-17 18:57:22.055745,road_0003,40.74309158226195,-73.96661727077273,2500,47.49689623025549,60,93.16607800211229,1,LIGHT,arterial
2025-09-17 18:57:22.055745,road_0004,40.74719920513,-73.97825297690737,1500,38.021749486995716,45,100.0,0,FREE_FLOW,collector
2025-09-17 18:57:22.055745,road_0005,40.65630618807343,-73.82360585825539,4000,64.5509407632668,80,93.65344768479336,0,FREE_FLOW,highway
2025-09-17 18:57:22.055745,road_0006,40.75804890186165,-73.93570569353813,1500,37.37549273041004,45,100.0,0,FREE_FLOW,collector
2025-09-17 18:57:22.055745,road_0007,40.73736741980714,-73.97783773036258,2500,47.755494870610846,60,100.0,1,LIGHT,arterial
2025-09-17 18:57:22.055745,road_0008,40.74218505875765,-73.99219447365964,800,29.289230398861207,35,100.0,0,FREE_FLOW,local
2025-09-17 18:57:22.055745,road_0009,40.75925042330636,-73.9733779780817,2500,50.422015130171744,60,100.0,0,FREE_FLOW,arterial
2025-09-17 18:57:22.055745,road_0010,40.750335863940855,-73.9667968640636,2500,49.451922213229814,60,94.47965091730163,0,FREE_FLOW,arterial
2025-09-17 18:57:22.055745,road_0011,40.757416219068794,-73.98397817262654,2500,54.191323343318686,60,90.88080758776928,0,FREE_FLOW,arterial
2025-09-17 18:57:22.055745,road_0012,40.72784698827304,-73.99864431466133,800,33.11415855544746,35,100.0,0,FREE_FLOW,local
2025-09-17 18:57:22.055745,road_0013,40.79057560223081,-73.78406564317166,1728,80.0,80,41.963534333327104,0,FREE_FLOW,highway
2025-09-17 18:57:22.055745,road_0014,40.76637078211215,-73.84177010778228,2500,52.5042889436294,60,100.0,0,FREE_FLOW,arterial
2025-09-17 18:57:22.055745,road_0015,40.725062561880804,-73.7940196317338,2985,73.20277905762462,80,68.96412491727759,0,FREE_FLOW,highway
2025-09-17 18:57:22.055745,road_0016,40.70107439756184,-73.79401468643744,2703,72.24100345027072,80,75.71997888712812,0,FREE_FLOW,highway
2025-09-17 18:57:22.055745,road_0017,40.75604341426178,-74.00070820437055,2500,47.95543361472415,60,100.0,1,LIGHT,arterial
2025-09-17 18:57:22.055745,road_0018,40.777249530657826,-74.01730375345964,2500,50.22313194848501,60,95.24685933561892,0,FREE_FLOW,arterial
2025-09-17 18:57:22.055745,road_0019,40.7690872447115,-73.993554507777,1500,38.188305113100036,45,99.29226337617942,0,FREE_FLOW,collector
2025-09-17 19:12:22.055745,road_0000,40.66847506300489,-73.73807969374211,1131,57.41714590959803,60,37.067482097208185,0,FREE_FLOW,arterial
2025-09-17 19:12:22.055745,road_0001,40.7198987295828,-73.74706387556736,1545,78.83924809448794,80,36.58955587916023,0,FREE_FLOW,highway
2025-09-17 19:12:22.055745,road_0002,40.74994808923203,-73.79014932806467,1286,45.0,45,75.89451540017573,0,FREE_FLOW,collector
2025-09-17 19:12:22.055745,road_0003,40.74309158226195,-73.96661727077273,2500,52.17889373078315,60,100.0,0,FREE_FLOW,arterial
2025-09-17 19:12:22.055745,road_0004,40.74719920513,-73.97825297690737,1500,37.36474908419417,45,100.0,0,FREE_FLOW,collector
2025-09-17 19:12:22.055745,road_0005,40.65630618807343,-73.82360585825539,2873,77.84297200642904,80,79.51210300911507,0,FREE_FLOW,highway
2025-09-17 19:12:22.055745,road_0006,40.75804890186165,-73.93570569353813,1500,37.755749799352614,45,100.0,0,FREE_FLOW,collector
2025-09-17 19:12:22.055745,road_0007,40.73736741980714,-73.97783773036258,2500,55.517497254876744,60,100.0,0,FREE_FLOW,arterial
2025-09-17 19:12:22.055745,road_0008,40.74218505875765,-73.99219447365964,800,31.161221025181206,35,97.64504503954916,0,FREE_FLOW,local
2025-09-17 19:12:22.055745,road_0009,40.75925042330636,-73.9733779780817,2500,48.95094353164067,60,100.0,0,FREE_FLOW,arterial
2025-09-17 19:12:22.055745,road_0010,40.750335863940855,-73.9667968640636,2500,49.023605391863896,60,96.08985065497902,0,FREE_FLOW,arterial
2025-09-17 19:12:22.055745,road_0011,40.757416219068794,-73.98397817262654,2500,52.14151845391356,60,98.39697395372636,0,FREE_FLOW,arterial
2025-09-17 19:12:22.055745,road_0012,40.72784698827304,-73.99864431466133,800,30.83299110717757,35,92.61002528234368,0,FREE_FLOW,local
2025-09-17 19:12:22.055745,road_0013,40.79057560223081,-73.78406564317166,2518,80.0,80,67.43465095223898,0,FREE_FLOW,highway
2025-09-17 19:12:22.055745,road_0014,40.76637078211215,-73.84177010778228,1424,55.04633903535886,60,48.00782591189723,0,FREE_FLOW,arterial
2025-09-17 19:12:22.055745,road_0015,40.725062561880804,-73.7940196317338,1678,80.0,80,36.649885550693824,0,FREE_FLOW,highway
2025-09-17 19:12:22.055745,road_0016,40.70107439756184,-73.79401468643744,3082,72.63814660945201,80,72.34031607977676,0,FREE_FLOW,highway
2025-09-17 19:12:22.055745,road_0017,40.75604341426178,-74.00070820437055,2500,49.18641539029908,60,100.0,0,FREE_FLOW,arterial
2025-09-17 19:12:22.055745,road_0018,40.777249530657826,-74.01730375345964,2500,54.58598968126871,60,100.0,0,FREE_FLOW,arterial
2025-09-17 19:12:22.055745,road_0019,40.7690872447115,-73.993554507777,1500,37.15726976396159,45,96.2741302410413,0,FREE_FLOW,collector
2025-09-17 19:27:22.055745,road_0000,40.66847506300489,-73.73807969374211,1656,52.557320336732744,60,67.56430031505232,0,FREE_FLOW,arterial
2025-09-17 19:27:22.055745,road_0001,40.7198987295828,-73.74706387556736,1449,80.0,80,37.546432928963306,0,FREE_FLOW,highway
2025-09-17 19:27:22.055745,road_0002,40.74994808923203,-73.79014932806467,596,41.18479081580944,45,33.62228622196711,0,FREE_FLOW,collector
2025-09-17 19:27:22.055745,road_0003,40.74309158226195,-73.96661727077273,2500,50.27013474646437,60,94.43563956384637,0,FREE_FLOW,arterial
2025-09-17 19:27:22.055745,road_0004,40.74719920513,-73.97825297690737,1500,36.72977803226741,45,91.79832489719405,0,FREE_FLOW,collector
2025-09-17 19:27:22.055745,road_0005,40.65630618807343,-73.82360585825539,1476,76.26384780646214,80,32.646534330178035,0,FREE_FLOW,highway
2025-09-17 19:27:22.055745,road_0006,40.75804890186165,-73.93570569353813,1206,44.54009616306832,45,87.81267762966982,0,FREE_FLOW,collector
2025-09-17 19:27:22.055745,road_0007,40.73736741980714,-73.97783773036258,2500,52.7244768838287,60,100.0,0,FREE_FLOW,arterial
2025-09-17 19:27:22.055745,road_0008,40.74218505875765,-73.99219447365964,800,32.93532060590322,35,95.92784013750567,0,FREE_FLOW,local
2025-09-17 19:27:22.055745,road_0009,40.75925042330636,-73.9733779780817,2500,51.210947172158875,60,96.93117519633095,0,FREE_FLOW,arterial
2025-09-17 19:27:22.055745,road_0010,40.750335863940855,-73.9667968640636,2339,54.72791356559142,60,100.0,0,FREE_FLOW,arterial
2025-09-17 19:27:22.055745,road_0011,40.757416219068794,-73.98397817262654,2500,57.14121076800213,60,94.93039811275966,0,FREE_FLOW,arterial
2025-09-17 19:27:22.055745,road_0012,40.72784698827304,-73.99864431466133,800,28.13459183606089,35,96.2382381107341,0,FREE_FLOW,local
2025-09-17 19:27:22.055745,road_0013,40.79057560223081,-73.78406564317166,1627,80.0,80,48.17736089116094,0,FREE_FLOW,highway
2025-09-17 19:27:22.055745,road_0014,40.76637078211215,-73.84177010778228,1018,54.31952012429755,60,32.8318309195328,0,FREE_FLOW,arterial
2025-09-17 19:27:22.055745,road_0015,40.725062561880804,-73.7940196317338,2751,70.20305831482479,80,60.41547370422941,0,FREE_FLOW,highway
2025-09-17 19:27:22.055745,road_0016,40.70107439756184,-73.79401468643744,2788,77.33608646847118,80,68.59056506100318,0,FREE_FLOW,highway
2025-09-17 19:27:22.055745,road_0017,40.75604341426178,-74.00070820437055,2310,56.91682392117542,60,89.43610012820706,0,FREE_FLOW,arterial
2025-09-17 19:27:22.055745,road_0018,40.777249530657826,-74.01730375345964,2500,54.97049149892046,60,100.0,0,FREE_FLOW,arterial
2025-09-17 19:27:22.055745,road_0019,40.7690872447115,-73.993554507777,1500,40.424597283278395,45,100.0,0,FREE_FLOW,collector
2025-09-17 19:42:22.055745,road_0000,40.66847506300489,-73.73807969374211,1572,57.800067331528425,60,53.35064988828198,0,FREE_FLOW,arterial
2025-09-17 19:42:22.055745,road_0001,40.7198987295828,-73.74706387556736,1616,80.0,80,32.39093025617551,0,FREE_FLOW,highway
2025-09-17 19:42:22.055745,road_0002,40.74994808923203,-73.79014932806467,820,44.336154826222,45,54.085667842116955,0,FREE_FLOW,collector
2025-09-17 19:42:22.055745,road_0003,40.74309158226195,-73.96661727077273,2500,55.215271731021076,60,100.0,0,FREE_FLOW,arterial
2025-09-17 19:42:22.055745,road_0004,40.74719920513,-73.97825297690737,1500,37.469984077969094,45,91.2201428601079,0,FREE_FLOW,collector
2025-09-17 19:42:22.055745,road_0005,40.65630618807343,-73.82360585825539,1775,73.99801396601806,80,37.076602924515214,0,FREE_FLOW,highway
2025-09-17 19:42:22.055745,road_0006,40.75804890186165,-73.93570569353813,1500,35.259690707003514,45,100.0,1,LIGHT,collector
2025-09-17 19:42:22.055745,road_0007,40.73736741980714,-73.97783773036258,2123,50.29712716394871,60,77.78790740021785,0,FREE_FLOW,arterial
2025-09-17 19:42:22.055745,road_0008,40.74218505875765,-73.99219447365964,800,31.415638912174682,35,96.47639149804863,0,FREE_FLOW,local
2025-09-17 19:42:22.055745,road_0009,40.75925042330636,-73.9733779780817,2500,49.172180601254524,60,100.0,0,FREE_FLOW,arterial
2025-09-17 19:42:22.055745,road_0010,40.750335863940855,-73.9667968640636,2500,57.359052715715016,60,92.26881634207834,0,FREE_FLOW,arterial
2025-09-17 19:42:22.055745,road_0011,40.757416219068794,-73.98397817262654,2500,48.27533658162436,60,98.2274914282518,0,FREE_FLOW,arterial
2025-09-17 19:42:22.055745,road_0012,40.72784698827304,-73.99864431466133,782,32.88987918760492,35,100.0,0,FREE_FLOW,local
2025-09-17 19:42:22.055745,road_0013,40.79057560223081,-73.78406564317166,2598,80.0,80,68.4069426697709,0,FREE_FLOW,highway
2025-09-17 19:42:22.055745,road_0014,40.76637078211215,-73.84177010778228,1553,57.49046856486093,60,68.23051827152113,0,FREE_FLOW,arterial
2025-09-17 19:42:22.055745,road_0015,40.725062561880804,-73.7940196317338,3148,68.45581454556093,80,72.01802048741573,0,FREE_FLOW,highway
2025-09-17 19:42:22.055745,road_0016,40.70107439756184,-73.79401468643744,2118,73.17693277233546,80,59.74640704406976,0,FREE_FLOW,highway
2025-09-17 19:42:22.055745,road_0017,40.75604341426178,-74.00070820437055,2500,55.84272333187012,60,93.01374974001668,0,FREE_FLOW,arterial
2025-09-17 19:42:22.055745,road_0018,40.777249530657826,-74.01730375345964,2500,57.33302887887521,60,100.0,0,FREE_FLOW,arterial
2025-09-17 19:42:22.055745,road_0019,40.7690872447115,-73.993554507777,1500,40.026410432699734,45,100.0,0,FREE_FLOW,collector
2025-09-17 19:57:22.055745,road_0000,40.66847506300489,-73.73807969374211,1437,54.09426072483705,60,62.60668539165773,0,FREE_FLOW,arterial
2025-09-17 19:57:22.055745,road_0001,40.7198987295828,-73.74706387556736,3063,75.19945237743431,80,69.13049305579982,0,FREE_FLOW,highway
2025-09-17 19:57:22.055745,road_0002,40.74994808923203,-73.79014932806467,558,45.0,45,45.25411020890712,0,FREE_FLOW,collector
2025-09-17 19:57:22.055745,road_0003,40.74309158226195,-73.96661727077273,2296,58.81473392809485,60,98.10868964648529,0,FREE_FLOW,arterial
2025-09-17 19:57:22.055745,road_0004,40.74719920513,-73.97825297690737,1500,42.21598788200672,45,96.36524082771452,0,FREE_FLOW,collector
2025-09-17 19:57:22.055745,road_0005,40.65630618807343,-73.82360585825539,2461,80.0,80,57.50065742108503,0,FREE_FLOW,highway
2025-09-17 19:57:22.055745,road_0006,40.75804890186165,-73.93570569353813,692,41.55163903444078,45,47.22046695766071,0,FREE_FLOW,collector
2025-09-17 19:57:22.055745,road_0007,40.73736741980714,-73.97783773036258,2500,55.55067569528547,60,100.0,0,FREE_FLOW,arterial
2025-09-17 19:57:22.055745,road_0008,40.74218505875765,-73.99219447365964,800,29.728955190206705,35,100.0,0,FREE_FLOW,local
2025-09-17 19:57:22.055745,road_0009,40.75925042330636,-73.9733779780817,2500,51.02504083086346,60,94.51455447678255,0,FREE_FLOW,arterial
2025-09-17 19:57:22.055745,road_0010,40.750335863940855,-73.9667968640636,2500,55.614499474660434,60,91.62077220930114,0,FREE_FLOW,arterial
2025-09-17 19:57:22.055745,road_0011,40.757416219068794,-73.98397817262654,2500,47.64325315503211,60,91.75299672389306,1,LIGHT,arterial
2025-09-17 19:57:22.055745,road_0012,40.72784698827304,-73.99864431466133,800,30.291503390152872,35,96.40054633124784,0,FREE_FLOW,local
2025-09-17 19:57:22.055745,road_0013,40.79057560223081,-73.78406564317166,1974,80.0,80,56.54112793835874,0,FREE_FLOW,highway
2025-09-17 19:57:22.055745,road_0014,40.76637078211215,-73.84177010778228,1653,60.0,60,70.89011757021038,0,FREE_FLOW,arterial
2025-09-17 19:57:22.055745,road_0015,40.725062561880804,-73.7940196317338,1599,80.0,80,35.10986992619516,0,FREE_FLOW,highway
2025-09-17 19:57:22.055745,road_0016,40.70107439756184,-73.79401468643744,2654,80.0,80,58.20000875877927,0,FREE_FLOW,highway
2025-09-17 19:57:22.055745,road_0017,40.75604341426178,-74.00070820437055,2500,52.09100336746854,60,96.15059590980913,0,FREE_FLOW,arterial
2025-09-17 19:57:22.055745,road_0018,40.777249530657826,-74.01730375345964,2500,52.706618643077555,60,94.52066393577304,0,FREE_FLOW,arterial
2025-09-17 19:57:22.055745,road_0019,40.7690872447115,-73.993554507777,1500,37.39183171205139,45,95.96151301049646,0,FREE_FLOW,collector
2025-09-17 20:12:22.055745,road_0000,40.66847506300489,-73.73807969374211,1018,60.0,60,47.36834366820506,0,FREE_FLOW,arterial
2025-09-17 20:12:22.055745,road_0001,40.7198987295828,-73.74706387556736,994,76.68677571158024,80,15.81184620824071,0,FREE_FLOW,highway
2025-09-17 20:12:22.055745,road_0002,40.74994808923203,-73.79014932806467,649,43.86193645332985,45,38.70239698826925,0,FREE_FLOW,collector
2025-09-17 20:12:22.055745,road_0003,40.74309158226195,-73.96661727077273,1669,60.0,60,59.83839019565809,0,FREE_FLOW,arterial
2025-09-17 20:12:22.055745,road_0004,40.74719920513,-73.97825297690737,924,40.30131689328323,45,69.47270506692267,0,FREE_FLOW,collector
2025-09-17 20:12:22.055745,road_0005,40.65630618807343,-73.82360585825539,2024,80.0,80,54.60863598313008,0,FREE_FLOW,highway
2025-09-17 20:12:22.055745,road_0006,40.75804890186165,-73.93570569353813,579,45.0,45,39.194279322167354,0,FREE_FLOW,collector
2025-09-17 20:12:22.055745,road_0007,40.73736741980714,-73.97783773036258,2380,51.313922244777075,60,100.0,0,FREE_FLOW,arterial
2025-09-17 20:12:22.055745,road_0008,40.74218505875765,-73.99219447365964,800,31.506726244087368,35,100.0,0,FREE_FLOW,local
2025-09-17 20:12:22.055745,road_0009,40.75925042330636,-73.9733779780817,1354,60.0,60,55.16943554205881,0,FREE_FLOW,arterial
2025-09-17 20:12:22.055745,road_0010,40.750335863940855,-73.9667968640636,1243,60.0,60,46.632499871528026,0,FREE_FLOW,arterial
2025-09-17 20:12:22.055745,road_0011,40.757416219068794,-73.98397817262654,1163,54.351433887338246,60,39.84105042963073,0,FREE_FLOW,arterial
2025-09-17 20:12:22.055745,road_0012,40.72784698827304,-73.99864431466133,389,35.0,35,40.90779938619264,0,FREE_FLOW,local
2025-09-17 20:12:22.055745,road_0013,40.79057560223081,-73.78406564317166,1617,71.7157042860042,80,50.14110641700411,0,FREE_FLOW,highway
2025-09-17 20:12:22.055745,road_0014,40.76637078211215,-73.84177010778228,889,58.622769433648806,60,34.70886111739777,0,FREE_FLOW,arterial
2025-09-17 20:12:22.055745,road_0015,40.725062561880804,-73.7940196317338,1141,74.09210593845589,80,33.134849549645985,0,FREE_FLOW,highway
2025-09-17 20:12:22.055745,road_0016,40.70107439756184,-73.79401468643744,779,80.0,80,14.724411702425293,0,FREE_FLOW,highway
2025-09-17 20:12:22.055745,road_0017,40.75604341426178,-74.00070820437055,1070,55.67024209774944,60,38.74723062616944,0,FREE_FLOW,arterial
2025-09-17 20:12:22.055745,road_0018,40.777249530657826,-74.01730375345964,1364,60.0,60,56.95937129748328,0,FREE_FLOW,arterial
2025-09-17 20:12:22.055745,road_0019,40.7690872447115,-73.993554507777,629,41.19628057623086,45,39.20624051172233,0,FREE_FLOW,collector
2025-09-17 20:27:22.055745,road_0000,40.66847506300489,-73.73807969374211,452,60.0,60,13.989358492535185,0,FREE_FLOW,arterial
2025-09-17 20:27:22.055745,road_0001,40.7198987295828,-73.74706387556736,1484,74.54154757459703,80,30.067206745790337,0,FREE_FLOW,highway
2025-09-17 20:27:22.055745,road_0002,40.74994808923203,-73.79014932806467,635,43.63371347728544,45,49.73208999128711,0,FREE_FLOW,collector
2025-09-17 20:27:22.055745,road_0003,40.74309158226195,-73.96661727077273,1608,58.14620122954065,60,60.70246979640925,0,FREE_FLOW,arterial
2025-09-17 20:27:22.055745,road_0004,40.74719920513,-73.97825297690737,917,45.0,45,57.43354078086796,0,FREE_FLOW,collector
2025-09-17 20:27:22.055745,road_0005,40.65630618807343,-73.82360585825539,1602,74.83435120868319,80,36.18944564418037,0,FREE_FLOW,highway
2025-09-17 20:27:22.055745,road_0006,40.75804890186165,-73.93570569353813,623,43.23816837847181,45,51.2883241153171,0,FREE_FLOW,collector
2025-09-17 20:27:22.055745,road_0007,40.73736741980714,-73.97783773036258,1358,58.865463813670395,60,60.3536858638261,0,FREE_FLOW,arterial
2025-09-17 20:27:22.055745,road_0008,40.74218505875765,-73.99219447365964,617,35.0,35,67.33487282279889,0,FREE_FLOW,local
2025-09-17 20:27:22.055745,road_0009,40.75925042330636,-73.9733779780817,1314,57.44456765928275,60,54.91863119692596,0,FREE_FLOW,arterial
2025-09-17 20:27:22.055745,road_0010,40.750335863940855,-73.9667968640636,1557,59.460824527266794,60,56.81381304149848,0,FREE_FLOW,arterial
2025-09-17 20:27:22.055745,road_0011,40.757416219068794,-73.98397817262654,1304,54.78918113653012,60,42.64220386817333,0,FREE_FLOW,arterial
2025-09-17 20:27:22.055745,road_0012,40.72784698827304,-73.99864431466133,267,35.0,35,32.56162881601085,0,FREE_FLOW,local
2025-09-17 20:27:22.055745,road_0013,40.79057560223081,-73.78406564317166,1912,78.4441331664154,80,41.73775743551367,0,FREE_FLOW,highway
2025-09-17 20:27:22.055745,road_0014,40.76637078211215,-73.84177010778228,506,54.80351266193597,60,20.31093963023772,0,FREE_FLOW,arterial
2025-09-17 20:27:22.055745,road_0015,40.725062561880804,-73.7940196317338,1075,79.06431647339507,80,26.19732585316978,0,FREE_FLOW,highway
2025-09-17 20:27:22.055745,road_0016,40.70107439756184,-73.79401468643744,618,74.62767654960601,80,22.775848719643626,0,FREE_FLOW,highway
2025-09-17 20:27:22.055745,road_0017,40.75604341426178,-74.00070820437055,1073,53.97750000537897,60,42.48670963341112,0,FREE_FLOW,arterial
2025-09-17 20:27:22.055745,road_0018,40.777249530657826,-74.01730375345964,2105,53.37610449060793,60,89.9548437660474,0,FREE_FLOW,arterial
2025-09-17 20:27:22.055745,road_0019,40.7690872447115,-73.993554507777,1381,41.64035682238152,45,89.5428288440067,0,FREE_FLOW,collector
2025-09-17 20:42:22.055745,road_0000,40.66847506300489,-73.73807969374211,367,56.925973731589615,60,19.52587076340526,0,FREE_FLOW,arterial
2025-09-17 20:42:22.055745,road_0001,40.7198987295828,-73.74706387556736,1280,80.0,80,39.09611557598523,0,FREE_FLOW,highway
2025-09-17 20:42:22.055745,road_0002,40.74994808923203,-73.79014932806467,565,44.6351428896973,45,31.54992404758831,0,FREE_FLOW,collector
2025-09-17 20:42:22.055745,road_0003,40.74309158226195,-73.96661727077273,645,60.0,60,26.86581279246,0,FREE_FLOW,arterial
2025-09-17 20:42:22.055745,road_0004,40.74719920513,-73.97825297690737,1327,38.02794708088836,45,83.62874524987603,0,FREE_FLOW,collector
2025-09-17 20:42:22.055745,road_0005,40.65630618807343,-73.82360585825539,1888,80.0,80,53.646782229136946,0,FREE_FLOW,highway
2025-09-17 20:42:22.055745,road_0006,40.75804890186165,-73.93570569353813,579,45.0,45,35.20782947331233,0,FREE_FLOW,collector
2025-09-17 20:42:22.055745,road_0007,40.73736741980714,-73.97783773036258,1356,60.0,60,62.97855727462278,0,FREE_FLOW,arterial
2025-09-17 20:42:22.055745,road_0008,40.74218505875765,-73.99219447365964,776,28.833597485308008,35,100.0,0,FREE_FLOW,local
2025-09-17 20:42:22.055745,road_0009,40.75925042330636,-73.9733779780817,1117,54.239441466568415,60,49.25572444513152,0,FREE_FLOW,arterial
2025-09-17 20:42:22.055745,road_0010,40.750335863940855,-73.9667968640636,1677,60.0,60,62.798010675424045,0,FREE_FLOW,arterial
2025-09-17 20:42:22.055745,road_0011,40.757416219068794,-73.98397817262654,830,60.0,60,29.822929783282998,0,FREE_FLOW,arterial
2025-09-17 20:42:22.055745,road_0012,40.72784698827304,-73.99864431466133,451,31.183078703930537,35,57.96738194456273,0,FREE_FLOW,local
2025-09-17 20:42:22.055745,road_0013,40.79057560223081,-73.78406564317166,1452,80.0,80,45.656054752969695,0,FREE_FLOW,highway
2025-09-17 20:42:22.055745,road_0014,40.76637078211215,-73.84177010778228,925,55.87696545820255,60,36.80817038371026,0,FREE_FLOW,arterial
2025-09-17 20:42:22.055745,road_0015,40.725062561880804,-73.7940196317338,763,80.0,80,13.230668419233828,0,FREE_FLOW,highway
2025-09-17 20:42:22.055745,road_0016,40.70107439756184,-73.79401468643744,744,78.9786451172605,80,24.232651161064943,0,FREE_FLOW,highway
2025-09-17 20:42:22.055745,road_0017,40.75604341426178,-74.00070820437055,1706,56.07510465199855,60,75.11510087974587,0,FREE_FLOW,arterial
2025-09-17 20:42:22.055745,road_0018,40.777249530657826,-74.01730375345964,2001,56.405929077427345,60,84.64486668715736,0,FREE_FLOW,arterial
2025-09-17 20:42:22.055745,road_0019,40.7690872447115,-73.993554507777,1274,37.706852237692,45,87.17884864721078,0,FREE_FLOW,collector
2025-09-17 20:57:22.055745,road_0000,40.66847506300489,-73.73807969374211,625,60.0,60,20.453012946249693,0,FREE_FLOW,arterial
2025-09-17 20:57:22.055745,road_0001,40.7198987295828,-73.74706387556736,1098,74.83587507665706,80,18.809465996388077,0,FREE_FLOW,highway
2025-09-17 20:57:22.055745,road_0002,40.74994808923203,-73.79014932806467,756,44.20892007215242,45,53.445502217981,0,FREE_FLOW,collector
2025-09-17 20:57:22.055745,road_0003,40.74309158226195,-73.96661727077273,1753,52.79561868381182,60,71.49104511209225,0,FREE_FLOW,arterial
2025-09-17 20:57:22.055745,road_0004,40.74719920513,-73.97825297690737,1290,37.52105822057532,45,95.88163309291151,0,FREE_FLOW,collector
2025-09-17 20:57:22.055745,road_0005,40.65630618807343,-73.82360585825539,1532,73.8029128651131,80,36.98104352161913,0,FREE_FLOW,highway
2025-09-17 20:57:22.055745,road_0006,40.75804890186165,-73.93570569353813,498,45.0,45,29.256597779574847,0,FREE_FLOW,collector
2025-09-17 20:57:22.055745,road_0007,40.73736741980714,-73.97783773036258,1767,56.09821783267702,60,79.45329626586744,0,FREE_FLOW,arterial
2025-09-17 20:57:22.055745,road_0008,40.74218505875765,-73.99219447365964,451,33.202033958009885,35,50.351281218748056,0,FREE_FLOW,local
2025-09-17 20:57:22.055745,road_0009,40.75925042330636,-73.9733779780817,1074,56.76446853335346,60,49.50997483271347,0,FREE_FLOW,arterial
2025-09-17 20:57:22.055745,road_0010,40.750335863940855,-73.9667968640636,1151,57.57867621355952,60,50.02678932505286,0,FREE_FLOW,arterial
2025-09-17 20:57:22.055745,road_0011,40.757416219068794,-73.98397817262654,1703,58.275846224103596,60,62.035112128112495,0,FREE_FLOW,arterial
2025-09-17 20:57:22.055745,road_0012,40.72784698827304,-73.99864431466133,299,35.0,35,33.72110954840973,0,FREE_FLOW,local
2025-09-17 20:57:22.055745,road_0013,40.79057560223081,-73.78406564317166,797,77.08649638446785,80,13.580023319748719,0,FREE_FLOW,highway
2025-09-17 20:57:22.055745,road_0014,40.76637078211215,-73.84177010778228,826,54.99739657013922,60,27.89156532147651,0,FREE_FLOW,arterial
2025-09-17 20:57:22.055745,road_0015,40.725062561880804,-73.7940196317338,866,80.0,80,14.22192971921105,0,FREE_FLOW,highway
2025-09-17 20:57:22.055745,road_0016,40.70107439756184,-73.79401468643744,601,77.78040759287352,80,19.313282029409955,0,FREE_FLOW,highway
2025-09-17 20:57:22.055745,road_0017,40.75604341426178,-74.00070820437055,858,57.18742949171759,60,37.16173014704798,0,FREE_FLOW,arterial
2025-09-17 20:57:22.055745,road_0018,40.777249530657826,-74.01730375345964,1219,57.30702436717866,60,50.52187275210893,0,FREE_FLOW,arterial
2025-09-17 20:57:22.055745,road_0019,40.7690872447115,-73.993554507777,1302,39.77499984460783,45,89.03292838779984,0,FREE_FLOW,collector
2025-09-17 21:12:22.055745,road_0000,40.66847506300489,-73.73807969374211,478,56.1628034235698,60,12.412410264730099,0,FREE_FLOW,arterial
2025-09-17 21:12:22.055745,road_0001,40.7198987295828,-73.74706387556736,1273,80.0,80,30.544903611411716,0,FREE_FLOW,highway
2025-09-17 21:12:22.055745,road_0002,40.74994808923203,-73.79014932806467,354,42.076360568113564,45,30.23081572675331,0,FREE_FLOW,collector
2025-09-17 21:12:22.055745,road_0003,40.74309158226195,-73.96661727077273,1650,59.261037933829165,60,70.29799068182628,0,FREE_FLOW,arterial
2025-09-17 21:12:22.055745,road_0004,40.74719920513,-73.97825297690737,470,43.92355560708112,45,33.43012192058496,0,FREE_FLOW,collector
2025-09-17 21:12:22.055745,road_0005,40.65630618807343,-73.82360585825539,1297,76.12973224129281,80,28.295695849173207,0,FREE_FLOW,highway
2025-09-17 21:12:22.055745,road_0006,40.75804890186165,-73.93570569353813,429,45.0,45,32.74030588545182,0,FREE_FLOW,collector
2025-09-17 21:12:22.055745,road_0007,40.73736741980714,-73.97783773036258,1828,51.99777662752982,60,79.44158084686701,0,FREE_FLOW,arterial
2025-09-17 21:12:22.055745,road_0008,40.74218505875765,-73.99219447365964,509,35.0,35,56.28356085415965,0,FREE_FLOW,local
2025-09-17 21:12:22.055745,road_0009,40.75925042330636,-73.9733779780817,1021,53.78670840285765,60,33.59259468796722,0,FREE_FLOW,arterial
2025-09-17 21:12:22.055745,road_0010,40.750335863940855,-73.9667968640636,1369,58.21002119496988,60,48.949115390190215,0,FREE_FLOW,arterial
2025-09-17 21:12:22.055745,road_0011,40.757416219068794,-73.98397817262654,1253,59.582607773873825,60,40.92577891469084,0,FREE_FLOW,arterial
2025-09-17 21:12:22.055745,road_0012,40.72784698827304,-73.99864431466133,540,35.0,35,69.90742504247442,0,FREE_FLOW,local
2025-09-17 21:12:22.055745,road_0013,40.79057560223081,-73.78406564317166,626,80.0,80,13.12894268958135,0,FREE_FLOW,highway
2025-09-17 21:12:22.055745,road_0014,40.76637078211215,-73.84177010778228,388,54.64883659904716,60,12.09116299771597,0,FREE_FLOW,arterial
2025-09-17 21:12:22.055745,road_0015,40.725062561880804,-73.7940196317338,890,80.0,80,20.813678797343456,0,FREE_FLOW,highway
2025-09-17 21:12:22.055745,road_0016,40.70107439756184,-73.79401468643744,1205,75.21238062085027,80,23.06954148821034,0,FREE_FLOW,highway
2025-09-17 21:12:22.055745,road_0017,40.75604341426178,-74.00070820437055,1083,53.79758699295694,60,41.28561098178109,0,FREE_FLOW,arterial
2025-09-17 21:12:22.055745,road_0018,40.777249530657826,-74.01730375345964,1476,60.0,60,65.28155222017358,0,FREE_FLOW,arterial
2025-09-17 21:12:22.055745,road_0019,40.7690872447115,-73.993554507777,1050,40.335759830022475,45,75.30387667508784,0,FREE_FLOW,collector
2025-09-17 21:27:22.055745,road_0000,40.66847506300489,-73.73807969374211,797,60.0,60,22.391395981794687,0,FREE_FLOW,arterial
2025-09-17 21:27:22.055745,road_0001,40.7198987295828,-73.74706387556736,1308,73.19296437116859,80,38.94781448372302,0,FREE_FLOW,highway
2025-09-17 21:27:22.055745,road_0002,40.74994808923203,-73.79014932806467,429,45.0,45,29.518470666179997,0,FREE_FLOW,collector
2025-09-17 21:27:22.055745,road_0003,40.74309158226195,-73.96661727077273,1843,60.0,60,69.19396915356742,0,FREE_FLOW,arterial
2025-09-17 21:27:22.055745,road_0004,40.74719920513,-73.97825297690737,644,40.776136344016045,45,39.49653478040549,0,FREE_FLOW,collector
2025-09-17 21:27:22.055745,road_0005,40.65630618807343,-73.82360585825539,1087,76.83390218805896,80,22.04642251729264,0,FREE_FLOW,highway
2025-09-17 21:27:22.055745,road_0006,40.75804890186165,-73.93570569353813,260,44.502660016599854,45,7.436125885044541,0,FREE_FLOW,collector
2025-09-17 21:27:22.055745,road_0007,40.73736741980714,-73.97783773036258,826,60.0,60,27.752457023832974,0,FREE_FLOW,arterial
2025-09-17 21:27:22.055745,road_0008,40.74218505875765,-73.99219447365964,582,35.0,35,78.41430909313357,0,FREE_FLOW,local
2025-09-17 21:27:22.055745,road_0009,40.75925042330636,-73.9733779780817,2225,56.44940361796008,60,80.63931469287324,0,FREE_FLOW,arterial
2025-09-17 21:27:22.055745,road_0010,40.750335863940855,-73.9667968640636,1454,60.0,60,54.302912962084235,0,FREE_FLOW,arterial
2025-09-17 21:27:22.055745,road_0011,40.757416219068794,-73.98397817262654,1556,55.094265333353874,60,54.00304316273288,0,FREE_FLOW,arterial
2025-09-17 21:27:22.055745,road_0012,40.72784698827304,-73.99864431466133,547,33.22331204559443,35,71.09594684678254,0,FREE_FLOW,local
2025-09-17 21:27:22.055745,road_0013,40.79057560223081,-73.78406564317166,1043,80.0,80,25.619001588359225,0,FREE_FLOW,highway
2025-09-17 21:27:22.055745,road_0014,40.76637078211215,-73.84177010778228,1112,58.48329909323222,60,53.157318856924974,0,FREE_FLOW,arterial
2025-09-17 21:27:22.055745,road_0015,40.725062561880804,-73.7940196317338,1110,74.20590241640737,80,36.193838561025686,0,FREE_FLOW,highway
2025-09-17 21:27:22.055745,road_0016,40.70107439756184,-73.79401468643744,742,76.88716003740984,80,20.790170599189107,0,FREE_FLOW,highway
2025-09-17 21:27:22.055745,road_0017,40.75604341426178,-74.00070820437055,863,60.0,60,31.51592123615184,0,FREE_FLOW,arterial
2025-09-17 21:27:22.055745,road_0018,40.777249530657826,-74.01730375345964,1010,60.0,60,42.992566898771855,0,FREE_FLOW,arterial
2025-09-17 21:27:22.055745,road_0019,40.7690872447115,-73.993554507777,706,45.0,45,48.71923958747398,0,FREE_FLOW,collector
2025-09-17 21:42:22.055745,road_0000,40.66847506300489,-73.73807969374211,805,56.97579248214834,60,23.323240198066266,0,FREE_FLOW,arterial
2025-09-17 21:42:22.055745,road_0001,40.7198987295828,-73.74706387556736,940,79.36518955297717,80,16.84919489035977,0,FREE_FLOW,highway
2025-09-17 21:42:22.055745,road_0002,40.74994808923203,-73.79014932806467,193,41.066480908812316,45,11.183893454825618,0,FREE_FLOW,collector
2025-09-17 21:42:22.055745,road_0003,40.74309158226195,-73.96661727077273,1109,60.0,60,43.38533228146229,0,FREE_FLOW,arterial
2025-09-17 21:42:22.055745,road_0004,40.74719920513,-73.97825297690737,903,45.0,45,58.41418490783332,0,FREE_FLOW,collector
2025-09-17 21:42:22.055745,road_0005,40.65630618807343,-73.82360585825539,1638,73.8861359928315,80,44.420931562627814,0,FREE_FLOW,highway
2025-09-17 21:42:22.055745,road_0006,40.75804890186165,-73.93570569353813,322,45.0,45,30.083148166468952,0,FREE_FLOW,collector
2025-09-17 21:42:22.055745,road_0007,40.73736741980714,-73.97783773036258,1400,56.28493840213765,60,62.91307044554685,0,FREE_FLOW,arterial
2025-09-17 21:42:22.055745,road_0008,40.74218505875765,-73.99219447365964,247,34.80349430140636,35,32.290229619181474,0,FREE_FLOW,local
2025-09-17 21:42:22.055745,road_0009,40.75925042330636,-73.9733779780817,1662,58.443408886539544,60,67.5564688126745,0,FREE_FLOW,arterial
2025-09-17 21:42:22.055745,road_0010,40.750335863940855,-73.9667968640636,1119,60.0,60,49.816973117644125,0,FREE_FLOW,arterial
2025-09-17 21:42:22.055745,road_0011,40.757416219068794,-73.98397817262654,1808,60.0,60,66.95682583429452,0,FREE_FLOW,arterial
2025-09-17 21:42:22.055745,road_0012,40.72784698827304,-73.99864431466133,293,35.0,35,28.085071857992546,0,FREE_FLOW,local
2025-09-17 21:42:22.055745,road_0013,40.79057560223081,-73.78406564317166,1124,80.0,80,33.08758033448312,0,FREE_FLOW,highway
2025-09-17 21:42:22.055745,road_0014,40.76637078211215,-73.84177010778228,379,57.28954104838324,60,20.165215881746313,0,FREE_FLOW,arterial
2025-09-17 21:42:22.055745,road_0015,40.725062561880804,-73.7940196317338,978,80.0,80,23.494049582070772,0,FREE_FLOW,highway
2025-09-17 21:42:22.055745,road_0016,40.70107439756184,-73.79401468643744,1390,80.0,80,42.29904253206338,0,FREE_FLOW,highway
2025-09-17 21:42:22.055745,road_0017,40.75604341426178,-74.00070820437055,1162,54.07380576884207,60,47.17933346818888,0,FREE_FLOW,arterial
2025-09-17 21:42:22.055745,road_0018,40.777249530657826,-74.01730375345964,1470,56.343065364974294,60,60.048587482358414,0,FREE_FLOW,arterial
2025-09-17 21:42:22.055745,road_0019,40.7690872447115,-73.993554507777,1292,44.585284565414476,45,84.1061832175946,0,FREE_FLOW,collector
2025-09-17 21:57:22.055745,road_0000,40.66847506300489,-73.73807969374211,527,57.893428526755464,60,28.255228596774078,0,FREE_FLOW,arterial
2025-09-17 21:57:22.055745,road_0001,40.7198987295828,-73.74706387556736,1266,80.0,80,22.01550139447012,0,FREE_FLOW,highway
2025-09-17 21:57:22.055745,road_0002,40.74994808923203,-73.79014932806467,288,41.72468289851402,45,28.227937239582122,0,FREE_FLOW,collector
2025-09-17 21:57:22.055745,road_0003,40.74309158226195,-73.96661727077273,1118,54.41067718483225,60,43.2831034606024,0,FREE_FLOW,arterial
2025-09-17 21:57:22.055745,road_0004,40.74719920513,-73.97825297690737,630,45.0,45,40.7729500049211,0,FREE_FLOW,collector
2025-09-17 21:57:22.055745,road_0005,40.65630618807343,-73.82360585825539,1479,80.0,80,37.71582629483949,0,FREE_FLOW,highway
2025-09-17 21:57:22.055745,road_0006,40.75804890186165,-73.93570569353813,458,43.275240888814494,45,40.40901284089678,0,FREE_FLOW,collector
2025-09-17 21:57:22.055745,road_0007,40.73736741980714,-73.97783773036258,1630,60.0,60,73.51615166701345,0,FREE_FLOW,arterial
2025-09-17 21:57:22.055745,road_0008,40.74218505875765,-73.99219447365964,355,35.0,35,34.790160642479286,0,FREE_FLOW,local
2025-09-17 21:57:22.055745,road_0009,40.75925042330636,-73.9733779780817,994,55.85314335902256,60,32.13321228949077,0,FREE_FLOW,arterial
2025-09-17 21:57:22.055745,road_0010,40.750335863940855,-73.9667968640636,1326,58.585357274238895,60,45.82004410398155,0,FREE_FLOW,arterial
2025-09-17 21:57:22.055745,road_0011,40.757416219068794,-73.98397817262654,1078,60.0,60,35.43116753361264,0,FREE_FLOW,arterial
2025-09-17 21:57:22.055745,road_0012,40.72784698827304,-73.99864431466133,319,35.0,35,45.93462602618207,0,FREE_FLOW,local
2025-09-17 21:57:22.055745,road_0013,40.79057560223081,-73.78406564317166,1159,80.0,80,36.54331726089924,0,FREE_FLOW,highway
2025-09-17 21:57:22.055745,road_0014,40.76637078211215,-73.84177010778228,794,60.0,60,33.60442798662881,0,FREE_FLOW,arterial
2025-09-17 21:57:22.055745,road_0015,40.725062561880804,-73.7940196317338,746,80.0,80,25.2464252943457,0,FREE_FLOW,highway
2025-09-17 21:57:22.055745,road_0016,40.70107439756184,-73.79401468643744,1034,78.37146997193832,80,18.214448241449197,0,FREE_FLOW,highway
2025-09-17 21:57:22.055745,road_0017,40.75604341426178,-74.00070820437055,1392,60.0,60,49.399230151148345,0,FREE_FLOW,arterial
2025-09-17 21:57:22.055745,road_0018,40.777249530657826,-74.01730375345964,824,60.0,60,42.35231877808676,0,FREE_FLOW,arterial
2025-09-17 21:57:22.055745,road_0019,40.7690872447115,-73.993554507777,1201,44.133023422606186,45,72.38312831140254,0,FREE_FLOW,collector
2025-09-17 22:12:22.055745,road_0000,40.66847506300489,-73.73807969374211,499,60.0,60,20.12283437330389,0,FREE_FLOW,arterial
2025-09-17 22:12:22.055745,road_0001,40.7198987295828,-73.74706387556736,683,80.0,80,22.43439956123663,0,FREE_FLOW,highway
2025-09-17 22:12:22.055745,road_0002,40.74994808923203,-73.79014932806467,290,45.0,45,19.955523260083883,0,FREE_FLOW,collector
2025-09-17 22:12:22.055745,road_0003,40.74309158226195,-73.96661727077273,1153,60.0,60,54.60145977691366,0,FREE_FLOW,arterial
2025-09-17 22:12:22.055745,road_0004,40.74719920513,-73.97825297690737,670,45.0,45,53.19283220509058,0,FREE_FLOW,collector
2025-09-17 22:12:22.055745,road_0005,40.65630618807343,-73.82360585825539,980,75.82842964473524,80,25.538727221209328,0,FREE_FLOW,highway
2025-09-17 22:12:22.055745,road_0006,40.75804890186165,-73.93570569353813,365,45.0,45,27.488640998785336,0,FREE_FLOW,collector
2025-09-17 22:12:22.055745,road_0007,40.73736741980714,-73.97783773036258,1189,60.0,60,48.081650368348065,0,FREE_FLOW,arterial
2025-09-17 22:12:22.055745,road_0008,40.74218505875765,-73.99219447365964,331,34.65526858940162,35,40.80116549148242,0,FREE_FLOW,local
2025-09-17 22:12:22.055745,road_0009,40.75925042330636,-73.9733779780817,886,56.25902128324966,60,33.70214795454288,0,FREE_FLOW,arterial
2025-09-17 22:12:22.055745,road_0010,40.750335863940855,-73.9667968640636,629,60.0,60,26.67571725548823,0,FREE_FLOW,arterial
2025-09-17 22:12:22.055745,road_0011,40.757416219068794,-73.98397817262654,938,56.258556255723406,60,29.26142411154616,0,FREE_FLOW,arterial
2025-09-17 22:12:22.055745,road_0012,40.72784698827304,-73.99864431466133,242,33.079644839450836,35,31.12946222569935,0,FREE_FLOW,local
2025-09-17 22:12:22.055745,road_0013,40.79057560223081,-73.78406564317166,889,80.0,80,17.13601251888982,0,FREE_FLOW,highway
2025-09-17 22:12:22.055745,road_0014,40.76637078211215,-73.84177010778228,318,60.0,60,14.128189828072832,0,FREE_FLOW,arterial
2025-09-17 22:12:22.055745,road_0015,40.725062561880804,-73.7940196317338,753,76.50347509930741,80,17.7004267818449,0,FREE_FLOW,highway
2025-09-17 22:12:22.055745,road_0016,40.70107439756184,-73.79401468643744,501,76.82057312429507,80,17.102396089766824,0,FREE_FLOW,highway
2025-09-17 22:12:22.055745,road_0017,40.75604341426178,-74.00070820437055,792,55.29533112986578,60,39.48473243591542,0,FREE_FLOW,arterial
2025-09-17 22:12:22.055745,road_0018,40.777249530657826,-74.01730375345964,453,60.0,60,19.782556469057386,0,FREE_FLOW,arterial
2025-09-17 22:12:22.055745,road_0019,40.7690872447115,-73.993554507777,327,42.43483661424804,45,21.783978936826635,0,FREE_FLOW,collector
2025-09-17 22:27:22.055745,road_0000,40.66847506300489,-73.73807969374211,491,60.0,60,19.38768883344086,0,FREE_FLOW,arterial
2025-09-17 22:27:22.055745,road_0001,40.7198987295828,-73.74706387556736,578,75.04048412450037,80,21.03770300284749,0,FREE_FLOW,highway
2025-09-17 22:27:22.055745,road_0002,40.74994808923203,-73.79014932806467,371,44.35282769884476,45,20.717973419354543,0,FREE_FLOW,collector
2025-09-17 22:27:22.055745,road_0003,40.74309158226195,-73.96661727077273,745,60.0,60,35.72601326830264,0,FREE_FLOW,arterial
2025-09-17 22:27:22.055745,road_0004,40.74719920513,-73.97825297690737,956,42.50112208498913,45,65.7610147471046,0,FREE_FLOW,collector
2025-09-17 22:27:22.055745,road_0005,40.65630618807343,-73.82360585825539,598,79.12935955450608,80,19.84650151059826,0,FREE_FLOW,highway
2025-09-17 22:27:22.055745,road_0006,40.75804890186165,-73.93570569353813,153,45.0,45,7.949329276435132,0,FREE_FLOW,collector
2025-09-17 22:27:22.055745,road_0007,40.73736741980714,-73.97783773036258,836,60.0,60,33.04588517582711,0,FREE_FLOW,arterial
2025-09-17 22:27:22.055745,road_0008,40.74218505875765,-73.99219447365964,199,34.87279894874458,35,26.8036790925132,0,FREE_FLOW,local
2025-09-17 22:27:22.055745,road_0009,40.75925042330636,-73.9733779780817,537,60.0,60,13.602511709819911,0,FREE_FLOW,arterial
2025-09-17 22:27:22.055745,road_0010,40.750335863940855,-73.9667968640636,780,57.514274672741955,60,37.31204437540477,0,FREE_FLOW,arterial
2025-09-17 22:27:22.055745,road_0011,40.757416219068794,-73.98397817262654,1188,60.0,60,49.88581597509577,0,FREE_FLOW,arterial
2025-09-17 22:27:22.055745,road_0012,40.72784698827304,-73.99864431466133,305,31.775774365806395,35,36.70028582229367,0,FREE_FLOW,local
2025-09-17 22:27:22.055745,road_0013,40.79057560223081,-73.78406564317166,375,78.20221633716486,80,6.048217812673853,0,FREE_FLOW,highway
2025-09-17 22:27:22.055745,road_0014,40.76637078211215,-73.84177010778228,323,60.0,60,20.05928829552478,0,FREE_FLOW,arterial
2025-09-17 22:27:22.055745,road_0015,40.725062561880804,-73.7940196317338,755,78.67767850789994,80,25.98602246871745,0,FREE_FLOW,highway
2025-09-17 22:27:22.055745,road_0016,40.70107439756184,-73.79401468643744,683,79.94586852570094,80,17.388531021541464,0,FREE_FLOW,highway
2025-09-17 22:27:22.055745,road_0017,40.75604341426178,-74.00070820437055,492,60.0,60,26.522137249670234,0,FREE_FLOW,arterial
2025-09-17 22:27:22.055745,road_0018,40.777249530657826,-74.01730375345964,608,60.0,60,25.42994560339263,0,FREE_FLOW,arterial
2025-09-17 22:27:22.055745,road_0019,40.7690872447115,-73.993554507777,497,43.625970483599055,45,24.818620656450356,0,FREE_FLOW,collector
2025-09-17 22:42:22.055745,road_0000,40.66847506300489,-73.73807969374211,465,60.0,60,25.153503895625438,0,FREE_FLOW,arterial
2025-09-17 22:42:22.055745,road_0001,40.7198987295828,-73.74706387556736,753,76.5691558257054,80,11.635942559910857,0,FREE_FLOW,highway
2025-09-17 22:42:22.055745,road_0002,40.74994808923203,-73.79014932806467,294,45.0,45,26.33061781521807,0,FREE_FLOW,collector
2025-09-17 22:42:22.055745,road_0003,40.74309158226195,-73.96661727077273,1255,56.64141482252961,60,46.3253577400923,0,FREE_FLOW,arterial
2025-09-17 22:42:22.055745,road_0004,40.74719920513,-73.97825297690737,613,45.0,45,32.720962882872065,0,FREE_FLOW,collector
2025-09-17 22:42:22.055745,road_0005,40.65630618807343,-73.82360585825539,764,80.0,80,24.937826475914587,0,FREE_FLOW,highway
2025-09-17 22:42:22.055745,road_0006,40.75804890186165,-73.93570569353813,267,45.0,45,11.29179702494373,0,FREE_FLOW,collector
2025-09-17 22:42:22.055745,road_0007,40.73736741980714,-73.97783773036258,1140,55.13172570561303,60,47.25372293109166,0,FREE_FLOW,arterial
2025-09-17 22:42:22.055745,road_0008,40.74218505875765,-73.99219447365964,226,33.76643953916842,35,21.92569330215802,0,FREE_FLOW,local
2025-09-17 22:42:22.055745,road_0009,40.75925042330636,-73.9733779780817,792,58.80582635042978,60,26.65638054039864,0,FREE_FLOW,arterial
2025-09-17 22:42:22.055745,road_0010,40.750335863940855,-73.9667968640636,563,60.0,60,27.080245155923947,0,FREE_FLOW,arterial
2025-09-17 22:42:22.055745,road_0011,40.757416219068794,-73.98397817262654,713,60.0,60,26.23107128802628,0,FREE_FLOW,arterial
2025-09-17 22:42:22.055745,road_0012,40.72784698827304,-73.99864431466133,384,32.20150766830864,35,54.10233702632355,0,FREE_FLOW,local
2025-09-17 22:42:22.055745,road_0013,40.79057560223081,-73.78406564317166,496,76.6033582484104,80,10.156685391421888,0,FREE_FLOW,highway
2025-09-17 22:42:22.055745,road_0014,40.76637078211215,-73.84177010778228,601,57.763026990935664,60,31.289792437966018,0,FREE_FLOW,arterial
2025-09-17 22:42:22.055745,road_0015,40.725062561880804,-73.7940196317338,758,80.0,80,9.943229829194376,0,FREE_FLOW,highway
2025-09-17 22:42:22.055745,road_0016,40.70107439756184,-73.79401468643744,394,77.3951775132261,80,13.30511972493848,0,FREE_FLOW,highway
2025-09-17 22:42:22.055745,road_0017,40.75604341426178,-74.00070820437055,533,59.68613274446243,60,20.47150664500864,0,FREE_FLOW,arterial
2025-09-17 22:42:22.055745,road_0018,40.777249530657826,-74.01730375345964,1141,60.0,60,44.77635609112271,0,FREE_FLOW,arterial
2025-09-17 22:42:22.055745,road_0019,40.7690872447115,-73.993554507777,347,43.88309504470024,45,29.692862603378362,0,FREE_FLOW,collector
2025-09-17 22:57:22.055745,road_0000,40.66847506300489,-73.73807969374211,623,58.79367391877056,60,30.758712459275284,0,FREE_FLOW,arterial
2025-09-17 22:57:22.055745,road_0001,40.7198987295828,-73.74706387556736,625,80.0,80,20.006512410216235,0,FREE_FLOW,highway
2025-09-17 22:57:22.055745,road_0002,40.74994808923203,-73.79014932806467,333,44.02331404819533,45,14.211254641668887,0,FREE_FLOW,collector
2025-09-17 22:57:22.055745,road_0003,40.74309158226195,-73.96661727077273,1044,60.0,60,38.683937733606555,0,FREE_FLOW,arterial
2025-09-17 22:57:22.055745,road_0004,40.74719920513,-73.97825297690737,537,42.47755825512456,45,43.496158940613014,0,FREE_FLOW,collector
2025-09-17 22:57:22.055745,road_0005,40.65630618807343,-73.82360585825539,769,80.0,80,26.596140564989216,0,FREE_FLOW,highway
2025-09-17 22:57:22.055745,road_0006,40.75804890186165,-73.93570569353813,306,45.0,45,20.744188553870586,0,FREE_FLOW,collector
2025-09-17 22:57:22.055745,road_0007,40.73736741980714,-73.97783773036258,882,57.049927740745716,60,29.30927842107066,0,FREE_FLOW,arterial
2025-09-17 22:57:22.055745,road_0008,40.74218505875765,-73.99219447365964,185,32.27925067788648,35,21.5077234888411,0,FREE_FLOW,local
2025-09-17 22:57:22.055745,road_0009,40.75925042330636,-73.9733779780817,707,54.71406342889111,60,21.571985473991496,0,FREE_FLOW,arterial
2025-09-17 22:57:22.055745,road_0010,40.750335863940855,-73.9667968640636,611,55.198863946144,60,24.746103759887536,0,FREE_FLOW,arterial
2025-09-17 22:57:22.055745,road_0011,40.757416219068794,-73.98397817262654,1178,59.950615971975765,60,51.988703479123885,0,FREE_FLOW,arterial
2025-09-17 22:57:22.055745,road_0012,40.72784698827304,-73.99864431466133,377,34.007057065349336,35,37.3360224490038,0,FREE_FLOW,local
2025-09-17 22:57:22.055745,road_0013,40.79057560223081,-73.78406564317166,871,80.0,80,12.47930347051047,0,FREE_FLOW,highway
2025-09-17 22:57:22.055745,road_0014,40.76637078211215,-73.84177010778228,484,56.29160331247538,60,20.106809936863623,0,FREE_FLOW,arterial
2025-09-17 22:57:22.055745,road_0015,40.725062561880804,-73.7940196317338,767,80.0,80,15.499302451266601,0,FREE_FLOW,highway
2025-09-17 22:57:22.055745,road_0016,40.70107439756184,-73.79401468643744,735,76.75498447555711,80,16.422461014449354,0,FREE_FLOW,highway
2025-09-17 22:57:22.055745,road_0017,40.75604341426178,-74.00070820437055,792,56.423195382848654,60,29.13999671133726,0,FREE_FLOW,arterial
2025-09-17 22:57:22.055745,road_0018,40.777249530657826,-74.01730375345964,1144,59.015172251926195,60,55.670219360317326,0,FREE_FLOW,arterial
2025-09-17 22:57:22.055745,road_0019,40.7690872447115,-73.993554507777,449,42.303108183436876,45,36.87872153258781,0,FREE_FLOW,collector
2025-09-17 23:12:22.055745,road_0000,40.66847506300489,-73.73807969374211,436,60.0,60,27.1560731890061,0,FREE_FLOW,arterial
2025-09-17 23:12:22.055745,road_0001,40.7198987295828,-73.74706387556736,626,78.10709842181355,80,5.8255442389585905,0,FREE_FLOW,highway
2025-09-17 23:12:22.055745,road_0002,40.74994808923203,-73.79014932806467,132,44.1268848612231,45,8.907305130118592,0,FREE_FLOW,collector
2025-09-17 23:12:22.055745,road_0003,40.74309158226195,-73.96661727077273,728,60.0,60,21.534932717933604,0,FREE_FLOW,arterial
2025-09-17 23:12:22.055745,road_0004,40.74719920513,-73.97825297690737,311,45.0,45,20.495684202008032,0,FREE_FLOW,collector
2025-09-17 23:12:22.055745,road_0005,40.65630618807343,-73.82360585825539,326,75.4419906767178,80,10.720043404724079,0,FREE_FLOW,highway
2025-09-17 23:12:22.055745,road_0006,40.75804890186165,-73.93570569353813,322,40.77907035273878,45,31.41702929012017,0,FREE_FLOW,collector
2025-09-17 23:12:22.055745,road_0007,40.73736741980714,-73.97783773036258,434,56.89933418440902,60,15.342522008899321,0,FREE_FLOW,arterial
2025-09-17 23:12:22.055745,road_0008,40.74218505875765,-73.99219447365964,205,31.808374951766982,35,33.995432055410355,0,FREE_FLOW,local
2025-09-17 23:12:22.055745,road_0009,40.75925042330636,-73.9733779780817,609,60.0,60,19.140290693318867,0,FREE_FLOW,arterial
2025-09-17 23:12:22.055745,road_0010,40.750335863940855,-73.9667968640636,795,60.0,60,36.61738536770436,0,FREE_FLOW,arterial
2025-09-17 23:12:22.055745,road_0011,40.757416219068794,-73.98397817262654,641,59.83193914327611,60,27.501123799347155,0,FREE_FLOW,arterial
2025-09-17 23:12:22.055745,road_0012,40.72784698827304,-73.99864431466133,118,35.0,35,10.58386901443172,0,FREE_FLOW,local
2025-09-17 23:12:22.055745,road_0013,40.79057560223081,-73.78406564317166,364,80.0,80,6.487082601788646,0,FREE_FLOW,highway
2025-09-17 23:12:22.055745,road_0014,40.76637078211215,-73.84177010778228,254,60.0,60,17.47142440189529,0,FREE_FLOW,arterial
2025-09-17 23:12:22.055745,road_0015,40.725062561880804,-73.7940196317338,493,80.0,80,9.103895506968973,0,FREE_FLOW,highway
2025-09-17 23:12:22.055745,road_0016,40.70107439756184,-73.79401468643744,296,76.10226613622498,80,9.105936566686225,0,FREE_FLOW,highway
2025-09-17 23:12:22.055745,road_0017,40.75604341426178,-74.00070820437055,735,60.0,60,35.34788715815557,0,FREE_FLOW,arterial
2025-09-17 23:12:22.055745,road_0018,40.777249530657826,-74.01730375345964,702,60.0,60,28.369792046240775,0,FREE_FLOW,arterial
2025-09-17 23:12:22.055745,road_0019,40.7690872447115,-73.993554507777,407,45.0,45,27.856441058388054,0,FREE_FLOW,collector
2025-09-17 23:27:22.055745,road_0000,40.66847506300489,-73.73807969374211,368,59.70135884800921,60,10.61891648084684,0,FREE_FLOW,arterial
2025-09-17 23:27:22.055745,road_0001,40.7198987295828,-73.74706387556736,700,80.0,80,24.772821048343122,0,FREE_FLOW,highway
2025-09-17 23:27:22.055745,road_0002,40.74994808923203,-73.79014932806467,156,45.0,45,1.0083176161593599,0,FREE_FLOW,collector
2025-09-17 23:27:22.055745,road_0003,40.74309158226195,-73.96661727077273,736,54.68484283552383,60,22.608960743798118,0,FREE_FLOW,arterial
2025-09-17 23:27:22.055745,road_0004,40.74719920513,-73.97825297690737,532,44.9181425596456,45,33.5006045218622,0,FREE_FLOW,collector
2025-09-17 23:27:22.055745,road_0005,40.65630618807343,-73.82360585825539,732,74.79817052984318,80,20.601292597156228,0,FREE_FLOW,highway
2025-09-17 23:27:22.055745,road_0006,40.75804890186165,-73.93570569353813,272,42.30579555722601,45,27.598550993943167,0,FREE_FLOW,collector
2025-09-17 23:27:22.055745,road_0007,40.73736741980714,-73.97783773036258,284,60.0,60,8.877049303639586,0,FREE_FLOW,arterial
2025-09-17 23:27:22.055745,road_0008,40.74218505875765,-73.99219447365964,128,31.864239588489585,35,12.584612306827891,0,FREE_FLOW,local
2025-09-17 23:27:22.055745,road_0009,40.75925042330636,-73.9733779780817,639,60.0,60,22.59769668694013,0,FREE_FLOW,arterial
2025-09-17 23:27:22.055745,road_0010,40.750335863940855,-73.9667968640636,536,60.0,60,30.668290808472783,0,FREE_FLOW,arterial
2025-09-17 23:27:22.055745,road_0011,40.757416219068794,-73.98397817262654,638,54.1988936585169,60,16.46116758920038,0,FREE_FLOW,arterial
2025-09-17 23:27:22.055745,road_0012,40.72784698827304,-73.99864431466133,137,34.694941721383955,35,25.841522668056456,0,FREE_FLOW,local
2025-09-17 23:27:22.055745,road_0013,40.79057560223081,-73.78406564317166,437,80.0,80,3.163691562695785,0,FREE_FLOW,highway
2025-09-17 23:27:22.055745,road_0014,40.76637078211215,-73.84177010778228,391,57.00536538432263,60,25.373752232340482,0,FREE_FLOW,arterial
2025-09-17 23:27:22.055745,road_0015,40.725062561880804,-73.7940196317338,619,79.79163694460308,80,21.178797688456825,0,FREE_FLOW,highway
2025-09-17 23:27:22.055745,road_0016,40.70107439756184,-73.79401468643744,610,72.80221198211972,80,23.86997239425168,0,FREE_FLOW,highway
2025-09-17 23:27:22.055745,road_0017,40.75604341426178,-74.00070820437055,746,59.59610513667805,60,25.094418871226054,0,FREE_FLOW,arterial
2025-09-17 23:27:22.055745,road_0018,40.777249530657826,-74.01730375345964,613,60.0,60,30.992911895061816,0,FREE_FLOW,arterial
2025-09-17 23:27:22.055745,road_0019,40.7690872447115,-73.993554507777,542,44.41440099697141,45,33.97867416380427,0,FREE_FLOW,collector
2025-09-17 23:42:22.055745,road_0000,40.66847506300489,-73.73807969374211,376,54.887802626847915,60,6.318018840967477,0,FREE_FLOW,arterial
2025-09-17 23:42:22.055745,road_0001,40.7198987295828,-73.74706387556736,394,80.0,80,9.294528515124087,0,FREE_FLOW,highway
2025-09-17 23:42:22.055745,road_0002,40.74994808923203,-73.79014932806467,161,45.0,45,7.677176684577573,0,FREE_FLOW,collector
2025-09-17 23:42:22.055745,road_0003,40.74309158226195,-73.96661727077273,809,60.0,60,35.95409557153668,0,FREE_FLOW,arterial
2025-09-17 23:42:22.055745,road_0004,40.74719920513,-73.97825297690737,576,40.58400677197361,45,44.16401859733412,0,FREE_FLOW,collector
2025-09-17 23:42:22.055745,road_0005,40.65630618807343,-73.82360585825539,585,75.40509932462872,80,19.5989695687831,0,FREE_FLOW,highway
2025-09-17 23:42:22.055745,road_0006,40.75804890186165,-73.93570569353813,390,45.0,45,20.734306116897393,0,FREE_FLOW,collector
2025-09-17 23:42:22.055745,road_0007,40.73736741980714,-73.97783773036258,322,54.69063524608723,60,5.464476002054987,0,FREE_FLOW,arterial
2025-09-17 23:42:22.055745,road_0008,40.74218505875765,-73.99219447365964,257,32.174892299534164,35,27.558283827273108,0,FREE_FLOW,local
2025-09-17 23:42:22.055745,road_0009,40.75925042330636,-73.9733779780817,505,55.58603946277531,60,23.560065014860285,0,FREE_FLOW,arterial
2025-09-17 23:42:22.055745,road_0010,40.750335863940855,-73.9667968640636,920,60.0,60,27.073233709412186,0,FREE_FLOW,arterial
2025-09-17 23:42:22.055745,road_0011,40.757416219068794,-73.98397817262654,316,58.02789998591331,60,3.2877827555199026,0,FREE_FLOW,arterial
2025-09-17 23:42:22.055745,road_0012,40.72784698827304,-73.99864431466133,224,35.0,35,24.759631009396728,0,FREE_FLOW,local
2025-09-17 23:42:22.055745,road_0013,40.79057560223081,-73.78406564317166,415,74.29542485872757,80,5.094932118184751,0,FREE_FLOW,highway
2025-09-17 23:42:22.055745,road_0014,40.76637078211215,-73.84177010778228,205,60.0,60,8.457257587539823,0,FREE_FLOW,arterial
2025-09-17 23:42:22.055745,road_0015,40.725062561880804,-73.7940196317338,353,80.0,80,11.911929193057151,0,FREE_FLOW,highway
2025-09-17 23:42:22.055745,road_0016,40.70107439756184,-73.79401468643744,397,80.0,80,18.44154748887035,0,FREE_FLOW,highway
2025-09-17 23:42:22.055745,road_0017,40.75604341426178,-74.00070820437055,474,60.0,60,14.209700158011822,0,FREE_FLOW,arterial
2025-09-17 23:42:22.055745,road_0018,40.777249530657826,-74.01730375345964,630,60.0,60,27.19194520088108,0,FREE_FLOW,arterial
2025-09-17 23:42:22.055745,road_0019,40.7690872447115,-73.993554507777,485,43.33586098905705,45,39.082325235002564,0,FREE_FLOW,collector
2025-09-17 23:57:22.055745,road_0000,40.66847506300489,-73.73807969374211,386,57.19638892789,60,8.900477395023287,0,FREE_FLOW,arterial
2025-09-17 23:57:22.055745,road_0001,40.7198987295828,-73.74706387556736,308,80.0,80,0.0,0,FREE_FLOW,highway
2025-09-17 23:57:22.055745,road_0002,40.74994808923203,-73.79014932806467,146,45.0,45,0.6916106916000064,0,FREE_FLOW,collector
2025-09-17 23:57:22.055745,road_0003,40.74309158226195,-73.96661727077273,592,60.0,60,28.95713000400428,0,FREE_FLOW,arterial
2025-09-17 23:57:22.055745,road_0004,40.74719920513,-73.97825297690737,563,45.0,45,40.35383048604043,0,FREE_FLOW,collector
2025-09-17 23:57:22.055745,road_0005,40.65630618807343,-73.82360585825539,386,78.09322998868616,80,16.648929918903768,0,FREE_FLOW,highway
2025-09-17 23:57:22.055745,road_0006,40.75804890186165,-73.93570569353813,198,45.0,45,13.041840207001961,0,FREE_FLOW,collector
2025-09-17 23:57:22.055745,road_0007,40.73736741980714,-73.97783773036258,473,60.0,60,22.663799929373532,0,FREE_FLOW,arterial
2025-09-17 23:57:22.055745,road_0008,40.74218505875765,-73.99219447365964,203,35.0,35,34.131515999701335,0,FREE_FLOW,local
2025-09-17 23:57:22.055745,road_0009,40.75925042330636,-73.9733779780817,401,56.6354574165122,60,15.71099701580738,0,FREE_FLOW,arterial
2025-09-17 23:57:22.055745,road_0010,40.750335863940855,-73.9667968640636,552,60.0,60,13.871320486326212,0,FREE_FLOW,arterial
2025-09-17 23:57:22.055745,road_0011,40.757416219068794,-73.98397817262654,541,54.07091658273069,60,26.088227689270894,0,FREE_FLOW,arterial
2025-09-17 23:57:22.055745,road_0012,40.72784698827304,-73.99864431466133,170,35.0,35,28.574540611573536,0,FREE_FLOW,local
2025-09-17 23:57:22.055745,road_0013,40.79057560223081,-73.78406564317166,477,80.0,80,7.990658788090541,0,FREE_FLOW,highway
2025-09-17 23:57:22.055745,road_0014,40.76637078211215,-73.84177010778228,260,55.096883387239615,60,9.044621190090165,0,FREE_FLOW,arterial
2025-09-17 23:57:22.055745,road_0015,40.725062561880804,-73.7940196317338,520,74.92262263054052,80,15.889701230411879,0,FREE_FLOW,highway
2025-09-17 23:57:22.055745,road_0016,40.70107439756184,-73.79401468643744,421,80.0,80,20.383869315658146,0,FREE_FLOW,highway
2025-09-17 23:57:22.055745,road_0017,40.75604341426178,-74.00070820437055,404,59.32413878044823,60,23.484657405353406,0,FREE_FLOW,arterial
2025-09-17 23:57:22.055745,road_0018,40.777249530657826,-74.01730375345964,474,60.0,60,25.28184705828523,0,FREE_FLOW,arterial
2025-09-17 23:57:22.055745,road_0019,40.7690872447115,-73.993554507777,697,41.15196672580582,45,37.51815462288673,0,FREE_FLOW,collector
2025-09-18 00:12:22.055745,road_0000,40.66847506300489,-73.73807969374211,236,58.76077195544084,60,8.599264289790709,0,FREE_FLOW,arterial
2025-09-18 00:12:22.055745,road_0001,40.7198987295828,-73.74706387556736,339,76.17075094786347,80,0.0,0,FREE_FLOW,highway
2025-09-18 00:12:22.055745,road_0002,40.74994808923203,-73.79014932806467,146,45.0,45,3.216467181241259,0,FREE_FLOW,collector
2025-09-18 00:12:22.055745,road_0003,40.74309158226195,-73.96661727077273,482,59.37891091846092,60,9.821622673401022,0,FREE_FLOW,arterial
2025-09-18 00:12:22.055745,road_0004,40.74719920513,-73.97825297690737,283,45.0,45,11.358934380233215,0,FREE_FLOW,collector
2025-09-18 00:12:22.055745,road_0005,40.65630618807343,-73.82360585825539,204,76.76720099923811,80,6.179589744401612,0,FREE_FLOW,highway
2025-09-18 00:12:22.055745,road_0006,40.75804890186165,-73.93570569353813,136,45.0,45,5.149143656027389,0,FREE_FLOW,collector
2025-09-18 00:12:22.055745,road_0007,40.73736741980714,-73.97783773036258,392,59.258415113796254,60,18.248139152819796,0,FREE_FLOW,arterial
2025-09-18 00:12:22.055745,road_0008,40.74218505875765,-73.99219447365964,91,33.358065468299344,35,16.670524842501784,0,FREE_FLOW,local
2025-09-18 00:12:22.055745,road_0009,40.75925042330636,-73.9733779780817,570,55.000925450096524,60,29.27492775901601,0,FREE_FLOW,arterial
2025-09-18 00:12:22.055745,road_0010,40.750335863940855,-73.9667968640636,549,57.16141907614127,60,17.890751792405236,0,FREE_FLOW,arterial
2025-09-18 00:12:22.055745,road_0011,40.757416219068794,-73.98397817262654,464,55.22876944712633,60,12.96654786875165,0,FREE_FLOW,arterial
2025-09-18 00:12:22.055745,road_0012,40.72784698827304,-73.99864431466133,141,35.0,35,18.108925421266147,0,FREE_FLOW,local
2025-09-18 00:12:22.055745,road_0013,40.79057560223081,-73.78406564317166,323,74.0649067614641,80,6.788441322445808,0,FREE_FLOW,highway
2025-09-18 00:12:22.055745,road_0014,40.76637078211215,-73.84177010778228,283,60.0,60,7.634868049680742,0,FREE_FLOW,arterial
2025-09-18 00:12:22.055745,road_0015,40.725062561880804,-73.7940196317338,256,74.13636116031029,80,14.388250443346505,0,FREE_FLOW,highway
2025-09-18 00:12:22.055745,road_0016,40.70107439756184,-73.79401468643744,356,79.26207222074314,80,18.289817988123566,0,FREE_FLOW,highway
2025-09-18 00:12:22.055745,road_0017,40.75604341426178,-74.00070820437055,427,60.0,60,25.726962832674218,0,FREE_FLOW,arterial
2025-09-18 00:12:22.055745,road_0018,40.777249530657826,-74.01730375345964,281,60.0,60,10.520008563928526,0,FREE_FLOW,arterial
2025-09-18 00:12:22.055745,road_0019,40.7690872447115,-73.993554507777,344,41.15756346707035,45,32.89733148664568,0,FREE_FLOW,collector
2025-09-18 00:27:22.055745,road_0000,40.66847506300489,-73.73807969374211,158,54.259616887855714,60,3.275648060977744,0,FREE_FLOW,arterial
2025-09-18 00:27:22.055745,road_0001,40.7198987295828,-73.74706387556736,237,80.0,80,13.511489267251214,0,FREE_FLOW,highway
2025-09-18 00:27:22.055745,road_0002,40.74994808923203,-73.79014932806467,123,45.0,45,13.557527272674228,0,FREE_FLOW,collector
2025-09-18 00:27:22.055745,road_0003,40.74309158226195,-73.96661727077273,394,54.765795039789644,60,7.700364364741789,0,FREE_FLOW,arterial
2025-09-18 00:27:22.055745,road_0004,40.74719920513,-73.97825297690737,363,44.649628162698995,45,31.366608635618494,0,FREE_FLOW,collector
2025-09-18 00:27:22.055745,road_0005,40.65630618807343,-73.82360585825539,522,78.36395636422817,80,8.55340224976136,0,FREE_FLOW,highway
2025-09-18 00:27:22.055745,road_0006,40.75804890186165,-73.93570569353813,214,45.0,45,22.54419247310259,0,FREE_FLOW,collector
2025-09-18 00:27:22.055745,road_0007,40.73736741980714,-73.97783773036258,533,60.0,60,26.310911284421707,0,FREE_FLOW,arterial
2025-09-18 00:27:22.055745,road_0008,40.74218505875765,-73.99219447365964,107,35.0,35,10.236034650393012,0,FREE_FLOW,local
2025-09-18 00:27:22.055745,road_0009,40.75925042330636,-73.9733779780817,254,60.0,60,2.953847452058773,0,FREE_FLOW,arterial
2025-09-18 00:27:22.055745,road_0010,40.750335863940855,-73.9667968640636,703,60.0,60,27.99958298280376,0,FREE_FLOW,arterial
2025-09-18 00:27:22.055745,road_0011,40.757416219068794,-73.98397817262654,501,55.63326663866214,60,21.495210659101737,0,FREE_FLOW,arterial
2025-09-18 00:27:22.055745,road_0012,40.72784698827304,-73.99864431466133,173,35.0,35,20.54798512914339,0,FREE_FLOW,local
2025-09-18 00:27:22.055745,road_0013,40.79057560223081,-73.78406564317166,269,72.39952319218523,80,9.345987865404414,0,FREE_FLOW,highway
2025-09-18 00:27:22.055745,road_0014,40.76637078211215,-73.84177010778228,265,60.0,60,12.715074610418688,0,FREE_FLOW,arterial
2025-09-18 00:27:22.055745,road_0015,40.725062561880804,-73.7940196317338,372,80.0,80,12.975764017797491,0,FREE_FLOW,highway
2025-09-18 00:27:22.055745,road_0016,40.70107439756184,-73.79401468643744,487,78.41578304706468,80,5.9638686633480535,0,FREE_FLOW,highway
2025-09-18 00:27:22.055745,road_0017,40.75604341426178,-74.00070820437055,556,60.0,60,14.737401538118451,0,FREE_FLOW,arterial
2025-09-18 00:27:22.055745,road_0018,40.777249530657826,-74.01730375345964,234,60.0,60,19.326375131419134,0,FREE_FLOW,arterial
2025-09-18 00:27:22.055745,road_0019,40.7690872447115,-73.993554507777,285,44.45796066092144,45,28.331178371102865,0,FREE_FLOW,collector
