timestamp,latitude,longitude,temperature,humidity,precipitation,wind_speed,visibility,weather_condition
2025-08-19 00:56:15.549656,51.1694,71.4491,21.916038969181855,67.26852739391491,0.0,2.4356488991483483,19.434336478504118,cloudy
2025-08-19 00:56:15.549656,51.128,71.403,19.352137863513256,44.75755913022827,0.0,3.851248023612592,21.379707442883394,clear
2025-08-19 00:56:15.549656,51.1805,71.446,20.10814803713786,64.80450106295989,0.0,7.037038491047104,21.964198627802777,clear
2025-08-19 00:56:15.549656,51.135,71.47,19.847926489903667,65.76591179634323,0.0,1.7416020032719666,18.953193469870193,cloudy
2025-08-19 01:56:15.549656,51.1694,71.4491,16.67393823480096,64.17740577397781,0.0,4.194721890712595,21.131527563899624,clear
2025-08-19 01:56:15.549656,51.128,71.403,14.693616148705726,61.442621222988116,1.0077481667434227,4.789306992415668,17.984503666513156,cloudy
2025-08-19 01:56:15.549656,51.1805,71.446,15.411903561720916,78.53305538142632,0.0,1.5835204351772636,20.983999401665436,cloudy
2025-08-19 01:56:15.549656,51.135,71.47,23.405705328084924,59.911898951445586,0.0,1.4427629781309776,18.907774007669733,clear
2025-08-19 02:56:15.549656,51.1694,71.4491,13.907240785626886,88.4332564624581,0.0,1.048728126612451,20.777961298374084,cloudy
2025-08-19 02:56:15.549656,51.128,71.403,16.32728951886289,36.934721901608135,0.0,4.176243441261302,19.541673409524357,clear
2025-08-19 02:56:15.549656,51.1805,71.446,13.928729139596612,69.44318364183712,0.0,4.902856823711456,19.655875936556537,cloudy
2025-08-19 02:56:15.549656,51.135,71.47,20.880873668838785,57.20742275595952,0.0,3.032282706645299,21.639031902920433,clear
2025-08-19 03:56:15.549656,51.1694,71.4491,17.553872355466098,57.53340876814306,0.0,6.765170285836474,20.82194552827093,clear
2025-08-19 03:56:15.549656,51.128,71.403,19.669003244181418,60.41540446453563,0.0,15.704935172983994,18.343425132867885,clear
2025-08-19 03:56:15.549656,51.1805,71.446,21.013974827187365,59.2016729355059,0.0,0.5450074238625531,21.88169821134104,clear
2025-08-19 03:56:15.549656,51.135,71.47,20.469557122246144,46.09179569442344,0.0,0.24540006614315263,20.695804397490942,clear
2025-08-19 04:56:15.549656,51.1694,71.4491,18.684422014024065,55.9613354547857,0.0,1.6878872130624332,20.777489704396015,clear
2025-08-19 04:56:15.549656,51.128,71.403,20.927008451054554,51.296380368684815,0.0,5.135359011358738,20.92768133087329,clear
2025-08-19 04:56:15.549656,51.1805,71.446,21.265553676998053,52.80453634171541,0.0,3.3321850981594654,18.43567269790067,clear
2025-08-19 04:56:15.549656,51.135,71.47,24.217028899302893,59.231360975812905,3.69249502502905,4.76991559209304,12.6150099499419,cloudy
2025-08-19 05:56:15.549656,51.1694,71.4491,22.87238605552594,46.30697341963917,0.0,3.233170384788065,19.247330578824624,cloudy
2025-08-19 05:56:15.549656,51.128,71.403,23.262996351035063,51.832677341720505,0.0,4.761586211013098,19.76033539840085,clear
2025-08-19 05:56:15.549656,51.1805,71.446,20.16201421088875,52.05108711075964,0.0,4.428811372879986,18.299942296877518,clear
2025-08-19 05:56:15.549656,51.135,71.47,16.742805411205016,64.8108032817106,0.0,2.882027134049733,18.642367436388618,cloudy
2025-08-19 06:56:15.549656,51.1694,71.4491,15.278783655308255,77.49970087656646,0.0,8.991078359262046,18.926097905981454,clear
2025-08-19 06:56:15.549656,51.128,71.403,27.342140563692954,53.970349881993556,0.0,2.6915675098126224,19.116201889166668,clear
2025-08-19 06:56:15.549656,51.1805,71.446,22.126977173729536,57.3476346354801,0.0,3.6320408601099445,19.78818078697816,clear
2025-08-19 06:56:15.549656,51.135,71.47,23.551444147348377,76.14525452442277,0.0,5.256732899066407,19.127743541509147,clear
2025-08-19 07:56:15.549656,51.1694,71.4491,22.11782126021043,48.864459620782114,0.0,2.34687774583245,19.26723316436491,clear
2025-08-19 07:56:15.549656,51.128,71.403,23.359702434063315,59.917089931489656,0.0,3.611359353025234,18.926927865436895,clear
2025-08-19 07:56:15.549656,51.1805,71.446,27.722023308213373,34.57479942125717,0.0,14.24148114633594,19.152449380636458,cloudy
2025-08-19 07:56:15.549656,51.135,71.47,26.942484543046458,66.57934347946887,0.23342441650990778,1.7111145433802997,19.533151166980186,cloudy
2025-08-19 08:56:15.549656,51.1694,71.4491,27.777602649138785,61.73446392316353,0.0,16.445941466552647,18.992950857389058,clear
2025-08-19 08:56:15.549656,51.128,71.403,26.43144555733637,56.91240729020696,0.0,0.9200043937721432,19.215893868033177,clear
2025-08-19 08:56:15.549656,51.1805,71.446,27.156533554419415,52.33974091024759,0.0,10.403915276136402,19.528383578180907,clear
2025-08-19 08:56:15.549656,51.135,71.47,29.277342845992614,53.91140960688742,0.4446021121930741,2.5999400450912367,19.110795775613852,cloudy
2025-08-19 09:56:15.549656,51.1694,71.4491,30.437220036211162,38.76189046062149,0.0,3.4909805065383543,19.026819143653334,clear
2025-08-19 09:56:15.549656,51.128,71.403,26.10064150310522,30.06796945947268,0.0,12.127494455180129,19.626992251573856,clear
2025-08-19 09:56:15.549656,51.1805,71.446,23.200177644110134,61.13334099685404,0.0,1.6981650350699222,18.896010667776217,clear
2025-08-19 09:56:15.549656,51.135,71.47,28.357427717375074,65.29975638295214,0.0,4.263903532410918,19.533261615899754,clear
2025-08-19 10:56:15.549656,51.1694,71.4491,29.628297574311407,74.70015614876354,0.0,1.1564520446514597,20.3776572069194,clear
2025-08-19 10:56:15.549656,51.128,71.403,27.312049751810452,61.84318421746929,0.0,8.5974103047436,18.928862936884503,clear
2025-08-19 10:56:15.549656,51.1805,71.446,27.52389413731807,45.80667231768249,0.0,2.8896604217384376,20.83561504626124,cloudy
2025-08-19 10:56:15.549656,51.135,71.47,21.660056940886847,71.05557491522086,0.0,18.402629442092717,20.415776946012638,clear
2025-08-19 11:56:15.549656,51.1694,71.4491,29.833214241944283,47.010872801790185,0.0,6.076536448541718,21.543338198234217,clear
2025-08-19 11:56:15.549656,51.128,71.403,30.36093613794712,33.79637704674691,0.0,2.4172219952492418,18.71593366358973,clear
2025-08-19 11:56:15.549656,51.1805,71.446,27.90173473101204,45.44195693836689,0.0,12.466723591532755,20.795200012359892,clear
2025-08-19 11:56:15.549656,51.135,71.47,23.501016598115864,52.24452567938572,0.0,2.315129962784106,18.739954421880263,clear
2025-08-19 12:56:15.549656,51.1694,71.4491,32.238311237676804,33.644787569069884,0.0,6.131382318439911,18.001657001924265,clear
2025-08-19 12:56:15.549656,51.128,71.403,30.002956525591884,37.81350409101165,0.0,1.184233590632201,19.70560707099637,cloudy
2025-08-19 12:56:15.549656,51.1805,71.446,29.1878154126925,50.273930971212295,0.0,5.108270448245598,18.081245768472076,clear
2025-08-19 12:56:15.549656,51.135,71.47,28.246513774458357,50.38009406959932,0.0,1.9704249831232177,18.21306418234388,cloudy
2025-08-19 13:56:15.549656,51.1694,71.4491,28.983539948131128,53.427353934784115,0.0,21.745903274081357,20.091692397801967,clear
2025-08-19 13:56:15.549656,51.128,71.403,30.46516129891867,43.4507230318147,0.5661097588989479,1.8379814305286377,18.867780482202104,cloudy
2025-08-19 13:56:15.549656,51.1805,71.446,27.742893020331756,56.30494600576833,0.0,4.534240985166196,20.029357735879167,clear
2025-08-19 13:56:15.549656,51.135,71.47,27.010804751678368,52.146393283747315,0.0,5.933288560790983,18.013757342217446,clear
2025-08-19 14:56:15.549656,51.1694,71.4491,28.12193006786305,35.1938463552754,0.0,3.275550400738399,20.21080869680443,clear
2025-08-19 14:56:15.549656,51.128,71.403,23.684021884226308,74.84103110772438,0.0,0.41901386911821936,18.032423885991506,clear
2025-08-19 14:56:15.549656,51.1805,71.446,26.81548667369825,46.08626002655119,0.0,5.594995932958302,20.19501020488961,cloudy
2025-08-19 14:56:15.549656,51.135,71.47,31.33514309599916,48.66791389451568,0.0,4.190609297912228,18.52190654769312,clear
2025-08-19 15:56:15.549656,51.1694,71.4491,31.096866004565143,31.764861346124466,2.0775695074630085,2.553328395429568,15.844860985073982,cloudy
2025-08-19 15:56:15.549656,51.128,71.403,27.123216741738347,45.30831968373923,0.0,4.951459444552473,18.697161088177968,cloudy
2025-08-19 15:56:15.549656,51.1805,71.446,19.83994781173882,58.70042104894681,0.0,5.482986849215614,20.074098550719146,clear
2025-08-19 15:56:15.549656,51.135,71.47,19.64445054915854,61.48218059278239,0.0,8.480662516548152,18.447519567632554,clear
2025-08-19 16:56:15.549656,51.1694,71.4491,21.085999092750853,78.95637831655496,0.0,5.593311589738055,20.270692183798715,cloudy
2025-08-19 16:56:15.549656,51.128,71.403,26.727653659910153,33.306564630546745,0.0,5.471723762948397,21.374493749834052,clear
2025-08-19 16:56:15.549656,51.1805,71.446,27.092905583081663,51.97425996949522,0.0,27.213149389365608,19.449746689474008,cloudy
2025-08-19 16:56:15.549656,51.135,71.47,27.38640178656308,64.23906765885843,0.2906696585892911,12.010091285528485,19.418660682821418,cloudy
2025-08-19 17:56:15.549656,51.1694,71.4491,25.513959971393085,61.0975362925391,0.0,5.3038367089372285,20.25229013660254,cloudy
2025-08-19 17:56:15.549656,51.128,71.403,18.74357025730507,75.36953709344604,1.3130020376554308,8.442200880633296,17.37399592468914,cloudy
2025-08-19 17:56:15.549656,51.1805,71.446,19.944230027988674,57.0434968529094,0.0,3.4826526162965585,20.52263897141848,clear
2025-08-19 17:56:15.549656,51.135,71.47,24.323438045570818,59.31191755934381,0.0,8.754223969359533,20.381159250088636,clear
2025-08-19 18:56:15.549656,51.1694,71.4491,22.12734513928481,63.00257436027967,0.0,8.036996236762725,19.749284527888634,clear
2025-08-19 18:56:15.549656,51.128,71.403,25.326790633805086,72.29156910372433,0.0,5.9570276256137396,20.63796395683268,clear
2025-08-19 18:56:15.549656,51.1805,71.446,25.067820435461662,51.1311322911648,0.0,7.119392582215662,20.988152264363286,clear
2025-08-19 18:56:15.549656,51.135,71.47,24.117733283833683,52.17733306395566,0.5524013104759761,1.6794564754161367,18.89519737904805,cloudy
2025-08-19 19:56:15.549656,51.1694,71.4491,24.082176742667716,63.443389441415434,0.0,6.386187480259471,18.227126667332975,clear
2025-08-19 19:56:15.549656,51.128,71.403,19.70082129423058,78.1961584472066,0.0,6.71918568246746,19.976419152165597,cloudy
2025-08-19 19:56:15.549656,51.1805,71.446,21.998522113901277,60.19808752957376,0.0,8.62351256419787,20.3693597182717,clear
2025-08-19 19:56:15.549656,51.135,71.47,28.384224941847627,58.55155074037873,0.0,6.416922458193232,18.802970566615897,cloudy
2025-08-19 20:56:15.549656,51.1694,71.4491,20.167106955577893,46.104175064557445,0.0,2.689074133006411,18.146187927108677,cloudy
2025-08-19 20:56:15.549656,51.128,71.403,22.03797516468706,42.14742452448847,0.0,3.9918484694537675,20.012932970577992,clear
2025-08-19 20:56:15.549656,51.1805,71.446,20.35886172906115,55.00928922011204,0.0,0.7697089712316298,21.59135517400606,clear
2025-08-19 20:56:15.549656,51.135,71.47,20.00886926723629,51.54010069117397,0.0,12.194496386683163,20.13221094823489,cloudy
2025-08-19 21:56:15.549656,51.1694,71.4491,18.588746245344485,37.06122733563661,0.0,3.508890515828659,18.65703596654972,clear
2025-08-19 21:56:15.549656,51.128,71.403,17.23468462901612,79.46152380391592,0.0,17.15923322858229,20.74658324394211,clear
2025-08-19 21:56:15.549656,51.1805,71.446,22.54917755402906,53.97463432739183,2.4399146902066224,3.9449220033658245,15.120170619586755,cloudy
2025-08-19 21:56:15.549656,51.135,71.47,22.12511556996063,70.93402410423718,0.0,4.706279191594689,19.311122101912865,clear
2025-08-19 22:56:15.549656,51.1694,71.4491,18.358740157432404,68.62426886070757,0.0,1.0368267642296873,21.64120919367717,clear
2025-08-19 22:56:15.549656,51.128,71.403,20.345569998839622,58.09092033605499,0.0,3.2909815085988523,19.523407186351108,clear
2025-08-19 22:56:15.549656,51.1805,71.446,18.397560504366293,43.48558145189419,0.0,2.277174369497856,20.33846055601158,clear
2025-08-19 22:56:15.549656,51.135,71.47,13.353375571264273,69.6922943545968,0.0,24.40044629697208,18.05254579617159,clear
2025-08-19 23:56:15.549656,51.1694,71.4491,24.200631129262305,70.25406844981336,0.0,5.249204266621057,18.509798800901695,cloudy
2025-08-19 23:56:15.549656,51.128,71.403,16.552410920195484,68.06608041450836,0.0,2.8771856861517198,20.754598915070996,clear
2025-08-19 23:56:15.549656,51.1805,71.446,20.16811208434689,60.37521980735354,0.0,10.89504877194839,21.64439805480642,clear
2025-08-19 23:56:15.549656,51.135,71.47,19.32068176154832,75.34594279149297,0.0,1.7819756129050957,20.438881335170407,clear
2025-08-20 00:56:15.549656,51.1694,71.4491,16.17236801305425,65.77973424038495,0.0,5.916873624995024,20.360918570278837,clear
2025-08-20 00:56:15.549656,51.128,71.403,18.402658405090065,54.272324094268114,0.0,1.2856910176305856,20.35806794360853,clear
2025-08-20 00:56:15.549656,51.1805,71.446,20.858997256952033,70.13080203549379,0.0,20.890665817868403,19.115282213351456,cloudy
2025-08-20 00:56:15.549656,51.135,71.47,18.946779515203577,74.14981163236,0.0,1.1377578973636921,18.05361203589075,clear
2025-08-20 01:56:15.549656,51.1694,71.4491,18.007452158785995,70.6976232328113,0.0,7.6027141575883,20.74672592790036,clear
2025-08-20 01:56:15.549656,51.128,71.403,15.786440065611053,70.28456672801633,0.0,5.054343281752329,21.572600378374073,clear
2025-08-20 01:56:15.549656,51.1805,71.446,21.43559945770446,67.04113616364816,0.0,1.8243892347808637,21.56410898959036,clear
2025-08-20 01:56:15.549656,51.135,71.47,17.358054802790804,49.40203743335031,0.0,1.6512016033598755,19.179755269657097,clear
2025-08-20 02:56:15.549656,51.1694,71.4491,16.11502581792437,73.78103094369433,0.0,4.693663071983405,21.9110207126616,cloudy
2025-08-20 02:56:15.549656,51.128,71.403,14.527965243779565,60.71204262178426,0.0,6.1736272285979785,20.55493379573399,clear
2025-08-20 02:56:15.549656,51.1805,71.446,17.949179227440226,63.69081844272464,0.0,6.516905063868645,20.956924129797716,clear
2025-08-20 02:56:15.549656,51.135,71.47,14.730098427600074,74.59572082981744,0.0,8.263813819918207,21.526788661711798,clear
2025-08-20 03:56:15.549656,51.1694,71.4491,18.861975192946087,63.47887692003828,0.0,10.29915185372153,18.88942229161964,clear
2025-08-20 03:56:15.549656,51.128,71.403,18.295639379444115,73.8768783930007,0.016359924528236473,9.555291104451095,19.967280150943527,cloudy
2025-08-20 03:56:15.549656,51.1805,71.446,14.635482200660798,88.70814716181602,0.0,4.640317933656689,18.149005037611936,clear
2025-08-20 03:56:15.549656,51.135,71.47,21.960409034387787,57.597772720006034,0.0,11.898616377495859,20.32592331754102,cloudy
2025-08-20 04:56:15.549656,51.1694,71.4491,16.922347943660796,61.5083035202983,2.006874157831942,2.0619244092374203,15.986251684336118,cloudy
2025-08-20 04:56:15.549656,51.128,71.403,19.62941247526964,54.74740649939946,0.0,2.274669200583982,20.448008045740004,clear
2025-08-20 04:56:15.549656,51.1805,71.446,15.741711521330911,70.60994089743501,0.0,3.6094994773902425,20.63052364001897,clear
2025-08-20 04:56:15.549656,51.135,71.47,19.74521199543214,79.17819811699198,2.143491621246049,1.5065250159926462,15.713016757507903,cloudy
2025-08-20 05:56:15.549656,51.1694,71.4491,23.153669162834692,59.651029631029346,0.0,2.9624620202094523,21.274818169380186,clear
2025-08-20 05:56:15.549656,51.128,71.403,17.698712052784103,70.9050349239033,0.0,0.7848721737796959,19.814337662324018,clear
2025-08-20 05:56:15.549656,51.1805,71.446,21.787357235891278,74.23408211591315,0.0,1.8032374146896748,21.232454747062203,clear
2025-08-20 05:56:15.549656,51.135,71.47,24.53581211217347,59.745395892050595,0.0,7.351782093317842,18.527025381623606,clear
2025-08-20 06:56:15.549656,51.1694,71.4491,22.917757300778064,58.30376706546965,10.7512261468917,2.98819235103291,3.999999999999999,rain
2025-08-20 06:56:15.549656,51.128,71.403,22.026366017668185,66.79035093931128,0.0,6.447478111844787,20.641530867551744,clear
2025-08-20 06:56:15.549656,51.1805,71.446,27.00294355047316,68.44099054104865,0.0,2.19418347805638,20.76912182248336,clear
2025-08-20 06:56:15.549656,51.135,71.47,23.311366411463098,45.38112495855525,0.0,17.44935173277837,21.988364101084255,clear
2025-08-20 07:56:15.549656,51.1694,71.4491,22.010153996698214,70.85804176894548,0.0,7.275441153042309,18.058139704269312,clear
2025-08-20 07:56:15.549656,51.128,71.403,26.521551609906396,43.563623754724084,0.0,5.952296172862796,18.80441784264422,cloudy
2025-08-20 07:56:15.549656,51.1805,71.446,20.542101552415154,50.973453837390686,0.0,10.972671085999043,21.686124913490257,clear
2025-08-20 07:56:15.549656,51.135,71.47,19.854556473515274,56.74350822961549,0.0,3.429672431165052,18.289148053913348,clear
2025-08-20 08:56:15.549656,51.1694,71.4491,20.953487020038043,49.81147775186288,0.0,1.985232142377113,21.511713622834534,cloudy
2025-08-20 08:56:15.549656,51.128,71.403,26.279765810932503,44.22423943794601,0.0,2.7486915147211617,18.77395292534147,clear
2025-08-20 08:56:15.549656,51.1805,71.446,22.1299131765844,52.412931931735315,0.5626134478892827,3.2486546206686846,18.874773104221433,cloudy
2025-08-20 08:56:15.549656,51.135,71.47,23.676592134686228,37.37814222304911,0.0,4.728004393081494,21.839830554896682,clear
2025-08-20 09:56:15.549656,51.1694,71.4491,24.962519849878547,48.15565208715559,0.1666427146072844,4.680319776302909,19.66671457078543,cloudy
2025-08-20 09:56:15.549656,51.128,71.403,26.11420870979495,46.95583257939316,0.0,23.38886695447867,18.462813204208576,clear
2025-08-20 09:56:15.549656,51.1805,71.446,27.040980186162084,68.68740908920222,3.8805895299013193,10.304204159271523,12.23882094019736,cloudy
2025-08-20 09:56:15.549656,51.135,71.47,24.975588317026794,47.894119584391845,0.0,1.5571297868703002,19.05358901302039,clear
2025-08-20 10:56:15.549656,51.1694,71.4491,22.903943137786495,64.48311247950757,0.0,3.3878457370579316,18.548123668408838,clear
2025-08-20 10:56:15.549656,51.128,71.403,32.291374232406405,38.67567560992418,4.164890274153402,3.724067760558406,11.670219451693196,cloudy
2025-08-20 10:56:15.549656,51.1805,71.446,31.458348317005118,39.32274487981692,0.0,3.85667393797943,21.055188934718092,clear
2025-08-20 10:56:15.549656,51.135,71.47,27.11011389264839,57.40035594155885,0.0,3.9545853549369885,19.763792326977043,clear
2025-08-20 11:56:15.549656,51.1694,71.4491,25.951783918527383,34.08376695432477,0.0,0.5861026940442348,20.95007341718146,clear
2025-08-20 11:56:15.549656,51.128,71.403,21.973345783913324,63.65641818079781,0.0,0.5313647640873875,19.112661332936053,cloudy
2025-08-20 11:56:15.549656,51.1805,71.446,28.507438196736718,49.938442280567166,0.0,0.7939815604699045,19.061968116424985,clear
2025-08-20 11:56:15.549656,51.135,71.47,25.552750311155883,50.378182252609136,0.0,4.406759719280753,21.840920419621142,clear
2025-08-20 12:56:15.549656,51.1694,71.4491,27.066643608946006,37.718772444005594,0.0,1.7061649030758468,18.221962520030452,clear
2025-08-20 12:56:15.549656,51.128,71.403,31.15057741465588,41.591145945981715,0.0,3.7955923832937093,20.171902282955408,clear
2025-08-20 12:56:15.549656,51.1805,71.446,26.748555129447553,39.27449256878377,0.0,3.3831503621533154,18.90732480621238,clear
2025-08-20 12:56:15.549656,51.135,71.47,27.93841929593901,60.444735966367375,0.0,6.8720924191341375,18.271337258587305,clear
2025-08-20 13:56:15.549656,51.1694,71.4491,27.05207895007766,40.131456386032646,0.0,1.9325703771635445,21.616819916124474,clear
2025-08-20 13:56:15.549656,51.128,71.403,27.720983118054278,48.24033571714884,0.0,8.972608859442094,18.038105557054,clear
2025-08-20 13:56:15.549656,51.1805,71.446,20.018706483945298,62.20783144932084,0.0,4.783945010697727,18.275085113812413,cloudy
2025-08-20 13:56:15.549656,51.135,71.47,27.18573287668401,60.74325517154862,1.7653380916134025,4.698667945956113,16.469323816773198,cloudy
2025-08-20 14:56:15.549656,51.1694,71.4491,26.79894711392921,51.58208550885935,0.0,3.388289084566337,19.531132557440642,clear
2025-08-20 14:56:15.549656,51.128,71.403,29.11723180323905,46.8538062554805,0.0,0.7328506218377397,21.82822723678718,cloudy
2025-08-20 14:56:15.549656,51.1805,71.446,27.835996467312757,52.49292980074895,3.817469820573313,5.505578631861077,12.365060358853375,cloudy
2025-08-20 14:56:15.549656,51.135,71.47,34.837976461045265,46.43984518666202,0.0,3.7873160097002194,19.437182965772397,cloudy
2025-08-20 15:56:15.549656,51.1694,71.4491,26.90992899574776,41.967371741760225,0.44327579830728364,4.131988096029149,19.113448403385433,cloudy
2025-08-20 15:56:15.549656,51.128,71.403,21.422757743018618,58.47227781353374,0.0,10.652881442099748,19.774545099824525,cloudy
2025-08-20 15:56:15.549656,51.1805,71.446,28.318391968635485,61.871416572384035,0.0,9.100172083177075,18.62137799280983,clear
2025-08-20 15:56:15.549656,51.135,71.47,32.21419126842264,32.794076909175295,0.0,6.208220631331718,18.804764649891617,clear
2025-08-20 16:56:15.549656,51.1694,71.4491,22.8164856823198,62.95410358190757,0.0,9.960256919482816,20.295701457105295,cloudy
2025-08-20 16:56:15.549656,51.128,71.403,25.159492259524765,44.20468702644132,0.0,13.50255274597873,21.39739704555082,clear
2025-08-20 16:56:15.549656,51.1805,71.446,27.05895986006136,40.39698355235044,0.0,3.036487272107478,18.432329821194543,cloudy
2025-08-20 16:56:15.549656,51.135,71.47,23.84012216572593,53.183698169275665,0.0,16.15707312410721,19.412618811283178,clear
2025-08-20 17:56:15.549656,51.1694,71.4491,24.60272322172002,37.51209444822315,0.0,6.617961581931327,21.865043644101267,clear
2025-08-20 17:56:15.549656,51.128,71.403,21.622735390702008,58.21127596662868,0.0,5.097772856674045,19.77089281322323,clear
2025-08-20 17:56:15.549656,51.1805,71.446,22.224380615750956,64.14903253959008,0.0,7.6735329312042335,21.332617089476923,clear
2025-08-20 17:56:15.549656,51.135,71.47,21.524260103049222,85.08391761100727,0.0,9.583238608191841,19.692067662889777,clear
2025-08-20 18:56:15.549656,51.1694,71.4491,22.530164723024225,46.38686347915467,0.0,3.99112124497478,18.485958829749013,cloudy
2025-08-20 18:56:15.549656,51.128,71.403,25.694245984814703,57.936249070208405,0.0,22.368558114946044,20.24761018116797,clear
2025-08-20 18:56:15.549656,51.1805,71.446,25.44836835860673,38.13717643601804,0.22084396761519265,5.765330799356698,19.558312064769613,cloudy
2025-08-20 18:56:15.549656,51.135,71.47,25.44858785454129,55.583831057659204,0.0,4.305974591379111,21.08455925195559,clear
2025-08-20 19:56:15.549656,51.1694,71.4491,18.23905198251515,71.78859929543609,0.909360364033805,8.148600181170075,18.18127927193239,cloudy
2025-08-20 19:56:15.549656,51.128,71.403,19.081668578606756,52.24137210089245,0.0,3.3981867650750663,19.710754216746242,clear
2025-08-20 19:56:15.549656,51.1805,71.446,22.14744886003056,46.41474600969927,0.0,1.6291339244148197,19.271976247109574,cloudy
2025-08-20 19:56:15.549656,51.135,71.47,20.65444702803796,62.063954436522295,0.0,1.290917951415601,19.66469581594109,cloudy
2025-08-20 20:56:15.549656,51.1694,71.4491,18.654992704866306,71.20090886765334,0.0,4.671425528136735,20.006711020762893,clear
2025-08-20 20:56:15.549656,51.128,71.403,19.921108750240375,65.10198194414744,0.0,4.942601198672744,21.260140372443512,clear
2025-08-20 20:56:15.549656,51.1805,71.446,24.791033223499404,54.44342594078155,0.0,1.537903616059424,18.75392377792119,clear
2025-08-20 20:56:15.549656,51.135,71.47,20.635133546144683,65.66542166842063,0.0,2.825528518855695,19.877763047788882,clear
2025-08-20 21:56:15.549656,51.1694,71.4491,14.760438668169224,69.38956356274541,0.0,10.589895443172495,19.853693662784774,clear
2025-08-20 21:56:15.549656,51.128,71.403,14.941110651631242,67.52426697173325,0.0,7.560689659288613,20.35362462305663,clear
2025-08-20 21:56:15.549656,51.1805,71.446,12.048788888538851,86.3886742347492,1.067815124861746,11.180618160981624,17.86436975027651,cloudy
2025-08-20 21:56:15.549656,51.135,71.47,19.854733512928057,67.20289107042456,0.0,2.4207821082774172,20.434619273507074,clear
2025-08-20 22:56:15.549656,51.1694,71.4491,16.277842397073286,64.53452724106717,0.0,7.647307640517121,20.528078503141728,clear
2025-08-20 22:56:15.549656,51.128,71.403,14.586270523213404,74.14627683632276,0.0,16.971704425584065,19.362095293573418,clear
2025-08-20 22:56:15.549656,51.1805,71.446,15.881243130879657,64.06853342468229,0.0,1.3654016319869968,18.196132287411597,clear
2025-08-20 22:56:15.549656,51.135,71.47,17.631920916394407,58.59902046943939,0.0,7.796931979228367,21.564032147352666,clear
2025-08-20 23:56:15.549656,51.1694,71.4491,22.63640064367854,63.13288054931692,0.0,7.051352264080937,20.208753668471086,clear
2025-08-20 23:56:15.549656,51.128,71.403,20.693077460161668,53.58250531991803,0.0,9.845655002903086,19.746983473582738,clear
2025-08-20 23:56:15.549656,51.1805,71.446,21.30148347037664,70.95292807515753,3.157353619972857,9.706253871336775,13.685292760054287,cloudy
2025-08-20 23:56:15.549656,51.135,71.47,15.979270977205385,68.57491220775319,3.6297585589476005,13.612286208137364,12.7404828821048,cloudy
2025-08-21 00:56:15.549656,51.1694,71.4491,13.301590920467985,75.22451179262893,0.0,2.0630041326570665,18.646131136100077,cloudy
2025-08-21 00:56:15.549656,51.128,71.403,16.254308595917713,76.34534366050424,0.0,2.6426769137701145,18.110045038106655,clear
2025-08-21 00:56:15.549656,51.1805,71.446,16.096231024609637,68.06189663938493,0.0,4.467219725821224,21.108710304650195,cloudy
2025-08-21 00:56:15.549656,51.135,71.47,17.59480279849932,60.86443944282115,0.0,22.946945602285705,18.6042367903488,clear
2025-08-21 01:56:15.549656,51.1694,71.4491,15.212817769232878,65.87127970112913,0.0,8.218329529262206,20.018749012233894,cloudy
2025-08-21 01:56:15.549656,51.128,71.403,16.038514549580587,78.87395774554659,0.0,4.358816714142852,19.908521333409624,cloudy
2025-08-21 01:56:15.549656,51.1805,71.446,17.190774586447933,61.722857623942694,0.0,1.723803284676023,19.19809806518898,cloudy
2025-08-21 01:56:15.549656,51.135,71.47,16.807613145511866,84.73920861655473,0.0,12.42730308119151,21.983214451252454,clear
2025-08-21 02:56:15.549656,51.1694,71.4491,21.465471739047963,59.79822098079427,0.0,8.303623243999292,21.87551706504981,cloudy
2025-08-21 02:56:15.549656,51.128,71.403,20.542572381579056,61.603180967209,0.0,6.845575331872034,20.613399400019222,clear
2025-08-21 02:56:15.549656,51.1805,71.446,16.735916587910953,65.67955563769925,0.0,3.508287294322192,21.63860113255646,cloudy
2025-08-21 02:56:15.549656,51.135,71.47,12.858728492069686,67.54586556566143,0.0,13.83933906461943,21.714854516380985,clear
2025-08-21 03:56:15.549656,51.1694,71.4491,19.45319995315665,60.36626922704893,0.0,0.3094391520423389,21.131461195504475,clear
2025-08-21 03:56:15.549656,51.128,71.403,23.09322099608161,58.593221316654756,0.0,4.354059359748327,21.475816143062435,clear
2025-08-21 03:56:15.549656,51.1805,71.446,14.674752045040337,79.90280601808958,2.3268983889554393,2.045930297353431,15.346203222089121,cloudy
2025-08-21 03:56:15.549656,51.135,71.47,18.643120972961434,43.70141924931529,0.0,9.752242788833275,21.09527029621798,clear
2025-08-21 04:56:15.549656,51.1694,71.4491,20.27317346177926,67.16849829182696,0.0,10.825072717615875,19.356808234446838,clear
2025-08-21 04:56:15.549656,51.128,71.403,22.45632844812,47.42339725577808,0.0,8.747188447032254,21.070734984377335,clear
2025-08-21 04:56:15.549656,51.1805,71.446,19.43424627052907,66.91414539369153,0.0,4.900144154211328,21.776086682372835,clear
2025-08-21 04:56:15.549656,51.135,71.47,17.637596894418873,74.58622334889749,0.15297731094791053,2.2982125847002672,19.694045378104178,cloudy
2025-08-21 05:56:15.549656,51.1694,71.4491,17.022769168068457,70.78521568269181,1.754948256638641,5.097665872407171,16.490103486722717,cloudy
2025-08-21 05:56:15.549656,51.128,71.403,17.77390375340519,62.45316379032126,0.7405018563897813,7.526780495996369,18.51899628722044,cloudy
2025-08-21 05:56:15.549656,51.1805,71.446,25.197903480905055,60.01789761951035,0.0,1.8646872866636774,21.641009714007943,cloudy
2025-08-21 05:56:15.549656,51.135,71.47,19.081925589401536,58.79198851083484,0.0,0.3258360694249638,20.131230170363235,clear
2025-08-21 06:56:15.549656,51.1694,71.4491,23.01032852886172,58.94579982956094,0.0,3.4487888365763366,20.274975681093906,cloudy
2025-08-21 06:56:15.549656,51.128,71.403,20.174438432970398,56.56507360202985,0.0,10.316900779721015,20.454338327569605,cloudy
2025-08-21 06:56:15.549656,51.1805,71.446,13.462505399249832,77.66831178153473,0.0,8.601309100727622,18.36223299658653,cloudy
2025-08-21 06:56:15.549656,51.135,71.47,22.57363960394169,41.29436331003425,0.0,1.95625389997131,18.176804653324613,clear
2025-08-21 07:56:15.549656,51.1694,71.4491,20.894083710149452,53.90448509939144,0.0,9.91667533167291,20.618987546560174,clear
2025-08-21 07:56:15.549656,51.128,71.403,24.138114322725556,37.209131148407344,0.0,16.803040915329206,20.60608631118286,cloudy
2025-08-21 07:56:15.549656,51.1805,71.446,24.979006565500093,47.72928379959743,0.0,9.782547793059955,20.682114865689012,clear
2025-08-21 07:56:15.549656,51.135,71.47,26.516517150374806,42.777253094672574,0.0,1.329761894067675,19.964195217379938,clear
2025-08-21 08:56:15.549656,51.1694,71.4491,22.806231155886156,52.05855334176006,0.0,2.024275186405689,18.880995452280764,cloudy
2025-08-21 08:56:15.549656,51.128,71.403,23.57068496002631,63.458524097205014,0.0,4.949160418500185,19.717699664113585,cloudy
2025-08-21 08:56:15.549656,51.1805,71.446,22.97673567049837,57.535938060399,0.0,4.085979162172033,18.509437413866255,clear
2025-08-21 08:56:15.549656,51.135,71.47,28.37300127694398,54.36339080325298,0.0,2.7833594982459418,19.207108415876313,clear
2025-08-21 09:56:15.549656,51.1694,71.4491,26.221229139939087,62.95754326038758,0.0,4.58714969530561,20.7389206817201,clear
2025-08-21 09:56:15.549656,51.128,71.403,26.021472822636557,54.19483098189497,0.0,7.261256980929254,21.423537129670613,clear
2025-08-21 09:56:15.549656,51.1805,71.446,27.72758415883496,63.72136050984936,0.0,4.061377681327116,20.29808649744286,clear
2025-08-21 09:56:15.549656,51.135,71.47,30.563431219207033,64.62126552385146,0.0,1.2710936742170142,21.401249120202774,clear
2025-08-21 10:56:15.549656,51.1694,71.4491,25.01557905666153,61.5011851215788,0.0,7.4025583511038695,18.20422281473426,clear
2025-08-21 10:56:15.549656,51.128,71.403,29.932705581480327,65.61063576897085,0.0,7.485874233732879,20.048298304633196,clear
2025-08-21 10:56:15.549656,51.1805,71.446,28.307213007679067,46.93283599792752,0.0,5.686754652046176,19.783745028309788,clear
2025-08-21 10:56:15.549656,51.135,71.47,23.23844021374842,41.11278984889085,0.0,4.727549506177128,18.91390570855782,clear
2025-08-21 11:56:15.549656,51.1694,71.4491,27.7275941594914,36.1726006348752,0.0,0.9810602395330854,20.895130152129035,clear
2025-08-21 11:56:15.549656,51.128,71.403,29.51763431261013,24.13654241304925,0.0,2.5837862567472136,20.612681966948234,clear
2025-08-21 11:56:15.549656,51.1805,71.446,26.869331183998902,49.28239107382975,0.0,3.3883073591582606,19.00671972834885,clear
2025-08-21 11:56:15.549656,51.135,71.47,24.012271218567854,90.35369212129541,0.0,5.20075489567608,18.942647391021875,clear
2025-08-21 12:56:15.549656,51.1694,71.4491,30.9637484717613,43.68632889295951,0.7407800735367689,5.239028306122553,18.518439852926463,cloudy
2025-08-21 12:56:15.549656,51.128,71.403,28.81848869723364,55.36162784279288,0.0,9.699352258895834,19.479599342582333,cloudy
2025-08-21 12:56:15.549656,51.1805,71.446,23.970830250563615,51.95773840680545,0.0,2.5539787516064036,21.54001468311614,cloudy
2025-08-21 12:56:15.549656,51.135,71.47,26.346688910738123,55.99963105701481,0.0,4.644851338188858,18.46711975855737,clear
2025-08-21 13:56:15.549656,51.1694,71.4491,27.668106538451863,52.065330748605284,0.0,7.364526796046107,20.58697015535735,cloudy
2025-08-21 13:56:15.549656,51.128,71.403,29.094807552092643,43.702063261371556,0.0,10.801255025497099,19.02961652437302,clear
2025-08-21 13:56:15.549656,51.1805,71.446,25.226587108759453,51.11133185883729,0.0,8.061661265038804,18.505346873068987,clear
2025-08-21 13:56:15.549656,51.135,71.47,25.747002775834538,56.9676514990162,0.0,8.83601345772179,21.788958479411473,clear
2025-08-21 14:56:15.549656,51.1694,71.4491,28.288234035307234,50.86911506198,0.0,0.6369000470079753,20.16283549034907,cloudy
2025-08-21 14:56:15.549656,51.128,71.403,25.704580963144448,36.87891238274757,0.0,3.817031775489201,18.47307360718166,cloudy
2025-08-21 14:56:15.549656,51.1805,71.446,27.77324829112514,41.68178205526594,0.6170490804665771,0.9587460891333575,18.765901839066846,cloudy
2025-08-21 14:56:15.549656,51.135,71.47,24.56560814216728,77.08395529366743,0.0,11.62225728575243,20.950117711983772,clear
2025-08-21 15:56:15.549656,51.1694,71.4491,28.27250190546779,50.615568168648196,0.0,8.884727930068893,21.309126848819744,cloudy
2025-08-21 15:56:15.549656,51.128,71.403,25.291248198643576,45.15653528469223,0.0,11.044436307125075,18.79251824378493,clear
2025-08-21 15:56:15.549656,51.1805,71.446,23.54191041927094,59.849355946740666,0.0,4.258214093662314,21.76211992754589,cloudy
2025-08-21 15:56:15.549656,51.135,71.47,22.114023966490606,62.03086102532385,0.0,9.688264471116295,20.829303863561034,cloudy
2025-08-21 16:56:15.549656,51.1694,71.4491,17.0500487820704,74.74540668081994,0.0,4.396891499390304,21.152145662787188,clear
2025-08-21 16:56:15.549656,51.128,71.403,26.487194358593953,46.5885652473654,0.0,12.812280464693227,21.3631707668728,clear
2025-08-21 16:56:15.549656,51.1805,71.446,24.77659861391021,65.80746575978479,0.0,8.438358615638489,20.501830653132355,cloudy
2025-08-21 16:56:15.549656,51.135,71.47,28.229562407616374,49.772814586728934,0.0,5.686044798182783,18.363334991485186,cloudy
2025-08-21 17:56:15.549656,51.1694,71.4491,24.114172772218957,60.71517205161211,0.0,5.765397015021303,20.813552104257223,clear
2025-08-21 17:56:15.549656,51.128,71.403,20.867380675832326,64.05589431663364,0.0,6.873198265375441,19.59932387039361,clear
2025-08-21 17:56:15.549656,51.1805,71.446,20.482290414428228,75.55000298022196,0.0,7.333571729860779,20.71680374085633,clear
2025-08-21 17:56:15.549656,51.135,71.47,24.3871423727838,48.503446068047445,0.0,2.0215715292146017,19.808168297636435,cloudy
2025-08-21 18:56:15.549656,51.1694,71.4491,27.84364319022034,46.43361267575912,0.0,15.287637055333246,19.95044364490455,cloudy
2025-08-21 18:56:15.549656,51.128,71.403,26.34006148727295,51.48440562890231,0.0,7.863082491771679,20.474034977383297,cloudy
2025-08-21 18:56:15.549656,51.1805,71.446,25.1930022182623,59.40631803195201,0.0,8.75276013450323,19.00990258926251,clear
2025-08-21 18:56:15.549656,51.135,71.47,18.320153675219704,54.88054703995077,0.0,11.681140902982436,19.3558702695485,cloudy
2025-08-21 19:56:15.549656,51.1694,71.4491,18.49381660148857,70.36962586413144,0.0,5.805880831243527,21.529166281277192,cloudy
2025-08-21 19:56:15.549656,51.128,71.403,17.982850110959227,74.35955094628521,0.0,7.591576408861323,18.573689738588854,clear
2025-08-21 19:56:15.549656,51.1805,71.446,22.499660325196174,62.02225775091923,0.0,8.41952597085717,19.97997264086164,clear
2025-08-21 19:56:15.549656,51.135,71.47,23.75079271148646,57.81333697714117,0.0,8.270190207500237,20.005063960268547,cloudy
2025-08-21 20:56:15.549656,51.1694,71.4491,14.575639957848457,62.92689934684194,0.0,5.137793463820852,19.370570362032517,clear
2025-08-21 20:56:15.549656,51.128,71.403,16.609830569886675,75.9694102887787,0.0,1.5064813943276683,20.990637061656795,clear
2025-08-21 20:56:15.549656,51.1805,71.446,20.78431678445449,58.34829928916277,0.0,4.579722903169114,19.399945506584814,clear
2025-08-21 20:56:15.549656,51.135,71.47,21.18176647709343,71.3376728983181,0.0,8.72572214904803,20.412581653446683,clear
2025-08-21 21:56:15.549656,51.1694,71.4491,19.271053557961274,56.223773858822796,0.0,10.655230610990749,20.473007729413457,clear
2025-08-21 21:56:15.549656,51.128,71.403,26.389014199904928,36.516572139360356,0.0,4.774608355222149,18.58860619213926,clear
2025-08-21 21:56:15.549656,51.1805,71.446,17.00798041987794,60.70258857519606,0.0,4.956424320013825,21.190493697917706,clear
2025-08-21 21:56:15.549656,51.135,71.47,20.347488141287165,59.40759039755583,0.0,5.996832950648351,19.01784217474338,clear
2025-08-21 22:56:15.549656,51.1694,71.4491,16.07422939394681,65.26785564375237,0.0,24.07570039481179,18.905760654369118,clear
2025-08-21 22:56:15.549656,51.128,71.403,19.020523123117293,76.82094423896113,0.0,2.572999311839902,21.46669257493497,clear
2025-08-21 22:56:15.549656,51.1805,71.446,21.258161266266725,51.96907848479528,0.0,13.966974305713688,21.396181423120254,clear
2025-08-21 22:56:15.549656,51.135,71.47,18.192653196442414,67.36950632972726,0.0,6.667084857848612,18.8645643775019,clear
2025-08-21 23:56:15.549656,51.1694,71.4491,19.833527404415534,68.71903364690827,6.668740264074892,2.3069577421748786,6.6625194718502145,rain
2025-08-21 23:56:15.549656,51.128,71.403,15.912239604782064,53.39622221976158,0.0,2.521215610478661,18.595049924344288,clear
2025-08-21 23:56:15.549656,51.1805,71.446,16.227780465653016,53.72361167847404,0.0,3.7031116648126217,18.507649145854593,clear
2025-08-21 23:56:15.549656,51.135,71.47,20.63780743323735,53.13437869626591,0.0,2.773356497394165,20.577080251141087,clear
2025-08-22 00:56:15.549656,51.1694,71.4491,14.678132864543372,64.58248083667883,0.0,2.6582252871828667,19.22893471291651,clear
2025-08-22 00:56:15.549656,51.128,71.403,16.297007724229,65.95507864333815,0.0,7.175414865708177,21.730385112466987,cloudy
2025-08-22 00:56:15.549656,51.1805,71.446,13.079883712770693,70.64397226714519,0.0,14.306530611626933,21.50746732688465,clear
2025-08-22 00:56:15.549656,51.135,71.47,23.479864953019515,62.13567682452972,0.0,9.26170417760907,21.229680016312262,clear
2025-08-22 01:56:15.549656,51.1694,71.4491,17.744609488862878,62.24211585722421,0.0,6.377745304150963,18.734080438558035,cloudy
2025-08-22 01:56:15.549656,51.128,71.403,12.574594611027457,57.35087380598958,0.0,14.17828393094321,20.64869248502995,cloudy
2025-08-22 01:56:15.549656,51.1805,71.446,15.114177578012315,68.1646724796878,0.3639018187737645,14.019083979296727,19.272196362452473,cloudy
2025-08-22 01:56:15.549656,51.135,71.47,16.277598860840264,64.80711464346034,0.0,3.849432292721831,20.036961304960478,clear
2025-08-22 02:56:15.549656,51.1694,71.4491,13.131928914663565,59.456783602792875,0.0,10.179585756805562,21.36120574845986,clear
2025-08-22 02:56:15.549656,51.128,71.403,18.85329838220756,73.3280364265665,0.0,9.30509550846238,20.5436328232743,cloudy
2025-08-22 02:56:15.549656,51.1805,71.446,14.604473579275684,76.96614363380004,0.0,7.4816532650632395,21.034533226909126,cloudy
2025-08-22 02:56:15.549656,51.135,71.47,17.019503395457214,66.34438307547765,0.0,1.3127580853153054,19.334063665944132,cloudy
2025-08-22 03:56:15.549656,51.1694,71.4491,19.853305647137663,77.41682552288472,0.0,3.3385209421881514,18.712684160995682,clear
2025-08-22 03:56:15.549656,51.128,71.403,20.88526909940868,52.515777857398305,0.0,8.910207747746409,21.15171486703082,cloudy
2025-08-22 03:56:15.549656,51.1805,71.446,17.40518673353551,78.75580598276093,0.0,3.218631952197813,20.09709382800906,clear
2025-08-22 03:56:15.549656,51.135,71.47,18.448174114740027,70.1943326090009,0.0,5.256204268667288,18.561413438869597,clear
2025-08-22 04:56:15.549656,51.1694,71.4491,16.03594494287385,73.4514299795561,0.0,5.891788802587742,18.861154259041438,clear
2025-08-22 04:56:15.549656,51.128,71.403,14.2791227440165,74.61859815542581,5.706587924626832,15.125225164888684,8.586824150746338,rain
2025-08-22 04:56:15.549656,51.1805,71.446,20.84193838313926,53.19918368724127,0.0,7.095202088132126,18.378557246738946,clear
2025-08-22 04:56:15.549656,51.135,71.47,19.917175332687435,51.45827633661827,0.0,3.621885264778985,18.54526325370609,cloudy
2025-08-22 05:56:15.549656,51.1694,71.4491,20.54828656322382,72.0807995863712,0.0,3.936518336086916,20.89204129336087,cloudy
2025-08-22 05:56:15.549656,51.128,71.403,21.482655214371118,51.16584627409605,0.0,2.300329224357271,18.87520629425799,clear
2025-08-22 05:56:15.549656,51.1805,71.446,18.229289076827417,82.73463202388953,0.0,17.44818418222024,20.270703954006134,clear
2025-08-22 05:56:15.549656,51.135,71.47,22.108783127894725,77.7641337030891,0.0,4.068073111023786,20.622788333709163,clear
2025-08-22 06:56:15.549656,51.1694,71.4491,20.946728603988966,59.97675456459557,0.0,1.08051560406418,20.627764078101784,clear
2025-08-22 06:56:15.549656,51.128,71.403,26.118350961274796,58.01317631324045,0.0,4.042098404886633,20.887053050301738,clear
2025-08-22 06:56:15.549656,51.1805,71.446,24.878633958501418,71.25341598357699,0.0,6.032200879578522,20.65290225751582,clear
2025-08-22 06:56:15.549656,51.135,71.47,23.073510312866492,51.9456486807792,0.0,3.508087709238781,21.681794356703968,cloudy
2025-08-22 07:56:15.549656,51.1694,71.4491,22.09059986868224,58.807481972618675,0.0,2.556962567604301,21.157745329233535,clear
2025-08-22 07:56:15.549656,51.128,71.403,18.50778710552142,54.74465498808804,0.0,3.7697717740379257,21.293592044237677,clear
2025-08-22 07:56:15.549656,51.1805,71.446,23.9410035926944,61.660132027326526,0.0,3.668505013070548,21.33525238880429,clear
2025-08-22 07:56:15.549656,51.135,71.47,21.529635417825816,65.33413798850545,0.0,0.6967424540257409,18.9594570231905,cloudy
2025-08-22 08:56:15.549656,51.1694,71.4491,23.65100363320266,46.59314891360674,0.0,8.497489053465737,21.679132646719815,cloudy
2025-08-22 08:56:15.549656,51.128,71.403,26.750283864538815,44.27496442569854,0.0,9.096718594797743,18.96644817225186,clear
2025-08-22 08:56:15.549656,51.1805,71.446,23.09936001658292,64.52329404854693,0.0,6.18515370555576,19.540414928761034,clear
2025-08-22 08:56:15.549656,51.135,71.47,28.722480712016388,44.87883419344017,0.0,2.992706595194412,20.413025668051706,clear
2025-08-22 09:56:15.549656,51.1694,71.4491,23.83159791479811,49.04847057097189,2.7131368959208593,3.325680088975316,14.573726208158282,cloudy
2025-08-22 09:56:15.549656,51.128,71.403,31.212964450523742,50.898052243922685,1.0745449507582714,1.2766166578616207,17.850910098483457,cloudy
2025-08-22 09:56:15.549656,51.1805,71.446,26.73821198378018,54.52059194391645,0.0,9.55304796322216,19.45304436072729,clear
2025-08-22 09:56:15.549656,51.135,71.47,29.167372337791182,51.40146903853947,0.0,8.042024823300496,21.559035822945734,clear
2025-08-22 10:56:15.549656,51.1694,71.4491,30.825133499948173,44.00792720700247,0.0,11.723906695281848,20.327340275786792,clear
2025-08-22 10:56:15.549656,51.128,71.403,25.281769982905114,53.168184976373404,0.0,5.37319048390822,21.5841800507472,clear
2025-08-22 10:56:15.549656,51.1805,71.446,23.230434036208727,72.08649520840265,0.0,1.7749156886911628,20.38526633140408,clear
2025-08-22 10:56:15.549656,51.135,71.47,20.722360307698192,52.297627722891825,0.0,12.752390200322466,20.596189551573925,clear
2025-08-22 11:56:15.549656,51.1694,71.4491,24.327506258979753,57.71364027701512,0.0,2.085895342801509,20.457719191151703,clear
2025-08-22 11:56:15.549656,51.128,71.403,23.874844519218378,70.1820816239547,0.0,1.027243474017044,19.910323587286275,clear
2025-08-22 11:56:15.549656,51.1805,71.446,24.06744375251042,52.231420469349295,0.0,9.43187171535623,21.529176564953826,clear
2025-08-22 11:56:15.549656,51.135,71.47,22.993787692464924,54.9777109987577,0.0,6.280545069159105,21.02779138529918,clear
2025-08-22 12:56:15.549656,51.1694,71.4491,31.111716367956227,36.63782847556433,0.0,2.5863149485494343,20.931052921968394,clear
2025-08-22 12:56:15.549656,51.128,71.403,29.366513650790942,61.73515418953255,0.0,2.7165228760312363,20.310063653588145,cloudy
2025-08-22 12:56:15.549656,51.1805,71.446,23.057782228249817,59.67852661927364,0.0,0.6969715471530771,18.21115912506484,cloudy
2025-08-22 12:56:15.549656,51.135,71.47,34.20903779387716,20.0,0.0,5.3460533549718505,21.06142285106433,clear
2025-08-22 13:56:15.549656,51.1694,71.4491,26.162587706410825,63.92423860719394,0.0,3.610461091110552,21.211211270842668,clear
2025-08-22 13:56:15.549656,51.128,71.403,32.25506724395573,61.51417482439237,0.0,8.979376740531244,19.14869950965084,clear
2025-08-22 13:56:15.549656,51.1805,71.446,24.21271412281015,58.706269608599115,0.0,26.506760140011167,20.588173122180116,cloudy
2025-08-22 13:56:15.549656,51.135,71.47,25.311373601516205,56.73126875561306,0.0,10.544278192091266,21.50637156167952,cloudy
2025-08-22 14:56:15.549656,51.1694,71.4491,25.859100614103752,64.88112157180808,0.0,0.45357984285138087,20.5493664901655,clear
2025-08-22 14:56:15.549656,51.128,71.403,30.95783280111109,51.25079640333851,0.37613566836405277,10.606469311698337,19.247728663271893,cloudy
2025-08-22 14:56:15.549656,51.1805,71.446,26.814825569231242,67.8797719863824,0.0,4.377899256773482,21.53525518787759,clear
2025-08-22 14:56:15.549656,51.135,71.47,26.75790456788336,42.386980802765095,0.0,10.68269517170814,19.547139729436967,cloudy
2025-08-22 15:56:15.549656,51.1694,71.4491,23.365947878520902,59.26508802636872,0.0,10.787144928448916,19.032393525332665,cloudy
2025-08-22 15:56:15.549656,51.128,71.403,26.647596745827542,46.89132623197131,0.0,7.579838289592734,20.573337934502838,clear
2025-08-22 15:56:15.549656,51.1805,71.446,25.752197107348277,64.43748026969638,0.0,4.009933393587134,21.559638366807203,clear
2025-08-22 15:56:15.549656,51.135,71.47,25.80360337462068,56.77920360999957,0.0,6.377030577616102,18.50798672272664,clear
2025-08-22 16:56:15.549656,51.1694,71.4491,29.516996443717616,41.56151250041294,0.0,6.126721994064404,20.040170008462077,clear
2025-08-22 16:56:15.549656,51.128,71.403,24.414143235363234,56.67516433705143,0.0,10.15401216873762,18.526926871514995,clear
2025-08-22 16:56:15.549656,51.1805,71.446,22.96766481128071,57.69481748535041,0.0,15.240937171877487,19.451796438621034,cloudy
2025-08-22 16:56:15.549656,51.135,71.47,22.94385991448692,64.84577841665622,0.0,6.945443811147007,18.76294058405659,clear
2025-08-22 17:56:15.549656,51.1694,71.4491,24.454277652999917,55.37330084580827,2.4396613070242017,4.0398783613782445,15.120677385951598,cloudy
2025-08-22 17:56:15.549656,51.128,71.403,24.283623248466,60.67650849630269,0.0,5.800352772735303,21.908651215834993,cloudy
2025-08-22 17:56:15.549656,51.1805,71.446,23.671992291349547,41.75789484900943,0.0,1.9927791393535137,21.698933250596813,clear
2025-08-22 17:56:15.549656,51.135,71.47,23.38537672951376,34.143776755944394,0.0,13.020227620022833,18.267473907675544,cloudy
2025-08-22 18:56:15.549656,51.1694,71.4491,25.128641542944422,60.053603947350766,4.648105411542103,7.167397185435943,10.703789176915794,cloudy
2025-08-22 18:56:15.549656,51.128,71.403,24.081510869087715,59.29921565949681,0.0,7.557330435928713,20.281902543373363,clear
2025-08-22 18:56:15.549656,51.1805,71.446,21.532844209156963,50.369387912416144,0.0,6.700965553534838,19.410495205170342,clear
2025-08-22 18:56:15.549656,51.135,71.47,18.249459030003848,60.506704673286286,0.0,1.9079901221264488,19.342532334160595,clear
2025-08-22 19:56:15.549656,51.1694,71.4491,26.795809440253077,62.171077974786485,0.0,3.5804516435992584,20.514528134548932,clear
2025-08-22 19:56:15.549656,51.128,71.403,19.13385183566587,54.29348035426624,0.0,0.6797003673895655,20.88830032442369,cloudy
2025-08-22 19:56:15.549656,51.1805,71.446,18.499723982267355,74.06644536646832,0.0,9.641210281444375,20.959377447034214,clear
2025-08-22 19:56:15.549656,51.135,71.47,11.466496142501372,77.7592605595461,0.0,3.5588992960548276,19.568991680067054,clear
2025-08-22 20:56:15.549656,51.1694,71.4491,14.608642451347563,63.531932725028724,0.0,1.1235164535429598,20.487685782570722,cloudy
2025-08-22 20:56:15.549656,51.128,71.403,25.348129049548255,45.31854889484097,0.0,11.218975314833127,20.83096346449961,cloudy
2025-08-22 20:56:15.549656,51.1805,71.446,19.020721590454333,47.40266084745197,0.0,2.242797773828792,19.9881280788516,clear
2025-08-22 20:56:15.549656,51.135,71.47,18.03932852380458,81.17162676124399,0.0,1.9407819984186572,18.44401682672515,clear
2025-08-22 21:56:15.549656,51.1694,71.4491,16.433908781139646,53.331651960221464,0.0,10.803607318179878,21.468071720873198,cloudy
2025-08-22 21:56:15.549656,51.128,71.403,14.054076022664457,73.91351205443033,0.4967188968985002,5.238878516532696,19.006562206203,cloudy
2025-08-22 21:56:15.549656,51.1805,71.446,26.779547193916493,43.987758048318106,0.0,4.219558199643566,18.402133254489865,clear
2025-08-22 21:56:15.549656,51.135,71.47,19.730807884332524,59.59882528869941,0.0,9.767104835575044,20.171632758887952,clear
2025-08-22 22:56:15.549656,51.1694,71.4491,19.6135645397344,65.01019076237685,0.0,7.673016860626106,19.751192711836865,clear
2025-08-22 22:56:15.549656,51.128,71.403,17.56679147019673,60.966060214241345,0.0,3.8188702494407556,20.596148496368006,cloudy
2025-08-22 22:56:15.549656,51.1805,71.446,20.096352699183726,62.590780133017894,0.0,3.547947716889018,18.87288383170828,cloudy
2025-08-22 22:56:15.549656,51.135,71.47,20.991793319828147,57.01624134537805,0.0,2.1185131032341786,21.432228555462252,clear
2025-08-22 23:56:15.549656,51.1694,71.4491,16.33218482765343,80.3688536851298,0.0,8.916033140163233,18.552992420559676,cloudy
2025-08-22 23:56:15.549656,51.128,71.403,16.179238631345346,45.43901397375257,0.0,19.9991990713088,20.333713983741603,clear
2025-08-22 23:56:15.549656,51.1805,71.446,16.129618773286165,66.0504439005523,0.0,11.633363847627152,20.80781206120314,clear
2025-08-22 23:56:15.549656,51.135,71.47,15.750454678640786,73.39095223194839,0.0,4.173343287316479,18.61579973626062,cloudy
2025-08-23 00:56:15.549656,51.1694,71.4491,12.407845954095531,72.99647935498217,0.0,2.1951786354003655,19.99570879900459,clear
2025-08-23 00:56:15.549656,51.128,71.403,9.897337219650174,76.24698624413571,0.0,3.4263250150617397,20.576652027488702,clear
2025-08-23 00:56:15.549656,51.1805,71.446,15.070551556282448,82.56293204205313,2.0529939189069877,3.2426716645987623,15.894012162186025,cloudy
2025-08-23 00:56:15.549656,51.135,71.47,14.015059443986319,90.90031307197407,0.0,4.030905923876266,18.22076536725737,clear
2025-08-23 01:56:15.549656,51.1694,71.4491,21.332212777762404,76.6253636485584,0.0,1.274188566622661,18.146592786896576,clear
2025-08-23 01:56:15.549656,51.128,71.403,17.197585543786314,64.21273910760486,0.0,1.5186264386023407,21.591941053775383,clear
2025-08-23 01:56:15.549656,51.1805,71.446,17.008104405384596,71.2364995848925,0.0,8.889275429334264,19.5640589246891,clear
2025-08-23 01:56:15.549656,51.135,71.47,23.30682266554661,49.730484139603945,0.0,5.280496886537587,20.199071417536587,cloudy
2025-08-23 02:56:15.549656,51.1694,71.4491,15.520279639963638,55.41186142475153,0.0,1.375662485712986,20.96746022155752,clear
2025-08-23 02:56:15.549656,51.128,71.403,22.231382164450807,52.45487285620488,0.0,1.1575302017809113,18.421531000716612,clear
2025-08-23 02:56:15.549656,51.1805,71.446,17.43006115436428,80.84367657135104,0.0,6.722202863866221,18.766942289166376,clear
2025-08-23 02:56:15.549656,51.135,71.47,17.263007734210458,66.19735759523645,0.0,3.3951460823216477,21.515193541356492,cloudy
2025-08-23 03:56:15.549656,51.1694,71.4491,18.743645466168495,66.82317191241144,0.0,1.1326126435405688,19.858619409882913,cloudy
2025-08-23 03:56:15.549656,51.128,71.403,22.887044559718458,41.56883839449266,0.0,9.834107828621534,20.245232888882374,clear
2025-08-23 03:56:15.549656,51.1805,71.446,13.008623345461675,78.03960814717516,0.0,1.1443259267737433,18.561430823739695,clear
2025-08-23 03:56:15.549656,51.135,71.47,15.176666920305076,62.52028729148817,0.0,3.8309305373796447,21.09262773106737,cloudy
2025-08-23 04:56:15.549656,51.1694,71.4491,20.24408796734677,74.71826994214932,0.0,1.2116312365468511,19.477569783493912,clear
2025-08-23 04:56:15.549656,51.128,71.403,19.619046918234055,56.47693569652776,0.0,8.190136429982392,20.822538752850512,cloudy
2025-08-23 04:56:15.549656,51.1805,71.446,15.138399766711105,73.36511660431805,0.0,10.426478733692473,18.926301867951626,clear
2025-08-23 04:56:15.549656,51.135,71.47,19.753036447581763,61.228574616536534,0.0,0.8536258244050419,21.331485938074334,clear
2025-08-23 05:56:15.549656,51.1694,71.4491,21.078632511746896,54.7699058594594,0.0,5.209437781253807,19.447062025869517,clear
2025-08-23 05:56:15.549656,51.128,71.403,21.74509105079803,76.6138134634346,0.0,1.4472369041902131,18.925691960019662,clear
2025-08-23 05:56:15.549656,51.1805,71.446,17.211663274548307,67.85172803062305,0.0,1.7926422435168237,18.606776775506066,clear
2025-08-23 05:56:15.549656,51.135,71.47,19.14874375542297,70.58105069468249,0.0,3.568709096918897,20.22630980831507,clear
2025-08-23 06:56:15.549656,51.1694,71.4491,25.263861352541106,51.97982138678553,0.0,5.077980341923866,21.604253263421782,clear
2025-08-23 06:56:15.549656,51.128,71.403,19.62728045174279,54.36377946683506,0.0,7.244480621138854,20.348329788183953,clear
2025-08-23 06:56:15.549656,51.1805,71.446,19.90044730371489,54.72210378159335,0.0,0.6784890799110452,18.59212814157907,cloudy
2025-08-23 06:56:15.549656,51.135,71.47,18.09337357663931,60.14736043443739,0.0,9.32161073719191,19.209057244249266,clear
2025-08-23 07:56:15.549656,51.1694,71.4491,23.824477292484072,46.76476139698862,1.276998011593116,5.519206699071731,17.44600397681377,cloudy
2025-08-23 07:56:15.549656,51.128,71.403,22.91171179779519,53.739686779869,0.0,5.060057788273714,18.53453089355751,cloudy
2025-08-23 07:56:15.549656,51.1805,71.446,29.898760025731942,30.590743416779972,0.0,5.306462362505863,21.77351038224848,clear
2025-08-23 07:56:15.549656,51.135,71.47,17.371221683780487,72.18656743432203,0.0,4.576095673275601,21.965202105721954,clear
2025-08-23 08:56:15.549656,51.1694,71.4491,23.65958268244401,48.39911319228282,0.0,2.6583865887091056,21.47636479271615,clear
2025-08-23 08:56:15.549656,51.128,71.403,27.9274382130481,57.37128273575499,0.0,7.926167678193875,19.678154989475644,clear
2025-08-23 08:56:15.549656,51.1805,71.446,22.87029827191287,58.520246265105826,0.0,3.9388988899366586,18.93830464002092,clear
2025-08-23 08:56:15.549656,51.135,71.47,24.55792279029993,66.85992596535837,0.0,5.706212866367475,21.758636767626708,clear
2025-08-23 09:56:15.549656,51.1694,71.4491,22.624562397975932,69.96748915948757,0.0,4.72123010991996,18.96756127194305,clear
2025-08-23 09:56:15.549656,51.128,71.403,23.90903715542027,60.09465439015991,0.0,5.046032585417485,20.09881593683786,cloudy
2025-08-23 09:56:15.549656,51.1805,71.446,26.058485865527214,46.134437540921624,0.0,2.0441262079143905,18.238559365131255,clear
2025-08-23 09:56:15.549656,51.135,71.47,28.49728920286957,63.233480381852594,0.0,3.010593030728592,21.684486590140096,clear
2025-08-23 10:56:15.549656,51.1694,71.4491,28.435524848715467,49.368958671219964,0.0,0.29657798211522357,21.113486324291944,cloudy
2025-08-23 10:56:15.549656,51.128,71.403,26.167589989649738,67.18818328209625,0.0,5.486639704153713,19.621792556662886,clear
2025-08-23 10:56:15.549656,51.1805,71.446,21.644359575765165,65.90758825883084,0.0,11.742705247420767,18.896247293283363,clear
2025-08-23 10:56:15.549656,51.135,71.47,28.076318391679237,52.74518004310997,0.0,4.628930845093304,19.494365388438744,clear
2025-08-23 11:56:15.549656,51.1694,71.4491,25.57106543060369,46.21983035978752,0.0,6.703960804877797,18.22764566499184,clear
2025-08-23 11:56:15.549656,51.128,71.403,26.995914461545958,45.81119224544434,0.0,8.58689877482437,19.118898114493895,clear
2025-08-23 11:56:15.549656,51.1805,71.446,28.07024367496746,60.61719982458004,0.0,3.318027704653442,18.992684432081255,clear
2025-08-23 11:56:15.549656,51.135,71.47,23.779916602124295,72.31118760662652,0.48353464868664087,6.230245141011677,19.032930702626718,cloudy
2025-08-23 12:56:15.549656,51.1694,71.4491,35.1962288203801,32.97548681584804,0.0,12.96346697676434,21.722219504889118,clear
2025-08-23 12:56:15.549656,51.128,71.403,30.798076441221767,45.54754401591144,0.0,0.7971855383730222,18.270915239327216,cloudy
2025-08-23 12:56:15.549656,51.1805,71.446,25.313707527241384,38.90857312221169,0.0,2.749642002455268,19.270515143986387,clear
2025-08-23 12:56:15.549656,51.135,71.47,26.557603192492955,54.833474915091806,0.0,3.7893705867711667,21.772616766021944,cloudy
2025-08-23 13:56:15.549656,51.1694,71.4491,25.844973331185752,66.1473201510372,0.0,9.021232764685896,18.032954965286496,clear
2025-08-23 13:56:15.549656,51.128,71.403,23.859373237514852,60.87737145983497,0.0,0.18849906707086972,20.871329123429454,clear
2025-08-23 13:56:15.549656,51.1805,71.446,28.26938229614208,30.42874742474849,0.0,3.0884889095801755,18.516371739122466,clear
2025-08-23 13:56:15.549656,51.135,71.47,23.421135051753474,41.665130018144694,0.0,6.512084131232143,19.519593701094077,clear
2025-08-23 14:56:15.549656,51.1694,71.4491,26.366084624702417,52.12838789623588,0.0,4.04964185472315,18.3264827125813,clear
2025-08-23 14:56:15.549656,51.128,71.403,22.671191121400362,64.27002198416305,0.0,4.324814872338845,20.603732217490784,clear
2025-08-23 14:56:15.549656,51.1805,71.446,26.085366311516232,65.30286440025816,0.0,5.577732594837228,18.336198518444334,clear
2025-08-23 14:56:15.549656,51.135,71.47,23.49954507009268,44.324572684531034,0.0,9.632304882959577,20.92317917394056,clear
2025-08-23 15:56:15.549656,51.1694,71.4491,28.721652010256335,48.37053229109617,2.4696248791822315,1.6378026230087865,15.060750241635537,cloudy
2025-08-23 15:56:15.549656,51.128,71.403,23.345518328311194,69.50959284062137,0.0,12.273117774488018,18.37179576077912,cloudy
2025-08-23 15:56:15.549656,51.1805,71.446,27.962226095645338,50.84287190608319,0.0,6.614119519140639,21.28307293221856,cloudy
2025-08-23 15:56:15.549656,51.135,71.47,26.695513401802728,41.47466735643573,0.0,3.491240201430104,21.638033338251162,clear
2025-08-23 16:56:15.549656,51.1694,71.4491,21.556658290306302,47.32042317403762,0.0,8.412833169202315,20.6625398113912,clear
2025-08-23 16:56:15.549656,51.128,71.403,24.97312405641868,62.12492086155597,0.0,0.6499784001554536,21.87830073402177,clear
2025-08-23 16:56:15.549656,51.1805,71.446,22.810315130594628,72.2508807206657,0.0,2.2502106634843915,21.33432035649693,cloudy
2025-08-23 16:56:15.549656,51.135,71.47,23.995846988887706,43.56924805319279,0.2756542440155383,1.696633842967732,19.448691511968924,cloudy
2025-08-23 17:56:15.549656,51.1694,71.4491,24.356733126917852,47.038441488396685,0.0,8.660683902696025,18.958043178011057,clear
2025-08-23 17:56:15.549656,51.128,71.403,22.040398348066375,47.12180005270337,0.7937997204369186,4.942515967751046,18.412400559126162,cloudy
2025-08-23 17:56:15.549656,51.1805,71.446,23.47350219166841,72.45111506388734,0.0,3.909309393796084,21.314579571107785,clear
2025-08-23 17:56:15.549656,51.135,71.47,18.000166981429395,73.5045567101962,0.0,10.514483723801234,21.575494868627416,clear
2025-08-23 18:56:15.549656,51.1694,71.4491,22.721019079233795,56.98045747470928,3.8940441993836163,4.145802959497028,12.211911601232767,cloudy
2025-08-23 18:56:15.549656,51.128,71.403,24.968923637343906,62.09554376021678,1.1302364185708713,11.778985056670134,17.73952716285826,cloudy
2025-08-23 18:56:15.549656,51.1805,71.446,22.712103455556292,50.667410706101364,0.0,4.137102990882866,21.31959828067879,clear
2025-08-23 18:56:15.549656,51.135,71.47,23.477184892444818,63.6287170897361,0.0,24.98344947622553,19.49308038783262,cloudy
2025-08-23 19:56:15.549656,51.1694,71.4491,23.855719028658836,55.33828109484486,0.0,6.1414281624257665,21.901783806679404,clear
2025-08-23 19:56:15.549656,51.128,71.403,17.76147554786462,50.811339553710205,3.632286127808487,10.287513175984795,12.735427744383026,cloudy
2025-08-23 19:56:15.549656,51.1805,71.446,24.192987361630443,66.80537699818075,0.0,5.740697323461872,20.62081044242678,clear
2025-08-23 19:56:15.549656,51.135,71.47,22.565162337355577,54.37845311615301,0.0,13.473762629221266,21.34072493615485,clear
2025-08-23 20:56:15.549656,51.1694,71.4491,20.291942408204076,71.77167529375585,0.0,9.480677971071025,21.988471969905675,clear
2025-08-23 20:56:15.549656,51.128,71.403,17.4210174345249,59.236810619307164,0.0,2.4329374966947235,18.224796556630565,cloudy
2025-08-23 20:56:15.549656,51.1805,71.446,18.298515609142036,71.91431752625704,0.0,3.708612994911645,21.137726190441782,cloudy
2025-08-23 20:56:15.549656,51.135,71.47,16.286527382266918,68.78594730613223,0.0,1.9310360844367787,18.850939698842364,clear
2025-08-23 21:56:15.549656,51.1694,71.4491,18.55957883541997,75.11081627504882,0.0,1.609582856117994,18.347606403339196,cloudy
2025-08-23 21:56:15.549656,51.128,71.403,16.077338617189184,72.52407189646196,0.0,6.020577386220669,20.450974720774216,cloudy
2025-08-23 21:56:15.549656,51.1805,71.446,21.974745903121395,52.4969240882328,0.0,5.838851428931887,18.440671327006253,cloudy
2025-08-23 21:56:15.549656,51.135,71.47,20.34026993955818,53.40453269688387,0.0,2.190539884843205,21.46971362408627,cloudy
2025-08-23 22:56:15.549656,51.1694,71.4491,16.682069855613097,62.5276299631864,0.0,0.5796010193352175,20.091324453593842,clear
2025-08-23 22:56:15.549656,51.128,71.403,15.457638181951364,75.18843759684111,0.0,1.092819873920686,18.354393076607142,clear
2025-08-23 22:56:15.549656,51.1805,71.446,16.76426305687481,58.42974110038561,0.0,9.282872574291883,19.36013388398612,clear
2025-08-23 22:56:15.549656,51.135,71.47,17.433402013831227,72.83462111202788,0.0,11.928535255738968,18.122065544055143,clear
2025-08-23 23:56:15.549656,51.1694,71.4491,15.137484444216181,88.49844608295774,0.0,5.399825158096711,19.559891784388455,cloudy
2025-08-23 23:56:15.549656,51.128,71.403,18.965906343913794,66.30756483990271,0.0,9.566929857150104,21.32454366994135,clear
2025-08-23 23:56:15.549656,51.1805,71.446,13.132051540622097,44.2308337375472,0.0,1.9342014741087734,20.51237604835162,clear
2025-08-23 23:56:15.549656,51.135,71.47,21.292157824794483,56.82662567652637,0.0,3.8818754768804355,21.0159634478498,clear
2025-08-24 00:56:15.549656,51.1694,71.4491,15.864657667660849,75.68961541746293,0.0,4.837544142760516,21.915293787002113,cloudy
2025-08-24 00:56:15.549656,51.128,71.403,18.601071841770132,71.3218008085642,0.0,4.164074934647379,19.15741220121087,cloudy
2025-08-24 00:56:15.549656,51.1805,71.446,16.35783340052508,52.995154337348886,0.0,9.10176291296194,20.629186261205234,cloudy
2025-08-24 00:56:15.549656,51.135,71.47,20.548295452297186,48.33905952533995,0.0,7.717771518672743,18.60319900513543,clear
2025-08-24 01:56:15.549656,51.1694,71.4491,22.223100003493826,51.91539313471269,0.0,2.9966464257713143,18.139774160394072,cloudy
2025-08-24 01:56:15.549656,51.128,71.403,21.218313716550437,59.392918516192466,2.7713540594597523,5.89568270765717,14.457291881080497,cloudy
2025-08-24 01:56:15.549656,51.1805,71.446,16.48220947997323,69.63619258035148,0.0,6.347064433996964,20.086328935022273,cloudy
2025-08-24 01:56:15.549656,51.135,71.47,23.9898851123019,38.64156282493483,0.4008432087326993,17.403453666434768,19.198313582534603,cloudy
2025-08-24 02:56:15.549656,51.1694,71.4491,19.090227457163753,77.87037915660983,0.0,2.0993361529661665,19.29556035931196,cloudy
2025-08-24 02:56:15.549656,51.128,71.403,17.569381233708317,80.42389684965748,0.0,6.147150246322774,18.43896561670836,clear
2025-08-24 02:56:15.549656,51.1805,71.446,19.990549587761794,58.177294408915515,0.0,2.4621736507314376,20.9502144351624,clear
2025-08-24 02:56:15.549656,51.135,71.47,23.024481492313463,44.295436921804665,0.0,2.4519792185949147,21.811271308160592,clear
2025-08-24 03:56:15.549656,51.1694,71.4491,14.847926107618463,59.66395794281496,0.0,9.690928716265839,21.57397103842138,clear
2025-08-24 03:56:15.549656,51.128,71.403,20.041641120842932,62.393294731544245,0.0,2.7707236343129433,19.3899959913808,clear
2025-08-24 03:56:15.549656,51.1805,71.446,13.434766704874665,64.7376430045957,3.304898240657722,1.4237624717807382,13.390203518684556,cloudy
2025-08-24 03:56:15.549656,51.135,71.47,20.281683130543005,76.29474983709112,0.0,2.5297524384389245,21.928612175491683,clear
2025-08-24 04:56:15.549656,51.1694,71.4491,20.04154006889418,55.09649047676597,0.0,7.590157016987578,20.729645977880683,clear
2025-08-24 04:56:15.549656,51.128,71.403,20.10395659778212,64.20103637330935,0.0,6.082827318295159,21.891485006728495,clear
2025-08-24 04:56:15.549656,51.1805,71.446,22.465773874841382,49.71611289307644,0.0,2.6179706856451768,21.912751463611627,clear
2025-08-24 04:56:15.549656,51.135,71.47,16.92886306293049,63.261893414543515,0.0,9.480215775868304,21.77413251826895,clear
2025-08-24 05:56:15.549656,51.1694,71.4491,17.81478030258113,71.55808747396169,0.0,4.2371236312593625,20.624449218162162,clear
2025-08-24 05:56:15.549656,51.128,71.403,21.966596888990733,51.501957536416924,0.0,1.4874670785944182,21.248154609242846,clear
2025-08-24 05:56:15.549656,51.1805,71.446,18.860480435587522,76.6265180601459,0.0,1.2113389890944575,18.09953970157985,clear
2025-08-24 05:56:15.549656,51.135,71.47,19.59170741341752,66.25659342318863,1.832770162563528,2.028043165909828,16.334459674872942,cloudy
2025-08-24 06:56:15.549656,51.1694,71.4491,21.79696215998561,72.48851079402978,0.0,6.92954435563286,19.2147479361625,clear
2025-08-24 06:56:15.549656,51.128,71.403,20.818008270267526,81.6504948297466,0.0,1.3828406395115498,18.675039797823576,clear
2025-08-24 06:56:15.549656,51.1805,71.446,21.452371392163865,67.64679836751563,0.0,5.778831839204809,19.44676304665173,clear
2025-08-24 06:56:15.549656,51.135,71.47,19.522738065639395,82.9294165296713,0.0,9.258384515380717,20.517903595938677,cloudy
2025-08-24 07:56:15.549656,51.1694,71.4491,21.264498704408776,56.86308464910637,0.0,4.395601256132109,20.269927769672584,cloudy
2025-08-24 07:56:15.549656,51.128,71.403,26.313635562788225,63.49803474875601,0.0,3.585907618780407,18.571855026685938,cloudy
2025-08-24 07:56:15.549656,51.1805,71.446,23.053240228383764,57.417085639610974,0.0,4.425160687544668,19.750170740182753,clear
2025-08-24 07:56:15.549656,51.135,71.47,19.539170679294408,59.241605205060644,0.0,7.648050412364744,21.060259088838258,clear
2025-08-24 08:56:15.549656,51.1694,71.4491,26.026324642019873,43.071222304851545,2.6024907702839424,4.991631132488437,14.795018459432114,cloudy
2025-08-24 08:56:15.549656,51.128,71.403,17.595442593153685,69.77782790441914,0.0,7.301309559147564,18.776936531671996,cloudy
2025-08-24 08:56:15.549656,51.1805,71.446,31.427334902625695,37.24216496054908,0.0,2.6834995480138693,18.72729452018503,clear
2025-08-24 08:56:15.549656,51.135,71.47,21.776541117133508,63.770271749977596,0.0,7.6577034274373466,18.343696770116193,clear
2025-08-24 09:56:15.549656,51.1694,71.4491,26.16475832901952,55.966910314034095,0.0,5.177200679988795,21.32430993864225,cloudy
2025-08-24 09:56:15.549656,51.128,71.403,24.05113069802889,68.50123425811259,0.0,11.07202646260156,20.251893343367257,clear
2025-08-24 09:56:15.549656,51.1805,71.446,19.3283958160598,58.33041231925601,0.0,19.95653470443699,21.22196569473912,clear
2025-08-24 09:56:15.549656,51.135,71.47,22.455611232722212,52.5125704176938,0.0,4.912503869461216,19.73466303832935,cloudy
2025-08-24 10:56:15.549656,51.1694,71.4491,30.520802585982402,60.97969131497226,0.0,7.860379656900996,20.552020875658627,clear
2025-08-24 10:56:15.549656,51.128,71.403,23.905780686153385,69.6849203723028,0.0,2.4614224682308317,21.723352229599147,clear
2025-08-24 10:56:15.549656,51.1805,71.446,25.199723432361008,41.099742411669666,0.0,0.5987107400710037,19.374765248641754,clear
2025-08-24 10:56:15.549656,51.135,71.47,28.41417650816007,45.25749475809151,0.0,4.098380099027935,20.677062753434893,clear
2025-08-24 11:56:15.549656,51.1694,71.4491,27.9982722102169,50.33949668391865,0.0,3.9745805540645174,19.814798004841517,clear
2025-08-24 11:56:15.549656,51.128,71.403,31.76453802373655,51.75747427204553,0.0,4.651896426339313,18.54219552852035,clear
2025-08-24 11:56:15.549656,51.1805,71.446,25.49028668945037,46.69264067734817,0.0,5.0677737903764015,19.09928306623512,clear
2025-08-24 11:56:15.549656,51.135,71.47,24.709517457809863,46.913030487430326,0.0,3.414588346290173,20.69127969521006,clear
2025-08-24 12:56:15.549656,51.1694,71.4491,25.82426878488896,63.84020109610129,0.0,9.291601472285878,21.18383678233647,clear
2025-08-24 12:56:15.549656,51.128,71.403,26.133741710496025,57.47500015985484,0.0,2.2931441252613607,19.902409350676333,clear
2025-08-24 12:56:15.549656,51.1805,71.446,21.021335986466518,64.20155473384183,0.0,1.4517020588065608,18.920661264816154,clear
2025-08-24 12:56:15.549656,51.135,71.47,25.584746004235093,56.607548208573434,0.0,2.3286479731521146,19.466377399895336,clear
2025-08-24 13:56:15.549656,51.1694,71.4491,24.800613558765182,50.69551996751131,2.832959224369918,4.5490199140386425,14.334081551260166,cloudy
2025-08-24 13:56:15.549656,51.128,71.403,29.01947029622628,44.679992960645734,0.0,4.8050962054877555,19.36892038110464,clear
2025-08-24 13:56:15.549656,51.1805,71.446,29.918755155716497,36.83041428552336,0.0,9.142997706736683,21.083715301155344,cloudy
2025-08-24 13:56:15.549656,51.135,71.47,29.44062722741544,37.54436697211364,0.0,3.273541988667287,18.054715731401096,clear
2025-08-24 14:56:15.549656,51.1694,71.4491,27.384454145275583,46.92317919160743,0.0,2.32772329892149,21.108675902243185,clear
2025-08-24 14:56:15.549656,51.128,71.403,24.09328324145447,55.50950992111318,0.0,5.193744891520719,20.578321979636055,clear
2025-08-24 14:56:15.549656,51.1805,71.446,28.310390469336298,58.01199091214219,0.0,1.4501686606863238,18.31513927888995,clear
2025-08-24 14:56:15.549656,51.135,71.47,26.368704161995254,51.59908714120621,0.0,4.904728157065406,21.134140048553775,cloudy
2025-08-24 15:56:15.549656,51.1694,71.4491,21.45595664319984,50.17809682268307,0.0,5.391402945807766,20.862532810660177,clear
2025-08-24 15:56:15.549656,51.128,71.403,30.456627400798133,64.62813620827872,0.0,14.024941708241304,20.278468722446984,clear
2025-08-24 15:56:15.549656,51.1805,71.446,23.91804848177701,62.0160458380278,0.0,0.7697559923121263,19.904747096880968,clear
2025-08-24 15:56:15.549656,51.135,71.47,28.224805953619946,53.66287201573682,0.0,9.823833136233413,19.616736401908277,clear
2025-08-24 16:56:15.549656,51.1694,71.4491,25.08348708281545,56.05395452797366,0.0,5.3699983541689065,20.195004937887,clear
2025-08-24 16:56:15.549656,51.128,71.403,24.5406950780469,51.66196947443055,0.0,10.054785822327531,18.197281154687943,clear
2025-08-24 16:56:15.549656,51.1805,71.446,19.85176379924838,53.525714560814485,0.0,13.82472298403639,19.54860833366582,clear
2025-08-24 16:56:15.549656,51.135,71.47,29.285799313123327,41.44970480282814,0.0,1.5076819796750502,20.629324315874687,cloudy
2025-08-24 17:56:15.549656,51.1694,71.4491,22.216588796577422,71.1469458167159,0.0,2.9727889366604763,21.39180830984946,cloudy
2025-08-24 17:56:15.549656,51.128,71.403,30.09938866748486,59.251478263610466,0.0,0.18214951989534103,19.695237724291932,cloudy
2025-08-24 17:56:15.549656,51.1805,71.446,27.683727258631297,53.05945652100628,6.602565535094739,2.1500795085532154,6.79486892981052,rain
2025-08-24 17:56:15.549656,51.135,71.47,18.624317832166007,64.73791285033424,0.0,9.104234488657927,18.24065614235922,cloudy
2025-08-24 18:56:15.549656,51.1694,71.4491,18.785894353112234,56.78124310775377,0.0,12.580557963765319,19.887099745717038,clear
2025-08-24 18:56:15.549656,51.128,71.403,25.078403515978422,68.8339984008077,0.0,0.4948739635923121,18.091578493793744,clear
2025-08-24 18:56:15.549656,51.1805,71.446,21.20907924311194,61.28284469154428,0.0,6.485241076782048,19.591630449819025,cloudy
2025-08-24 18:56:15.549656,51.135,71.47,14.779988901736019,65.12933348204419,0.0,8.361267203193197,20.53464669060009,clear
2025-08-24 19:56:15.549656,51.1694,71.4491,20.00344344740761,65.28326710612086,0.632871588322798,1.9919496056505344,18.734256823354404,cloudy
2025-08-24 19:56:15.549656,51.128,71.403,20.73373961342251,54.136910002467545,0.0,2.1300348413882952,21.29591072332448,clear
2025-08-24 19:56:15.549656,51.1805,71.446,19.84970348604426,53.56295303667359,0.0,4.060297444318084,19.972901706674648,cloudy
2025-08-24 19:56:15.549656,51.135,71.47,18.83910050132105,63.174881013435304,0.0,6.68541159468421,18.120839555013244,cloudy
2025-08-24 20:56:15.549656,51.1694,71.4491,18.448486949345945,72.11450825107165,0.0,5.413457107723037,18.324219674268146,clear
2025-08-24 20:56:15.549656,51.128,71.403,16.971795584453027,86.86068160102342,0.0,2.3976332482282183,18.367950859575426,cloudy
2025-08-24 20:56:15.549656,51.1805,71.446,16.10987782691189,80.19494666671082,0.0,16.418072605196965,21.779807419344554,clear
2025-08-24 20:56:15.549656,51.135,71.47,12.2875701122421,73.51839281694161,0.0,0.9133701720215165,19.78811918668201,clear
2025-08-24 21:56:15.549656,51.1694,71.4491,18.305771756920436,48.90815252509782,0.0,14.47604418131446,19.373383446678726,cloudy
2025-08-24 21:56:15.549656,51.128,71.403,21.003956097767315,54.26614028775467,0.0,2.8988703542063963,18.579629563616265,clear
2025-08-24 21:56:15.549656,51.1805,71.446,23.139903818055878,74.7556548295665,0.0,3.068178963685086,21.67873907626055,clear
2025-08-24 21:56:15.549656,51.135,71.47,21.324984940883045,51.95872109863248,0.0,6.157251623107497,20.643193174225182,cloudy
2025-08-24 22:56:15.549656,51.1694,71.4491,15.270800176117652,54.51814133293765,1.377393850910724,2.965379398280598,17.24521229817855,cloudy
2025-08-24 22:56:15.549656,51.128,71.403,16.33017016554595,84.8081974054208,0.0,4.806992067198264,19.561715231716107,cloudy
2025-08-24 22:56:15.549656,51.1805,71.446,15.534678321505575,63.23771919478226,0.0,8.432105198648099,19.68631706511634,cloudy
2025-08-24 22:56:15.549656,51.135,71.47,18.944109527366795,53.24504517670559,0.0,6.411084346297612,21.00440867715223,clear
2025-08-24 23:56:15.549656,51.1694,71.4491,20.143506064990152,58.27154165808649,0.0,3.968587578106606,18.657254397154528,clear
2025-08-24 23:56:15.549656,51.128,71.403,20.252138217951863,73.46293454269868,0.0,0.8293035578418574,21.00951082690003,cloudy
2025-08-24 23:56:15.549656,51.1805,71.446,17.137786351379578,71.97078123000638,0.007763557954548474,7.635094595493676,19.984472884090902,cloudy
2025-08-24 23:56:15.549656,51.135,71.47,20.690588171271763,65.60099019741779,0.0,6.926773725963256,21.546528288835532,cloudy
2025-08-25 00:56:15.549656,51.1694,71.4491,14.024770116888282,52.316275746124965,0.0,4.518262282605097,20.586066353493738,clear
2025-08-25 00:56:15.549656,51.128,71.403,18.13260724118985,75.49998611984088,0.0,3.9163699297864847,19.751163606923786,clear
2025-08-25 00:56:15.549656,51.1805,71.446,14.065792867142884,45.57645995547422,0.5825884781871228,1.342228480533241,18.834823043625754,cloudy
2025-08-25 00:56:15.549656,51.135,71.47,16.55525310537516,73.4408982363298,0.0,3.9162816910536122,21.009572089916517,cloudy
2025-08-25 01:56:15.549656,51.1694,71.4491,22.6844502237495,52.586351333083556,0.0,3.306211925011689,21.892877791000473,cloudy
2025-08-25 01:56:15.549656,51.128,71.403,15.482559053371713,54.891433975249114,0.0,6.8720811057957345,19.647355504340492,cloudy
2025-08-25 01:56:15.549656,51.1805,71.446,19.71645173178821,73.86093859627806,0.0,1.659939924122952,21.102707763645043,cloudy
2025-08-25 01:56:15.549656,51.135,71.47,18.992451755933384,64.14485895124115,0.0,0.491504550778979,19.834624840809376,cloudy
2025-08-25 02:56:15.549656,51.1694,71.4491,17.40408190407268,71.65331487740642,0.0,1.250159054989658,19.53144236799453,clear
2025-08-25 02:56:15.549656,51.128,71.403,17.997581432457068,95.0,0.0,0.852678415773974,19.097221626986183,clear
2025-08-25 02:56:15.549656,51.1805,71.446,16.056312067187196,72.37022216455996,0.0,5.277836543546694,21.056503138801673,cloudy
2025-08-25 02:56:15.549656,51.135,71.47,14.51838997239811,65.15365194242428,0.0,1.6998079295891166,19.79863632975917,clear
2025-08-25 03:56:15.549656,51.1694,71.4491,22.54571357380329,62.7703412441538,0.0,11.571389683144064,21.996488942147106,cloudy
2025-08-25 03:56:15.549656,51.128,71.403,21.483898163889595,53.50091753185421,0.0,0.7870779189108845,18.85413325777705,cloudy
2025-08-25 03:56:15.549656,51.1805,71.446,17.0571103582509,87.44939270753198,0.0,4.894001512963867,20.55232982827633,clear
2025-08-25 03:56:15.549656,51.135,71.47,15.366116622473582,63.711168019745685,0.0,4.694773560862,21.796945947319212,clear
2025-08-25 04:56:15.549656,51.1694,71.4491,19.19073066729929,70.00282868974445,0.0,5.835551071744606,20.912598780782716,clear
2025-08-25 04:56:15.549656,51.128,71.403,19.267744174899985,62.389258396053755,0.0,8.513686441169318,19.315014680854322,clear
2025-08-25 04:56:15.549656,51.1805,71.446,20.95212950075353,61.517314500184554,0.0,8.604173085093887,20.4187092057956,clear
2025-08-25 04:56:15.549656,51.135,71.47,22.113019500966207,65.03291030472572,0.0,4.54497979329701,19.520048278359656,clear
2025-08-25 05:56:15.549656,51.1694,71.4491,16.137463090920498,53.71728215279157,0.0,3.552326230084291,18.610980424246833,clear
2025-08-25 05:56:15.549656,51.128,71.403,19.42895869628814,67.78011136535018,0.0,4.812392356256547,20.125713033851476,cloudy
2025-08-25 05:56:15.549656,51.1805,71.446,17.147724572076537,68.90699975616909,0.0,4.7860420303078275,20.464192462744407,cloudy
2025-08-25 05:56:15.549656,51.135,71.47,22.45522177107686,60.47215130846527,0.0,1.9260196131100744,18.897748845390915,cloudy
2025-08-25 06:56:15.549656,51.1694,71.4491,21.67360800977769,63.86252549082505,0.0,1.1337571058283107,19.821257578052784,cloudy
2025-08-25 06:56:15.549656,51.128,71.403,22.98571668529582,49.51415540008644,0.0,11.993392075325323,20.58282987804797,clear
2025-08-25 06:56:15.549656,51.1805,71.446,20.95652720359378,74.76772156192598,0.0,4.599071698089935,20.52632555626817,cloudy
2025-08-25 06:56:15.549656,51.135,71.47,27.26923230566674,45.659068456200224,0.04536812273251619,6.019352711574309,19.90926375453497,cloudy
2025-08-25 07:56:15.549656,51.1694,71.4491,25.497187531944963,64.01584995494548,0.0,1.4485567062032987,19.746881409400523,clear
2025-08-25 07:56:15.549656,51.128,71.403,23.588099132084906,48.26220877171063,0.0,10.210276122652829,18.598931486690255,clear
2025-08-25 07:56:15.549656,51.1805,71.446,18.83587077306079,74.48557487339811,0.0,1.4991541811264693,20.343202728767366,clear
2025-08-25 07:56:15.549656,51.135,71.47,25.762750537809403,39.057940621912664,0.0,3.3049668454841292,20.311895636451673,clear
2025-08-25 08:56:15.549656,51.1694,71.4491,29.579336427320225,42.18266161397214,0.0,2.0114145393882374,19.879645318718676,clear
2025-08-25 08:56:15.549656,51.128,71.403,21.355824973011202,65.81381073173563,0.0,8.060239459291468,19.505099996721984,clear
2025-08-25 08:56:15.549656,51.1805,71.446,20.640655741758497,60.326211722877446,0.0,10.781066518122035,20.58152483786813,cloudy
2025-08-25 08:56:15.549656,51.135,71.47,21.703629122400816,48.891142673815565,0.0,2.176469325829668,21.02843809246772,clear
2025-08-25 09:56:15.549656,51.1694,71.4491,28.639068092308893,50.9913883124773,0.0,6.732749554175338,18.10479647402494,clear
2025-08-25 09:56:15.549656,51.128,71.403,21.811168306817635,63.87147997670878,0.10263851347690718,1.8879244385122682,19.794722973046184,cloudy
2025-08-25 09:56:15.549656,51.1805,71.446,19.495172910781427,56.01271240953007,0.19814577310517914,7.684683500840095,19.60370845378964,cloudy
2025-08-25 09:56:15.549656,51.135,71.47,27.210618333611833,35.04626629505369,0.0,19.18622190887668,21.400500326868187,clear
2025-08-25 10:56:15.549656,51.1694,71.4491,26.04096875532265,71.08863065982085,0.0,3.4279983623256456,19.117072887539027,cloudy
2025-08-25 10:56:15.549656,51.128,71.403,28.64850662510343,45.47922786555289,0.0,3.653377240414259,18.247286328996676,clear
2025-08-25 10:56:15.549656,51.1805,71.446,21.404337261633156,47.19353869838523,0.0,2.292296417162529,20.300945984209733,clear
2025-08-25 10:56:15.549656,51.135,71.47,25.982971136622965,49.220979602723226,0.0,10.665731992025357,20.767372397263582,clear
2025-08-25 11:56:15.549656,51.1694,71.4491,33.00527345985573,35.88842769127204,0.0,3.1609089631906144,20.586292531330166,clear
2025-08-25 11:56:15.549656,51.128,71.403,29.423296813777203,57.16836078376203,0.0,8.691074447903233,18.97124863640873,cloudy
2025-08-25 11:56:15.549656,51.1805,71.446,32.07072257742965,48.2903013867371,0.0,7.062150042721911,19.450068491276408,cloudy
2025-08-25 11:56:15.549656,51.135,71.47,25.49019588164766,44.770675703155426,0.0,5.697389523075037,21.924271424686367,clear
2025-08-25 12:56:15.549656,51.1694,71.4491,28.14441213246141,36.96436907807279,1.2888416093413886,3.0983616169265455,17.42231678131722,cloudy
2025-08-25 12:56:15.549656,51.128,71.403,20.68202881570333,69.2781749694492,0.0,2.689246717904115,18.39195710452364,clear
2025-08-25 12:56:15.549656,51.1805,71.446,22.691109426587335,60.42999568104253,0.0,8.459690676028917,19.801592367691025,cloudy
2025-08-25 12:56:15.549656,51.135,71.47,25.95473765444014,59.364455395859316,0.0,8.08562685277419,21.84651337112581,cloudy
2025-08-25 13:56:15.549656,51.1694,71.4491,27.80323115361844,74.31465159274671,0.0,19.856105610672227,20.758911278105494,clear
2025-08-25 13:56:15.549656,51.128,71.403,25.486145557032412,39.419224318195205,0.0,4.754869008323334,20.819502916200232,clear
2025-08-25 13:56:15.549656,51.1805,71.446,25.453634069208125,64.71249895444934,0.0,7.733152551842174,21.0718974225163,clear
2025-08-25 13:56:15.549656,51.135,71.47,30.118131490589754,51.4126739704968,3.0748949756004085,9.858153829415647,13.850210048799184,cloudy
2025-08-25 14:56:15.549656,51.1694,71.4491,18.277572943412732,58.14132693285305,0.0,3.398033400394988,18.929688547333505,clear
2025-08-25 14:56:15.549656,51.128,71.403,28.475286351776386,35.58135058407085,1.5145818163618878,1.8432360866175426,16.970836367276224,cloudy
2025-08-25 14:56:15.549656,51.1805,71.446,23.362674599563736,53.57999438185406,0.0,18.50181557397636,19.75775377796365,clear
2025-08-25 14:56:15.549656,51.135,71.47,24.932694461328918,65.435188306151,0.0,2.481083828330407,18.86051007198829,clear
2025-08-25 15:56:15.549656,51.1694,71.4491,25.909762051770592,37.291307551597114,0.0,14.77127068668861,19.146408601881017,cloudy
2025-08-25 15:56:15.549656,51.128,71.403,26.165527937024315,35.824975781519,0.0,3.5248227871525293,19.89967665100061,clear
2025-08-25 15:56:15.549656,51.1805,71.446,19.15553046215257,46.86212090744348,0.0,17.64667950509525,19.565115201328254,cloudy
2025-08-25 15:56:15.549656,51.135,71.47,23.529891654174353,49.009009451270174,0.0,7.5531113218044075,20.07510295491291,clear
2025-08-25 16:56:15.549656,51.1694,71.4491,19.56862523777957,54.01716314675648,0.0,1.3581858133246572,19.235239345278565,cloudy
2025-08-25 16:56:15.549656,51.128,71.403,27.588686517411638,70.52269254868254,0.0,5.666583933084183,20.15395793670353,cloudy
2025-08-25 16:56:15.549656,51.1805,71.446,26.397447888895844,46.41311624484373,0.0,1.8844139704725107,19.146139122553496,cloudy
2025-08-25 16:56:15.549656,51.135,71.47,23.497287789558925,54.802132553656634,0.0,3.992223454059905,18.57552285112927,clear
2025-08-25 17:56:15.549656,51.1694,71.4491,17.837994882059828,70.04805885426885,0.0,5.807026793411316,21.3141030987054,clear
2025-08-25 17:56:15.549656,51.128,71.403,19.652673118514524,60.303430777361314,0.0,9.541011526840249,21.404565036560346,clear
2025-08-25 17:56:15.549656,51.1805,71.446,21.595076779495642,67.81079156902783,3.247315889479896,3.48783201383832,13.505368221040207,cloudy
2025-08-25 17:56:15.549656,51.135,71.47,27.416607884656763,55.96983406767167,0.08571967527460445,5.676300699899846,19.82856064945079,cloudy
2025-08-25 18:56:15.549656,51.1694,71.4491,18.32546129134706,63.61418490630309,0.0,1.1066620769367594,19.491989603537377,cloudy
2025-08-25 18:56:15.549656,51.128,71.403,26.69461056343115,71.55347496680804,0.0,8.869852919657449,20.505225179202213,clear
2025-08-25 18:56:15.549656,51.1805,71.446,21.379194284867758,62.788141309165184,0.0,7.437893685390863,21.735676546227552,clear
2025-08-25 18:56:15.549656,51.135,71.47,26.937311941898514,59.93591034457147,4.865847688907003,3.0285686385015587,10.268304622185994,cloudy
2025-08-25 19:56:15.549656,51.1694,71.4491,21.62641598398908,55.679076423065716,3.9720342194948848,5.2355561986708015,12.055931561010231,cloudy
2025-08-25 19:56:15.549656,51.128,71.403,17.840856234958196,75.18502115200722,0.0,4.530140342484282,19.474890481388446,clear
2025-08-25 19:56:15.549656,51.1805,71.446,15.17480740666296,68.26978907916067,0.0,5.21481568067906,19.839715508779022,clear
2025-08-25 19:56:15.549656,51.135,71.47,17.489903108337742,87.7039018550656,0.0,6.707686422911824,20.69540983018609,clear
2025-08-25 20:56:15.549656,51.1694,71.4491,22.19167030266981,60.624368870458284,0.5322602667601534,1.7241318928148943,18.93547946647969,cloudy
2025-08-25 20:56:15.549656,51.128,71.403,17.93912480088271,70.33414934969093,2.5774785645881866,2.026993308081004,14.845042870823626,cloudy
2025-08-25 20:56:15.549656,51.1805,71.446,17.53034003908954,79.99346594254787,0.0,3.928705594481947,20.169642660846492,clear
2025-08-25 20:56:15.549656,51.135,71.47,16.292059969833367,56.66449090517678,0.0,7.544981079201119,19.59280338130497,clear
2025-08-25 21:56:15.549656,51.1694,71.4491,15.74266997445668,67.3011813975125,2.2551367030571687,6.7880899613625605,15.489726593885662,cloudy
2025-08-25 21:56:15.549656,51.128,71.403,17.26850462462832,69.63096136462224,0.0,4.811590287763599,18.100097886306493,clear
2025-08-25 21:56:15.549656,51.1805,71.446,19.065595807981932,60.43383478644107,0.0,5.231142111037732,20.078364769701952,clear
2025-08-25 21:56:15.549656,51.135,71.47,18.91666213384023,68.58358162479726,0.0,3.0697642417155127,19.444435790959957,clear
2025-08-25 22:56:15.549656,51.1694,71.4491,16.90384831517565,64.30491530617138,0.0,5.22039551386465,18.122982729070547,cloudy
2025-08-25 22:56:15.549656,51.128,71.403,14.36995322552905,79.57575940389482,0.0,8.738461289259199,18.184002375963747,cloudy
2025-08-25 22:56:15.549656,51.1805,71.446,16.730774023661358,66.13029796886988,0.0,4.314354507311837,21.038270975114365,clear
2025-08-25 22:56:15.549656,51.135,71.47,11.015357333699004,64.27737725895877,0.0,6.843949116350856,18.70563182286173,cloudy
2025-08-25 23:56:15.549656,51.1694,71.4491,16.628147037297214,59.5722825437681,0.0,4.051130697849169,18.195384518631847,cloudy
2025-08-25 23:56:15.549656,51.128,71.403,15.473391322745616,86.28025687785228,0.0,0.9459452057235946,18.010648940488107,clear
2025-08-25 23:56:15.549656,51.1805,71.446,18.07425924887198,61.29163594723906,0.0,7.931057140248961,21.03383463977014,cloudy
2025-08-25 23:56:15.549656,51.135,71.47,16.22868266139237,58.8134994703843,0.0,5.214995814650245,21.963487257388163,cloudy
2025-08-26 00:56:15.549656,51.1694,71.4491,12.335929737352572,57.39179489039181,1.5231265798753568,0.48112968234891795,16.953746840249288,cloudy
2025-08-26 00:56:15.549656,51.128,71.403,20.79292813894711,74.51210493748582,0.0,17.483315460217113,20.952022903737877,cloudy
2025-08-26 00:56:15.549656,51.1805,71.446,14.454019393645913,64.22421835914912,0.0,9.61087713499577,20.431461896411882,clear
2025-08-26 00:56:15.549656,51.135,71.47,13.005497092735833,89.26534181689831,0.0,4.514917333887716,19.187573154171872,clear
2025-08-26 01:56:15.549656,51.1694,71.4491,17.579860646771824,51.94820709889913,0.0,11.716711558994406,20.17474756259255,clear
2025-08-26 01:56:15.549656,51.128,71.403,19.29178804130757,62.78535905851847,0.0,2.4685902713835475,18.457229928515698,clear
2025-08-26 01:56:15.549656,51.1805,71.446,17.07893906181146,63.06597858396673,0.0,9.837311779750376,20.291657645925227,cloudy
2025-08-26 01:56:15.549656,51.135,71.47,15.822406359244289,87.56641520471015,0.9297881005178058,3.3480409955135366,18.140423798964388,cloudy
2025-08-26 02:56:15.549656,51.1694,71.4491,17.080033321653815,59.61964487169193,0.0,17.378467369114166,18.69899318779627,cloudy
2025-08-26 02:56:15.549656,51.128,71.403,17.263204005594847,72.34269645575809,0.0,1.9518254407053839,19.108267505397908,clear
2025-08-26 02:56:15.549656,51.1805,71.446,22.097660012028367,41.842722648418516,0.0,11.87056387111749,18.359244188387304,clear
2025-08-26 02:56:15.549656,51.135,71.47,19.71649312163294,59.00509137998595,0.0,2.616551223417006,19.241678888162003,clear
2025-08-26 03:56:15.549656,51.1694,71.4491,16.915901931780297,71.95885752630593,0.0,3.456477137647522,19.932640851170277,clear
2025-08-26 03:56:15.549656,51.128,71.403,17.5246932967814,52.94675875124514,0.0,3.525546717350199,18.557168941250875,cloudy
2025-08-26 03:56:15.549656,51.1805,71.446,18.0891565670443,77.32411986981816,0.0,11.879068290904947,18.61725160113491,clear
2025-08-26 03:56:15.549656,51.135,71.47,17.159896979589846,46.50506296122763,0.0,4.252539272586799,20.759895543269593,clear
2025-08-26 04:56:15.549656,51.1694,71.4491,21.888947454417895,61.68119835667982,0.0,5.219622484228614,18.224309974143104,clear
2025-08-26 04:56:15.549656,51.128,71.403,22.319094416755654,60.188225157080815,5.4344078131217906,9.752245683933667,9.131184373756419,rain
2025-08-26 04:56:15.549656,51.1805,71.446,19.936607151515386,53.23790988850561,0.0,3.373692453852364,20.96116918928558,clear
2025-08-26 04:56:15.549656,51.135,71.47,13.281407290969193,59.64585227998222,1.1060308567841406,3.038386754307252,17.787938286431718,cloudy
2025-08-26 05:56:15.549656,51.1694,71.4491,23.015555026709304,64.21336445221822,0.0,6.2632648305548315,20.806545688662418,clear
2025-08-26 05:56:15.549656,51.128,71.403,21.849038972148538,62.51187566070167,0.6275087092467148,11.144443229068917,18.74498258150657,cloudy
2025-08-26 05:56:15.549656,51.1805,71.446,24.405408115095806,62.799393658837815,1.3168557785261998,7.061788985880909,17.3662884429476,cloudy
2025-08-26 05:56:15.549656,51.135,71.47,24.67572841885473,38.180513454796795,0.1734009893372283,3.863394095998407,19.653198021325544,cloudy
2025-08-26 06:56:15.549656,51.1694,71.4491,23.31316003003494,50.49557343172792,0.30457515254555495,4.987309783772027,19.39084969490889,cloudy
2025-08-26 06:56:15.549656,51.128,71.403,19.98406725122247,58.459141663099196,0.0,4.504337926944191,20.01106376243536,clear
2025-08-26 06:56:15.549656,51.1805,71.446,26.00736692864955,64.25470215529485,0.0,1.6037763817313593,20.29515539085903,cloudy
2025-08-26 06:56:15.549656,51.135,71.47,22.058752649272286,58.88042648824973,0.0,1.1774191924239612,19.483858814642254,clear
2025-08-26 07:56:15.549656,51.1694,71.4491,19.893865029794764,64.73683326916685,0.0,5.198411332847107,21.836918059140338,clear
2025-08-26 07:56:15.549656,51.128,71.403,24.55697366477449,44.34074666148126,0.0,7.009508403231598,19.97251537319166,clear
2025-08-26 07:56:15.549656,51.1805,71.446,20.17774363064053,62.0393357590074,0.0,10.516579095497608,20.092475683979277,clear
2025-08-26 07:56:15.549656,51.135,71.47,19.306301811428412,64.10923535989143,0.0,5.457267199022943,20.284271044904454,clear
2025-08-26 08:56:15.549656,51.1694,71.4491,25.576137555514613,49.11942433438614,0.0,4.7772318490836385,20.486348825065022,clear
2025-08-26 08:56:15.549656,51.128,71.403,19.463175870921056,56.523768975458324,0.0,9.370748754788984,18.357675077094882,clear
2025-08-26 08:56:15.549656,51.1805,71.446,16.943723413016713,59.474317195146526,0.0,10.8509465711636,20.37664260368549,clear
2025-08-26 08:56:15.549656,51.135,71.47,28.96498838485924,48.80378584192322,3.205575124295618,5.884473535898421,13.588849751408764,cloudy
2025-08-26 09:56:15.549656,51.1694,71.4491,19.404157147982694,54.54133528067738,0.0,2.639018346726023,19.326092704022237,cloudy
2025-08-26 09:56:15.549656,51.128,71.403,23.77363618681479,67.44081266574187,0.0,1.3185742943578638,21.925116766651414,clear
2025-08-26 09:56:15.549656,51.1805,71.446,22.117437200019577,80.60139375048584,0.0,5.509512534341807,21.035640002101815,clear
2025-08-26 09:56:15.549656,51.135,71.47,22.26554662229757,35.32011617571889,0.0,2.474380324012225,21.99814774376035,clear
2025-08-26 10:56:15.549656,51.1694,71.4491,29.271763814801176,43.53057817761188,0.0,4.572013089699471,20.23680141721826,clear
2025-08-26 10:56:15.549656,51.128,71.403,26.706637319293677,46.69739579683497,0.0,1.7990763048156575,21.396939032915082,cloudy
2025-08-26 10:56:15.549656,51.1805,71.446,26.491765977148543,40.274197696377456,0.0,6.154291185990115,18.771694471545562,cloudy
2025-08-26 10:56:15.549656,51.135,71.47,22.681979302092913,49.688465760126434,0.0,3.97890506099301,21.049995637831664,clear
2025-08-26 11:56:15.549656,51.1694,71.4491,27.53192621416237,59.37723781956761,0.0,12.434785222337538,18.695032465620812,clear
2025-08-26 11:56:15.549656,51.128,71.403,31.944842921714255,36.07135957954133,0.0,9.635214697181308,19.620602104266904,cloudy
2025-08-26 11:56:15.549656,51.1805,71.446,26.17595537974216,40.65786556329995,0.0,10.157448539823044,18.301125729847207,clear
2025-08-26 11:56:15.549656,51.135,71.47,24.605862776341095,48.342625671835904,0.0,1.452485972162091,21.231733388859364,clear
2025-08-26 12:56:15.549656,51.1694,71.4491,28.407403360458396,59.669601353553865,0.0,6.038317324881748,18.79149040935459,clear
2025-08-26 12:56:15.549656,51.128,71.403,25.057963682373956,66.96724196737054,0.0,6.250455512633473,18.57803922778883,cloudy
2025-08-26 12:56:15.549656,51.1805,71.446,26.712883483292707,59.500044588072605,0.0,1.7320966773794226,20.599856972667624,clear
2025-08-26 12:56:15.549656,51.135,71.47,30.266323008843813,44.21455533530856,0.0,8.197102377389527,21.053476169608334,clear
2025-08-26 13:56:15.549656,51.1694,71.4491,22.931370031780265,57.912690269487825,0.0,19.995068385362387,21.609700470781807,clear
2025-08-26 13:56:15.549656,51.128,71.403,26.302986181712004,44.44483889557648,5.051176660710134,6.652348967371464,9.897646678579733,rain
2025-08-26 13:56:15.549656,51.1805,71.446,25.33728043927612,49.49324300225966,0.0,6.388936159439768,21.831265606982516,clear
2025-08-26 13:56:15.549656,51.135,71.47,22.08388409222252,52.244471384891334,0.0,4.822490634038728,18.51224097472683,clear
2025-08-26 14:56:15.549656,51.1694,71.4491,21.860065142648615,64.04006833963813,1.9777452745890716,5.495039441656475,16.044509450821856,cloudy
2025-08-26 14:56:15.549656,51.128,71.403,24.259145370347195,63.891083062234095,0.0,7.980251938570369,18.114471372250243,cloudy
2025-08-26 14:56:15.549656,51.1805,71.446,16.08179361131621,80.93174798199675,0.0,4.510183609628326,19.218329194456953,cloudy
2025-08-26 14:56:15.549656,51.135,71.47,25.724144366036906,36.82926246941145,0.0,7.481478798584774,18.38769995126624,cloudy
2025-08-26 15:56:15.549656,51.1694,71.4491,16.3693238422767,66.15511812947905,0.0,4.713275565772049,20.8405809599604,cloudy
2025-08-26 15:56:15.549656,51.128,71.403,21.690934283909826,66.39340230630219,0.0,3.6538940803959257,18.291642487762545,cloudy
2025-08-26 15:56:15.549656,51.1805,71.446,20.663460739709524,81.42023462985813,0.0,12.51011154311356,21.76644863319445,clear
2025-08-26 15:56:15.549656,51.135,71.47,25.29935544818258,71.15219403757231,0.0,3.5832936132736553,18.71980632568645,cloudy
2025-08-26 16:56:15.549656,51.1694,71.4491,18.95623899673114,62.575716095114636,0.0,10.132577792826492,20.891557483573976,clear
2025-08-26 16:56:15.549656,51.128,71.403,22.016422471501052,59.871566935142155,0.0,5.977204577314538,21.945868292285066,cloudy
2025-08-26 16:56:15.549656,51.1805,71.446,27.725055672516525,58.16833949865978,0.0,1.4457565169183693,21.692893455583583,clear
2025-08-26 16:56:15.549656,51.135,71.47,24.42262131553727,50.17423112929722,0.0,3.941438513943079,18.875429245710244,clear
2025-08-26 17:56:15.549656,51.1694,71.4491,26.198703920980876,34.68736782480312,0.0,3.3110296758164206,19.076896586368257,cloudy
2025-08-26 17:56:15.549656,51.128,71.403,20.21239853033069,86.65415410534092,0.0,3.221359562857874,21.05040348604724,cloudy
2025-08-26 17:56:15.549656,51.1805,71.446,16.8329372523457,58.79491670484497,0.0,2.9570592058253045,18.379589949481876,cloudy
2025-08-26 17:56:15.549656,51.135,71.47,21.31792931083054,55.177610993844425,0.0,2.9910301009126172,20.907296414843472,clear
2025-08-26 18:56:15.549656,51.1694,71.4491,23.861912109375062,44.18016879548593,0.0,5.053369693531756,19.079135442470914,clear
2025-08-26 18:56:15.549656,51.128,71.403,17.5637542657659,79.84580080605986,0.0,12.511111351115911,19.85781619514226,clear
2025-08-26 18:56:15.549656,51.1805,71.446,18.340464980611642,61.35332377958856,0.0,5.167602262411895,21.805650220327433,clear
2025-08-26 18:56:15.549656,51.135,71.47,19.326606004842787,56.78194279443337,0.0,6.259455710939197,19.44530193145991,clear
2025-08-26 19:56:15.549656,51.1694,71.4491,18.97484533433168,69.52920017031916,0.0,5.086933025874875,18.614083003584355,clear
2025-08-26 19:56:15.549656,51.128,71.403,12.729804055807252,70.89266108128096,0.0,7.748183655533551,20.968345643538335,clear
2025-08-26 19:56:15.549656,51.1805,71.446,22.208478567934726,61.30569337773896,0.0,11.121319948455707,19.458257389423814,clear
2025-08-26 19:56:15.549656,51.135,71.47,20.812482735184652,67.94679591104246,0.0,8.585484198257529,21.071666031801993,cloudy
2025-08-26 20:56:15.549656,51.1694,71.4491,19.23208187417735,65.01985162757921,0.0,4.453056214818315,20.675621440800782,clear
2025-08-26 20:56:15.549656,51.128,71.403,17.00933075621575,71.41123201159213,0.0,9.75202668821707,20.406743723313365,cloudy
2025-08-26 20:56:15.549656,51.1805,71.446,20.58731326280093,46.8735082250951,0.0,11.206549608077633,18.516326673193017,cloudy
2025-08-26 20:56:15.549656,51.135,71.47,17.211913336767193,75.09556653139082,0.0,1.9667787148100757,19.34788521343009,cloudy
2025-08-26 21:56:15.549656,51.1694,71.4491,16.90724438508362,78.57650459289758,0.0,12.930013490035691,19.308332423719687,clear
2025-08-26 21:56:15.549656,51.128,71.403,14.317324804910825,73.07753739444829,0.0,3.9129285331961787,18.690133906899447,clear
2025-08-26 21:56:15.549656,51.1805,71.446,18.45901086099813,79.20436919903847,0.0,2.4922849320691753,21.75326167675515,clear
2025-08-26 21:56:15.549656,51.135,71.47,12.991060775231489,72.03204896984388,0.0,14.629283357074069,21.621669518963188,cloudy
2025-08-26 22:56:15.549656,51.1694,71.4491,15.780817974906748,73.49704225020255,0.0,8.625256630311256,18.563786683681684,clear
2025-08-26 22:56:15.549656,51.128,71.403,11.740595799589023,72.69006128616189,0.0,1.6611428959797028,19.320602447989337,cloudy
2025-08-26 22:56:15.549656,51.1805,71.446,22.78580024444023,57.908260947785415,0.0,9.53370495145395,21.1807931147231,clear
2025-08-26 22:56:15.549656,51.135,71.47,13.42287041312603,71.79514053811033,0.0,3.8549097730186914,18.790868653525962,clear
2025-08-26 23:56:15.549656,51.1694,71.4491,15.568085526733551,80.36595068721151,0.0,6.9960504884294465,21.60163456180817,clear
2025-08-26 23:56:15.549656,51.128,71.403,14.237806398077542,72.93645271847876,0.0,4.013419754317439,18.83251389342989,clear
2025-08-26 23:56:15.549656,51.1805,71.446,13.462319591963475,74.02058918320104,0.0,8.886382631774177,20.5639082892505,clear
2025-08-26 23:56:15.549656,51.135,71.47,9.750075314176426,81.81336914594544,6.737660283282959,5.972381941331504,6.524679433434082,rain
2025-08-27 00:56:15.549656,51.1694,71.4491,13.654415169400224,55.71295052235165,0.0,10.808603487002232,20.995264889931704,cloudy
2025-08-27 00:56:15.549656,51.128,71.403,16.960523701063792,71.90792367596518,0.0,0.9216380343567988,20.199732398987777,clear
2025-08-27 00:56:15.549656,51.1805,71.446,10.060503433832164,70.59213299429804,0.0,5.350929513612839,20.85977497137832,clear
2025-08-27 00:56:15.549656,51.135,71.47,21.154406570837494,59.7154938107519,0.0,3.1208832096324075,18.785790518188712,cloudy
2025-08-27 01:56:15.549656,51.1694,71.4491,10.373446199480302,74.96609645658398,0.0,2.319178170125249,20.150069836754838,clear
2025-08-27 01:56:15.549656,51.128,71.403,9.350875636344217,63.92457802846875,0.0,2.7512913727796495,19.593879806113446,clear
2025-08-27 01:56:15.549656,51.1805,71.446,19.199948764240443,72.22105492460382,0.0,7.363688974894988,18.460500663861396,clear
2025-08-27 01:56:15.549656,51.135,71.47,15.584319159402174,83.27426695633318,0.0,6.3491160316919055,21.91996382110473,clear
2025-08-27 02:56:15.549656,51.1694,71.4491,21.22133179424927,58.980087124973,0.0,4.608797403249068,20.319649630595286,clear
2025-08-27 02:56:15.549656,51.128,71.403,20.272978541164683,64.18114795691932,0.0,4.2761127457391215,19.97280909746096,clear
2025-08-27 02:56:15.549656,51.1805,71.446,12.108849268016357,68.4973350136628,0.0,0.9671427556314147,18.912725979550792,clear
2025-08-27 02:56:15.549656,51.135,71.47,17.95408753689602,72.06056730738614,0.0,1.0975525629243637,21.46356238638903,clear
2025-08-27 03:56:15.549656,51.1694,71.4491,16.924076679840116,60.683088985663666,0.0,7.111046237591261,20.632590218984532,cloudy
2025-08-27 03:56:15.549656,51.128,71.403,17.82380288137993,51.97690895986492,0.0,9.070553307613245,19.843289055598575,clear
2025-08-27 03:56:15.549656,51.1805,71.446,20.684574131513095,53.176997780940354,0.0,1.8989578321100007,21.400406045383622,clear
2025-08-27 03:56:15.549656,51.135,71.47,17.442957741367906,73.76563414260339,0.0,8.177386677141342,19.182412416928994,clear
2025-08-27 04:56:15.549656,51.1694,71.4491,13.871890154195246,81.530771134461,0.0,3.725482305807592,21.21208767304874,clear
2025-08-27 04:56:15.549656,51.128,71.403,18.335928629560435,73.98068660168222,0.0,3.775061215646768,19.44723433236583,clear
2025-08-27 04:56:15.549656,51.1805,71.446,18.75018208968706,87.01253143812995,0.0,1.9063179756000745,20.735878809430677,clear
2025-08-27 04:56:15.549656,51.135,71.47,16.864967978204234,59.55080882278612,0.0,4.062192185080752,20.386014254435914,clear
2025-08-27 05:56:15.549656,51.1694,71.4491,20.528818805481105,72.72518300948856,0.0,2.8865395484394525,18.743992209277266,clear
2025-08-27 05:56:15.549656,51.128,71.403,20.07357614547471,62.05611845928695,0.0,1.722793260353623,20.820331718801977,cloudy
2025-08-27 05:56:15.549656,51.1805,71.446,13.946896418216152,81.40642444833941,0.0,7.982580804741636,18.402159841267657,clear
2025-08-27 05:56:15.549656,51.135,71.47,20.463919804196642,67.38864267939339,0.0,13.9132576683911,19.87132731000618,clear
2025-08-27 06:56:15.549656,51.1694,71.4491,24.38359529282888,64.30688390449215,0.0,2.0520823475896743,19.412535560093204,clear
2025-08-27 06:56:15.549656,51.128,71.403,20.47825732311745,61.19335925099602,0.0,2.899738931576294,20.478134915261222,cloudy
2025-08-27 06:56:15.549656,51.1805,71.446,16.85091169695132,61.44805106679264,0.0,7.622649186265065,19.659144181391248,clear
2025-08-27 06:56:15.549656,51.135,71.47,20.698864381322032,73.42504338079343,0.0,1.3823461326136388,19.21561898269184,cloudy
2025-08-27 07:56:15.549656,51.1694,71.4491,23.53368812570909,71.97100592898096,0.0,0.21900584924522196,21.317668555399056,cloudy
2025-08-27 07:56:15.549656,51.128,71.403,22.50762574327984,56.783660817375704,0.0,3.0623995083970907,19.488094465601005,cloudy
2025-08-27 07:56:15.549656,51.1805,71.446,27.165674797507474,34.97130532519671,0.0,10.504248921658037,19.480751699030165,clear
2025-08-27 07:56:15.549656,51.135,71.47,16.90033410489788,85.67982064185873,0.0,13.39886154916795,20.907873252026732,clear
2025-08-27 08:56:15.549656,51.1694,71.4491,21.202133410910346,65.75013449764943,0.0,6.842781255326073,18.91583334686738,clear
2025-08-27 08:56:15.549656,51.128,71.403,19.00460964137308,67.32645184397423,0.10130833712197551,10.62865441709979,19.797383325756048,cloudy
2025-08-27 08:56:15.549656,51.1805,71.446,19.753497556754162,58.21082859227837,0.0,2.103226445312817,19.806604303155236,clear
2025-08-27 08:56:15.549656,51.135,71.47,20.95037541413435,76.0992914497272,0.5618374699889924,1.5489357250644495,18.876325060022015,cloudy
2025-08-27 09:56:15.549656,51.1694,71.4491,26.984901664858516,45.45503326145431,0.0,1.0245660339945994,18.844862398912777,clear
2025-08-27 09:56:15.549656,51.128,71.403,26.54767040182045,46.074480685633716,0.0,5.7274546900027605,18.268948307090298,cloudy
2025-08-27 09:56:15.549656,51.1805,71.446,27.60505547870865,30.985828488367005,0.0,3.4434225976835986,21.444187358951098,clear
2025-08-27 09:56:15.549656,51.135,71.47,23.925145118405556,51.2815656655953,0.0,2.8783544312123195,20.62256917016441,cloudy
2025-08-27 10:56:15.549656,51.1694,71.4491,27.05093744566496,47.2485712154368,0.0,9.245979471080487,20.13339339596183,cloudy
2025-08-27 10:56:15.549656,51.128,71.403,29.275932166963308,53.20214790104438,0.0,2.200571533381021,18.517888553326877,cloudy
2025-08-27 10:56:15.549656,51.1805,71.446,27.30339144869354,40.726290393824854,0.0,6.836139844301884,21.03382541451417,cloudy
2025-08-27 10:56:15.549656,51.135,71.47,22.72864797758062,48.50019584896816,0.0,6.332688386582811,19.46699598818995,clear
2025-08-27 11:56:15.549656,51.1694,71.4491,26.895604086671156,46.758902359489895,0.0,4.5580945133129545,20.797396809475597,clear
2025-08-27 11:56:15.549656,51.128,71.403,27.040023711754554,35.62678676085899,0.0,5.593075136726774,21.926219796569256,cloudy
2025-08-27 11:56:15.549656,51.1805,71.446,26.892041326886115,55.422889904129505,0.0,2.846790480021644,19.94185324155695,clear
2025-08-27 11:56:15.549656,51.135,71.47,21.997872037585267,55.505237351986274,0.0,2.909228062150847,18.856233545995206,clear
2025-08-27 12:56:15.549656,51.1694,71.4491,27.358068891880322,43.77428195446907,0.0,9.016722803957103,18.93234485032646,clear
2025-08-27 12:56:15.549656,51.128,71.403,25.253726590305078,70.60589343898454,0.0,1.8067078358576993,18.50399007772051,clear
2025-08-27 12:56:15.549656,51.1805,71.446,25.94882178233606,50.25585385130573,0.0,7.9176075278251385,21.300138515258148,clear
2025-08-27 12:56:15.549656,51.135,71.47,25.864852424907713,64.64972498794042,0.0,3.1898579776092046,21.035232975939664,clear
2025-08-27 13:56:15.549656,51.1694,71.4491,26.52677722927678,55.73786313955864,0.0,5.476780931437748,20.017556506995646,cloudy
2025-08-27 13:56:15.549656,51.128,71.403,24.148397155017882,63.080293533905476,0.0,2.664567163074663,21.67157139601176,clear
2025-08-27 13:56:15.549656,51.1805,71.446,25.492460335135924,65.93497002963753,0.0,22.347245693840787,18.411036252792677,cloudy
2025-08-27 13:56:15.549656,51.135,71.47,27.202229429568902,56.86190750187647,4.562632986702417,7.056888942865392,10.874734026595165,cloudy
2025-08-27 14:56:15.549656,51.1694,71.4491,24.954027345264954,38.270052645648526,0.0,7.145389784919153,18.723741379022353,clear
2025-08-27 14:56:15.549656,51.128,71.403,23.362684098324593,61.244487832449266,0.0,14.70609160153937,18.585880280308395,cloudy
2025-08-27 14:56:15.549656,51.1805,71.446,24.569322379346755,64.59483879304301,0.0,5.569664847446529,21.224518601337504,clear
2025-08-27 14:56:15.549656,51.135,71.47,27.62690684538143,49.30924173466097,0.0,16.15508817566884,19.236514419369968,clear
2025-08-27 15:56:15.549656,51.1694,71.4491,25.394224209829527,53.775452678279976,6.384678860332249,2.594291931649755,7.230642279335502,rain
2025-08-27 15:56:15.549656,51.128,71.403,21.87643149326934,56.049849661327265,0.0,4.231184367467939,18.700194209677903,cloudy
2025-08-27 15:56:15.549656,51.1805,71.446,26.152768463155866,41.558698602703004,0.0,4.188130171874163,19.773392994176,clear
2025-08-27 15:56:15.549656,51.135,71.47,17.894386685035514,69.94400742021506,0.0,5.939060763709239,18.603348810892907,cloudy
2025-08-27 16:56:15.549656,51.1694,71.4491,26.05025529771555,54.99113984336296,0.0,9.47097009776951,20.00573707244168,cloudy
2025-08-27 16:56:15.549656,51.128,71.403,20.771910106408296,59.40837698313964,0.0,7.787080071150677,19.91567396429595,clear
2025-08-27 16:56:15.549656,51.1805,71.446,24.37517336596289,55.40078048190886,0.0,10.812976491653618,18.87605710665421,cloudy
2025-08-27 16:56:15.549656,51.135,71.47,28.912591420310225,65.86714105503127,0.0,8.322728935741868,21.32592712506262,cloudy
2025-08-27 17:56:15.549656,51.1694,71.4491,23.184548044783252,59.00324354167663,0.0,0.3041497940849656,18.08385880565592,clear
2025-08-27 17:56:15.549656,51.128,71.403,23.950585300976634,68.80836589863787,0.0,1.633451051642085,21.01976083598725,cloudy
2025-08-27 17:56:15.549656,51.1805,71.446,19.053472285832388,68.35795911197259,0.0,1.2503790979673899,20.523455941632893,clear
2025-08-27 17:56:15.549656,51.135,71.47,24.31132100257979,51.31136448555738,0.0,14.890044088164638,21.66967554692651,cloudy
2025-08-27 18:56:15.549656,51.1694,71.4491,21.034361427253092,72.47383162314839,0.0,4.170563440454323,21.8127142533152,cloudy
2025-08-27 18:56:15.549656,51.128,71.403,18.646465476409944,70.78983518260607,0.0,1.0590673206836119,19.659253997753,clear
2025-08-27 18:56:15.549656,51.1805,71.446,19.950282697422757,57.50211886695017,0.0,1.5974280538461216,20.365234199737653,cloudy
2025-08-27 18:56:15.549656,51.135,71.47,22.23280517589069,52.553989655486106,0.0,4.590942349529744,18.761374619934077,clear
2025-08-27 19:56:15.549656,51.1694,71.4491,18.584028495641476,63.54471633490948,0.0,2.0741795376586656,18.46443511496018,clear
2025-08-27 19:56:15.549656,51.128,71.403,23.093989768162174,46.129104541012545,0.0,1.29165205685507,20.726196306564912,clear
2025-08-27 19:56:15.549656,51.1805,71.446,21.68015520067145,50.8485417848939,0.0,8.240881307375293,18.543411543840573,clear
2025-08-27 19:56:15.549656,51.135,71.47,17.314741720448254,55.731137193950815,0.0,5.158324894000752,21.458534334781145,clear
2025-08-27 20:56:15.549656,51.1694,71.4491,14.769428809745298,53.421359631166126,0.0,5.856959672216905,21.943144144022177,clear
2025-08-27 20:56:15.549656,51.128,71.403,17.040604612223927,53.879049912231295,1.8918331046279937,6.655306715982595,16.216333790744013,cloudy
2025-08-27 20:56:15.549656,51.1805,71.446,20.44416245121696,71.25401866926248,0.0,2.413165882440802,20.996133132764157,clear
2025-08-27 20:56:15.549656,51.135,71.47,15.969275966450333,53.0653302540462,0.0,4.127077579740769,21.573560406517142,cloudy
2025-08-27 21:56:15.549656,51.1694,71.4491,17.171532106386913,71.85683400626688,0.0,4.235661623186951,19.907422220332027,clear
2025-08-27 21:56:15.549656,51.128,71.403,15.779441371265179,46.373716265827866,0.0,2.4610133869371613,20.505717792938942,cloudy
2025-08-27 21:56:15.549656,51.1805,71.446,22.892089326258386,48.63614690959184,0.0,3.1530294517801796,21.773124361467957,clear
2025-08-27 21:56:15.549656,51.135,71.47,19.16160396601491,54.77226916035257,0.0,8.378612572006368,20.126587382338027,clear
2025-08-27 22:56:15.549656,51.1694,71.4491,10.407866472068772,58.250082900209975,2.2239847580522127,3.528286833894356,15.552030483895575,cloudy
2025-08-27 22:56:15.549656,51.128,71.403,18.874677810174457,64.86980670783326,0.0,12.148247497884325,19.70632598321485,clear
2025-08-27 22:56:15.549656,51.1805,71.446,12.94998603790189,62.91491865099692,0.0,6.100471753883117,18.902783069827148,clear
2025-08-27 22:56:15.549656,51.135,71.47,19.093172076862935,59.18998724761605,0.0,7.916647794365765,18.03778736032415,clear
2025-08-27 23:56:15.549656,51.1694,71.4491,17.989090655745265,68.5539334075698,0.0,4.079286957746857,21.271443992013197,clear
2025-08-27 23:56:15.549656,51.128,71.403,16.310317652757366,57.80102565629561,0.0,6.406164109976947,18.7816261706171,clear
2025-08-27 23:56:15.549656,51.1805,71.446,12.888029250136738,78.33427749144488,1.2614039087175377,5.102835814205077,17.477192182564924,cloudy
2025-08-27 23:56:15.549656,51.135,71.47,21.908705244989086,64.75927293722916,0.0,2.180165011104908,19.040784084398616,clear
2025-08-28 00:56:15.549656,51.1694,71.4491,18.00667033186,58.30160360818568,0.0,6.305583985783338,19.321332653658484,cloudy
2025-08-28 00:56:15.549656,51.128,71.403,15.247443731497679,75.2612413799443,0.0,3.30957694364683,18.66185330166234,cloudy
2025-08-28 00:56:15.549656,51.1805,71.446,10.137911546736726,75.84002895900565,0.0,3.897547616245776,19.544568448407137,clear
2025-08-28 00:56:15.549656,51.135,71.47,20.85494115394282,57.517431004567136,0.0,2.7275730449112614,21.015600982969456,clear
2025-08-28 01:56:15.549656,51.1694,71.4491,17.359288613168992,74.94511135261223,0.0,12.815131904295615,18.22136698965049,clear
2025-08-28 01:56:15.549656,51.128,71.403,16.017835546992906,76.00395000244103,0.0,0.2156909350627172,19.380032935316343,clear
2025-08-28 01:56:15.549656,51.1805,71.446,17.581177449518528,78.5082433867675,0.0,1.2894823659271302,20.39598830008834,clear
2025-08-28 01:56:15.549656,51.135,71.47,15.844054518999167,75.58527106329112,0.0,1.2584162521061872,21.0830448504321,cloudy
2025-08-28 02:56:15.549656,51.1694,71.4491,11.799183470232247,70.05277010314859,0.0,7.672417620886448,20.510173429480034,clear
2025-08-28 02:56:15.549656,51.128,71.403,17.473829686149298,53.03616333525916,0.0,2.2765221598357206,21.41540786228066,clear
2025-08-28 02:56:15.549656,51.1805,71.446,15.590169478286857,78.65863016721835,0.0,12.570325741390693,20.198526122818127,clear
2025-08-28 02:56:15.549656,51.135,71.47,13.101884716644436,63.97610003258967,0.0,6.072265801831518,20.884577551599318,clear
2025-08-28 03:56:15.549656,51.1694,71.4491,17.99249038946655,55.00855137195734,0.0,4.069008098361858,18.475557307898686,cloudy
2025-08-28 03:56:15.549656,51.128,71.403,18.788340523763914,68.62462633454591,0.0,8.708703095209685,19.20132230918072,cloudy
2025-08-28 03:56:15.549656,51.1805,71.446,16.043224725823105,83.42703732370391,0.0,11.220342829240812,20.143976622408218,cloudy
2025-08-28 03:56:15.549656,51.135,71.47,17.308767149871052,58.65292199659768,0.0,4.848772139980072,21.89656750277697,clear
2025-08-28 04:56:15.549656,51.1694,71.4491,18.91451904059401,54.35207235668025,0.0,10.239606895288631,21.192216614869146,clear
2025-08-28 04:56:15.549656,51.128,71.403,18.639683971465434,53.872579893890965,0.0,3.4536866021331765,20.211748831248876,cloudy
2025-08-28 04:56:15.549656,51.1805,71.446,16.617347230394962,71.77095172294155,0.0,3.1704021253337262,20.602261664260446,clear
2025-08-28 04:56:15.549656,51.135,71.47,20.313297601297112,49.791982573498586,0.0,1.9200011513322264,19.514488373967026,clear
2025-08-28 05:56:15.549656,51.1694,71.4491,23.183393850462014,59.086887424072266,0.0,6.214920536893585,21.334036550552625,clear
2025-08-28 05:56:15.549656,51.128,71.403,10.711278243235146,71.08128247274456,0.0,2.3738388956158616,18.54794801940087,clear
2025-08-28 05:56:15.549656,51.1805,71.446,17.178963896178757,63.3727054101198,0.22900704033381103,4.629404300336063,19.54198591933238,cloudy
2025-08-28 05:56:15.549656,51.135,71.47,24.205790495629763,48.49067341675115,0.0,3.2345011472780287,19.480886364294,clear
2025-08-28 06:56:15.549656,51.1694,71.4491,20.255007420754122,62.333118251417496,0.0,2.6692096860496144,18.706256009115798,clear
2025-08-28 06:56:15.549656,51.128,71.403,22.360737378972072,56.49424503282145,0.0,3.382833315265098,19.151249185835077,cloudy
2025-08-28 06:56:15.549656,51.1805,71.446,17.932285517322605,55.72742760474534,0.0,5.3953807371292495,21.09945398137046,clear
2025-08-28 06:56:15.549656,51.135,71.47,19.09834128282763,66.41983838068683,0.0,11.691973247465501,18.49161586849013,clear
2025-08-28 07:56:15.549656,51.1694,71.4491,27.041018855169842,53.074689532292105,0.0,6.98330621254588,20.017589079740226,clear
2025-08-28 07:56:15.549656,51.128,71.403,25.619030809622235,44.0353553417739,0.0,3.357984011689134,21.87258712302461,clear
2025-08-28 07:56:15.549656,51.1805,71.446,25.933596599905965,50.16914887291645,0.0,5.841046431102117,21.08299016976357,cloudy
2025-08-28 07:56:15.549656,51.135,71.47,25.6747900692944,52.46168850214628,0.0,0.49228714044975674,18.213054522792483,clear
2025-08-28 08:56:15.549656,51.1694,71.4491,25.145749746137092,38.29894023979293,1.1053027362128238,1.4998124862854068,17.789394527574352,cloudy
2025-08-28 08:56:15.549656,51.128,71.403,23.551364922528002,58.34187667833197,0.0,7.849619274927826,19.09842947251873,clear
2025-08-28 08:56:15.549656,51.1805,71.446,20.580336356669076,55.985799614434065,0.0,4.6900447051833645,21.61874959566169,clear
2025-08-28 08:56:15.549656,51.135,71.47,18.256877383246,77.1100954338975,0.6821902799575883,2.318338404251875,18.635619440084824,cloudy
2025-08-28 09:56:15.549656,51.1694,71.4491,32.07236729929295,36.02929670652709,0.0,6.844355794517107,19.529956134183163,clear
2025-08-28 09:56:15.549656,51.128,71.403,20.72705583906655,57.7261206138957,0.0,5.47384238653818,20.861169181859037,cloudy
2025-08-28 09:56:15.549656,51.1805,71.446,23.85125763555301,67.9525344425703,0.0,7.216078707972114,18.164911908214147,clear
2025-08-28 09:56:15.549656,51.135,71.47,21.80299373115739,62.880254837171975,0.0,6.069113339383984,21.69294297534409,cloudy
2025-08-28 10:56:15.549656,51.1694,71.4491,20.126791098236517,62.40868313646353,0.0,2.4491668810826788,20.467113488241672,clear
2025-08-28 10:56:15.549656,51.128,71.403,21.172712347075024,40.75608620135934,0.0,9.700858696395333,18.028513004407717,clear
2025-08-28 10:56:15.549656,51.1805,71.446,22.795450577724363,71.25055852346891,0.0,1.846153918463607,20.98260044502935,clear
2025-08-28 10:56:15.549656,51.135,71.47,24.91746708422887,68.12713994988849,0.0,3.978443436964921,20.87699116186129,clear
2025-08-28 11:56:15.549656,51.1694,71.4491,20.613598996802402,54.59533312929524,0.019170410567772772,3.8525299414187524,19.961659178864455,cloudy
2025-08-28 11:56:15.549656,51.128,71.403,20.81483710514861,67.21762792107471,0.0,2.6778053387795517,19.526840816313342,clear
2025-08-28 11:56:15.549656,51.1805,71.446,27.058047992826207,38.70583180451705,0.0,1.7144262138157473,20.871911704012373,cloudy
2025-08-28 11:56:15.549656,51.135,71.47,24.23158894422186,49.058363660456514,0.0,2.443653660550039,21.032507461032132,clear
2025-08-28 12:56:15.549656,51.1694,71.4491,21.98307294263565,69.17426730951323,0.0,10.49468777990281,18.55846931395618,clear
2025-08-28 12:56:15.549656,51.128,71.403,31.73741630662077,32.3859264060536,0.0,2.172070297897843,19.33519101852796,clear
2025-08-28 12:56:15.549656,51.1805,71.446,25.120607117105592,63.333193792961694,0.0,4.4411162476392905,18.460645504200837,clear
2025-08-28 12:56:15.549656,51.135,71.47,24.057961042011613,48.52755445585063,0.0,7.2900849145174895,21.58005431442476,clear
2025-08-28 13:56:15.549656,51.1694,71.4491,26.449249390395316,74.4153594355103,0.0,3.6327534044069507,19.502407684020003,clear
2025-08-28 13:56:15.549656,51.128,71.403,24.320576047766107,61.37188938745082,0.0,8.192714858529426,19.349284901972847,clear
2025-08-28 13:56:15.549656,51.1805,71.446,24.43527795893554,35.46021311840906,0.0,2.2182055176068864,21.330731449547898,cloudy
2025-08-28 13:56:15.549656,51.135,71.47,27.436271419474263,40.96501643470024,0.0,6.162771924435765,21.095551868431215,cloudy
2025-08-28 14:56:15.549656,51.1694,71.4491,29.822821569026022,52.96220098046703,0.0,5.517162247718785,20.828646158626384,clear
2025-08-28 14:56:15.549656,51.128,71.403,21.99008135452042,60.3319544307384,0.0,5.192406907819482,20.284461711453176,clear
2025-08-28 14:56:15.549656,51.1805,71.446,25.936664879234794,52.42360390606838,0.0,2.9098462972560766,20.493958656078327,clear
2025-08-28 14:56:15.549656,51.135,71.47,24.371149312231477,54.36324190143563,0.0,0.9195389724445415,18.25275730835422,clear
2025-08-28 15:56:15.549656,51.1694,71.4491,26.619650228460433,62.68158217559487,0.0,0.8192768763006584,20.100629668454097,clear
2025-08-28 15:56:15.549656,51.128,71.403,23.758564625387194,69.71385464014787,0.0,13.439258760799284,21.59148463306409,clear
2025-08-28 15:56:15.549656,51.1805,71.446,30.191942537812828,43.706615580284684,0.0,1.3836777178794573,18.246459083553795,clear
2025-08-28 15:56:15.549656,51.135,71.47,20.736230620672664,66.45244059875651,0.0,7.029807774334059,21.932644132310124,cloudy
2025-08-28 16:56:15.549656,51.1694,71.4491,17.735713270538618,57.9237892185736,0.0,6.051830450203843,21.924334387939854,cloudy
2025-08-28 16:56:15.549656,51.128,71.403,22.73211597289434,43.60673294857538,0.0,6.184785052691451,21.61825699357546,clear
2025-08-28 16:56:15.549656,51.1805,71.446,25.642529117725402,55.16826808469162,0.0,5.812875515079769,18.651152505159715,clear
2025-08-28 16:56:15.549656,51.135,71.47,26.748110693217704,60.5446511440499,0.0,7.805904156871818,19.170177007523055,cloudy
2025-08-28 17:56:15.549656,51.1694,71.4491,25.432219026723786,48.2791610288925,0.0,4.921509661299977,18.566037945564915,cloudy
2025-08-28 17:56:15.549656,51.128,71.403,24.919414034496285,57.30063325611747,0.0,4.140829896871289,21.095631285934708,cloudy
2025-08-28 17:56:15.549656,51.1805,71.446,24.36537696858,59.012581637730094,0.0,12.380038670467588,18.685398924746544,clear
2025-08-28 17:56:15.549656,51.135,71.47,24.930770413631457,62.862847109069506,6.189305228858523,16.193487345455758,7.6213895422829525,rain
2025-08-28 18:56:15.549656,51.1694,71.4491,24.754438141154626,44.31241250072632,0.0,9.119312044137207,21.490612980330297,clear
2025-08-28 18:56:15.549656,51.128,71.403,17.409464950335053,81.14854246046242,0.0,10.533567630407523,18.936399078367657,clear
2025-08-28 18:56:15.549656,51.1805,71.446,20.11965435525921,63.41966510527025,0.0,3.2777661245182292,19.920141041223527,clear
2025-08-28 18:56:15.549656,51.135,71.47,21.026389792921105,79.7292344634258,0.0,2.000726633163068,18.518569383223927,clear
2025-08-28 19:56:15.549656,51.1694,71.4491,14.680072580057185,72.03556768159929,0.0,1.3477391004980785,20.242707588618693,clear
2025-08-28 19:56:15.549656,51.128,71.403,16.25545941588386,80.22786497479632,0.0,4.683365980533498,19.13244888912452,cloudy
2025-08-28 19:56:15.549656,51.1805,71.446,19.545791717629044,64.1293671553304,0.0,9.364205720275843,18.561821579959304,cloudy
2025-08-28 19:56:15.549656,51.135,71.47,20.37090633082457,83.96332796519206,0.0,2.9575086610372003,20.33153402525724,cloudy
2025-08-28 20:56:15.549656,51.1694,71.4491,16.763854764920712,68.91378929441947,0.0,7.952849405681793,18.29552462255378,clear
2025-08-28 20:56:15.549656,51.128,71.403,17.697616337439708,84.41127317865859,0.0,2.0202077652344084,20.88746678442865,cloudy
2025-08-28 20:56:15.549656,51.1805,71.446,20.547982461788003,61.346519727475446,0.0,4.772748134775443,19.049250891336623,clear
2025-08-28 20:56:15.549656,51.135,71.47,14.080870132949503,68.42155029069443,0.0,4.211174660939815,18.14519241784778,clear
2025-08-28 21:56:15.549656,51.1694,71.4491,14.147095073126902,64.4574187683036,0.0,3.6404041463592187,19.319736044002596,clear
2025-08-28 21:56:15.549656,51.128,71.403,18.212266940492118,75.2841922234239,0.0,4.146529724933047,18.701839729488054,clear
2025-08-28 21:56:15.549656,51.1805,71.446,18.363751923641853,74.79692614113985,1.2727787443257328,6.170163847850734,17.45444251134853,cloudy
2025-08-28 21:56:15.549656,51.135,71.47,16.78380317265526,81.71499931253969,0.0,3.1651329207343557,21.290860809273266,clear
2025-08-28 22:56:15.549656,51.1694,71.4491,16.441344912653463,70.50323185694752,0.0,5.039022435447328,18.84967808690404,clear
2025-08-28 22:56:15.549656,51.128,71.403,13.06900868310855,55.549807744197395,0.0,3.375508165103338,19.220460715055406,cloudy
2025-08-28 22:56:15.549656,51.1805,71.446,11.173140272960069,86.30788711586621,0.0,5.801998913897389,20.59773646096394,clear
2025-08-28 22:56:15.549656,51.135,71.47,13.622460015175415,62.119478249835076,0.0,2.4462439485161256,20.62349079056555,clear
2025-08-28 23:56:15.549656,51.1694,71.4491,15.222658349497813,80.75781096486764,0.0,6.630495063905144,20.5247632417874,clear
2025-08-28 23:56:15.549656,51.128,71.403,11.976920576910665,76.66136508549076,0.0,6.99458823891344,20.90566960736639,clear
2025-08-28 23:56:15.549656,51.1805,71.446,18.4767178346448,67.91571259658426,0.0,1.5133870827533729,21.304655687384976,cloudy
2025-08-28 23:56:15.549656,51.135,71.47,16.45752618064636,71.02530609167088,0.0,5.779786158598339,20.05790718509362,cloudy
2025-08-29 00:56:15.549656,51.1694,71.4491,12.130212210159025,68.64830269848488,0.0,2.6291860322247413,21.950004059830565,clear
2025-08-29 00:56:15.549656,51.128,71.403,17.58232362586866,58.37288737348298,0.0,3.083277559744035,21.66706124261776,cloudy
2025-08-29 00:56:15.549656,51.1805,71.446,16.394720185413668,88.74521882177913,0.0,2.3104809559521744,20.749193499761844,clear
2025-08-29 00:56:15.549656,51.135,71.47,15.256831845681974,69.01699005273264,0.0,11.742401394482377,19.786799093604788,clear
2025-08-29 01:56:15.549656,51.1694,71.4491,15.263225127483329,69.68864737341025,0.0,5.250705297681478,21.233004174556697,clear
2025-08-29 01:56:15.549656,51.128,71.403,16.21623962889396,62.73439774765526,0.0,6.9894866191632765,18.985727790229294,clear
2025-08-29 01:56:15.549656,51.1805,71.446,14.744266050553474,65.63148489644395,0.0,6.078014780093567,20.45440093535918,cloudy
2025-08-29 01:56:15.549656,51.135,71.47,15.13802929166507,63.40636658947928,0.0,6.21600970911395,21.856656920474805,cloudy
2025-08-29 02:56:15.549656,51.1694,71.4491,14.344188014040933,82.47926694282101,0.0,2.507194081140336,19.799960875354643,clear
2025-08-29 02:56:15.549656,51.128,71.403,18.361492745448366,67.53870227515722,0.0,10.282701277581324,18.399083806468518,cloudy
2025-08-29 02:56:15.549656,51.1805,71.446,19.11701172502851,69.10315112642765,0.0,2.8098249790606156,21.530927598154637,clear
2025-08-29 02:56:15.549656,51.135,71.47,16.469891194208262,61.13011492294732,0.0,1.097138427491046,21.36518676904441,clear
2025-08-29 03:56:15.549656,51.1694,71.4491,13.852891074740999,43.53118309419576,0.0,3.1155896450242304,21.15119341809583,clear
2025-08-29 03:56:15.549656,51.128,71.403,15.62568775504523,64.61736830440532,1.0756767116629573,0.790002979268863,17.848646576674085,cloudy
2025-08-29 03:56:15.549656,51.1805,71.446,23.579488576676383,38.521831704862066,0.0,11.619569051605357,21.382361367778895,clear
2025-08-29 03:56:15.549656,51.135,71.47,15.50804427201244,87.39498587153895,0.0,12.620937497400664,19.47643980151283,cloudy
2025-08-29 04:56:15.549656,51.1694,71.4491,17.72457761466658,62.2766534142771,0.0,7.527851740626621,18.493665517020624,clear
2025-08-29 04:56:15.549656,51.128,71.403,15.434384930267363,79.66115891888055,0.0,3.702184938213126,21.939786873943454,cloudy
2025-08-29 04:56:15.549656,51.1805,71.446,19.907701174028784,63.41799584609681,0.0,7.4708831610895565,21.95231457493799,cloudy
2025-08-29 04:56:15.549656,51.135,71.47,15.689022256422023,53.57927102753007,4.015606245692018,6.9141320418914045,11.968787508615964,cloudy
2025-08-29 05:56:15.549656,51.1694,71.4491,25.78164035976002,45.76238023802419,0.0,6.41925913920212,21.173998253122914,clear
2025-08-29 05:56:15.549656,51.128,71.403,17.67069983515494,83.94183312354177,0.0,3.783588078608428,18.45476689475772,clear
2025-08-29 05:56:15.549656,51.1805,71.446,21.121935852188358,70.38600977032908,0.0,10.39613280444138,21.307686105652188,cloudy
2025-08-29 05:56:15.549656,51.135,71.47,21.914608282611283,61.82847321312589,0.0,4.473644724204007,20.418705545975552,clear
2025-08-29 06:56:15.549656,51.1694,71.4491,18.67885662940517,56.64319152059571,0.0,2.5568018871094935,21.3842529704758,clear
2025-08-29 06:56:15.549656,51.128,71.403,27.191149961239116,61.26407523018668,0.0,17.98496547860199,18.49780305368208,clear
2025-08-29 06:56:15.549656,51.1805,71.446,21.339488000911768,75.7046182770711,0.0,6.802672052359474,21.88368319020124,clear
2025-08-29 06:56:15.549656,51.135,71.47,14.916100756222434,92.54263819682839,0.0,4.536564944575845,21.699042287857587,cloudy
2025-08-29 07:56:15.549656,51.1694,71.4491,19.03411801045608,61.24485425411986,0.6014855591300128,3.357988932863136,18.797028881739976,cloudy
2025-08-29 07:56:15.549656,51.128,71.403,20.84641234508192,59.20657161588995,0.0,2.304630623698395,18.69458373984813,cloudy
2025-08-29 07:56:15.549656,51.1805,71.446,23.15539889110106,48.3817933119954,0.0,1.918378021382158,19.12459874473027,clear
2025-08-29 07:56:15.549656,51.135,71.47,24.523972746581098,54.917156710015554,0.0,0.6230939387393096,20.589763452138143,cloudy
2025-08-29 08:56:15.549656,51.1694,71.4491,20.47066446178391,81.75566668350316,0.0,8.963545702592207,20.784189190381277,clear
2025-08-29 08:56:15.549656,51.128,71.403,24.65535075543476,45.28269995632844,0.8892336132969149,10.648531037187375,18.22153277340617,cloudy
2025-08-29 08:56:15.549656,51.1805,71.446,23.379035065253653,55.20793952025095,0.0,7.056723813636455,19.44946269944435,clear
2025-08-29 08:56:15.549656,51.135,71.47,17.010140055637798,91.63208277573592,0.0,6.2298389200816295,19.520100468701827,cloudy
2025-08-29 09:56:15.549656,51.1694,71.4491,25.308178893689757,53.15971786127391,0.0,0.726140495523028,18.662037456091056,cloudy
2025-08-29 09:56:15.549656,51.128,71.403,24.18935659140369,51.63425137803662,0.0,6.56379012388638,21.44730759541584,clear
2025-08-29 09:56:15.549656,51.1805,71.446,28.635785422221854,62.837043396646365,4.611121330520836,21.523771599342943,10.777757338958327,cloudy
2025-08-29 09:56:15.549656,51.135,71.47,26.273034183238497,46.63876171823413,0.0,2.45542873266126,19.799794664415256,clear
2025-08-29 10:56:15.549656,51.1694,71.4491,20.56738623778773,52.2526000218965,0.0,3.8827778443989716,21.827823415495264,clear
2025-08-29 10:56:15.549656,51.128,71.403,22.793869053631163,55.255239264370076,0.0,7.453300714600402,21.21501988326823,clear
2025-08-29 10:56:15.549656,51.1805,71.446,29.058472482791622,47.91118770616613,0.0,14.002185938889163,19.444649325890612,clear
2025-08-29 10:56:15.549656,51.135,71.47,22.407361353315277,36.91838240844818,0.0,2.299095000587492,18.919373500334157,clear
2025-08-29 11:56:15.549656,51.1694,71.4491,25.28910055198492,34.44297524041441,0.0,0.3851659162653682,21.941517275020168,clear
2025-08-29 11:56:15.549656,51.128,71.403,30.552041048928533,39.6717708574594,0.0,4.507958826969043,19.096640984891806,clear
2025-08-29 11:56:15.549656,51.1805,71.446,30.73452498764269,43.62202753025575,0.0,4.280041783195488,18.59003709680713,clear
2025-08-29 11:56:15.549656,51.135,71.47,21.724365046227437,41.34630355533567,3.58536164352182,9.171935224022565,12.829276712956359,cloudy
2025-08-29 12:56:15.549656,51.1694,71.4491,23.89324388050012,51.39099915579644,0.0,6.439288421926905,21.56577827101597,clear
2025-08-29 12:56:15.549656,51.128,71.403,24.218938052509497,58.31460435121366,0.0,3.082628468536772,20.200937222078466,clear
2025-08-29 12:56:15.549656,51.1805,71.446,24.68089786297747,63.717408322808936,0.0,8.085494167798366,18.04448500105654,clear
2025-08-29 12:56:15.549656,51.135,71.47,25.627899185456286,44.01362316756321,0.0,4.870449284636914,21.131788657579236,cloudy
2025-08-29 13:56:15.549656,51.1694,71.4491,26.72293161245509,43.55558603615441,0.0,8.637779568923307,19.31497953585359,clear
2025-08-29 13:56:15.549656,51.128,71.403,25.64237070164999,54.9309073724102,0.0,10.40767626226045,20.91292657921305,cloudy
2025-08-29 13:56:15.549656,51.1805,71.446,27.740510778919493,61.13335773252733,0.0,9.498803503272129,20.055725950548656,clear
2025-08-29 13:56:15.549656,51.135,71.47,25.0932082542562,51.08988331035579,0.0,8.82837860892537,18.807995820108577,cloudy
2025-08-29 14:56:15.549656,51.1694,71.4491,23.96745821095021,61.676529052835505,0.6147810481335779,3.7321284363338543,18.770437903732844,cloudy
2025-08-29 14:56:15.549656,51.128,71.403,25.710727662335916,46.728821013008435,0.0,4.573440441920775,18.412940173390115,clear
2025-08-29 14:56:15.549656,51.1805,71.446,24.61044960172509,47.26657888107768,0.0,9.315795298141495,20.302063223700944,clear
2025-08-29 14:56:15.549656,51.135,71.47,21.703064352116503,60.213809811515084,0.0,8.248828899746766,19.448562225086995,clear
2025-08-29 15:56:15.549656,51.1694,71.4491,22.030128506428607,59.75469510325532,0.0,1.7265974081303415,19.126129768521263,cloudy
2025-08-29 15:56:15.549656,51.128,71.403,14.502494718645213,84.9153846728434,0.4479123790357443,9.084378106480122,19.104175241928512,cloudy
2025-08-29 15:56:15.549656,51.1805,71.446,26.958724034203527,49.53691608030811,0.0,3.595073870175167,19.94489805204143,clear
2025-08-29 15:56:15.549656,51.135,71.47,26.58915151054931,50.026710528473146,0.0,8.500477413827216,21.01588116853165,clear
2025-08-29 16:56:15.549656,51.1694,71.4491,18.290979853475417,53.33143122103715,0.0,8.046232319060817,20.556979651401424,clear
2025-08-29 16:56:15.549656,51.128,71.403,23.0137225716064,58.35647099341259,0.0,6.5700601886236,19.33883402834668,clear
2025-08-29 16:56:15.549656,51.1805,71.446,21.32584681813639,59.46181032153577,0.0,3.692922392722962,18.1533883251324,clear
2025-08-29 16:56:15.549656,51.135,71.47,24.112607675204966,54.59446992986705,1.8466315513166094,9.226495335170375,16.306736897366783,cloudy
2025-08-29 17:56:15.549656,51.1694,71.4491,21.15015066883869,59.41776827776036,0.0,4.786327962211386,19.737958819343362,clear
2025-08-29 17:56:15.549656,51.128,71.403,24.923549386872317,52.7655464729321,0.6944956253503023,4.828576933161342,18.611008749299394,cloudy
2025-08-29 17:56:15.549656,51.1805,71.446,21.709233217296585,57.92675406425459,0.0,7.899509303382641,20.22509914234075,clear
2025-08-29 17:56:15.549656,51.135,71.47,25.095231713575288,62.11448699738869,0.0,7.473447502022637,21.451059287017983,clear
2025-08-29 18:56:15.549656,51.1694,71.4491,18.73541106253773,61.41064622235029,0.0,2.043739211530471,20.393505354694977,clear
2025-08-29 18:56:15.549656,51.128,71.403,19.09237500069104,72.03417760358535,0.0,6.745142890377865,21.881251989030897,clear
2025-08-29 18:56:15.549656,51.1805,71.446,25.24851851079001,45.90058128597489,0.0,0.700245683987623,20.127104119522276,clear
2025-08-29 18:56:15.549656,51.135,71.47,23.398699884483616,53.15297280194389,0.0,5.135069744917436,21.947611938693278,clear
2025-08-29 19:56:15.549656,51.1694,71.4491,20.476782487292503,73.96485945887551,0.0,3.7311267507274692,18.819425926292727,clear
2025-08-29 19:56:15.549656,51.128,71.403,17.262226582028738,45.28212035667562,0.0,16.475075540910847,20.293655924571688,clear
2025-08-29 19:56:15.549656,51.1805,71.446,21.204781642107317,69.00174131526296,0.0,14.481274727407595,21.997919137867463,clear
2025-08-29 19:56:15.549656,51.135,71.47,20.0566832707131,52.160998272806594,0.0,3.098998537371555,20.538371715490186,clear
2025-08-29 20:56:15.549656,51.1694,71.4491,15.642603025781492,80.04687565671308,0.0,6.591880463258395,19.064590383568824,clear
2025-08-29 20:56:15.549656,51.128,71.403,15.445168076918176,53.90970765468023,0.0,5.851040511363875,20.527911444222713,clear
2025-08-29 20:56:15.549656,51.1805,71.446,19.085719890554447,56.807786329279104,0.0,3.8126606591480243,20.933202438251534,clear
2025-08-29 20:56:15.549656,51.135,71.47,17.277649850259518,55.19292570817498,0.0,5.974488364035171,18.98629474865764,cloudy
2025-08-29 21:56:15.549656,51.1694,71.4491,18.86124915731052,65.37872454224508,0.0,3.098502594403214,20.28388183148402,clear
2025-08-29 21:56:15.549656,51.128,71.403,20.793781388360628,53.01364725306379,0.0,5.595912826850546,18.273964310668365,clear
2025-08-29 21:56:15.549656,51.1805,71.446,20.139331928614006,56.32505858116069,0.0,3.1829940039975826,21.393327721454114,clear
2025-08-29 21:56:15.549656,51.135,71.47,15.332846911757295,65.50394960660542,0.0,4.6709222355726805,19.168079707917762,clear
2025-08-29 22:56:15.549656,51.1694,71.4491,17.2839313546129,59.57563654394057,0.0,2.675571185811354,19.82779017974116,cloudy
2025-08-29 22:56:15.549656,51.128,71.403,13.478439732047956,80.93036714223355,0.0,6.090115806094904,21.13735566575756,clear
2025-08-29 22:56:15.549656,51.1805,71.446,15.929602368056628,72.23259923666627,0.0,3.6838943384168834,18.092575318654216,clear
2025-08-29 22:56:15.549656,51.135,71.47,17.398739195133828,61.366892557768026,0.0,13.896888687099311,21.623475138235605,clear
2025-08-29 23:56:15.549656,51.1694,71.4491,15.33185865794689,55.209982459888664,0.0,3.3040016246482504,20.527970204083644,clear
2025-08-29 23:56:15.549656,51.128,71.403,13.490651006563066,81.81789641380563,0.0,23.3626976022678,20.32917035099091,cloudy
2025-08-29 23:56:15.549656,51.1805,71.446,15.800487771138355,65.85441356954846,0.0,6.378351735018828,20.429425736468428,cloudy
2025-08-29 23:56:15.549656,51.135,71.47,15.393249683382956,88.15606041651087,0.0,2.424041258803391,18.429845127026674,cloudy
2025-08-30 00:56:15.549656,51.1694,71.4491,17.273338220316717,76.290930358361,0.0,5.722872072137485,18.766104727320656,clear
2025-08-30 00:56:15.549656,51.128,71.403,16.20119627621986,59.85255015653898,4.200920136950089,2.8063971105505345,11.598159726099823,cloudy
2025-08-30 00:56:15.549656,51.1805,71.446,17.265137396067907,62.41888527227804,1.6207410499418795,6.964895289679017,16.758517900116242,cloudy
2025-08-30 00:56:15.549656,51.135,71.47,18.821003386753926,61.602189767455954,0.0,12.61314250688939,19.13809094628195,clear
2025-08-30 01:56:15.549656,51.1694,71.4491,17.330496559950657,63.9928168963707,0.0,4.85740028292626,21.852243297366144,clear
2025-08-30 01:56:15.549656,51.128,71.403,14.081856354422754,67.13578184238595,0.0,2.332301043264743,21.836428666822552,clear
2025-08-30 01:56:15.549656,51.1805,71.446,20.24773129643168,51.26960582084314,0.0,1.6468780387763866,19.726921007562776,clear
2025-08-30 01:56:15.549656,51.135,71.47,18.17015253433442,53.24583884953163,0.0,12.012630954067816,18.28964881069673,clear
2025-08-30 02:56:15.549656,51.1694,71.4491,12.6398213840813,74.87735522410071,0.0,5.987831582476211,19.109628039624877,cloudy
2025-08-30 02:56:15.549656,51.128,71.403,19.485903884123964,74.0382817090113,0.0,6.097267377937744,19.844773972594535,clear
2025-08-30 02:56:15.549656,51.1805,71.446,24.01149838475536,60.22736208706525,0.0,5.305681529341784,21.95957753882986,clear
2025-08-30 02:56:15.549656,51.135,71.47,17.713751479644728,61.98683784546641,0.0,6.321611034359858,19.129960502495248,cloudy
2025-08-30 03:56:15.549656,51.1694,71.4491,15.666565307492377,64.49447587412295,0.0,4.994285055861939,20.224182350025323,clear
2025-08-30 03:56:15.549656,51.128,71.403,17.770836950369308,62.34289728730106,0.0,5.030336453409897,19.382910155393155,clear
2025-08-30 03:56:15.549656,51.1805,71.446,16.673331859203493,44.76250628860504,0.0,9.976471843311803,21.742081229764402,clear
2025-08-30 03:56:15.549656,51.135,71.47,18.563870169941485,69.78609341635435,0.0,6.006400220601645,18.790468599705694,cloudy
2025-08-30 04:56:15.549656,51.1694,71.4491,14.676814641650669,59.57644579876618,0.0,1.8214881544733244,19.982342261010146,clear
2025-08-30 04:56:15.549656,51.128,71.403,15.473559422708519,83.77941893705425,0.0,2.5627529459842155,20.218380884597334,clear
2025-08-30 04:56:15.549656,51.1805,71.446,14.580861139169464,68.71881728461166,0.0,11.018638513123339,18.11033426218564,clear
2025-08-30 04:56:15.549656,51.135,71.47,20.780560404448057,57.74225540363148,0.0,6.118193295370806,21.953497169081523,clear
2025-08-30 05:56:15.549656,51.1694,71.4491,22.77101918732346,58.06878964120367,0.0,4.067530678498281,21.841290740090013,clear
2025-08-30 05:56:15.549656,51.128,71.403,19.923675564446352,51.567980597076826,0.0,4.9340751650927475,19.98937159000593,cloudy
2025-08-30 05:56:15.549656,51.1805,71.446,22.044595224622984,71.53540359044882,0.0,13.332852872599037,19.949682307141057,clear
2025-08-30 05:56:15.549656,51.135,71.47,19.595007454555287,46.41404454594401,0.0,3.8572598297092484,20.324710748937946,cloudy
2025-08-30 06:56:15.549656,51.1694,71.4491,15.749865455977083,79.39637973928185,0.0,4.112021995330349,20.507191505399877,clear
2025-08-30 06:56:15.549656,51.128,71.403,19.88702595268879,49.773078523615396,0.0,8.433803007742739,19.947582785155586,clear
2025-08-30 06:56:15.549656,51.1805,71.446,19.865384552111127,58.027147712856255,0.0,1.045710892958697,21.76393877631277,clear
2025-08-30 06:56:15.549656,51.135,71.47,18.00230153055889,70.58491993859572,0.0,3.1662786492173467,21.556081693646142,clear
2025-08-30 07:56:15.549656,51.1694,71.4491,23.26856253151712,39.789104840840885,0.0,11.219473179025622,21.83322067883472,cloudy
2025-08-30 07:56:15.549656,51.128,71.403,22.79307778551045,40.466678655608526,0.0,4.352861018770271,20.019569494159317,cloudy
2025-08-30 07:56:15.549656,51.1805,71.446,16.811528288813875,62.79815677773821,0.0,3.0883307822187156,18.15247004149623,clear
2025-08-30 07:56:15.549656,51.135,71.47,20.673634590027007,64.2635490353645,0.0,16.430131617751336,19.508093255442862,cloudy
2025-08-30 08:56:15.549656,51.1694,71.4491,25.224555340736522,63.783170095968714,0.0,2.9313185648396,21.01031457955635,clear
2025-08-30 08:56:15.549656,51.128,71.403,26.702958044089662,67.36992685168096,0.0,1.9624893399781425,19.86153489868959,cloudy
2025-08-30 08:56:15.549656,51.1805,71.446,27.1930080862021,78.4775788357959,0.0,12.98720243133403,20.45405786981489,clear
2025-08-30 08:56:15.549656,51.135,71.47,23.916605477897978,51.15049623659339,0.0,1.8649560101092297,20.03568034927685,clear
2025-08-30 09:56:15.549656,51.1694,71.4491,19.331116566814693,58.038697698666915,0.0,13.19711600513099,20.62022031752775,clear
2025-08-30 09:56:15.549656,51.128,71.403,21.552960295309333,66.53811994399236,0.0,2.123640940629006,19.269826012771677,clear
2025-08-30 09:56:15.549656,51.1805,71.446,19.64539153701547,47.430385461397435,0.0,1.238205408532294,21.000532110205924,clear
2025-08-30 09:56:15.549656,51.135,71.47,27.20908596343841,41.96974422559034,0.0,8.436570241800164,21.878179092385608,cloudy
2025-08-30 10:56:15.549656,51.1694,71.4491,20.733965035944962,63.13526923532765,0.0,12.988551469620809,21.343057449016396,clear
2025-08-30 10:56:15.549656,51.128,71.403,22.12447926860717,64.53466465723987,0.0,4.825653029580671,18.32149449049151,cloudy
2025-08-30 10:56:15.549656,51.1805,71.446,28.79545849938942,37.355761384468536,0.0,4.782345766594548,20.28504205430716,cloudy
2025-08-30 10:56:15.549656,51.135,71.47,23.48011763079421,51.1036955961855,0.0,6.521581916244146,18.741011056746544,clear
2025-08-30 11:56:15.549656,51.1694,71.4491,23.778922910723892,76.83153908005451,0.0,10.366909604572246,18.644288692633197,cloudy
2025-08-30 11:56:15.549656,51.128,71.403,30.764393278888708,32.546132653873556,0.0,1.6943758359559769,19.444420368287208,clear
2025-08-30 11:56:15.549656,51.1805,71.446,22.354419989138705,60.544900860436755,0.0,8.363173488866133,20.60176264703101,clear
2025-08-30 11:56:15.549656,51.135,71.47,24.33850381612461,37.62451633632533,2.4624791190245032,8.93370443789679,15.075041761950994,cloudy
2025-08-30 12:56:15.549656,51.1694,71.4491,26.490961588072764,52.89991949891804,0.0,0.6053277731393479,18.658397798864733,clear
2025-08-30 12:56:15.549656,51.128,71.403,20.366979547141828,67.19243116209884,0.0,5.722099563076698,18.997147055258786,cloudy
2025-08-30 12:56:15.549656,51.1805,71.446,20.021122851215388,76.39265859707835,0.0,11.244583331524638,20.134507048037957,clear
2025-08-30 12:56:15.549656,51.135,71.47,22.67591146085013,55.74836981886932,0.0,4.590781211908821,20.480771801782073,clear
2025-08-30 13:56:15.549656,51.1694,71.4491,24.732979194214558,51.57424855114189,0.0,6.6492553805342745,21.112034512308163,clear
2025-08-30 13:56:15.549656,51.128,71.403,24.438183398142588,74.84619852829053,0.0,14.229236246025325,19.05480922371181,clear
2025-08-30 13:56:15.549656,51.1805,71.446,24.11258124440136,42.80079437737119,0.0,4.1679184521389505,21.806991274269894,cloudy
2025-08-30 13:56:15.549656,51.135,71.47,22.796560137219693,47.50855340847002,0.0,2.688030785656008,21.079094672110447,clear
2025-08-30 14:56:15.549656,51.1694,71.4491,27.34317260873269,50.793854162910506,0.0,6.895805082501164,19.58105810103483,clear
2025-08-30 14:56:15.549656,51.128,71.403,27.812623075485323,43.21415787107719,0.0,15.589642717691474,21.37830098612575,cloudy
2025-08-30 14:56:15.549656,51.1805,71.446,23.915274792043306,34.21641090874197,2.4040535492097064,9.283019119843267,15.191892901580587,cloudy
2025-08-30 14:56:15.549656,51.135,71.47,26.571305506309958,57.97494432182612,0.0,4.170882444517477,20.734460924370307,clear
2025-08-30 15:56:15.549656,51.1694,71.4491,22.32796169600645,56.5341542954191,0.0,5.277587803871928,21.25765657693326,cloudy
2025-08-30 15:56:15.549656,51.128,71.403,22.936903324600436,62.405845350594355,0.0,11.280099127554061,20.769866507731603,cloudy
2025-08-30 15:56:15.549656,51.1805,71.446,24.111567119156447,57.59893371782154,0.0,1.7862310077914636,19.458692955331653,clear
2025-08-30 15:56:15.549656,51.135,71.47,22.81749543930051,60.434302730440415,0.0,13.313708472653264,19.42904338915766,clear
2025-08-30 16:56:15.549656,51.1694,71.4491,24.96492994752548,53.25372514079988,2.7936159061531263,0.7711696225255428,14.412768187693747,cloudy
2025-08-30 16:56:15.549656,51.128,71.403,27.36967772226788,56.06610107537106,0.0,3.9080379503997644,20.06736215230177,clear
2025-08-30 16:56:15.549656,51.1805,71.446,25.973416274702558,48.43439128377421,0.0,10.370883419813591,18.925065874323984,clear
2025-08-30 16:56:15.549656,51.135,71.47,20.414746825498426,76.32673174668415,0.0,13.557728162704237,21.112617518610893,clear
2025-08-30 17:56:15.549656,51.1694,71.4491,22.031396680962366,67.0335988799245,0.0,2.0475267067080947,18.768165143085234,cloudy
2025-08-30 17:56:15.549656,51.128,71.403,23.094866513273757,66.25582448564118,0.0,1.7782904295755337,20.551257366489946,clear
2025-08-30 17:56:15.549656,51.1805,71.446,18.962398950124683,68.11587543856585,0.0,10.472311944137623,18.142724912211154,clear
2025-08-30 17:56:15.549656,51.135,71.47,21.756724691755565,73.69569975980026,0.0,4.318098093766374,19.15720104076277,clear
2025-08-30 18:56:15.549656,51.1694,71.4491,19.976841343365365,65.85365698766782,0.0,2.464694785721618,21.68363952747069,clear
2025-08-30 18:56:15.549656,51.128,71.403,22.251153220684607,69.16234019137707,0.0,12.78130134011466,20.57987501143044,clear
2025-08-30 18:56:15.549656,51.1805,71.446,21.864014048086958,69.14427350341728,0.0,4.2749199163073826,18.130107617910333,clear
2025-08-30 18:56:15.549656,51.135,71.47,19.740715601502654,69.2984103170374,0.0,6.35044072259931,18.027816517888155,cloudy
2025-08-30 19:56:15.549656,51.1694,71.4491,17.769819282991882,55.00476269979424,0.0,9.195285606906719,20.688869826579925,cloudy
2025-08-30 19:56:15.549656,51.128,71.403,13.47872839035332,82.0420152982806,0.0,3.0764248167784096,21.796525838070245,clear
2025-08-30 19:56:15.549656,51.1805,71.446,19.212810273129534,71.37681710262613,0.0,4.274876841492708,20.37703986389913,clear
2025-08-30 19:56:15.549656,51.135,71.47,20.17969000575083,62.83144854918489,0.0,1.5810299770741347,18.231659038302677,clear
2025-08-30 20:56:15.549656,51.1694,71.4491,14.323598130531195,64.3318053740399,0.0,6.292761288812743,18.14919646273363,cloudy
2025-08-30 20:56:15.549656,51.128,71.403,14.04158582449,69.38999631308579,0.0,2.316683436156537,18.25525563788912,clear
2025-08-30 20:56:15.549656,51.1805,71.446,12.759043135857613,80.1071514810171,5.216092827057635,16.765953350912664,9.56781434588473,rain
2025-08-30 20:56:15.549656,51.135,71.47,17.022942155269043,75.22451822735658,0.0,4.841557787560631,21.139668212657597,clear
2025-08-30 21:56:15.549656,51.1694,71.4491,15.982789857240244,51.18826800461967,0.0,6.878592261505906,20.82957236675936,cloudy
2025-08-30 21:56:15.549656,51.128,71.403,18.508909030386366,72.03847804150372,4.947439654717521,1.6932454192007143,10.105120690564958,cloudy
2025-08-30 21:56:15.549656,51.1805,71.446,17.98550932289659,66.93583318282609,0.0,3.230066318941142,20.109877922324245,clear
2025-08-30 21:56:15.549656,51.135,71.47,21.798680843747544,46.3582331982482,0.0,12.077837347423648,19.909120655554982,clear
2025-08-30 22:56:15.549656,51.1694,71.4491,13.194032975790396,63.86398760308233,0.0,0.3919044342891794,20.315316171247165,clear
2025-08-30 22:56:15.549656,51.128,71.403,15.164403191875747,68.65437168852843,0.38595086999439304,7.323590668122781,19.228098260011215,cloudy
2025-08-30 22:56:15.549656,51.1805,71.446,16.046967391531737,63.505120810040324,0.0,6.313316573769622,21.276608176914223,cloudy
2025-08-30 22:56:15.549656,51.135,71.47,21.109484522156507,70.44543834306903,0.0,9.142015042729582,21.93845880697158,clear
2025-08-30 23:56:15.549656,51.1694,71.4491,14.673873112548492,58.976840985056306,0.0,3.138663881672012,21.26766201875848,clear
2025-08-30 23:56:15.549656,51.128,71.403,15.092721940987134,68.29524675780846,0.0,5.457504914139607,18.487389327399278,cloudy
2025-08-30 23:56:15.549656,51.1805,71.446,13.105056781312417,74.12776756528064,0.0,8.717928700152259,20.299742276601428,clear
2025-08-30 23:56:15.549656,51.135,71.47,18.99351507407128,53.16051644407371,0.0,3.7767763665603056,18.13412349605639,cloudy
2025-08-31 00:56:15.549656,51.1694,71.4491,18.756875298715343,80.76220765699831,0.0,1.1021854026790094,18.354339205755913,clear
2025-08-31 00:56:15.549656,51.128,71.403,13.62741879941644,80.69446579426364,0.0,2.5062995657013176,21.260898841502637,cloudy
2025-08-31 00:56:15.549656,51.1805,71.446,17.634749712387062,53.92324016601957,0.0,0.7115724658891182,19.162288849434596,clear
2025-08-31 00:56:15.549656,51.135,71.47,14.927325715879531,46.90454607981022,0.0,1.7297082789578209,21.684989732350815,cloudy
2025-08-31 01:56:15.549656,51.1694,71.4491,15.291523645392639,79.88846286892833,0.0,22.2926324508602,21.952908367836102,clear
2025-08-31 01:56:15.549656,51.128,71.403,14.773446301834115,92.49683309895846,0.0,5.355997839422942,21.91800606997634,clear
2025-08-31 01:56:15.549656,51.1805,71.446,21.592398278507577,52.839372641323095,0.0,7.569686187686988,18.286174125298928,clear
2025-08-31 01:56:15.549656,51.135,71.47,16.513886654640995,72.95476273130977,0.0,5.58460248192959,18.015697534294688,clear
2025-08-31 02:56:15.549656,51.1694,71.4491,13.721487426475619,80.49205442979206,0.0,6.2899983950561875,20.560609269155346,cloudy
2025-08-31 02:56:15.549656,51.128,71.403,17.055504483144436,78.07036563404347,0.0,4.527865070431304,19.579709579865852,cloudy
2025-08-31 02:56:15.549656,51.1805,71.446,15.102977645004904,62.300790290658774,0.0,10.992991378393532,21.85665629120784,clear
2025-08-31 02:56:15.549656,51.135,71.47,13.255839124873068,95.0,0.0,6.837597204761883,21.88333956031187,clear
2025-08-31 03:56:15.549656,51.1694,71.4491,14.832348623438364,69.0571249070761,0.0,4.844134077831423,20.236488582583448,cloudy
2025-08-31 03:56:15.549656,51.128,71.403,16.487184319911663,62.82983682203965,0.0,6.7432332675944995,20.140019973858983,clear
2025-08-31 03:56:15.549656,51.1805,71.446,17.944154995996936,57.151711877166306,0.0,7.175678396190911,21.194413620134906,clear
2025-08-31 03:56:15.549656,51.135,71.47,21.292951001252217,58.83829268967104,0.0,1.974820901635546,20.707118268629284,cloudy
2025-08-31 04:56:15.549656,51.1694,71.4491,11.033218292523944,71.69110462003599,0.0,5.055033033673373,21.8999008049505,cloudy
2025-08-31 04:56:15.549656,51.128,71.403,16.839790353818607,68.86283146775999,0.0,6.461725677889295,19.063582399156584,cloudy
2025-08-31 04:56:15.549656,51.1805,71.446,17.797579855745408,67.87055083499469,0.0,9.75334891229285,21.490949771910767,cloudy
2025-08-31 04:56:15.549656,51.135,71.47,14.04335804350237,56.04290436774915,0.0,2.8224986795556433,20.081135180222958,clear
2025-08-31 05:56:15.549656,51.1694,71.4491,12.267204305126088,83.57895065900358,0.0,1.409655411041958,20.881452156752275,clear
2025-08-31 05:56:15.549656,51.128,71.403,17.244393116882573,79.42584622782675,0.0,6.376012350281201,19.952165260152185,clear
2025-08-31 05:56:15.549656,51.1805,71.446,17.36941385649885,64.4536603276652,0.0,5.531608742708139,18.43770193522053,cloudy
2025-08-31 05:56:15.549656,51.135,71.47,17.587392165427747,52.976499644234565,1.6343845739072513,7.14050623301374,16.731230852185497,cloudy
2025-08-31 06:56:15.549656,51.1694,71.4491,10.56309478035808,73.875882453814,0.0,3.5810878569413607,18.107834060705336,cloudy
2025-08-31 06:56:15.549656,51.128,71.403,21.486514041323556,55.96843780101004,0.0,5.127562801727719,18.335258605167365,cloudy
2025-08-31 06:56:15.549656,51.1805,71.446,14.723928395300154,78.39946644444453,0.0,14.688488549678107,18.941646836781914,clear
2025-08-31 06:56:15.549656,51.135,71.47,17.451341716662135,46.820662737138086,0.0,1.7209729970694285,21.86907497865464,cloudy
2025-08-31 07:56:15.549656,51.1694,71.4491,22.17406287297814,46.710943693816084,0.0,3.328780774576925,19.924603246447543,clear
2025-08-31 07:56:15.549656,51.128,71.403,23.248205418499865,38.89952476872207,0.0,5.666270878953841,19.842864818521925,cloudy
2025-08-31 07:56:15.549656,51.1805,71.446,12.657200655188708,69.83812938750637,0.0,3.4594282877348554,21.971533749099397,clear
2025-08-31 07:56:15.549656,51.135,71.47,19.946589260050175,56.983041339047745,0.0,1.2873095508049535,20.369978657343836,clear
2025-08-31 08:56:15.549656,51.1694,71.4491,24.430288192310464,50.415047040740546,0.0,4.07158687459687,21.31031851909492,clear
2025-08-31 08:56:15.549656,51.128,71.403,28.376708312365388,47.94270392441622,0.0,7.8545888785745515,19.762506778071156,clear
2025-08-31 08:56:15.549656,51.1805,71.446,20.722598437134963,54.409087273353634,0.0,18.087233434588313,19.060538053777652,cloudy
2025-08-31 08:56:15.549656,51.135,71.47,19.13304645829467,65.92736990038414,0.12572297818826253,6.345550711849359,19.748554043623475,cloudy
2025-08-31 09:56:15.549656,51.1694,71.4491,20.84141723745183,63.499147158386975,0.0,4.324478964213442,21.8921970517264,clear
2025-08-31 09:56:15.549656,51.128,71.403,23.042525991005824,59.072883188780516,0.0,3.9494340487063013,19.881407358837762,clear
2025-08-31 09:56:15.549656,51.1805,71.446,22.222092297630887,59.60342572976373,0.0,3.5445095814493865,21.340062955104997,clear
2025-08-31 09:56:15.549656,51.135,71.47,28.891934302859312,42.170476003151734,0.0,6.512409123327934,18.75578175426459,cloudy
2025-08-31 10:56:15.549656,51.1694,71.4491,19.929567838286218,77.77539061666647,0.0,3.4658178033083393,18.1201519727814,clear
2025-08-31 10:56:15.549656,51.128,71.403,24.837200818956386,63.925075553899106,0.0,2.5757977884697274,19.598714882640607,cloudy
2025-08-31 10:56:15.549656,51.1805,71.446,22.507144522187872,50.37022425942188,0.0,3.0884271088171533,19.580736993850184,cloudy
2025-08-31 10:56:15.549656,51.135,71.47,25.35772887493972,65.4166629375006,0.03532182510192285,14.7631734313955,19.929356349796155,cloudy
2025-08-31 11:56:15.549656,51.1694,71.4491,25.524122489901362,51.77750466965746,0.0,5.6724679927883255,20.91112031418469,clear
2025-08-31 11:56:15.549656,51.128,71.403,21.07604150304835,72.4218494346967,0.0,10.132778233309018,20.69863988718026,clear
2025-08-31 11:56:15.549656,51.1805,71.446,22.791591041889173,51.23090973368152,0.0,7.550895895129781,18.588693129916283,cloudy
2025-08-31 11:56:15.549656,51.135,71.47,21.43955159131482,65.74264351512784,0.0,8.022666324913237,20.728859726351217,clear
2025-08-31 12:56:15.549656,51.1694,71.4491,21.753927812885962,43.53327211423228,0.0,2.139073401614495,21.41622248150307,clear
2025-08-31 12:56:15.549656,51.128,71.403,28.073814252943748,62.45093537391202,0.0,8.339827562335346,19.47760407000272,cloudy
2025-08-31 12:56:15.549656,51.1805,71.446,22.523280741644705,66.88471730345657,0.0,1.911855865021542,18.635809968850015,clear
2025-08-31 12:56:15.549656,51.135,71.47,22.337966584785548,62.06133733260011,0.0,2.7526381645790474,20.709429842609644,clear
2025-08-31 13:56:15.549656,51.1694,71.4491,22.625103149398765,43.32255125672127,4.513939111935126,5.059868242948874,10.972121776129748,cloudy
2025-08-31 13:56:15.549656,51.128,71.403,25.961054095007263,44.84342196056501,0.0,1.2794546043824755,21.272130908729665,cloudy
2025-08-31 13:56:15.549656,51.1805,71.446,24.589118676721792,68.41365838649116,0.0,3.677817277656155,20.092766064412068,cloudy
2025-08-31 13:56:15.549656,51.135,71.47,22.966881963168486,58.44684254311741,0.0,8.12146154444155,18.24436829318648,clear
2025-08-31 14:56:15.549656,51.1694,71.4491,26.323864497670307,41.95222188715208,0.0,14.6145223708012,21.996220982331955,clear
2025-08-31 14:56:15.549656,51.128,71.403,21.39008179946569,70.03476235767803,0.0,2.7286519778782896,21.756337214623205,clear
2025-08-31 14:56:15.549656,51.1805,71.446,21.110080889991757,65.57203547849404,0.0,8.153035818002161,19.92603354499888,clear
2025-08-31 14:56:15.549656,51.135,71.47,24.85307109041915,59.86731091429723,0.0,6.272288872664823,19.092645045147066,clear
2025-08-31 15:56:15.549656,51.1694,71.4491,24.93159316854831,47.62586655169148,0.0,11.86032939248818,20.069570325181026,cloudy
2025-08-31 15:56:15.549656,51.128,71.403,22.02949312208023,50.787212948232245,0.0,7.544508020055028,18.640403481524363,clear
2025-08-31 15:56:15.549656,51.1805,71.446,21.77534485501059,61.19853745788808,0.0,8.765060499398412,19.893853895429125,clear
2025-08-31 15:56:15.549656,51.135,71.47,23.31739299052502,69.57174161564447,0.0,5.332662018526281,18.373196196604454,clear
2025-08-31 16:56:15.549656,51.1694,71.4491,26.74392503268993,56.64991024578607,0.0,7.506190986601732,21.34496056989156,clear
2025-08-31 16:56:15.549656,51.128,71.403,23.51954715240692,49.7290698590353,0.0,4.673764907305566,21.970405230082033,clear
2025-08-31 16:56:15.549656,51.1805,71.446,19.988343069689574,75.39645255954963,0.0,0.6421283977348783,20.33353578109995,clear
2025-08-31 16:56:15.549656,51.135,71.47,17.641645375553477,56.702789279267684,0.0,4.006955987478273,21.20204207010869,cloudy
2025-08-31 17:56:15.549656,51.1694,71.4491,24.152214433254443,43.82097236693888,0.0,0.8712177689477468,21.74979753433001,clear
2025-08-31 17:56:15.549656,51.128,71.403,19.00589176449467,67.41845190026027,0.0,2.4647729016003033,19.778710794639,cloudy
2025-08-31 17:56:15.549656,51.1805,71.446,20.822489887116205,57.20115813899669,0.0,5.284635936469816,20.39055301292615,clear
2025-08-31 17:56:15.549656,51.135,71.47,19.08480748148325,56.92346678577331,0.0,4.815113736581026,20.306992489679942,clear
2025-08-31 18:56:15.549656,51.1694,71.4491,18.665258673432326,59.996226959056244,0.0,1.4771295917647085,21.81894016596496,cloudy
2025-08-31 18:56:15.549656,51.128,71.403,21.632271686433974,46.932374154799504,0.0,15.249602997180839,20.471129287311342,cloudy
2025-08-31 18:56:15.549656,51.1805,71.446,16.27670452926432,76.84141747035994,0.0,5.711514819278767,20.014467165846355,clear
2025-08-31 18:56:15.549656,51.135,71.47,19.763337707702473,56.01689698676839,0.7104616054262383,8.12515530994877,18.579076789147525,cloudy
2025-08-31 19:56:15.549656,51.1694,71.4491,14.072199357064228,70.88570776993359,0.0,3.284581486751777,20.104182513481568,clear
2025-08-31 19:56:15.549656,51.128,71.403,16.92881773437109,66.20022886579132,0.0,8.882037776041711,21.92249404820743,clear
2025-08-31 19:56:15.549656,51.1805,71.446,15.381941977905235,71.94434031236125,0.0,10.777348452795195,21.97703781542312,clear
2025-08-31 19:56:15.549656,51.135,71.47,18.32657118640921,57.74998591994657,0.0,4.451554147986358,19.352595243683044,clear
2025-08-31 20:56:15.549656,51.1694,71.4491,16.437453891374094,50.80585479707358,0.0,2.846168029998678,18.827903693158934,clear
2025-08-31 20:56:15.549656,51.128,71.403,18.855022069647763,62.919350794364895,0.0,9.5055249658871,18.5350890192944,clear
2025-08-31 20:56:15.549656,51.1805,71.446,15.899488923275095,65.74313762854541,0.0,13.56336232356412,21.543065598004304,clear
2025-08-31 20:56:15.549656,51.135,71.47,18.03364247211691,74.71974236126833,0.0,14.651913549077193,18.373655651364864,clear
2025-08-31 21:56:15.549656,51.1694,71.4491,16.955730893004745,51.625860202594225,0.0,9.38108550518971,18.7204231210371,cloudy
2025-08-31 21:56:15.549656,51.128,71.403,16.758149830871375,61.54134029406564,0.0,3.272430352530071,18.712599676630365,clear
2025-08-31 21:56:15.549656,51.1805,71.446,13.197817418182005,79.91452878492099,0.0,5.245749523319805,20.128743515718472,clear
2025-08-31 21:56:15.549656,51.135,71.47,10.70655356070786,76.8506096253902,0.0,3.547153562399704,21.72586702662884,clear
2025-08-31 22:56:15.549656,51.1694,71.4491,14.309616748813605,85.83278027260474,0.0,6.088665116982998,21.533912123259878,cloudy
2025-08-31 22:56:15.549656,51.128,71.403,12.992279175244201,61.80730447265421,0.0,8.889867271338751,21.416270521639305,clear
2025-08-31 22:56:15.549656,51.1805,71.446,10.848087414583361,75.60051481898812,0.0,9.615629164915674,18.975592285922414,clear
2025-08-31 22:56:15.549656,51.135,71.47,13.69811714046271,77.51298624338666,0.0,1.156981700680407,21.678553182027457,cloudy
2025-08-31 23:56:15.549656,51.1694,71.4491,12.949298369884925,91.10620391486555,0.0,3.084821163369598,21.28072102442638,clear
2025-08-31 23:56:15.549656,51.128,71.403,15.688346112704641,64.62836148919222,0.0,6.7983312592242005,20.09701499061,clear
2025-08-31 23:56:15.549656,51.1805,71.446,9.528393659774052,65.66664977429471,0.0,7.429197478105331,21.59686483853031,clear
2025-08-31 23:56:15.549656,51.135,71.47,13.755383647760292,70.5726016453558,0.0,3.0293738490848323,21.169700773921225,cloudy
2025-09-01 00:56:15.549656,51.1694,71.4491,16.70203895405867,75.9494942620851,0.0,3.412588546618384,20.349288844301196,cloudy
2025-09-01 00:56:15.549656,51.128,71.403,14.728112500068637,81.5502911091958,0.0,4.065872475232613,19.591148662320766,cloudy
2025-09-01 00:56:15.549656,51.1805,71.446,16.248892838972704,77.40085287035697,0.0,0.5095733127637634,20.863420466211597,clear
2025-09-01 00:56:15.549656,51.135,71.47,12.42551990951299,57.916783704696485,0.0,11.607766190393239,21.75072080495756,clear
2025-09-01 01:56:15.549656,51.1694,71.4491,16.24626774678207,82.20995119864048,0.0,3.947901938646819,21.605534418551812,clear
2025-09-01 01:56:15.549656,51.128,71.403,6.916474008198483,88.67252778571783,0.0,6.525035487350143,19.663101429645952,clear
2025-09-01 01:56:15.549656,51.1805,71.446,14.985806184947531,71.13517625630983,0.0,7.412444376121859,21.236594686985278,clear
2025-09-01 01:56:15.549656,51.135,71.47,20.11851187581315,51.31426085877456,0.0,1.9450733224620642,21.482966105154702,clear
2025-09-01 02:56:15.549656,51.1694,71.4491,22.835861986765433,59.40317866251848,0.0,18.27561056514851,21.261058893392462,clear
2025-09-01 02:56:15.549656,51.128,71.403,17.143879855081895,67.26427081777261,0.0,2.0322494567957556,18.37636492636422,clear
2025-09-01 02:56:15.549656,51.1805,71.446,15.490859945547703,74.58975483240437,0.0,14.498445564637912,19.144259158409213,cloudy
2025-09-01 02:56:15.549656,51.135,71.47,13.789329197405822,51.73478335558637,0.0,6.4064849321487385,21.789887119074127,clear
2025-09-01 03:56:15.549656,51.1694,71.4491,15.02520913615713,58.11178704892405,0.0,2.031115753226775,20.61736145888854,cloudy
2025-09-01 03:56:15.549656,51.128,71.403,17.734326578537917,78.20279414948106,0.0,2.874232485217045,21.08232954444597,clear
2025-09-01 03:56:15.549656,51.1805,71.446,14.478730671763103,66.02202929598899,0.0,8.663031335677264,21.637430146635694,clear
2025-09-01 03:56:15.549656,51.135,71.47,18.58554788737335,60.658836891661856,0.0,14.504135814190033,18.673570264250362,clear
2025-09-01 04:56:15.549656,51.1694,71.4491,14.505841470853113,67.53569006154335,0.0,1.675771185292553,20.269857944904594,clear
2025-09-01 04:56:15.549656,51.128,71.403,17.96258972422353,80.0866069401663,0.0,0.7382739964016399,18.759845520025483,clear
2025-09-01 04:56:15.549656,51.1805,71.446,20.263399458979464,76.0457335429826,1.430006916489394,7.566849626003394,17.13998616702121,cloudy
2025-09-01 04:56:15.549656,51.135,71.47,12.258807009868613,79.82697314093417,14.833170802926059,3.5991941933991862,3.999999999999999,rain
2025-09-01 05:56:15.549656,51.1694,71.4491,17.883324982103137,55.26163288297882,0.0,6.2153654496345965,21.14552640528629,clear
2025-09-01 05:56:15.549656,51.128,71.403,21.88652507173677,52.16490870161438,0.0,3.673534616849354,20.517307502897197,clear
2025-09-01 05:56:15.549656,51.1805,71.446,17.473484004048117,50.762606383964034,0.0,5.003769438260208,21.42843762432145,cloudy
2025-09-01 05:56:15.549656,51.135,71.47,19.035293784441226,57.26338739149868,0.9196791722457576,25.293187022487956,18.160641655508485,cloudy
2025-09-01 06:56:15.549656,51.1694,71.4491,20.188172716031204,68.74050361281554,0.0,6.996597845793055,18.05345639224065,clear
2025-09-01 06:56:15.549656,51.128,71.403,16.775577501635926,58.98655426667037,0.0,3.540943008477061,19.11345210415329,clear
2025-09-01 06:56:15.549656,51.1805,71.446,23.067194504722973,62.95520978112168,0.0,9.356850566359622,21.112156616729404,cloudy
2025-09-01 06:56:15.549656,51.135,71.47,17.130709226904766,71.50899817881685,1.6837233198963277,8.106295041229806,16.632553360207346,cloudy
2025-09-01 07:56:15.549656,51.1694,71.4491,17.3462201167908,67.90348196259288,0.0,13.38469696517404,19.51072851566449,cloudy
2025-09-01 07:56:15.549656,51.128,71.403,18.741074359466182,50.08552105229364,0.0,2.5146254394629635,21.730267327781842,cloudy
2025-09-01 07:56:15.549656,51.1805,71.446,24.815187452734364,83.90740206817979,0.0,6.351566763138784,18.498492159079074,clear
2025-09-01 07:56:15.549656,51.135,71.47,26.856513432721968,33.31358347984147,0.0,1.4723472909901132,18.451560863311222,clear
2025-09-01 08:56:15.549656,51.1694,71.4491,21.064633683064066,62.56936189916419,0.0,1.9680916740097394,20.174968140661928,clear
2025-09-01 08:56:15.549656,51.128,71.403,22.947993421952404,45.41394776611736,0.0,6.701554793108437,19.247434274199527,clear
2025-09-01 08:56:15.549656,51.1805,71.446,21.095353510807776,72.48888863126143,0.0,2.2378799011733745,20.882957736711088,clear
2025-09-01 08:56:15.549656,51.135,71.47,21.527157991645964,55.81468156143839,0.0,15.868843393089826,21.01428945168305,clear
2025-09-01 09:56:15.549656,51.1694,71.4491,22.917250574166495,51.26416328245453,0.0,7.47911186422166,21.411702055205073,clear
2025-09-01 09:56:15.549656,51.128,71.403,27.921625360587306,68.23274750602188,0.0,6.2734922957542985,20.542648184576088,clear
2025-09-01 09:56:15.549656,51.1805,71.446,25.29841823048603,60.701461315824375,0.0,3.879416982516379,21.893042577164007,clear
2025-09-01 09:56:15.549656,51.135,71.47,19.091505650802354,53.11315340793211,1.436653313500587,13.407149462799467,17.126693372998826,cloudy
2025-09-01 10:56:15.549656,51.1694,71.4491,25.054035386260917,52.84704147450927,0.32549814177703357,0.7041943247510329,19.349003716445935,cloudy
2025-09-01 10:56:15.549656,51.128,71.403,23.76879332020079,61.80030921236097,0.0,19.09374347951865,19.465833993292343,cloudy
2025-09-01 10:56:15.549656,51.1805,71.446,21.968937016386384,46.96768538715883,0.0,2.2983026182633948,18.306443612322315,cloudy
2025-09-01 10:56:15.549656,51.135,71.47,26.539775207769573,56.29435240090593,0.0,8.347291007629725,20.50503377202065,cloudy
2025-09-01 11:56:15.549656,51.1694,71.4491,23.366825004306644,67.46082759930036,0.5859016718869523,2.1843489407534173,18.828196656226094,cloudy
2025-09-01 11:56:15.549656,51.128,71.403,22.655505038601596,52.454559950359865,0.0,10.246424375827432,19.460740070577607,cloudy
2025-09-01 11:56:15.549656,51.1805,71.446,21.86322464832379,63.851350076768156,0.0,6.206812864638806,18.602138439261775,clear
2025-09-01 11:56:15.549656,51.135,71.47,22.497904343163793,37.68835860768339,0.0,2.9088424043387158,18.263019412677515,cloudy
2025-09-01 12:56:15.549656,51.1694,71.4491,24.665085771000104,70.48297484061102,0.0,20.97895041779677,20.59682217703321,clear
2025-09-01 12:56:15.549656,51.128,71.403,19.22346423640989,44.60918469199546,0.0,12.324895146820719,18.136808308901717,clear
2025-09-01 12:56:15.549656,51.1805,71.446,25.804363829896015,39.88365054618863,0.0,2.7565908547825426,21.258036737361312,cloudy
2025-09-01 12:56:15.549656,51.135,71.47,22.703996464154784,60.265340903944406,0.0,4.612030762038119,21.63026207373313,clear
2025-09-01 13:56:15.549656,51.1694,71.4491,24.661265341179735,65.06583518650199,0.0,4.505045359849458,18.162629147112362,clear
2025-09-01 13:56:15.549656,51.128,71.403,21.071884654270473,79.76365180872618,0.0,7.622454057162438,20.95461398577867,clear
2025-09-01 13:56:15.549656,51.1805,71.446,24.893024682866013,54.72348288414874,0.0,5.268380541461048,21.323170962732796,cloudy
2025-09-01 13:56:15.549656,51.135,71.47,24.48542645123918,42.9403327239246,0.0,6.657024420847971,18.859521160240092,cloudy
2025-09-01 14:56:15.549656,51.1694,71.4491,22.066481071958826,71.11544549964482,0.0,14.10811877887329,21.538970608435754,clear
2025-09-01 14:56:15.549656,51.128,71.403,24.575883168922235,60.307278603757545,0.0,11.029002211710274,19.857985973100327,cloudy
2025-09-01 14:56:15.549656,51.1805,71.446,25.823212988733154,59.014784786314785,0.0,6.259008798424207,21.263498618473818,clear
2025-09-01 14:56:15.549656,51.135,71.47,24.21484998637402,45.775408312266606,0.0,2.2900677414150827,19.697504055999993,clear
2025-09-01 15:56:15.549656,51.1694,71.4491,27.750048845229006,51.39253610742404,0.0,1.1776842920990973,21.513128422848027,cloudy
2025-09-01 15:56:15.549656,51.128,71.403,26.570059866135367,54.927128409760144,0.0,5.4946527061282735,21.46218253506045,clear
2025-09-01 15:56:15.549656,51.1805,71.446,19.38328470268511,58.84272314381239,0.0,0.6296002031151322,20.397329264409834,clear
2025-09-01 15:56:15.549656,51.135,71.47,20.839184624181026,69.56875211618363,0.0,2.8852824254895926,18.065650135735247,cloudy
2025-09-01 16:56:15.549656,51.1694,71.4491,24.186985930691304,58.23205972182555,0.0,7.90557162862738,20.50019949130801,clear
2025-09-01 16:56:15.549656,51.128,71.403,25.50959996428469,45.12850011804801,0.0,2.7179975323675536,18.796157675797737,clear
2025-09-01 16:56:15.549656,51.1805,71.446,19.683048472301543,71.79624768915713,0.0,2.6224153501454412,18.272576927997953,clear
2025-09-01 16:56:15.549656,51.135,71.47,22.110473787204548,47.35106019785888,0.0,1.5749324211304963,21.01889728181681,clear
2025-09-01 17:56:15.549656,51.1694,71.4491,18.1030047142545,71.26568167935987,0.0,6.257001871617311,18.22224782340088,cloudy
2025-09-01 17:56:15.549656,51.128,71.403,23.59208995685419,44.547117680624616,0.0,4.130823810329475,19.899056775895836,cloudy
2025-09-01 17:56:15.549656,51.1805,71.446,16.863404223066077,74.70981306526873,0.0,1.744285125076654,18.638932500347952,clear
2025-09-01 17:56:15.549656,51.135,71.47,14.377696492372877,77.62158082131208,0.0,0.4431326745678169,21.016578280114306,clear
2025-09-01 18:56:15.549656,51.1694,71.4491,21.81349789634504,48.65791653165981,0.0,1.982297706502954,21.54139467012821,cloudy
2025-09-01 18:56:15.549656,51.128,71.403,20.067687070188352,80.70303467955586,0.0,0.8166435947291977,19.950936765445913,clear
2025-09-01 18:56:15.549656,51.1805,71.446,14.608060916286371,64.60402609512072,0.6204400323715812,15.430745173844485,18.759119935256837,cloudy
2025-09-01 18:56:15.549656,51.135,71.47,23.190901932046376,64.82341870314788,4.838993504514133,4.19772316131358,10.322012990971734,cloudy
2025-09-01 19:56:15.549656,51.1694,71.4491,20.457844492332693,70.8350564958782,0.0,0.8378378120954573,18.68963081205917,cloudy
2025-09-01 19:56:15.549656,51.128,71.403,18.054257084761318,73.6254374895339,0.0,7.74568450636874,20.003462852580213,clear
2025-09-01 19:56:15.549656,51.1805,71.446,18.151689601028107,67.2990573187309,0.0,13.295860088380305,19.098211946799108,clear
2025-09-01 19:56:15.549656,51.135,71.47,15.077445873820524,55.20138529756198,0.35441549867853367,0.32946025129595,19.29116900264293,cloudy
2025-09-01 20:56:15.549656,51.1694,71.4491,18.531651570662973,70.70326553850411,0.21540403889386958,4.194283079478455,19.569191922212262,cloudy
2025-09-01 20:56:15.549656,51.128,71.403,17.952839038634252,62.24938415557665,0.0,1.1378769292954316,18.47767611441076,cloudy
2025-09-01 20:56:15.549656,51.1805,71.446,17.09146817264703,69.75985754742176,3.9960060827927273,3.0043871334832235,12.007987834414546,cloudy
2025-09-01 20:56:15.549656,51.135,71.47,22.63116292927978,63.910872025214715,0.0,0.819125987608712,19.82857990174171,clear
2025-09-01 21:56:15.549656,51.1694,71.4491,18.81258904021146,64.56414350783741,0.0,7.380384668921728,21.864107240382154,clear
2025-09-01 21:56:15.549656,51.128,71.403,14.088383267135459,85.50151797058504,0.0,7.925463817063555,19.273905304162206,clear
2025-09-01 21:56:15.549656,51.1805,71.446,16.65085194502742,75.38843739091159,0.0,2.916903268094493,20.252689097587442,cloudy
2025-09-01 21:56:15.549656,51.135,71.47,15.955131955708943,71.74772001345428,0.0,6.303204299920152,19.71637308752509,clear
2025-09-01 22:56:15.549656,51.1694,71.4491,17.685139185941416,69.71968752383066,0.0,0.5361181495748869,21.160518389824805,clear
2025-09-01 22:56:15.549656,51.128,71.403,14.942602233744497,78.66536618979751,0.5463749098287977,8.401492990899946,18.907250180342405,cloudy
2025-09-01 22:56:15.549656,51.1805,71.446,10.655925465178413,95.0,0.0,0.35534749806004606,20.949429659982297,cloudy
2025-09-01 22:56:15.549656,51.135,71.47,14.857061326665088,75.75520725765665,0.9115378834330842,2.4111956280062357,18.176924233133832,cloudy
2025-09-01 23:56:15.549656,51.1694,71.4491,14.640100951526179,67.08465174785817,0.0,17.14904334267554,20.16722259196964,clear
2025-09-01 23:56:15.549656,51.128,71.403,15.988044167165334,70.03530846114975,0.0,7.8167259631977934,19.19958767621808,clear
2025-09-01 23:56:15.549656,51.1805,71.446,15.437062114738024,73.71910539397433,0.0,5.677981050461319,21.438043546415003,clear
2025-09-01 23:56:15.549656,51.135,71.47,15.933510760903072,64.07716617756705,0.0,1.8102928286865114,20.98643491122688,clear
2025-09-02 00:56:15.549656,51.1694,71.4491,10.238957565874994,83.58926885427245,0.0,10.542939468747491,19.30688213460212,clear
2025-09-02 00:56:15.549656,51.128,71.403,16.235588101439998,46.8444772537365,3.301775664816901,12.72974071294719,13.396448670366198,cloudy
2025-09-02 00:56:15.549656,51.1805,71.446,8.877467109557347,76.96038985492329,4.603732538966615,5.03475267348429,10.79253492206677,cloudy
2025-09-02 00:56:15.549656,51.135,71.47,11.617197829516874,78.25247361031943,0.0,4.487725599181302,20.85333710823544,clear
2025-09-02 01:56:15.549656,51.1694,71.4491,13.909757706375594,71.81071931116998,0.0,1.1867931532934768,21.493032649701732,clear
2025-09-02 01:56:15.549656,51.128,71.403,17.50933405799062,56.834526757682724,3.855477802489505,7.869941184356419,12.289044395020989,cloudy
2025-09-02 01:56:15.549656,51.1805,71.446,11.336626136345402,66.35931676471904,0.0,26.198553991678544,20.69483058650376,clear
2025-09-02 01:56:15.549656,51.135,71.47,12.12385360993041,82.62498239925445,0.0,10.6935727943078,19.813948367840872,cloudy
2025-09-02 02:56:15.549656,51.1694,71.4491,16.33556232627465,62.977192476907206,0.0,6.434294875435941,21.063039655964786,clear
2025-09-02 02:56:15.549656,51.128,71.403,15.708383308702011,79.4816965235803,0.0,4.7098578353435565,21.994165423859922,clear
2025-09-02 02:56:15.549656,51.1805,71.446,18.60187976610461,54.916521270295135,0.0,4.894855154834609,21.18022787528224,clear
2025-09-02 02:56:15.549656,51.135,71.47,13.161911132874206,77.99680132552942,0.0,5.652256604852032,21.315320668697602,clear
2025-09-02 03:56:15.549656,51.1694,71.4491,13.284074759657928,68.73293439775551,0.0,5.745626265539997,18.615384795730513,clear
2025-09-02 03:56:15.549656,51.128,71.403,14.541291322825373,60.1818906407138,0.0,2.9062943514025132,19.045506234289928,cloudy
2025-09-02 03:56:15.549656,51.1805,71.446,17.352324818862765,62.125291496591146,0.0,3.516120803743906,18.806499653663607,cloudy
2025-09-02 03:56:15.549656,51.135,71.47,14.303325156180955,64.85458283060709,0.0,9.701224326010777,18.109412432254057,cloudy
2025-09-02 04:56:15.549656,51.1694,71.4491,16.958234180845754,61.865757890526076,0.0,8.839902827399268,21.061714406048104,clear
2025-09-02 04:56:15.549656,51.128,71.403,15.032408460394162,82.70408947382408,0.0,11.019022700387874,19.934026961000125,clear
2025-09-02 04:56:15.549656,51.1805,71.446,18.026994623620727,73.52044862614831,0.0,8.412436804470673,18.42146578856588,clear
2025-09-02 04:56:15.549656,51.135,71.47,14.05934358972255,79.60436742547986,1.1160312018129812,6.242125008063649,17.767937596374036,cloudy
2025-09-02 05:56:15.549656,51.1694,71.4491,19.85869843566324,63.59625964060743,0.0,6.5706239521190986,18.909731171699022,cloudy
2025-09-02 05:56:15.549656,51.128,71.403,17.25220288343895,71.45700161302742,0.0,3.8386869256393035,21.47256361262499,clear
2025-09-02 05:56:15.549656,51.1805,71.446,13.917874510080235,69.92479728738684,3.0712149092639995,1.6921709052043388,13.857570181472001,cloudy
2025-09-02 05:56:15.549656,51.135,71.47,22.733161712379424,57.320911449597766,0.0,9.051028392463014,18.461485027474964,cloudy
2025-09-02 06:56:15.549656,51.1694,71.4491,20.015010046464337,57.20827710111161,0.0,4.068420138342634,20.35555556842736,cloudy
2025-09-02 06:56:15.549656,51.128,71.403,21.847027109133435,51.78873582101387,0.0,9.423283998785104,20.335991880548868,cloudy
2025-09-02 06:56:15.549656,51.1805,71.446,20.91752140803469,60.85174885466034,0.0,5.157999859350449,20.322304214871963,clear
2025-09-02 06:56:15.549656,51.135,71.47,23.56294810881449,68.28555270752082,0.0,4.363895160120371,18.11335807753416,clear
2025-09-02 07:56:15.549656,51.1694,71.4491,22.707881940926843,56.742770276710395,0.0,13.37697977992722,18.845405191965657,clear
2025-09-02 07:56:15.549656,51.128,71.403,20.9993348802854,59.876166488505845,2.0024552133473628,6.999069009097682,15.995089573305275,cloudy
2025-09-02 07:56:15.549656,51.1805,71.446,21.199125016193815,69.15583445147409,0.0,5.053863349177074,21.062956354668756,clear
2025-09-02 07:56:15.549656,51.135,71.47,26.06999571684332,48.40774787971524,0.0,3.521413768379804,19.200138895938984,clear
2025-09-02 08:56:15.549656,51.1694,71.4491,22.500668194860797,65.43840775727807,0.0,4.3608683128053,19.36173541684282,clear
2025-09-02 08:56:15.549656,51.128,71.403,25.72662469185333,54.17425982523696,0.0,5.08944795407336,21.568776554301245,cloudy
2025-09-02 08:56:15.549656,51.1805,71.446,22.76532009527674,64.46911536125674,0.0,5.652129691057117,20.093352533496454,clear
2025-09-02 08:56:15.549656,51.135,71.47,25.29494206469308,31.149476084899504,0.0,6.886079372734927,20.828119625805186,cloudy
2025-09-02 09:56:15.549656,51.1694,71.4491,26.084682773594835,39.69180731047126,0.0,1.617957156306536,20.75781349727083,cloudy
2025-09-02 09:56:15.549656,51.128,71.403,24.967650742688523,41.593618854347824,3.7408220486580444,7.155318540518911,12.518355902683911,cloudy
2025-09-02 09:56:15.549656,51.1805,71.446,24.93423955500742,64.577534476214,0.0,7.120460606684901,18.638296525923842,clear
2025-09-02 09:56:15.549656,51.135,71.47,20.871726839559933,78.00545003640232,0.0,6.435143138084195,21.798597315819606,clear
2025-09-02 10:56:15.549656,51.1694,71.4491,25.776207515697493,47.83666432755781,0.0,5.234238646432445,21.066818031934677,cloudy
2025-09-02 10:56:15.549656,51.128,71.403,27.311941386202445,46.58121617696639,0.0,7.0368473384767825,20.659429035455744,clear
2025-09-02 10:56:15.549656,51.1805,71.446,24.685260384602163,59.141677001518346,0.0,3.0061999572922256,20.004953917516698,clear
2025-09-02 10:56:15.549656,51.135,71.47,27.11707058308938,68.61992408871102,0.0,8.240110229176269,19.853722548666752,clear
2025-09-02 11:56:15.549656,51.1694,71.4491,21.37843585249544,39.76809405346796,0.0,2.9378683734313777,21.615980229968034,clear
2025-09-02 11:56:15.549656,51.128,71.403,23.51890387602345,39.58114898385609,0.0,3.341240170568205,21.36930620531711,clear
2025-09-02 11:56:15.549656,51.1805,71.446,27.380266480476852,59.542521769721404,0.0,1.2345225128725374,20.392963788553327,clear
2025-09-02 11:56:15.549656,51.135,71.47,25.338250094813247,38.202238222952445,1.1784438435526836,1.7872406929030444,17.643112312894633,cloudy
2025-09-02 12:56:15.549656,51.1694,71.4491,24.322178120569284,58.57271935922841,0.0,6.456765978985952,21.97337642001678,clear
2025-09-02 12:56:15.549656,51.128,71.403,29.647199531136877,51.177774561912614,0.0,0.5891646265430881,20.984163064219377,clear
2025-09-02 12:56:15.549656,51.1805,71.446,20.285335427900904,76.31186290704005,4.384671813437153,8.795447220260213,11.230656373125694,cloudy
2025-09-02 12:56:15.549656,51.135,71.47,26.56010817393676,42.825142211411496,0.0,7.056985603742371,21.626843416394944,clear
2025-09-02 13:56:15.549656,51.1694,71.4491,23.718780028781975,49.93946547085501,0.0,7.137082530407853,21.268585247606865,clear
2025-09-02 13:56:15.549656,51.128,71.403,26.360658246617003,55.96341031682726,0.0,2.8162606865991666,20.10245143815713,cloudy
2025-09-02 13:56:15.549656,51.1805,71.446,25.12928978167718,67.00291318977374,0.0,8.621974356363975,19.457287644743843,cloudy
2025-09-02 13:56:15.549656,51.135,71.47,21.385480728606986,84.71403693736266,0.0,8.600681918048116,19.92547516584573,cloudy
2025-09-02 14:56:15.549656,51.1694,71.4491,21.61761639948712,44.81422499349866,0.0,4.077483600149355,20.23006429970517,cloudy
2025-09-02 14:56:15.549656,51.128,71.403,25.629857426054713,53.111758408234785,0.0,1.437581103014173,18.98049001114612,clear
2025-09-02 14:56:15.549656,51.1805,71.446,23.169782760509488,60.055785331844476,0.0,5.798606389839813,20.55026998082023,clear
2025-09-02 14:56:15.549656,51.135,71.47,19.344913628906113,55.55751689419101,0.0,1.822986305009846,21.29243683072516,clear
2025-09-02 15:56:15.549656,51.1694,71.4491,25.103450758434875,60.59493625359673,0.0,7.6330955796934035,20.387915430695074,clear
2025-09-02 15:56:15.549656,51.128,71.403,22.36561653554093,65.3046693104845,0.0,7.250807349681782,20.68128524049662,cloudy
2025-09-02 15:56:15.549656,51.1805,71.446,23.835436817042265,56.47536551257231,0.0,3.24190072036431,19.209388547304158,cloudy
2025-09-02 15:56:15.549656,51.135,71.47,23.02724823357885,70.6344502405968,0.0,1.5860537027731487,19.602109677501044,clear
2025-09-02 16:56:15.549656,51.1694,71.4491,18.439409298419694,58.68954232946796,0.0,0.989406821311192,20.12500998423052,clear
2025-09-02 16:56:15.549656,51.128,71.403,21.787827790018603,77.10373002510875,0.0,3.1066002002186726,19.8716240033367,clear
2025-09-02 16:56:15.549656,51.1805,71.446,24.844510751417978,62.14522104944297,0.0,7.722858704144352,19.115241404619766,clear
2025-09-02 16:56:15.549656,51.135,71.47,22.232012574318375,51.2854427918083,0.0,3.553960281895126,19.944248451009766,cloudy
2025-09-02 17:56:15.549656,51.1694,71.4491,19.142280452300657,51.382743630892435,0.0,16.719786305944147,20.805112858152334,clear
2025-09-02 17:56:15.549656,51.128,71.403,22.373685327079173,54.89994153910934,0.0,4.812258917022996,18.80299046136512,clear
2025-09-02 17:56:15.549656,51.1805,71.446,23.231847736580406,66.17380035971112,0.0,0.6320295300779472,18.206957575575334,clear
2025-09-02 17:56:15.549656,51.135,71.47,18.88308855868604,67.2854174853377,0.0,3.3306540541732144,21.65911444719185,clear
2025-09-02 18:56:15.549656,51.1694,71.4491,16.92788914551677,66.1324815842492,0.0,6.09429632500224,19.631664843187444,clear
2025-09-02 18:56:15.549656,51.128,71.403,19.07426992672684,68.3206998159786,0.0,9.303525849855685,21.979830675641946,clear
2025-09-02 18:56:15.549656,51.1805,71.446,18.150382456613364,75.7632801821945,0.0,3.8138454055386832,21.4166679148952,cloudy
2025-09-02 18:56:15.549656,51.135,71.47,19.872032276126117,59.32063110974758,0.0,3.015656259634431,18.05033395067704,clear
2025-09-02 19:56:15.549656,51.1694,71.4491,19.032874776844167,63.88076662994027,0.0,12.366064956588275,21.60939836187947,clear
2025-09-02 19:56:15.549656,51.128,71.403,19.367011720960182,48.41179566317598,0.0,3.8771418829889064,18.49286080028427,clear
2025-09-02 19:56:15.549656,51.1805,71.446,19.766341918082304,66.486931718344,0.0,12.969812671388947,20.697023529583163,cloudy
2025-09-02 19:56:15.549656,51.135,71.47,17.141012605439556,68.87676531972673,0.0,10.03263377133171,20.13133891952933,clear
2025-09-02 20:56:15.549656,51.1694,71.4491,15.17571488478476,76.1746300463742,0.0,12.72881039930624,18.70803253732148,cloudy
2025-09-02 20:56:15.549656,51.128,71.403,16.048720140456464,77.60158052242593,0.0,7.796727763298395,21.044250783021734,clear
2025-09-02 20:56:15.549656,51.1805,71.446,22.27045891869931,67.69665983880331,0.0,3.763654190146485,20.25922243178029,clear
2025-09-02 20:56:15.549656,51.135,71.47,14.388538500722923,73.27265370972603,0.0,9.415954231178588,19.76584406483642,clear
2025-09-02 21:56:15.549656,51.1694,71.4491,11.55102985838326,79.43829165836297,0.0,5.021607827034231,20.646990176480564,cloudy
2025-09-02 21:56:15.549656,51.128,71.403,13.80469030737184,75.09169172211861,0.0,3.1331967039947335,21.41465523558341,clear
2025-09-02 21:56:15.549656,51.1805,71.446,20.330569683900194,61.94712233113746,0.0,4.292996482031684,21.22005538092478,clear
2025-09-02 21:56:15.549656,51.135,71.47,17.588780419884426,58.53466277444764,0.0,5.614784164672098,21.7146095773084,clear
2025-09-02 22:56:15.549656,51.1694,71.4491,12.640366736024568,74.13197541288304,0.0,13.508024702673907,20.59160111691192,clear
2025-09-02 22:56:15.549656,51.128,71.403,18.662431334048637,79.46523126200545,0.0,7.960569190408487,18.469452217792774,cloudy
2025-09-02 22:56:15.549656,51.1805,71.446,15.349995579358806,68.66521705983848,0.0,6.414733161453443,19.252242259867334,clear
2025-09-02 22:56:15.549656,51.135,71.47,18.582940248607148,80.48860543696424,0.0,12.653573165181275,18.476453642966007,clear
2025-09-02 23:56:15.549656,51.1694,71.4491,17.256886558454145,42.98533298700619,0.0,5.626432703399246,21.54721186878924,clear
2025-09-02 23:56:15.549656,51.128,71.403,13.139377328287768,70.93543569742701,0.0,7.264504721429628,21.960094650156503,cloudy
2025-09-02 23:56:15.549656,51.1805,71.446,11.04093677930691,85.72412752026962,0.0,2.484630495661107,20.84221866754837,cloudy
2025-09-02 23:56:15.549656,51.135,71.47,10.87265852109011,79.71170787884395,0.0,20.743422082046475,18.850040985711598,cloudy
2025-09-03 00:56:15.549656,51.1694,71.4491,13.99939828164475,74.51249935478751,0.0,0.8939533519621325,18.40367885505653,cloudy
2025-09-03 00:56:15.549656,51.128,71.403,14.445576511220155,73.14772587292764,0.5048728437469084,2.5557374597213025,18.99025431250618,cloudy
2025-09-03 00:56:15.549656,51.1805,71.446,16.248163609018974,68.768944238999,0.0,2.1647321039556964,19.932055796705818,clear
2025-09-03 00:56:15.549656,51.135,71.47,13.939366785294922,64.49766630633268,0.0,7.794676050894049,19.652516820369495,clear
2025-09-03 01:56:15.549656,51.1694,71.4491,16.17296746241738,66.59684253371113,0.0,12.908318786979777,18.745687529349542,cloudy
2025-09-03 01:56:15.549656,51.128,71.403,11.540222375972517,72.38598277829107,0.0,0.8819633784041486,20.804212752154893,cloudy
2025-09-03 01:56:15.549656,51.1805,71.446,14.11477351031492,66.48641049341985,0.0,2.271990909159819,21.007096036107434,clear
2025-09-03 01:56:15.549656,51.135,71.47,15.97959215484543,52.160131426091,0.0,4.419214680524287,21.850922973608867,clear
2025-09-03 02:56:15.549656,51.1694,71.4491,19.369388319212465,63.47404868375584,0.0,14.227598378803378,18.002330689625886,cloudy
2025-09-03 02:56:15.549656,51.128,71.403,13.252632640284167,74.21455027604694,0.0,1.7359997736905717,19.548967107344954,clear
2025-09-03 02:56:15.549656,51.1805,71.446,20.233704254651315,68.74435792482345,0.0,0.914682051896111,19.089474234303264,clear
2025-09-03 02:56:15.549656,51.135,71.47,18.419296728404035,56.32554395398006,0.0,4.994941859216373,20.544550505619362,cloudy
2025-09-03 03:56:15.549656,51.1694,71.4491,16.792833207423726,49.87830112121627,0.0,13.974638392539745,18.119140099514226,cloudy
2025-09-03 03:56:15.549656,51.128,71.403,14.63912339915163,76.35993246141126,0.0,2.917392035804146,21.418180264634486,clear
2025-09-03 03:56:15.549656,51.1805,71.446,15.624711457760274,75.67442292216593,0.0,5.577083891944896,18.04214983108799,clear
2025-09-03 03:56:15.549656,51.135,71.47,14.400165877689746,49.37939544973264,0.0,9.139450410687571,21.04232074234867,clear
2025-09-03 04:56:15.549656,51.1694,71.4491,20.213746249826656,61.5977377783665,0.0,4.748935414265907,21.281541990530048,clear
2025-09-03 04:56:15.549656,51.128,71.403,14.324673736369803,67.94306720340309,0.0,8.516470595763362,21.03861545453313,clear
2025-09-03 04:56:15.549656,51.1805,71.446,19.185810441350565,66.06159946481348,0.0,2.7798376868214776,18.008044160246776,clear
2025-09-03 04:56:15.549656,51.135,71.47,16.602861135793336,55.50978559019434,0.0,4.961348452902703,19.333861224715758,clear
2025-09-03 05:56:15.549656,51.1694,71.4491,14.22395067898887,47.44151864727631,0.0,2.2758911181127965,20.316379663120554,cloudy
2025-09-03 05:56:15.549656,51.128,71.403,19.77208389052219,70.5673256745448,0.0,2.512548306392765,18.851248407950855,clear
2025-09-03 05:56:15.549656,51.1805,71.446,19.243172416025345,63.39082962268685,0.0,3.57741929845307,18.548070353652772,clear
2025-09-03 05:56:15.549656,51.135,71.47,16.564837939777995,70.57130844331068,0.0,1.6792768362780024,21.48398342607258,cloudy
2025-09-03 06:56:15.549656,51.1694,71.4491,20.884746983953224,52.92038092899393,0.0,13.415218253478136,18.865541612080477,clear
2025-09-03 06:56:15.549656,51.128,71.403,19.812446354850355,59.82830169825332,0.0,3.9423702951880313,18.0466852695767,clear
2025-09-03 06:56:15.549656,51.1805,71.446,19.409491486789914,69.41172407460846,0.0,2.957097492840518,18.194820789788654,clear
2025-09-03 06:56:15.549656,51.135,71.47,16.676486784190136,66.47413673173976,0.0,5.54193246269573,18.85750262473703,clear
2025-09-03 07:56:15.549656,51.1694,71.4491,26.293837071004955,68.89636909817376,0.0,3.1783266602315337,19.885836595179125,clear
2025-09-03 07:56:15.549656,51.128,71.403,22.771408441340835,45.00051633518005,0.0,5.667326923621418,18.07183762010642,clear
2025-09-03 07:56:15.549656,51.1805,71.446,19.518936553624265,65.40251949383628,0.0,2.2936434668518837,21.525161881706058,clear
2025-09-03 07:56:15.549656,51.135,71.47,17.92027876756207,80.3368658014324,0.0,3.3024622501858647,21.830685483665484,clear
2025-09-03 08:56:15.549656,51.1694,71.4491,21.74955545168706,67.26722171082267,0.0,8.903712788607804,20.513081191633482,clear
2025-09-03 08:56:15.549656,51.128,71.403,22.12069991445873,81.31258407575875,0.0,2.9020672500753317,20.823282548016902,clear
2025-09-03 08:56:15.549656,51.1805,71.446,18.89005346652234,50.700314490601436,0.0,1.9391485411493368,21.735492420322032,clear
2025-09-03 08:56:15.549656,51.135,71.47,19.78506274153178,67.79940054998006,0.0,4.013914685903844,20.98102088111445,cloudy
2025-09-03 09:56:15.549656,51.1694,71.4491,22.024557610378807,68.18091645672834,0.0,8.771218937932046,18.348221087363957,clear
2025-09-03 09:56:15.549656,51.128,71.403,23.75730298992596,55.51937424917585,0.0,1.5431486542507153,21.67954096271855,clear
2025-09-03 09:56:15.549656,51.1805,71.446,25.272966690272355,65.31249976710757,3.3290527945723047,1.8082533025592622,13.34189441085539,cloudy
2025-09-03 09:56:15.549656,51.135,71.47,23.09669647041715,54.10401734068038,0.0,8.405598500162885,18.494607413108017,clear
2025-09-03 10:56:15.549656,51.1694,71.4491,21.982864199856152,45.92732843289434,0.0,5.153234298647158,20.180555484485115,cloudy
2025-09-03 10:56:15.549656,51.128,71.403,25.01451513132066,66.93130731889875,0.0,6.257606170408276,20.787489799612,clear
2025-09-03 10:56:15.549656,51.1805,71.446,17.357552596324645,71.86334811365518,0.0,2.3234097707164483,20.35858536815625,cloudy
2025-09-03 10:56:15.549656,51.135,71.47,23.592558805307092,48.430844459175226,0.0,7.834183542088256,18.888764822207765,clear
2025-09-03 11:56:15.549656,51.1694,71.4491,28.36249746207777,56.29846812625165,0.5832910603383498,4.3587363646098805,18.8334178793233,cloudy
2025-09-03 11:56:15.549656,51.128,71.403,21.93736240403766,64.18448864190853,0.0,8.77596268463908,20.39554913090741,cloudy
2025-09-03 11:56:15.549656,51.1805,71.446,23.027390765737547,49.26275983811175,0.0,5.725190612375625,21.89351170564278,cloudy
2025-09-03 11:56:15.549656,51.135,71.47,18.97891019847849,53.377943573600895,0.0,2.9412400323433037,19.590720816272235,cloudy
2025-09-03 12:56:15.549656,51.1694,71.4491,24.115852838692692,62.70665934756214,0.0,6.642541419049687,18.92727722789627,clear
2025-09-03 12:56:15.549656,51.128,71.403,25.639879167490584,43.982547743900916,0.0,4.205667461500447,20.934385717771782,cloudy
2025-09-03 12:56:15.549656,51.1805,71.446,27.53672274362763,58.65686628150434,0.0,3.67855463361224,21.66940016880455,cloudy
2025-09-03 12:56:15.549656,51.135,71.47,23.223624910349997,59.2325884030647,0.0,4.122139712639292,18.260397138094852,clear
2025-09-03 13:56:15.549656,51.1694,71.4491,27.46164296070749,39.10695748323724,0.0,4.997375749735259,19.693017413719623,clear
2025-09-03 13:56:15.549656,51.128,71.403,25.192135870082975,37.22123912701833,0.0,4.28496405449219,19.302254915055098,clear
2025-09-03 13:56:15.549656,51.1805,71.446,21.53755583602836,49.230381296165476,0.0,7.932362484821282,18.940891216378564,clear
2025-09-03 13:56:15.549656,51.135,71.47,24.51720280618665,53.31413868384115,0.0,15.146359033229688,19.00768693141466,clear
2025-09-03 14:56:15.549656,51.1694,71.4491,25.206752389014394,61.775809059619064,0.769846459886772,5.756953523419396,18.460307080226457,cloudy
2025-09-03 14:56:15.549656,51.128,71.403,28.149979770283334,49.177426878108925,0.0,9.752353682410298,20.591017764968637,cloudy
2025-09-03 14:56:15.549656,51.1805,71.446,18.68506534680856,60.82667995421527,0.0,4.692530911520913,21.712893836863827,clear
2025-09-03 14:56:15.549656,51.135,71.47,28.764029373445066,35.795857928901086,0.0,2.3630156911742786,21.734313459979944,cloudy
2025-09-03 15:56:15.549656,51.1694,71.4491,26.64993058469666,56.080653013297436,0.0,2.629251548864225,18.149240455877553,cloudy
2025-09-03 15:56:15.549656,51.128,71.403,21.685516200836815,69.8650286504386,0.0,5.946161229892436,21.989948961928743,clear
2025-09-03 15:56:15.549656,51.1805,71.446,18.06869111806882,65.67580621418914,0.0,11.259018979311048,18.82542625229612,clear
2025-09-03 15:56:15.549656,51.135,71.47,15.682546899445558,72.69063650343325,0.0,5.205748462048342,18.42663425338384,cloudy
2025-09-03 16:56:15.549656,51.1694,71.4491,23.74629094422751,63.44129555464121,0.0,8.434970823643152,19.96910506871291,clear
2025-09-03 16:56:15.549656,51.128,71.403,24.154711898173485,54.80550361622911,0.0,5.963865218698428,18.977096294057475,cloudy
2025-09-03 16:56:15.549656,51.1805,71.446,20.46195899617582,52.48036408856688,0.0,1.2924518270916554,19.101053696541857,cloudy
2025-09-03 16:56:15.549656,51.135,71.47,19.56039560530559,67.8621410287904,0.0,9.286878141542164,18.486444030909297,clear
2025-09-03 17:56:15.549656,51.1694,71.4491,21.89012351374209,45.15144864942965,0.0,6.999890968435965,18.048725652969306,clear
2025-09-03 17:56:15.549656,51.128,71.403,22.10982870134388,75.03393780705099,0.0,7.9873901279304995,19.117369720288398,cloudy
2025-09-03 17:56:15.549656,51.1805,71.446,21.023357488844457,68.2223655931248,0.0,2.2553431170454656,20.385239156702745,clear
2025-09-03 17:56:15.549656,51.135,71.47,21.961891446664126,60.675930502837126,0.0,7.595417411751505,18.731059567839768,clear
2025-09-03 18:56:15.549656,51.1694,71.4491,18.56424953944852,70.49626180589638,0.0,6.087011308309663,18.408627426070677,clear
2025-09-03 18:56:15.549656,51.128,71.403,18.773779185470016,64.62701371469285,0.0651818509102102,1.1144356653700103,19.86963629817958,cloudy
2025-09-03 18:56:15.549656,51.1805,71.446,19.21624858239587,63.72712621986005,0.0,17.950439259633022,18.732955031916475,clear
2025-09-03 18:56:15.549656,51.135,71.47,16.780822355222785,58.38938336700903,0.0,5.461225056142637,18.667013434366083,clear
2025-09-03 19:56:15.549656,51.1694,71.4491,17.405870196064697,55.960388328333,0.0,1.1900586384453395,18.289753773279912,clear
2025-09-03 19:56:15.549656,51.128,71.403,14.44870375878759,75.89942889206512,0.0,2.693676833404602,20.83635516079401,cloudy
2025-09-03 19:56:15.549656,51.1805,71.446,21.89441182526339,61.949222862107746,0.0,3.464960531237855,19.615810572724456,clear
2025-09-03 19:56:15.549656,51.135,71.47,22.739894611050655,65.37578207740117,0.0,1.9966805863082824,20.31596533444467,cloudy
2025-09-03 20:56:15.549656,51.1694,71.4491,17.23276586907,60.124137172181435,0.0,8.962057826973071,20.284427839219454,clear
2025-09-03 20:56:15.549656,51.128,71.403,16.78201886603093,50.86890666061325,1.7484836882033095,2.5893445933022288,16.50303262359338,cloudy
2025-09-03 20:56:15.549656,51.1805,71.446,17.788602470817498,57.483104309731615,0.0,3.525304954858198,20.193245671848995,cloudy
2025-09-03 20:56:15.549656,51.135,71.47,15.83797221117401,53.34533636379065,0.0,5.812005451894555,19.41061067555045,cloudy
2025-09-03 21:56:15.549656,51.1694,71.4491,18.453304935924717,69.50061912096368,0.0,2.0880989830090106,18.65392303467601,clear
2025-09-03 21:56:15.549656,51.128,71.403,19.47388925551169,53.16204335157732,0.0,4.362174486136244,18.878768097027958,clear
2025-09-03 21:56:15.549656,51.1805,71.446,15.785196551855224,71.25142932083205,0.0,11.283800479927303,18.421162592280105,cloudy
2025-09-03 21:56:15.549656,51.135,71.47,15.886895274827316,77.45703010481427,0.0,5.414771857063885,20.793489413073075,cloudy
2025-09-03 22:56:15.549656,51.1694,71.4491,12.121158401219123,83.97474074622309,0.0,1.451334241346595,19.109725431378536,clear
2025-09-03 22:56:15.549656,51.128,71.403,13.222790587736966,86.7511077215401,0.0,11.107894159791623,21.01291321849773,clear
2025-09-03 22:56:15.549656,51.1805,71.446,19.51582654538165,59.98732930371964,0.0,2.403437114858623,18.053591385358068,clear
2025-09-03 22:56:15.549656,51.135,71.47,11.621462234414036,82.54658762118753,0.0,12.63638220611346,21.610087132854243,clear
2025-09-03 23:56:15.549656,51.1694,71.4491,18.4902829760337,73.42936704320897,0.0,3.4753303353339806,18.854477213102427,clear
2025-09-03 23:56:15.549656,51.128,71.403,11.523116628446633,89.71459454190342,0.0,3.491366601694012,19.28259065714174,cloudy
2025-09-03 23:56:15.549656,51.1805,71.446,11.650350573774372,88.23203104944736,3.8916860881643665,7.298450476822191,12.216627823671267,cloudy
2025-09-03 23:56:15.549656,51.135,71.47,15.226495722142094,80.11502203509087,0.0,5.947149121204702,20.77844800084742,cloudy
2025-09-04 00:56:15.549656,51.1694,71.4491,13.411412280373524,56.15767306572194,0.0,2.976235742106648,20.443699287400765,clear
2025-09-04 00:56:15.549656,51.128,71.403,18.190396460039914,81.79292590601236,0.0,3.3814532436193487,18.060777812918854,clear
2025-09-04 00:56:15.549656,51.1805,71.446,11.260684542507079,64.14432285106724,0.0,11.637075274621665,19.093994417240992,clear
2025-09-04 00:56:15.549656,51.135,71.47,16.178633778548107,74.11275577964338,0.0,1.3566816209738106,21.86945784904911,cloudy
2025-09-04 01:56:15.549656,51.1694,71.4491,7.739131367816181,95.0,0.0,3.334111900010643,20.502856895207067,cloudy
2025-09-04 01:56:15.549656,51.128,71.403,12.25931198714496,92.57130614617401,0.0,5.984486548736596,19.387844675732126,cloudy
2025-09-04 01:56:15.549656,51.1805,71.446,20.03674321834085,47.939242571410446,0.0,1.0817468514579744,21.59013565731309,clear
2025-09-04 01:56:15.549656,51.135,71.47,11.863788834125536,86.29927918990384,0.0,9.360786866888965,18.065704220654382,clear
2025-09-04 02:56:15.549656,51.1694,71.4491,16.01968505274177,75.36231469991796,0.0,0.5661993530632886,19.25855867539819,clear
2025-09-04 02:56:15.549656,51.128,71.403,11.83829433714913,62.13872296646137,0.0,6.157260265808205,19.508698778693617,clear
2025-09-04 02:56:15.549656,51.1805,71.446,13.263005106748741,72.45645206145817,0.0,5.4645174711579925,20.09478026158188,clear
2025-09-04 02:56:15.549656,51.135,71.47,17.579918834004594,73.67851813266891,0.0,9.320776525054656,19.96172685495128,cloudy
2025-09-04 03:56:15.549656,51.1694,71.4491,18.713567882906215,57.85280775084555,0.0,8.632088121843964,20.40508464156506,clear
2025-09-04 03:56:15.549656,51.128,71.403,14.458258073775648,76.57457397226,0.0,4.017987354868426,21.49391776701159,clear
2025-09-04 03:56:15.549656,51.1805,71.446,12.17255064481627,74.85257456608812,0.0,3.90915714033148,20.524796271614512,clear
2025-09-04 03:56:15.549656,51.135,71.47,10.561813854836242,78.26276636983062,0.0,4.00573459164656,20.37110255557064,cloudy
2025-09-04 04:56:15.549656,51.1694,71.4491,17.01606542642233,58.38513054830085,0.0,11.985138228779562,21.97932323877232,clear
2025-09-04 04:56:15.549656,51.128,71.403,13.553461832437554,76.55876703596883,0.0,13.312083383773835,18.563010267919065,clear
2025-09-04 04:56:15.549656,51.1805,71.446,12.9266482851746,66.23866261717893,0.0,8.048989799741637,20.382814006057927,cloudy
2025-09-04 04:56:15.549656,51.135,71.47,19.324043577468313,51.11000235850556,0.6898518835226527,1.5931927256160392,18.620296232954693,cloudy
2025-09-04 05:56:15.549656,51.1694,71.4491,17.165879143375776,72.87054479958569,0.0,11.795416045686673,21.450154164778443,clear
2025-09-04 05:56:15.549656,51.128,71.403,14.639019845919568,64.17632230316049,0.0,7.089652136689888,20.593283620461662,clear
2025-09-04 05:56:15.549656,51.1805,71.446,13.70295074452654,90.55949613080537,2.9243809726389043,11.811446583359004,14.15123805472219,cloudy
2025-09-04 05:56:15.549656,51.135,71.47,16.70286069988849,90.74274139478352,4.906174988189454,6.625918467206951,10.187650023621092,cloudy
2025-09-04 06:56:15.549656,51.1694,71.4491,16.86456600262478,57.48435002384006,0.0,2.9077502546168636,20.255851793152075,clear
2025-09-04 06:56:15.549656,51.128,71.403,16.370397887248078,64.33441049030456,0.0,9.809137270913272,19.82325041619368,clear
2025-09-04 06:56:15.549656,51.1805,71.446,20.004056945903656,51.34848707047199,0.0,1.8497687591632819,20.07467717923986,clear
2025-09-04 06:56:15.549656,51.135,71.47,18.471272638662388,62.79905976521585,0.0,2.315479078514574,18.180704378635905,clear
2025-09-04 07:56:15.549656,51.1694,71.4491,14.111247315361926,69.59327588231251,0.0,4.0113986980121155,18.00747647947705,clear
2025-09-04 07:56:15.549656,51.128,71.403,20.189946481887613,56.94019974159167,0.0,3.5638103367709313,21.538514673408148,clear
2025-09-04 07:56:15.549656,51.1805,71.446,18.9622732553763,57.28194285996866,1.6312640036063795,0.8220847116873125,16.737471992787242,cloudy
2025-09-04 07:56:15.549656,51.135,71.47,22.68957654516839,62.493439981980316,0.0,8.775722393133437,19.16114471141438,cloudy
2025-09-04 08:56:15.549656,51.1694,71.4491,26.592418998849883,46.88266207160484,0.0,6.177579886374776,20.91217333153522,clear
2025-09-04 08:56:15.549656,51.128,71.403,23.29580888620679,50.174345189585054,0.0,2.955753245487458,18.89475631368678,cloudy
2025-09-04 08:56:15.549656,51.1805,71.446,17.26476538449117,44.31696081843521,0.0,5.744863097047289,21.098082033119795,cloudy
2025-09-04 08:56:15.549656,51.135,71.47,18.879614673097226,54.41367526530432,0.0,5.526584221467015,20.21842848395962,clear
2025-09-04 09:56:15.549656,51.1694,71.4491,24.206920680640348,64.07542934087223,1.991813982250674,12.987154363549866,16.01637203549865,cloudy
2025-09-04 09:56:15.549656,51.128,71.403,20.349728929006442,63.685617019321455,0.0,16.6652546864486,20.882709371744756,clear
2025-09-04 09:56:15.549656,51.1805,71.446,19.267155676142636,54.85978611333757,0.0,2.961678199550725,21.396239227536697,clear
2025-09-04 09:56:15.549656,51.135,71.47,20.498925772323084,51.152924930658315,0.0,6.33532233583701,18.637204036851195,clear
2025-09-04 10:56:15.549656,51.1694,71.4491,25.02773534971257,64.44391441732019,0.0,1.4485689057423787,21.145192352899546,cloudy
2025-09-04 10:56:15.549656,51.128,71.403,23.0688866333115,67.1635451912392,0.0,4.358564274267084,18.477159080785917,cloudy
2025-09-04 10:56:15.549656,51.1805,71.446,22.90415146422018,77.62508488105777,0.0,9.426195277053658,18.82096391423248,clear
2025-09-04 10:56:15.549656,51.135,71.47,21.632504389059175,50.568288473480294,0.0,4.904456185677246,19.313559044415094,clear
2025-09-04 11:56:15.549656,51.1694,71.4491,19.63664203594702,70.17063412000115,0.0,7.4435736891116475,20.881615971303543,clear
2025-09-04 11:56:15.549656,51.128,71.403,27.9975828830269,66.30171359518299,0.0,3.114664513357009,20.131943848082575,cloudy
2025-09-04 11:56:15.549656,51.1805,71.446,25.159055735469657,48.97275559267318,1.5025418736757126,11.987192949004722,16.994916252648576,cloudy
2025-09-04 11:56:15.549656,51.135,71.47,16.602658594950146,55.912311766941265,0.0,8.454079266374272,20.194789233948615,clear
2025-09-04 12:56:15.549656,51.1694,71.4491,28.860742737235544,43.881431442866,0.0,9.861321121404332,19.33743228782432,clear
2025-09-04 12:56:15.549656,51.128,71.403,21.77443367555703,47.822346681479104,0.0,1.570382696799117,20.552020828757595,cloudy
2025-09-04 12:56:15.549656,51.1805,71.446,20.51627836807645,76.97650585722339,0.0,14.088001981518012,20.0837140607432,clear
2025-09-04 12:56:15.549656,51.135,71.47,21.663100891153437,39.98407012105127,0.542812651600768,2.293301736141357,18.914374696798465,cloudy
2025-09-04 13:56:15.549656,51.1694,71.4491,22.339936796609855,62.55264941481069,0.0,3.486744578158887,18.712599077912643,cloudy
2025-09-04 13:56:15.549656,51.128,71.403,22.442177105159452,50.51571997619375,0.0,4.7667132819541,21.78151132599629,clear
2025-09-04 13:56:15.549656,51.1805,71.446,23.209607758478693,40.18010323524378,0.0,16.64471434381742,21.06527160225468,clear
2025-09-04 13:56:15.549656,51.135,71.47,26.33896843872433,59.59107313028787,0.0,4.363581603566732,18.721474897216986,cloudy
2025-09-04 14:56:15.549656,51.1694,71.4491,27.68459538403576,53.5307665934461,0.0,2.2228768369984655,18.6743220771566,cloudy
2025-09-04 14:56:15.549656,51.128,71.403,18.257782850906523,62.59792758980746,3.5401460537780514,13.019389209014232,12.919707892443897,cloudy
2025-09-04 14:56:15.549656,51.1805,71.446,25.221580948795438,48.62449971887834,0.5692190964999856,4.831758123676485,18.86156180700003,cloudy
2025-09-04 14:56:15.549656,51.135,71.47,20.819940749172172,56.22015815296983,0.0,3.4064559009464204,20.27533859601225,clear
2025-09-04 15:56:15.549656,51.1694,71.4491,24.013954559613058,61.717434043951926,0.0,0.6833510529643747,20.54113357529586,clear
2025-09-04 15:56:15.549656,51.128,71.403,21.33485523425736,53.08018803008085,0.0,3.8181683838262153,21.814590154018056,clear
2025-09-04 15:56:15.549656,51.1805,71.446,20.90365216481101,66.21418694009016,0.0,11.918869530726035,21.47535114487195,cloudy
2025-09-04 15:56:15.549656,51.135,71.47,25.762648927786294,53.06199001493907,0.0,2.1871166630252996,20.059253037576454,clear
2025-09-04 16:56:15.549656,51.1694,71.4491,20.78876111015963,46.68683699653947,0.0,3.7479144241079076,19.061885213251255,clear
2025-09-04 16:56:15.549656,51.128,71.403,22.864942800144597,42.787241794960096,0.0,18.292348005973757,21.066141376296848,clear
2025-09-04 16:56:15.549656,51.1805,71.446,22.396281976707918,46.305645360337714,0.0,3.9516250444745884,19.83405972772697,cloudy
2025-09-04 16:56:15.549656,51.135,71.47,23.155567344872093,60.98798266792505,0.0,3.4951525723025094,19.157647360239988,clear
2025-09-04 17:56:15.549656,51.1694,71.4491,18.599922845438055,46.42611659865752,0.49994069058059026,7.028258753310345,19.00011861883882,cloudy
2025-09-04 17:56:15.549656,51.128,71.403,20.645686896679063,72.31879292178613,0.0,3.2153402844975183,19.24105291981703,clear
2025-09-04 17:56:15.549656,51.1805,71.446,21.712896736366478,76.6906669113915,0.0,5.653623117029788,21.64308062001245,cloudy
2025-09-04 17:56:15.549656,51.135,71.47,17.425332835289822,60.12354133346069,0.0,0.391189006079562,19.052364990344003,cloudy
2025-09-04 18:56:15.549656,51.1694,71.4491,21.473054360479484,62.28830997373013,0.0,4.399666826293467,18.953563365224053,clear
2025-09-04 18:56:15.549656,51.128,71.403,22.281995518602844,50.78501699381464,0.0,10.39401650402522,19.234454858540154,clear
2025-09-04 18:56:15.549656,51.1805,71.446,12.567443041312401,72.61032920779071,0.0,4.300913025084828,21.585177929730158,clear
2025-09-04 18:56:15.549656,51.135,71.47,20.053594147046603,80.25951857749482,0.0,1.3300650027544516,19.306376961261567,clear
2025-09-04 19:56:15.549656,51.1694,71.4491,20.391402179975806,45.33846954971348,0.0,7.71926386774797,18.817986118211035,clear
2025-09-04 19:56:15.549656,51.128,71.403,14.1478072084759,76.40708384846329,0.0,7.2484024772516,18.87781246649537,clear
2025-09-04 19:56:15.549656,51.1805,71.446,18.404764748501073,72.9398789172949,0.0,6.444656277130263,19.704141339788766,cloudy
2025-09-04 19:56:15.549656,51.135,71.47,17.162260232414432,63.42225509045252,0.0,12.178799135151511,18.221846859932107,clear
2025-09-04 20:56:15.549656,51.1694,71.4491,14.451069671775738,63.55294142736826,0.0,1.5934967547806718,19.2125030884176,clear
2025-09-04 20:56:15.549656,51.128,71.403,10.979187921708956,91.4283523681353,0.0,7.347300361970279,18.176310484142846,clear
2025-09-04 20:56:15.549656,51.1805,71.446,15.973654913600502,61.63746058362051,0.0,3.368088868122763,19.400559229909067,clear
2025-09-04 20:56:15.549656,51.135,71.47,19.322384136748397,67.61708170512242,0.0,4.193176451273914,21.747386959999748,clear
2025-09-04 21:56:15.549656,51.1694,71.4491,13.837527300917397,58.01897652950335,0.0,5.9906214883186815,20.731442253656972,clear
2025-09-04 21:56:15.549656,51.128,71.403,15.877263257317711,72.89026755299918,0.0,1.1812847651856,20.089687652281015,clear
2025-09-04 21:56:15.549656,51.1805,71.446,18.25594593806976,68.21561391905036,0.0,7.688766379306649,19.99069957373577,cloudy
2025-09-04 21:56:15.549656,51.135,71.47,14.06345435304643,64.32837625213078,0.0,0.41503708056143945,21.433010990036504,clear
2025-09-04 22:56:15.549656,51.1694,71.4491,8.906828273365829,81.07373682909207,0.0,9.943879941816638,20.317140561713007,cloudy
2025-09-04 22:56:15.549656,51.128,71.403,13.806581633154714,71.30718966329735,0.0,3.1505945939032376,21.523302042205078,clear
2025-09-04 22:56:15.549656,51.1805,71.446,12.283224637713465,59.44401712023456,0.0,3.4287275774173978,19.855560350631073,clear
2025-09-04 22:56:15.549656,51.135,71.47,11.087319978824015,70.75504607688606,0.0,2.989754967144506,19.391051572986715,cloudy
2025-09-04 23:56:15.549656,51.1694,71.4491,16.158521668119302,57.402187402060605,0.0,14.701019979069729,18.52429810802616,clear
2025-09-04 23:56:15.549656,51.128,71.403,9.49610428349229,85.28406437482731,0.0,8.570154921404589,20.80795999556885,cloudy
2025-09-04 23:56:15.549656,51.1805,71.446,11.70609432484404,79.51882871289814,0.0,4.870398309754217,18.28111768056127,clear
2025-09-04 23:56:15.549656,51.135,71.47,14.723329432541828,63.92046935186187,0.0,6.571872953786418,18.496007079557565,cloudy
2025-09-05 00:56:15.549656,51.1694,71.4491,11.770486392838523,95.0,0.0,2.8705975337840686,18.374626338301308,clear
2025-09-05 00:56:15.549656,51.128,71.403,9.20761163277256,88.9473345149395,0.0,5.584148975120071,19.431616615687375,clear
2025-09-05 00:56:15.549656,51.1805,71.446,10.998688363924824,77.83747470092683,0.0,14.316571122124273,19.648230420520072,clear
2025-09-05 00:56:15.549656,51.135,71.47,13.670568842238467,60.770297793150135,0.0,6.753548212381593,21.34556345808583,cloudy
2025-09-05 01:56:15.549656,51.1694,71.4491,12.648598151611925,70.85020571921469,0.0,6.096100198459064,18.646049386650784,clear
2025-09-05 01:56:15.549656,51.128,71.403,6.561271831013211,78.27913200502279,0.0,2.102819150072452,21.498426854644936,clear
2025-09-05 01:56:15.549656,51.1805,71.446,12.910166287986717,88.46449565425503,0.0,3.138884924362017,21.822637940560448,clear
2025-09-05 01:56:15.549656,51.135,71.47,12.919338396270046,78.10273895656665,0.0,4.731378337889065,20.748743902031663,clear
2025-09-05 02:56:15.549656,51.1694,71.4491,12.452413343637687,55.861177310116204,0.0,7.5782658394893945,21.593323391364628,clear
2025-09-05 02:56:15.549656,51.128,71.403,14.740466632720373,86.17651155850743,0.0,2.8569421986138,20.376530565125986,clear
2025-09-05 02:56:15.549656,51.1805,71.446,16.031399468954433,75.06705531049128,0.0,4.808203518270157,20.142689530306246,cloudy
2025-09-05 02:56:15.549656,51.135,71.47,15.617225754658644,43.76701391876931,0.0,7.013493300840069,21.393344524571617,clear
2025-09-05 03:56:15.549656,51.1694,71.4491,18.091321464876515,66.46327336485156,0.0,5.396175798570847,19.19586962745422,clear
2025-09-05 03:56:15.549656,51.128,71.403,23.119146469586184,64.7534745071561,0.0,9.893845596996044,21.671309356828328,clear
2025-09-05 03:56:15.549656,51.1805,71.446,12.12782520690842,65.06931912816663,0.0,6.67410002061075,20.023096044345426,clear
2025-09-05 03:56:15.549656,51.135,71.47,16.784183990428563,74.99598372697035,0.0,4.914611009935749,20.60123124187261,clear
2025-09-05 04:56:15.549656,51.1694,71.4491,20.872462467360297,55.539662758949056,0.0,18.15333187488406,20.09976266326549,clear
2025-09-05 04:56:15.549656,51.128,71.403,22.870392039436375,59.111847426721326,0.0,1.5052119823006092,19.33219900983112,cloudy
2025-09-05 04:56:15.549656,51.1805,71.446,15.493351270020506,57.448659025220906,0.0,3.930294083810682,18.975905522799383,cloudy
2025-09-05 04:56:15.549656,51.135,71.47,17.88779204378323,70.2701945888314,0.0,2.445176794534616,18.456074717125304,cloudy
2025-09-05 05:56:15.549656,51.1694,71.4491,21.164479703804133,62.28787570524396,0.0,7.948607299917851,21.80842814914298,clear
2025-09-05 05:56:15.549656,51.128,71.403,14.142949707522595,61.04735570945318,0.0,4.6118663934532265,20.48771110652914,clear
2025-09-05 05:56:15.549656,51.1805,71.446,13.749211167780128,79.6475586811524,0.0,5.295700709620368,18.719832032953686,cloudy
2025-09-05 05:56:15.549656,51.135,71.47,14.74377547551114,76.20378397998472,0.0,15.643691524400129,20.369519455415944,clear
2025-09-05 06:56:15.549656,51.1694,71.4491,19.367466344203443,63.155750530030865,0.0,2.3017406413392014,21.443795172980273,cloudy
2025-09-05 06:56:15.549656,51.128,71.403,20.67220728012679,63.94059006332823,0.0,3.1053647519583603,21.89970399490413,clear
2025-09-05 06:56:15.549656,51.1805,71.446,10.518056135639346,89.76313998687989,0.0,9.367319827888567,19.030225203083884,clear
2025-09-05 06:56:15.549656,51.135,71.47,22.508546318489422,51.51849530094139,0.0,2.484962877743671,19.868885703635073,cloudy
2025-09-05 07:56:15.549656,51.1694,71.4491,20.65587720898304,57.57833818616285,0.0,19.142839214686845,21.14144797276729,clear
2025-09-05 07:56:15.549656,51.128,71.403,15.982493710641762,63.48521314214833,0.0,11.846008547732055,19.706693685060717,cloudy
2025-09-05 07:56:15.549656,51.1805,71.446,20.282252153957835,53.41429144213555,0.0,4.19015799237857,21.75636041599122,clear
2025-09-05 07:56:15.549656,51.135,71.47,20.565818230011367,66.70869945999056,0.0,8.129130541223578,18.83801192774585,clear
2025-09-05 08:56:15.549656,51.1694,71.4491,23.823927519291733,39.8462899933815,0.0,7.28780440425667,18.507114684490567,cloudy
2025-09-05 08:56:15.549656,51.128,71.403,21.830189908732805,65.03266435172014,0.0,2.24042652778597,19.18370606520879,cloudy
2025-09-05 08:56:15.549656,51.1805,71.446,26.174020160860778,54.48004977668652,0.0,4.644103715457367,19.87069797090153,cloudy
2025-09-05 08:56:15.549656,51.135,71.47,16.885899685419943,69.02396859569798,0.0,1.5705624703737837,18.42567156120348,clear
2025-09-05 09:56:15.549656,51.1694,71.4491,25.80146622981715,53.484705712768964,0.0,9.97886943268916,18.708788992829554,cloudy
2025-09-05 09:56:15.549656,51.128,71.403,21.63145859402058,64.97090989207443,0.0,1.1309088457961267,21.82278738837155,cloudy
2025-09-05 09:56:15.549656,51.1805,71.446,22.206281475218383,78.94516468204176,0.0,11.042178397004857,21.588865359130917,cloudy
2025-09-05 09:56:15.549656,51.135,71.47,23.898798917700933,58.33245963243952,0.0,1.6061781725096012,18.95402619426658,clear
2025-09-05 10:56:15.549656,51.1694,71.4491,26.22073561726185,45.165267651045035,0.0,2.6092522290811133,20.329757392391432,clear
2025-09-05 10:56:15.549656,51.128,71.403,22.871639732871195,54.519280431171445,0.0,0.6108874590588987,18.630391143849117,cloudy
2025-09-05 10:56:15.549656,51.1805,71.446,26.72906323756066,58.86359009827661,0.0,2.2693718367787663,21.926495960890605,cloudy
2025-09-05 10:56:15.549656,51.135,71.47,24.404560683117012,67.20935070039278,0.0,15.174339958057402,18.814855695566123,cloudy
2025-09-05 11:56:15.549656,51.1694,71.4491,22.39250084802728,70.36725660316374,0.8113887176581516,3.5026452413253875,18.3772225646837,cloudy
2025-09-05 11:56:15.549656,51.128,71.403,25.69184228647035,44.009268202711,0.0,14.905344027788264,18.49072128261427,clear
2025-09-05 11:56:15.549656,51.1805,71.446,26.914996128144946,40.95116235789409,0.0,8.03359070449576,20.956731667455884,clear
2025-09-05 11:56:15.549656,51.135,71.47,15.143868567515307,60.220778243338714,0.0,5.516096088086922,18.58415445965832,cloudy
2025-09-05 12:56:15.549656,51.1694,71.4491,25.965944359180188,43.2146822511541,0.0,2.68567582679659,20.368878111716455,clear
2025-09-05 12:56:15.549656,51.128,71.403,25.23597448850427,90.4423002950247,0.0,3.616758837481489,18.16714862174028,clear
2025-09-05 12:56:15.549656,51.1805,71.446,26.087455532801993,61.704678785280215,0.0,6.137006432570011,21.05385276164404,clear
2025-09-05 12:56:15.549656,51.135,71.47,27.456887551976493,51.68088487439744,0.0,2.0111264358820407,19.7872281101051,clear
2025-09-05 13:56:15.549656,51.1694,71.4491,20.86560416914959,61.874623514701526,0.0,2.918888776919215,21.565619472769264,clear
2025-09-05 13:56:15.549656,51.128,71.403,26.062689375127402,76.62226732101219,0.0,4.820880615614039,21.052678858563215,cloudy
2025-09-05 13:56:15.549656,51.1805,71.446,24.769492662686247,78.2762639705954,0.0,5.270844498602883,21.999051831164277,clear
2025-09-05 13:56:15.549656,51.135,71.47,23.649575434660807,55.48696668840938,0.0,6.777156154586407,21.560173630377207,clear
2025-09-05 14:56:15.549656,51.1694,71.4491,24.41622420027222,55.91339069393679,0.0,7.384948382844563,19.96824147707854,clear
2025-09-05 14:56:15.549656,51.128,71.403,25.07801050618411,38.76300180904829,0.0,0.41832562750144253,20.603487620445122,cloudy
2025-09-05 14:56:15.549656,51.1805,71.446,22.29290063122556,68.32287373200953,0.0,3.31113718804066,20.500153872043214,cloudy
2025-09-05 14:56:15.549656,51.135,71.47,23.78006342554878,57.4480238756385,0.0,2.0276581099746798,19.72434890788859,clear
2025-09-05 15:56:15.549656,51.1694,71.4491,16.37975823290759,66.4048468609762,0.0,3.3255109777526664,19.206777034865336,clear
2025-09-05 15:56:15.549656,51.128,71.403,23.545500062552787,67.56490465844367,0.0,9.53233491337955,20.468027032993685,cloudy
2025-09-05 15:56:15.549656,51.1805,71.446,24.75632594064599,49.798058054023095,0.0,9.206904851915084,19.502022836326987,clear
2025-09-05 15:56:15.549656,51.135,71.47,25.023590044341162,56.56980752716371,0.0,6.4304972877281354,18.445735519503334,clear
2025-09-05 16:56:15.549656,51.1694,71.4491,18.790954641032236,64.8148705919699,0.0,11.572502893928464,18.247313032669787,clear
2025-09-05 16:56:15.549656,51.128,71.403,16.58454410624119,81.08358945725546,0.0,6.008936062198888,18.92783535805464,clear
2025-09-05 16:56:15.549656,51.1805,71.446,23.60310698945934,73.77733070940943,0.0,13.860680005810345,20.715865154950723,clear
2025-09-05 16:56:15.549656,51.135,71.47,29.736366797702324,42.07753465410751,0.0,22.95309043623218,21.308226969532186,clear
2025-09-05 17:56:15.549656,51.1694,71.4491,22.789744374641078,59.55901557469164,0.9747060509108447,0.9777969586248418,18.05058789817831,cloudy
2025-09-05 17:56:15.549656,51.128,71.403,22.958789505346438,39.285465496401386,0.0,0.9910500429955366,19.38568485513721,clear
2025-09-05 17:56:15.549656,51.1805,71.446,25.76374054197491,54.21761873729382,0.0,4.485495177217748,20.957694836925352,clear
2025-09-05 17:56:15.549656,51.135,71.47,21.55824909741994,66.08237331351998,0.0,13.5850539876348,21.606469291330736,clear
2025-09-05 18:56:15.549656,51.1694,71.4491,13.152357722737136,73.52302554337756,0.0,12.811613162220272,18.565396131830358,clear
2025-09-05 18:56:15.549656,51.128,71.403,19.640264422925195,68.49010491131476,0.0,9.804408077100735,21.00957673109044,clear
2025-09-05 18:56:15.549656,51.1805,71.446,17.34124456723514,71.85629740605994,0.0,0.3584277174432333,19.30766789904921,cloudy
2025-09-05 18:56:15.549656,51.135,71.47,18.89982507060304,61.5340417078786,0.0,18.640785438112733,21.958410897901718,clear
2025-09-05 19:56:15.549656,51.1694,71.4491,13.904706465046331,73.34806616039616,0.0,0.7128899319812374,19.518976348805214,clear
2025-09-05 19:56:15.549656,51.128,71.403,12.931544407623225,95.0,0.0,0.9142132846899294,20.29278962064942,cloudy
2025-09-05 19:56:15.549656,51.1805,71.446,10.930529928136654,71.72329527711611,0.0,1.6426808995278632,19.842454343459067,cloudy
2025-09-05 19:56:15.549656,51.135,71.47,16.461113000206627,85.69436937810093,0.0,10.275585690406182,20.53622273190643,cloudy
2025-09-05 20:56:15.549656,51.1694,71.4491,14.576087279578768,71.66116459555896,0.5531833052219741,1.870975033153183,18.89363338955605,cloudy
2025-09-05 20:56:15.549656,51.128,71.403,19.658131273363985,77.35976800992248,0.0,2.5107690998773142,19.68285003667551,cloudy
2025-09-05 20:56:15.549656,51.1805,71.446,19.952321999257645,73.96645352824149,0.0,1.5140288919299123,20.22782862580418,clear
2025-09-05 20:56:15.549656,51.135,71.47,22.951711277821985,33.444799474806125,0.0,5.63002531394754,18.945779014564025,clear
2025-09-05 21:56:15.549656,51.1694,71.4491,11.68461574936362,67.72392906036615,0.0,12.678947510554213,19.873959667837696,cloudy
2025-09-05 21:56:15.549656,51.128,71.403,16.878063521848514,71.91503847556848,0.7418465133091284,11.297698831346858,18.516306973381745,cloudy
2025-09-05 21:56:15.549656,51.1805,71.446,12.914175401634072,85.73280068475727,0.0,0.30600420751805585,21.26631581282144,cloudy
2025-09-05 21:56:15.549656,51.135,71.47,19.428770988845343,56.303540074285195,0.0,6.319499453961078,21.08130909859668,clear
2025-09-05 22:56:15.549656,51.1694,71.4491,13.37158902445099,84.66750373954632,0.0,8.277106931863678,19.73782697221185,clear
2025-09-05 22:56:15.549656,51.128,71.403,15.484172912600592,74.31173248710539,0.0,18.081937688339067,21.8409860137373,cloudy
2025-09-05 22:56:15.549656,51.1805,71.446,12.98027731710277,63.07876349486146,0.0,4.762445652601676,19.920482195500888,clear
2025-09-05 22:56:15.549656,51.135,71.47,17.395261753135564,73.86829844170614,0.0,2.8001789683185776,20.005960665882018,clear
2025-09-05 23:56:15.549656,51.1694,71.4491,12.9009768886623,82.60099543226585,0.0,3.647288614960305,19.45196933049255,clear
2025-09-05 23:56:15.549656,51.128,71.403,10.351561269634349,77.2816255979404,0.0,1.339292016661659,20.24903461096952,clear
2025-09-05 23:56:15.549656,51.1805,71.446,11.842475537405738,93.12632338500555,0.0,0.22827115236529924,18.86974686450505,clear
2025-09-05 23:56:15.549656,51.135,71.47,6.861478599863949,75.54374681969108,0.0,1.5555975139065032,19.069423175876256,cloudy
2025-09-06 00:56:15.549656,51.1694,71.4491,17.379175239826523,71.4065316280197,9.522892471455107,3.6868614796593002,3.999999999999999,rain
2025-09-06 00:56:15.549656,51.128,71.403,13.169749055649014,78.94595908341631,3.4153597082336646,3.545942046001497,13.16928058353267,cloudy
2025-09-06 00:56:15.549656,51.1805,71.446,15.335188680241243,66.64354671896184,0.0,3.872178912982643,21.33040506819807,clear
2025-09-06 00:56:15.549656,51.135,71.47,11.362248233696,72.51540737294206,0.0,5.4543966869000435,21.120618868505982,clear
2025-09-06 01:56:15.549656,51.1694,71.4491,13.404072786779098,75.41525224016468,0.0,4.103044905847279,18.253811471904974,clear
2025-09-06 01:56:15.549656,51.128,71.403,18.00263306081573,74.24252170906969,0.0,4.128798953281807,20.424985569052456,cloudy
2025-09-06 01:56:15.549656,51.1805,71.446,16.544197856853035,59.950700478832886,0.0,0.6873181850403576,20.473369792137987,cloudy
2025-09-06 01:56:15.549656,51.135,71.47,13.117216492001399,61.555321219471764,0.4472364510650666,12.9114332926097,19.105527097869867,cloudy
2025-09-06 02:56:15.549656,51.1694,71.4491,12.855593568905624,52.693142270073636,0.0,1.6310992377287077,18.241578604112913,clear
2025-09-06 02:56:15.549656,51.128,71.403,18.266079139449545,66.66175755880944,0.0,1.1388719313352313,20.580334641524463,clear
2025-09-06 02:56:15.549656,51.1805,71.446,14.655556993640145,84.13059522777459,0.0,1.0543254706289813,18.79573781280343,clear
2025-09-06 02:56:15.549656,51.135,71.47,14.745935357617974,71.65465605408902,3.4249709207098333,5.3080007140567105,13.150058158580332,cloudy
2025-09-06 03:56:15.549656,51.1694,71.4491,17.219778867451925,75.77315389849895,2.381834038542225,4.750317530717679,15.23633192291555,cloudy
2025-09-06 03:56:15.549656,51.128,71.403,12.635165149556457,84.81367425179255,0.0,3.8714178267702453,18.16959036558611,clear
2025-09-06 03:56:15.549656,51.1805,71.446,17.73511887225385,61.29507488730229,0.0,2.273578501533138,20.884670177111172,cloudy
2025-09-06 03:56:15.549656,51.135,71.47,13.30870622595895,80.09487809428354,0.0,1.4695306357125166,19.001862324303694,clear
2025-09-06 04:56:15.549656,51.1694,71.4491,13.057467629451445,72.4549369923292,0.0,2.967555712735804,20.54026776033746,clear
2025-09-06 04:56:15.549656,51.128,71.403,13.926738666823839,66.98188885062893,0.0,5.775819126363678,20.856977075218623,cloudy
2025-09-06 04:56:15.549656,51.1805,71.446,13.54240408549105,65.39918015158001,0.0,9.144757371361415,19.382201611190734,cloudy
2025-09-06 04:56:15.549656,51.135,71.47,17.06424633372154,73.82839955963576,0.9206425127937402,10.904913501268577,18.15871497441252,cloudy
2025-09-06 05:56:15.549656,51.1694,71.4491,17.549711177327985,66.36006597962985,0.0,5.300813253165566,20.494338431116383,clear
2025-09-06 05:56:15.549656,51.128,71.403,18.642176069035248,66.90006027665429,0.0,1.4572940864404609,20.487348451049133,clear
2025-09-06 05:56:15.549656,51.1805,71.446,17.617134845495755,81.6286066527816,0.0,14.520453183017455,19.915461491828474,clear
2025-09-06 05:56:15.549656,51.135,71.47,13.01007689533527,81.53056190456903,0.0,1.8716270172703968,18.197401925235255,clear
2025-09-06 06:56:15.549656,51.1694,71.4491,17.720701087665876,70.16109039040772,0.0,2.3084531234772663,18.753390678778658,clear
2025-09-06 06:56:15.549656,51.128,71.403,22.084630397316875,64.79061607515189,0.0,3.148444025103598,20.126388338039835,cloudy
2025-09-06 06:56:15.549656,51.1805,71.446,17.87198722270958,70.40292424682522,0.0,1.772134796630976,20.55746994951958,clear
2025-09-06 06:56:15.549656,51.135,71.47,22.89279421484499,56.127697171869585,0.0,13.937677613761423,21.82659762243713,clear
2025-09-06 07:56:15.549656,51.1694,71.4491,22.387101855098237,58.88348786512434,0.0,4.161468299658113,20.01809013062321,clear
2025-09-06 07:56:15.549656,51.128,71.403,18.588579979140185,63.4334357182442,0.0,5.310124270760017,18.091988348592693,clear
2025-09-06 07:56:15.549656,51.1805,71.446,15.241799787858044,61.33538081468696,0.0,7.470392826250169,20.316520929608856,clear
2025-09-06 07:56:15.549656,51.135,71.47,19.238101604179246,64.89620712056332,0.0,1.3665039943729715,18.81292906920585,cloudy
2025-09-06 08:56:15.549656,51.1694,71.4491,15.506434260717691,57.6535516883905,0.0,4.60637931010711,21.128722478031804,clear
2025-09-06 08:56:15.549656,51.128,71.403,20.893969037720847,51.924877629743605,0.0,3.9478491502369386,21.147544797530266,cloudy
2025-09-06 08:56:15.549656,51.1805,71.446,22.105741426882382,59.608962205133935,0.0,2.6460105118494797,21.18314440437389,clear
2025-09-06 08:56:15.549656,51.135,71.47,19.301327336119908,68.75379842400572,0.0829839493735756,1.2459567660993014,19.83403210125285,cloudy
2025-09-06 09:56:15.549656,51.1694,71.4491,25.867085929456056,59.96198780035583,0.0,6.397340292723432,19.7957789070007,cloudy
2025-09-06 09:56:15.549656,51.128,71.403,22.239314525397734,73.27352823018039,0.0,7.85368471895158,21.610845908583922,clear
2025-09-06 09:56:15.549656,51.1805,71.446,20.359744250335865,68.64229817045349,0.0,8.032772431188938,21.063229657613167,clear
2025-09-06 09:56:15.549656,51.135,71.47,26.971569880880246,76.00085276152492,0.0,3.8480345140625802,18.22990526149072,clear
2025-09-06 10:56:15.549656,51.1694,71.4491,26.11966134965236,60.90078931487746,0.0,0.03101471098826955,21.07381331459083,clear
2025-09-06 10:56:15.549656,51.128,71.403,24.067652305529727,35.95772225310725,0.0,0.5309314602741568,20.951256766842004,clear
2025-09-06 10:56:15.549656,51.1805,71.446,26.34079795774888,49.44542640537432,0.0,7.500397610206031,19.24216174255487,clear
2025-09-06 10:56:15.549656,51.135,71.47,22.40635274927639,47.37586660191123,0.0,4.23973462089589,19.024500222725337,clear
2025-09-06 11:56:15.549656,51.1694,71.4491,25.149608207843713,32.95253634311304,0.0,8.87954704321569,18.837786566859837,clear
2025-09-06 11:56:15.549656,51.128,71.403,23.946027431241458,66.24680639703583,0.0,6.413794363819662,21.16869376935918,cloudy
2025-09-06 11:56:15.549656,51.1805,71.446,22.30509525298623,54.28332487857542,0.0,9.184995419187137,18.23257130149169,clear
2025-09-06 11:56:15.549656,51.135,71.47,16.935707487488862,65.8058349282718,0.0,13.903628144079743,19.852247129646603,clear
2025-09-06 12:56:15.549656,51.1694,71.4491,23.106021042887704,60.79168969439642,0.0,3.246245367551547,18.615721579480766,cloudy
2025-09-06 12:56:15.549656,51.128,71.403,23.55360734957927,38.26486329032642,0.0,1.4096856783088314,20.760539522081835,clear
2025-09-06 12:56:15.549656,51.1805,71.446,23.876342964089954,71.5136689366466,0.0,5.791122342565002,21.488345757342355,clear
2025-09-06 12:56:15.549656,51.135,71.47,21.804830160250507,58.010031488765655,1.5808754340708355,3.925309566056228,16.83824913185833,cloudy
2025-09-06 13:56:15.549656,51.1694,71.4491,27.775958988275327,49.37117282881027,0.0,1.2463961727015143,19.779810075794696,clear
2025-09-06 13:56:15.549656,51.128,71.403,23.925800941223773,59.87677638476855,0.0,1.863428951891346,18.233089137758697,clear
2025-09-06 13:56:15.549656,51.1805,71.446,22.495811519057174,60.04048445293976,0.0,9.040293659336877,19.586348204051184,clear
2025-09-06 13:56:15.549656,51.135,71.47,29.58257937008245,35.16134053538941,0.0,7.186854821669265,21.546322311719983,clear
2025-09-06 14:56:15.549656,51.1694,71.4491,24.22718727095973,57.99303192462285,0.0,5.133929996046543,20.933819213052985,cloudy
2025-09-06 14:56:15.549656,51.128,71.403,21.229139811165393,57.873763070109916,0.0,1.887059172383633,20.80707624051017,clear
2025-09-06 14:56:15.549656,51.1805,71.446,19.888643496720235,44.74500858099496,0.0,9.479565081792579,20.348965394953172,cloudy
2025-09-06 14:56:15.549656,51.135,71.47,20.46647126588002,75.48907121425101,0.0,1.8568266322221012,21.42009887909129,clear
2025-09-06 15:56:15.549656,51.1694,71.4491,20.862689060465055,72.25877092914598,0.0,3.917127295419287,19.130489602188753,cloudy
2025-09-06 15:56:15.549656,51.128,71.403,23.40186930393864,51.93612922166073,0.0,4.420865015267698,19.229334088851743,clear
2025-09-06 15:56:15.549656,51.1805,71.446,16.252031031683742,75.01719010420976,0.0,1.0114635019194789,18.239628301859558,clear
2025-09-06 15:56:15.549656,51.135,71.47,20.2109723388367,47.674759864344956,0.0,3.455026042879589,21.740971787456242,cloudy
2025-09-06 16:56:15.549656,51.1694,71.4491,19.46842916109577,45.645228747404445,0.0,1.9146941907537944,21.645807140721118,clear
2025-09-06 16:56:15.549656,51.128,71.403,18.91530484442882,69.79877932638439,0.0,2.8519677765585936,19.723291817450654,clear
2025-09-06 16:56:15.549656,51.1805,71.446,23.909875237047878,50.477430005619176,0.0,3.9384877209426215,20.785631887017846,clear
2025-09-06 16:56:15.549656,51.135,71.47,18.198757900041652,68.12053973443118,0.0,8.510867422887252,18.90309349914678,clear
2025-09-06 17:56:15.549656,51.1694,71.4491,21.622688057942828,55.16772766406151,0.0,1.2604059741927307,19.40761198199197,clear
2025-09-06 17:56:15.549656,51.128,71.403,15.44597321649178,83.82222388260527,0.0,3.4458437867450824,18.39283886294515,cloudy
2025-09-06 17:56:15.549656,51.1805,71.446,22.836410948140372,56.85368225799498,0.0,7.370100155337094,21.306112316252896,clear
2025-09-06 17:56:15.549656,51.135,71.47,25.80642509471651,56.317169465440614,0.0,6.78235355726647,18.8712344699386,clear
2025-09-06 18:56:15.549656,51.1694,71.4491,16.93606231585877,70.18893392117698,0.0,2.116102037409605,21.62481601758873,clear
2025-09-06 18:56:15.549656,51.128,71.403,18.91922872026573,74.102144260106,0.0,11.089153841551267,21.82068892209533,clear
2025-09-06 18:56:15.549656,51.1805,71.446,15.283840508819498,65.70593994826329,0.0,3.6018977581364044,18.294616384051988,clear
2025-09-06 18:56:15.549656,51.135,71.47,16.743523523831335,71.8753245474261,0.0,12.93648409319134,18.634762116386486,clear
2025-09-06 19:56:15.549656,51.1694,71.4491,23.965586529805492,49.07911857905594,0.0,6.905990420347271,19.950919717802563,clear
2025-09-06 19:56:15.549656,51.128,71.403,20.711712925405262,64.04167844155134,0.0,1.87364279647629,21.038424086281115,clear
2025-09-06 19:56:15.549656,51.1805,71.446,18.756627999337613,57.3358187908144,0.0,12.072366597075398,19.56911157750929,clear
2025-09-06 19:56:15.549656,51.135,71.47,16.9845548271471,67.16363300857685,0.0,3.351193388348567,21.65676690686681,clear
2025-09-06 20:56:15.549656,51.1694,71.4491,10.617958261910918,72.27426007092097,0.0,6.006437065149422,18.825033267629063,cloudy
2025-09-06 20:56:15.549656,51.128,71.403,17.46713816401866,73.03294777781038,0.5942672374357932,2.188461899464997,18.811465525128416,cloudy
2025-09-06 20:56:15.549656,51.1805,71.446,19.058388442383148,81.9856961498211,0.0,2.2850221331292513,21.162584249460952,cloudy
2025-09-06 20:56:15.549656,51.135,71.47,14.294872088479405,79.79821073625584,0.0,6.5028828429731185,21.3074913134606,cloudy
2025-09-06 21:56:15.549656,51.1694,71.4491,13.506302984572711,87.28371911926692,0.0,7.151928890219833,19.74833833741748,cloudy
2025-09-06 21:56:15.549656,51.128,71.403,8.818056743278495,80.38394553164123,0.0,6.823748764290396,18.487794301376812,clear
2025-09-06 21:56:15.549656,51.1805,71.446,13.032832812469978,65.00773993562932,0.0,8.460599500187989,19.385890975657432,clear
2025-09-06 21:56:15.549656,51.135,71.47,14.366602561805047,57.104087329762685,0.0,7.727638440444007,19.489650020072002,clear
2025-09-06 22:56:15.549656,51.1694,71.4491,10.287526044257199,95.0,0.0,7.134413940224549,18.930504614523375,clear
2025-09-06 22:56:15.549656,51.128,71.403,12.965445562004838,66.45952267557666,0.0,5.52645030285707,21.985370901125602,clear
2025-09-06 22:56:15.549656,51.1805,71.446,13.85517088301329,64.68056280254261,0.0,10.841388945194769,18.0000351803654,clear
2025-09-06 22:56:15.549656,51.135,71.47,15.563695898080743,78.84702955421574,0.0,1.760138009469602,18.28800340592093,clear
2025-09-06 23:56:15.549656,51.1694,71.4491,14.648394436775458,76.05946149412561,7.500827471987219,15.065635451858636,4.998345056025562,rain
2025-09-06 23:56:15.549656,51.128,71.403,11.416448858141367,76.60488250656176,0.0,13.945281924148363,21.29885790315489,cloudy
2025-09-06 23:56:15.549656,51.1805,71.446,10.89100575803489,76.44235424396679,0.0,11.798110500834149,19.774314062121455,cloudy
2025-09-06 23:56:15.549656,51.135,71.47,13.76619407622261,66.15747346803366,1.4704056712892972,7.359884022614905,17.05918865742141,cloudy
2025-09-07 00:56:15.549656,51.1694,71.4491,14.79116960692527,67.06468319126645,7.8064034981362145,4.72180268818949,4.387193003727572,rain
2025-09-07 00:56:15.549656,51.128,71.403,15.494780917367262,60.88807003376973,0.0,5.031054020364097,19.34934477710383,cloudy
2025-09-07 00:56:15.549656,51.1805,71.446,12.400664996645402,60.34252636697366,0.0,7.496938177953316,21.00834703183618,clear
2025-09-07 00:56:15.549656,51.135,71.47,15.582284698454652,69.15902631557809,0.0,6.196087865680185,19.77203858931958,clear
2025-09-07 01:56:15.549656,51.1694,71.4491,13.281947544742982,91.30864991691891,0.0,1.6721521596338458,19.83038647299715,clear
2025-09-07 01:56:15.549656,51.128,71.403,14.704808270586502,61.97390047813893,0.0,5.30531841368097,21.617823944196303,clear
2025-09-07 01:56:15.549656,51.1805,71.446,14.025075031883102,64.74280500359788,0.0,7.249657526418678,20.872250456186887,clear
2025-09-07 01:56:15.549656,51.135,71.47,11.578754725625004,73.31278892924742,0.0,1.2621876025861871,21.860640107873934,cloudy
2025-09-07 02:56:15.549656,51.1694,71.4491,14.028550614695412,86.11146963679057,0.0,2.026387433588819,20.109081129326345,cloudy
2025-09-07 02:56:15.549656,51.128,71.403,16.38651117543339,72.6692559741408,0.0,3.985858360534779,21.169063567946505,cloudy
2025-09-07 02:56:15.549656,51.1805,71.446,10.321723903478862,89.08515353681167,0.0,9.438676059570422,18.35974282736632,clear
2025-09-07 02:56:15.549656,51.135,71.47,14.114782197670943,69.97963075187964,0.0,0.8302575635825931,18.474244689367723,clear
2025-09-07 03:56:15.549656,51.1694,71.4491,15.983040198237697,72.55182037285894,0.0033059337133522306,5.5412286377855,19.993388132573294,cloudy
2025-09-07 03:56:15.549656,51.128,71.403,8.708348504733461,90.27119127689858,0.0,4.820860904573154,21.754188183404597,cloudy
2025-09-07 03:56:15.549656,51.1805,71.446,20.184516694557736,64.17690456917816,0.0,1.0220169462544493,20.961085859340862,cloudy
2025-09-07 03:56:15.549656,51.135,71.47,14.09965689209473,82.35377798531654,0.0,1.2295638781004463,20.795908659768045,clear
2025-09-07 04:56:15.549656,51.1694,71.4491,14.602826683553934,76.1841536942485,0.0,8.176165758516024,20.86359664868787,clear
2025-09-07 04:56:15.549656,51.128,71.403,18.357647679445126,68.18740612858817,0.0,5.797566195300362,19.530228755330363,clear
2025-09-07 04:56:15.549656,51.1805,71.446,15.369591905883164,65.01473653118956,0.0,10.832358176984165,19.084745572926828,clear
2025-09-07 04:56:15.549656,51.135,71.47,16.521663851942485,69.00208435757702,0.0,10.259702707272387,19.064794751801973,cloudy
2025-09-07 05:56:15.549656,51.1694,71.4491,18.026237259979787,76.55415982886782,0.0,0.7519440176344567,20.581275493227444,cloudy
2025-09-07 05:56:15.549656,51.128,71.403,16.94361143743131,82.5121009487787,0.0,8.920481634200982,18.367401899555862,clear
2025-09-07 05:56:15.549656,51.1805,71.446,21.943053296786786,80.27929198017819,0.0,2.832667163665306,21.070910258153845,cloudy
2025-09-07 05:56:15.549656,51.135,71.47,24.709420044133175,40.36779482974062,0.0,5.762813867760323,20.08325854403027,clear
2025-09-07 06:56:15.549656,51.1694,71.4491,14.183964446424643,71.44076478663251,0.2794711733414945,12.512141332333924,19.44105765331701,cloudy
2025-09-07 06:56:15.549656,51.128,71.403,24.273135334234894,55.68787406045658,0.11471141748960419,8.107576496311797,19.77057716502079,cloudy
2025-09-07 06:56:15.549656,51.1805,71.446,19.06009239204016,77.78941458083075,0.0,8.508140450195707,21.44776573598544,cloudy
2025-09-07 06:56:15.549656,51.135,71.47,21.9082601011809,61.62452186318329,0.0,8.447107416744132,21.681362646560533,clear
2025-09-07 07:56:15.549656,51.1694,71.4491,22.093844064533666,63.622156709025184,0.0,4.973266781513951,20.61745907232551,clear
2025-09-07 07:56:15.549656,51.128,71.403,19.981425676255167,60.190816961175486,0.0,1.2238465046898583,21.701831940415005,cloudy
2025-09-07 07:56:15.549656,51.1805,71.446,22.95875560198657,49.25473631336416,1.5937835105043645,6.473065563685758,16.812432978991268,cloudy
2025-09-07 07:56:15.549656,51.135,71.47,24.062102763572078,61.700101715042,0.0,4.513025648118788,21.616386573810132,cloudy
2025-09-07 08:56:15.549656,51.1694,71.4491,23.040754474066084,58.05643548294064,0.0,10.246796366477799,20.178616960680166,clear
2025-09-07 08:56:15.549656,51.128,71.403,21.916831433650515,41.41340420144449,0.0,2.4668217237178913,20.140943588151693,cloudy
2025-09-07 08:56:15.549656,51.1805,71.446,16.971243209629755,59.74392447373232,0.0,6.497453917825348,19.454591269618174,clear
2025-09-07 08:56:15.549656,51.135,71.47,23.729173047148617,67.57876204080561,0.0,8.337527903215268,19.940498920506393,cloudy
2025-09-07 09:56:15.549656,51.1694,71.4491,23.163171244830124,35.66388702438249,0.0,1.354305315308583,21.12793870907212,cloudy
2025-09-07 09:56:15.549656,51.128,71.403,20.828007161141237,61.86653640114265,0.13956241831537122,1.2193382132435369,19.720875163369257,cloudy
2025-09-07 09:56:15.549656,51.1805,71.446,16.049054350213247,55.50445642492921,5.0976474180023805,4.765931112073881,9.80470516399524,rain
2025-09-07 09:56:15.549656,51.135,71.47,19.538662089456082,59.64631943277446,0.0,4.158615857819647,18.619025112977244,cloudy
2025-09-07 10:56:15.549656,51.1694,71.4491,18.034939843900922,64.77550158397682,0.0,7.978621418603946,21.679137248393722,clear
2025-09-07 10:56:15.549656,51.128,71.403,21.18496841127459,57.93547205049275,0.0,1.9823188451713283,19.849833975877427,clear
2025-09-07 10:56:15.549656,51.1805,71.446,30.753419791390463,42.055230134192314,0.0,10.620435563632533,21.60712233584166,clear
2025-09-07 10:56:15.549656,51.135,71.47,24.849460875586523,46.82550140036354,0.0,7.6109324323332785,18.973009256340234,clear
2025-09-07 11:56:15.549656,51.1694,71.4491,24.62199797273419,51.5284589632649,0.0,7.622728144769127,20.7598113165101,clear
2025-09-07 11:56:15.549656,51.128,71.403,20.630661472691827,57.27627588816892,0.0,5.554185606806627,19.159261800589306,clear
2025-09-07 11:56:15.549656,51.1805,71.446,24.535653560646974,67.42236765463467,0.0,8.48480626167215,20.708846980694208,clear
2025-09-07 11:56:15.549656,51.135,71.47,21.892791992495532,54.30999865305281,0.0,5.7633919883126055,20.391813086743333,clear
2025-09-07 12:56:15.549656,51.1694,71.4491,20.5547301000652,60.166562191178095,0.0,4.871131211823252,20.330179314111586,clear
2025-09-07 12:56:15.549656,51.128,71.403,24.782120014276188,47.46444515141879,0.0,4.962705347409038,21.684611966614725,clear
2025-09-07 12:56:15.549656,51.1805,71.446,25.299848889336875,46.39064638446998,0.0,2.2793506675099975,20.48554218217255,clear
2025-09-07 12:56:15.549656,51.135,71.47,29.851091338438337,52.544069093694176,0.0,0.3876314051507274,18.261055341914155,clear
2025-09-07 13:56:15.549656,51.1694,71.4491,21.514698065752903,51.91973139604455,0.0,6.004807018214649,20.55571582741456,clear
2025-09-07 13:56:15.549656,51.128,71.403,22.4836930952338,59.80869647072873,0.0,8.469060192445966,21.4582094674287,clear
2025-09-07 13:56:15.549656,51.1805,71.446,22.4366775615767,53.52606227204796,0.0,10.503393146566232,18.96731603172552,clear
2025-09-07 13:56:15.549656,51.135,71.47,20.568624554464762,64.07190040047878,1.0273875483164314,1.7261284150657434,17.945224903367137,cloudy
2025-09-07 14:56:15.549656,51.1694,71.4491,17.20945957562443,58.63798939304967,0.0,12.931781657551472,21.226771535209338,clear
2025-09-07 14:56:15.549656,51.128,71.403,19.679537995177917,70.27894618888168,0.0,1.8792100225193393,18.383899252427724,clear
2025-09-07 14:56:15.549656,51.1805,71.446,27.904685440181538,41.458779839883654,0.0,4.138853284424817,20.236339053083203,cloudy
2025-09-07 14:56:15.549656,51.135,71.47,23.749637340442597,58.362441208075964,4.706223560027819,8.158737198692478,10.587552879944361,cloudy
2025-09-07 15:56:15.549656,51.1694,71.4491,32.22082737173079,34.38899849074543,0.0,14.070108937865424,19.873281510840794,clear
2025-09-07 15:56:15.549656,51.128,71.403,15.599906780651235,59.26715391290607,0.0,4.11272599196313,20.34362115619905,clear
2025-09-07 15:56:15.549656,51.1805,71.446,21.929514628032106,73.18597656928931,0.0,5.419521119495659,20.76144664287855,clear
2025-09-07 15:56:15.549656,51.135,71.47,23.060360069881046,46.701932014975576,0.0,2.016143207449756,19.970749195011635,clear
2025-09-07 16:56:15.549656,51.1694,71.4491,13.631252325879117,56.788859349940054,0.0,5.797695609646844,20.88097803855267,clear
2025-09-07 16:56:15.549656,51.128,71.403,20.922094314008348,62.557917393106095,0.0,2.255578919550815,20.601307691246504,clear
2025-09-07 16:56:15.549656,51.1805,71.446,23.10532069573302,49.6280137415946,0.0,3.9655963335447235,21.74254452911847,cloudy
2025-09-07 16:56:15.549656,51.135,71.47,19.60065767268898,60.87783621859253,0.0,4.848464476250832,20.57062738872922,cloudy
2025-09-07 17:56:15.549656,51.1694,71.4491,18.249911536271718,42.64689002103102,0.0,5.657456285264504,21.21104650261711,clear
2025-09-07 17:56:15.549656,51.128,71.403,19.80149873729513,64.52513276722006,0.0,1.7397301081244763,19.98878376681307,clear
2025-09-07 17:56:15.549656,51.1805,71.446,17.961462627110095,60.081858454746865,0.0,4.462035062968433,18.76953204483293,cloudy
2025-09-07 17:56:15.549656,51.135,71.47,23.531223018479466,50.88954103658396,0.0,4.779554439883687,20.876898063350563,clear
2025-09-07 18:56:15.549656,51.1694,71.4491,18.217494515153298,63.5229952599854,0.0,7.984457883879475,20.400489955474225,clear
2025-09-07 18:56:15.549656,51.128,71.403,22.50071373206569,48.883222919067464,0.0,3.427850503421392,18.028019178050055,clear
2025-09-07 18:56:15.549656,51.1805,71.446,11.64621107564502,70.13235672067354,0.0,1.37395130861267,19.795176614133602,clear
2025-09-07 18:56:15.549656,51.135,71.47,19.796180554702403,57.679907364553095,0.0,8.302187136090861,20.17270482670665,clear
2025-09-07 19:56:15.549656,51.1694,71.4491,14.647823406169564,74.7174875707439,0.0,6.170521095020193,21.500495266522964,cloudy
2025-09-07 19:56:15.549656,51.128,71.403,13.541168223182545,61.57472757466335,0.0,4.728940237387169,19.780566979567162,clear
2025-09-07 19:56:15.549656,51.1805,71.446,17.777018616409507,55.02232530168078,1.5662609496439117,10.352663803224187,16.867478100712177,cloudy
2025-09-07 19:56:15.549656,51.135,71.47,20.10778318197829,72.402136181556,0.0,3.8154731517297815,19.56239058430577,cloudy
2025-09-07 20:56:15.549656,51.1694,71.4491,17.92373763930391,74.6460692123775,0.0,11.380676291761123,21.018970770978996,clear
2025-09-07 20:56:15.549656,51.128,71.403,16.743662930449595,81.50234736957805,0.0,4.629262074287686,20.925043282879322,clear
2025-09-07 20:56:15.549656,51.1805,71.446,15.08207190462841,54.32296512567678,0.0,11.80971263731114,20.841211304892845,cloudy
2025-09-07 20:56:15.549656,51.135,71.47,16.702786574011196,61.11533475444199,0.0,0.6815796240226301,20.204958705797445,clear
2025-09-07 21:56:15.549656,51.1694,71.4491,13.109544064783313,60.043738387423,0.0,7.70865712796811,19.75847204849626,clear
2025-09-07 21:56:15.549656,51.128,71.403,19.37800944838005,67.25656501656188,0.0,2.2347645295361485,21.370377771350608,cloudy
2025-09-07 21:56:15.549656,51.1805,71.446,13.471113993598719,82.86673229727432,0.0,7.661246679064378,19.410829176673538,clear
2025-09-07 21:56:15.549656,51.135,71.47,18.9634927665372,62.812652481519294,0.0,6.952049434711544,21.086118470993203,cloudy
2025-09-07 22:56:15.549656,51.1694,71.4491,10.119569138997411,74.61917909966252,0.0,16.344605401578452,19.842195293390073,clear
2025-09-07 22:56:15.549656,51.128,71.403,10.98262250063219,84.21859010900485,0.0,4.717604361638411,20.14902318765729,clear
2025-09-07 22:56:15.549656,51.1805,71.446,15.682217833034485,69.44082667269939,0.0,1.9740373756025733,18.670918249842657,clear
2025-09-07 22:56:15.549656,51.135,71.47,11.939511016812196,92.54740675606715,0.0,4.17721476553284,21.44002090187136,clear
2025-09-07 23:56:15.549656,51.1694,71.4491,9.19295365738472,67.22459985104943,0.0,4.497677561791229,20.64061580085199,clear
2025-09-07 23:56:15.549656,51.128,71.403,19.014317761226046,73.87199710492823,5.005665708528459,3.6117124171261126,9.988668582943083,rain
2025-09-07 23:56:15.549656,51.1805,71.446,14.701031637039797,90.81835840728937,0.0,5.626072370969774,20.161509727343564,clear
2025-09-07 23:56:15.549656,51.135,71.47,16.507914123030826,64.22346966632693,0.0,7.914158906784938,20.766421842836667,cloudy
2025-09-08 00:56:15.549656,51.1694,71.4491,13.304289187699327,69.73390750115287,0.0,8.608885090534429,21.66551328990584,cloudy
2025-09-08 00:56:15.549656,51.128,71.403,14.895386333513898,89.02006441389813,0.0,7.38201843042011,19.866662861447203,clear
2025-09-08 00:56:15.549656,51.1805,71.446,11.942129382699727,81.38869378403784,0.0,1.318147192125697,20.451392170301958,clear
2025-09-08 00:56:15.549656,51.135,71.47,10.436752456062107,86.87730195602603,0.0,2.4324639365859655,20.8559119636317,cloudy
2025-09-08 01:56:15.549656,51.1694,71.4491,17.724396962687337,57.022225404859256,0.0,1.2397713677306057,20.068449010273195,cloudy
2025-09-08 01:56:15.549656,51.128,71.403,16.736401724327823,45.40642001763162,2.064886959638192,4.028025821807562,15.870226080723615,cloudy
2025-09-08 01:56:15.549656,51.1805,71.446,16.090819740341402,60.735705505819645,0.0,8.156475360656351,19.335268847892408,cloudy
2025-09-08 01:56:15.549656,51.135,71.47,12.139860600206578,65.23022141613387,0.0,3.4285535637195084,18.50926474228172,clear
2025-09-08 02:56:15.549656,51.1694,71.4491,12.386374225437695,67.97518034889212,0.0,3.644886710261468,21.348832646056444,clear
2025-09-08 02:56:15.549656,51.128,71.403,7.145604677566768,79.96158140155302,0.0,10.300288674465259,18.617098610228105,clear
2025-09-08 02:56:15.549656,51.1805,71.446,15.642468102800223,62.930979901513965,0.0,1.9304164263608028,21.13786924623019,clear
2025-09-08 02:56:15.549656,51.135,71.47,14.531932943893747,60.23544744445218,0.0,6.053568575318124,18.538985390831776,clear
2025-09-08 03:56:15.549656,51.1694,71.4491,13.939545524791557,78.5071806571161,0.0,4.293442541538971,21.498151714024893,clear
2025-09-08 03:56:15.549656,51.128,71.403,15.710157331999476,92.43643743389445,0.0,6.171264834101221,21.96907897445323,clear
2025-09-08 03:56:15.549656,51.1805,71.446,15.731662885958105,62.92005100462364,0.0,7.813554222850953,18.050626077903125,cloudy
2025-09-08 03:56:15.549656,51.135,71.47,17.689172640389458,73.02263681317936,0.0,10.550425274721283,21.019943623895674,clear
2025-09-08 04:56:15.549656,51.1694,71.4491,15.79266940530099,61.81935253703483,0.0,0.7103209842594177,20.11051794893622,clear
2025-09-08 04:56:15.549656,51.128,71.403,16.175502771478342,64.72899692007434,0.0,25.142565372724036,21.131132717126892,clear
2025-09-08 04:56:15.549656,51.1805,71.446,17.366913507750507,61.08248046404554,0.0,7.6990207077501225,21.19775580055662,cloudy
2025-09-08 04:56:15.549656,51.135,71.47,17.364532541448852,88.51261913475935,0.0,6.945414832026348,20.14659173437422,cloudy
2025-09-08 05:56:15.549656,51.1694,71.4491,15.130895664076254,55.12575064957734,0.0,3.700322122351591,18.727905424217756,cloudy
2025-09-08 05:56:15.549656,51.128,71.403,15.856682101541802,62.91356297158959,0.0,4.132266825975918,20.888179824948743,clear
2025-09-08 05:56:15.549656,51.1805,71.446,11.617657998083633,64.41396570393286,3.2806356080477563,15.923057618839511,13.438728783904487,cloudy
2025-09-08 05:56:15.549656,51.135,71.47,19.245446341055537,70.5758288593846,0.0,7.072978219041634,19.101471937209272,clear
2025-09-08 06:56:15.549656,51.1694,71.4491,14.076712202872166,62.966754508621946,0.0,2.0123169698337824,18.557632547642122,clear
2025-09-08 06:56:15.549656,51.128,71.403,19.26719204360081,61.60362307207553,0.0,3.0387294131167613,20.137103588343386,clear
2025-09-08 06:56:15.549656,51.1805,71.446,23.040542141093745,62.93022457152923,0.0,5.117946485063813,21.863740442495967,clear
2025-09-08 06:56:15.549656,51.135,71.47,15.65878626486786,77.44178216530588,0.0,11.525212446029672,21.208581335437714,cloudy
2025-09-08 07:56:15.549656,51.1694,71.4491,27.243258517645703,57.3083599652867,0.0,14.50149225782599,18.53873924830552,clear
2025-09-08 07:56:15.549656,51.128,71.403,21.758702367203615,57.21291121477441,0.0,4.595135364505865,19.47839613074186,cloudy
2025-09-08 07:56:15.549656,51.1805,71.446,21.7340388882974,63.538602444836954,0.0,4.115314007750804,18.694834269329828,cloudy
2025-09-08 07:56:15.549656,51.135,71.47,17.782079158800833,75.7181528068142,0.0,3.11603368402694,20.610595794775715,clear
2025-09-08 08:56:15.549656,51.1694,71.4491,23.319474867035492,55.29603186833686,0.0,9.899657773374152,18.87534000803963,clear
2025-09-08 08:56:15.549656,51.128,71.403,25.477763621331224,37.06995448014671,0.0,12.861477386417675,19.381459778122334,clear
2025-09-08 08:56:15.549656,51.1805,71.446,19.401543770445457,71.80982757000527,0.0,0.7419109482603538,20.29939561264216,cloudy
2025-09-08 08:56:15.549656,51.135,71.47,21.781845693814333,63.722847389440695,0.0,13.163610566459283,19.15204498523154,clear
2025-09-08 09:56:15.549656,51.1694,71.4491,19.93346841951594,55.15050036605487,0.0,3.0917549790188144,20.50746902258102,clear
2025-09-08 09:56:15.549656,51.128,71.403,19.77202391107164,54.04379314775616,1.7327112385067374,10.642253084847995,16.534577522986527,cloudy
2025-09-08 09:56:15.549656,51.1805,71.446,19.984790032485545,56.33051450008668,0.0,6.247691937219762,19.073502856024703,cloudy
2025-09-08 09:56:15.549656,51.135,71.47,24.130356042730867,45.43013117057866,0.0,12.195329246629292,18.76958362287886,cloudy
2025-09-08 10:56:15.549656,51.1694,71.4491,22.746563315734118,63.24668751123898,0.0,6.693998600097234,20.51855245416732,cloudy
2025-09-08 10:56:15.549656,51.128,71.403,21.849528359395833,75.09928698902579,0.0,9.00820239965952,19.5070907283867,cloudy
2025-09-08 10:56:15.549656,51.1805,71.446,26.93255018409724,35.81709582338694,0.815395759689729,0.7507982527550675,18.369208480620543,cloudy
2025-09-08 10:56:15.549656,51.135,71.47,24.144312919256468,60.80600180388948,0.0,2.434879578991269,21.837516934859433,clear
2025-09-08 11:56:15.549656,51.1694,71.4491,24.235825549431418,45.741321055935884,0.0,9.722159268123471,18.97247473303795,clear
2025-09-08 11:56:15.549656,51.128,71.403,20.57856890941614,82.85813028742946,2.872580452656924,4.1447209237457345,14.254839094686151,cloudy
2025-09-08 11:56:15.549656,51.1805,71.446,19.758901714918103,68.46495000630624,0.0,9.51915389226105,21.343888345319076,clear
2025-09-08 11:56:15.549656,51.135,71.47,20.340263374566838,62.69005979021413,0.0,6.020913667098181,18.52993575933579,cloudy
2025-09-08 12:56:15.549656,51.1694,71.4491,28.30427083838095,34.571115568488125,0.0,4.637071334383352,20.450522849535712,clear
2025-09-08 12:56:15.549656,51.128,71.403,24.27100958936181,55.858569315228124,0.0,4.576880680636062,20.02572401401539,clear
2025-09-08 12:56:15.549656,51.1805,71.446,25.433273741817676,51.70575409180173,0.8483900775353043,2.1106750950073168,18.303219844929394,cloudy
2025-09-08 12:56:15.549656,51.135,71.47,27.109234243583835,64.36584163082222,0.0,13.293910461076896,19.25704991143517,clear
2025-09-08 13:56:15.549656,51.1694,71.4491,19.834208028379003,69.9285927971776,0.0,3.463329506636521,19.01407956857268,clear
2025-09-08 13:56:15.549656,51.128,71.403,24.685536008468713,40.07610203669164,0.0,4.767742455062065,21.77323782842974,clear
2025-09-08 13:56:15.549656,51.1805,71.446,30.512747713310095,46.60360362407861,0.0,4.482786191408796,21.42773530084879,clear
2025-09-08 13:56:15.549656,51.135,71.47,25.19498393542587,51.44709565759844,0.0,1.855499161229114,21.644371618448453,clear
2025-09-08 14:56:15.549656,51.1694,71.4491,19.89271413407216,66.56305514346307,0.0,3.9915255721218275,18.955561707086652,clear
2025-09-08 14:56:15.549656,51.128,71.403,23.505685831307133,36.72754919881129,0.0,3.465089124352468,19.411059374719013,clear
2025-09-08 14:56:15.549656,51.1805,71.446,18.047909057012326,89.09865083812797,0.0,4.477554794305615,18.695088639882957,clear
2025-09-08 14:56:15.549656,51.135,71.47,24.307962137785243,57.173135595699975,0.0,4.027298515423116,19.54767538471189,clear
2025-09-08 15:56:15.549656,51.1694,71.4491,23.6761945189525,75.63628211307822,0.0,2.8308521162219176,20.032223179199075,clear
2025-09-08 15:56:15.549656,51.128,71.403,15.18643521071864,81.37400375459454,0.0,2.530303767260322,19.153798659407627,clear
2025-09-08 15:56:15.549656,51.1805,71.446,25.362252610119945,53.83100481818396,0.0,1.4756278613543965,18.628569838365664,clear
2025-09-08 15:56:15.549656,51.135,71.47,22.341877425319254,61.43618625170997,0.0,7.835623717881686,21.785346611158072,clear
2025-09-08 16:56:15.549656,51.1694,71.4491,14.001099797016028,59.86202838252096,0.0,0.7922024123309039,21.802396371333575,clear
2025-09-08 16:56:15.549656,51.128,71.403,24.640298432254156,60.9718025349311,0.0,5.882896197649788,21.156577534416606,clear
2025-09-08 16:56:15.549656,51.1805,71.446,19.34187387055908,48.69156173174774,0.0,1.8847919473459256,20.15491413892028,clear
2025-09-08 16:56:15.549656,51.135,71.47,19.266830493064326,63.81635338675281,0.0,7.954157649735011,19.191240588224858,clear
2025-09-08 17:56:15.549656,51.1694,71.4491,18.07930639682513,89.07464009647296,0.8849962903775361,6.798739213463858,18.230007419244927,cloudy
2025-09-08 17:56:15.549656,51.128,71.403,21.37863497132777,65.21314055955533,0.0,10.312672614285361,18.128472840882715,clear
2025-09-08 17:56:15.549656,51.1805,71.446,24.50946848234223,53.32082003191131,0.0,16.108370080504066,18.91596959210957,cloudy
2025-09-08 17:56:15.549656,51.135,71.47,17.13308247937922,58.90392161094295,0.0,15.875948875086639,18.028211667454627,clear
2025-09-08 18:56:15.549656,51.1694,71.4491,14.651434796244512,71.57443075407083,0.0,3.4127414085530825,20.847233541925604,clear
2025-09-08 18:56:15.549656,51.128,71.403,13.17677885946814,57.64959596991893,1.8718461241133864,3.8943884122518577,16.256307751773228,cloudy
2025-09-08 18:56:15.549656,51.1805,71.446,12.565688319378506,75.12486078155908,0.7612089090857779,7.220367669155597,18.477582181828446,cloudy
2025-09-08 18:56:15.549656,51.135,71.47,18.205488698164622,60.59482231082262,0.0,3.5988210666960248,18.100469117192933,clear
2025-09-08 19:56:15.549656,51.1694,71.4491,17.004438430348227,69.28702438153051,0.0,6.552994730419007,18.363376254646816,cloudy
2025-09-08 19:56:15.549656,51.128,71.403,19.642939182733556,52.37249220733633,0.0,6.586958831769208,18.10816827959382,clear
2025-09-08 19:56:15.549656,51.1805,71.446,18.094203810275953,67.11152326750438,0.0,3.8576879351891438,19.077263386736146,cloudy
2025-09-08 19:56:15.549656,51.135,71.47,15.889015023991215,54.41451610797392,0.0,5.208532899108484,18.404362318313964,clear
2025-09-08 20:56:15.549656,51.1694,71.4491,15.113671047894362,61.08051704665253,0.0,1.5946375792659424,18.804963491015442,clear
2025-09-08 20:56:15.549656,51.128,71.403,14.508217028602212,74.98253884964718,0.0,16.42755878058171,20.057900913283355,clear
2025-09-08 20:56:15.549656,51.1805,71.446,11.452526711797544,94.77876712595267,0.0,1.4309711280436386,20.725130501910296,clear
2025-09-08 20:56:15.549656,51.135,71.47,20.4848603173614,63.97595972352887,0.0,6.762325515080242,21.527588995050287,clear
2025-09-08 21:56:15.549656,51.1694,71.4491,10.398903599455007,69.46644512429675,0.0,5.157130110812589,19.841586320429613,cloudy
2025-09-08 21:56:15.549656,51.128,71.403,11.776067561762087,85.36878014108207,0.0,13.529859570750842,20.4815122093619,clear
2025-09-08 21:56:15.549656,51.1805,71.446,13.425470323293647,78.87046888721657,2.350860192960099,5.186454881027016,15.298279614079801,cloudy
2025-09-08 21:56:15.549656,51.135,71.47,16.756850978280756,63.87162066812452,0.0,4.426493588073223,19.848590072340578,cloudy
2025-09-08 22:56:15.549656,51.1694,71.4491,12.500663492861467,76.43018086718659,0.0,3.5362130415974127,18.517739400600348,clear
2025-09-08 22:56:15.549656,51.128,71.403,19.046696917947457,77.71381716380897,0.0,4.766272103744736,18.017902249100317,clear
2025-09-08 22:56:15.549656,51.1805,71.446,15.463081917859967,72.73385151999831,0.12116595187281701,6.581718041692884,19.757668096254367,cloudy
2025-09-08 22:56:15.549656,51.135,71.47,11.04917405329029,84.28788729912546,0.0,5.266814822833776,18.66086606971691,cloudy
2025-09-08 23:56:15.549656,51.1694,71.4491,13.368549204471597,82.6324502302012,0.0,3.831921320020634,21.757133910820777,clear
2025-09-08 23:56:15.549656,51.128,71.403,13.042703596139528,70.43930300832768,0.0,4.085432552099276,18.08990257067832,cloudy
2025-09-08 23:56:15.549656,51.1805,71.446,13.00104739780347,68.74808579668279,0.0,14.289488814603743,21.6185063991187,clear
2025-09-08 23:56:15.549656,51.135,71.47,12.411201878100389,78.89008040642392,1.6439847087345447,7.4708079027587075,16.71203058253091,cloudy
2025-09-09 00:56:15.549656,51.1694,71.4491,10.680156383612438,74.00881192017168,0.0,7.708049084489749,21.280352590913328,cloudy
2025-09-09 00:56:15.549656,51.128,71.403,9.819013709707596,69.70782720508222,0.0,1.211706659438486,20.866000519864834,cloudy
2025-09-09 00:56:15.549656,51.1805,71.446,18.62587912893875,49.84255138457353,0.0,0.1824166549137792,20.775505881611668,cloudy
2025-09-09 00:56:15.549656,51.135,71.47,16.094690820980112,71.93875996634931,0.0,5.885601532281734,19.312741327776763,cloudy
2025-09-09 01:56:15.549656,51.1694,71.4491,11.539422191664256,94.28551920072414,0.0,0.9288953885305304,21.642496086482833,clear
2025-09-09 01:56:15.549656,51.128,71.403,9.131053435000307,75.20761110602191,2.7773888628055694,6.205371369664388,14.445222274388861,cloudy
2025-09-09 01:56:15.549656,51.1805,71.446,14.563009346378273,62.05601486915463,0.0,5.474117803735506,20.30832450719291,clear
2025-09-09 01:56:15.549656,51.135,71.47,17.552493311614743,71.38160197287064,0.0,6.205286986055403,19.699421071579355,cloudy
2025-09-09 02:56:15.549656,51.1694,71.4491,11.10842025742566,77.8942890831289,0.0,2.8254998956058732,19.797549472903015,clear
2025-09-09 02:56:15.549656,51.128,71.403,14.243538638416592,68.16662321660733,0.0,1.714249544877663,21.286698716359883,clear
2025-09-09 02:56:15.549656,51.1805,71.446,18.46378819282417,81.85923013667747,0.0,12.532367552226516,19.866083366521636,clear
2025-09-09 02:56:15.549656,51.135,71.47,12.236001689028186,74.26917621354512,0.0,2.562852491066995,19.830912066004032,clear
2025-09-09 03:56:15.549656,51.1694,71.4491,13.477392156294323,62.67453225699343,0.0,13.47058029413824,20.480555233719056,clear
2025-09-09 03:56:15.549656,51.128,71.403,12.424369344333053,75.34989159106993,0.0,6.6397273435391355,19.25313955890293,clear
2025-09-09 03:56:15.549656,51.1805,71.446,14.61851141460351,71.93332353720227,0.0,8.28699156499613,18.267382749954614,cloudy
2025-09-09 03:56:15.549656,51.135,71.47,14.382834181732216,74.4926531451928,0.0,3.0947275486100834,19.063669009922542,clear
2025-09-09 04:56:15.549656,51.1694,71.4491,9.345095337619572,81.388059781372,0.0,4.34347989973665,18.52745443275674,clear
2025-09-09 04:56:15.549656,51.128,71.403,21.751931954820733,68.93064623017837,0.0,2.9229015215653527,20.52776459661124,cloudy
2025-09-09 04:56:15.549656,51.1805,71.446,14.122912855446641,73.98915121710431,0.0,3.4591570896874515,19.018303673368916,clear
2025-09-09 04:56:15.549656,51.135,71.47,16.172193743723646,77.60479406045661,0.0,6.172878818997878,19.50239288409258,cloudy
2025-09-09 05:56:15.549656,51.1694,71.4491,17.630224857538543,49.804175538057976,0.0,14.23737598193248,21.956692271503268,clear
2025-09-09 05:56:15.549656,51.128,71.403,16.832947878187085,77.40809132089117,0.0,6.964974802287722,20.697106849021015,clear
2025-09-09 05:56:15.549656,51.1805,71.446,17.047379837690197,61.61489326106614,0.0,9.407316221636902,19.18584792907996,clear
2025-09-09 05:56:15.549656,51.135,71.47,15.689469480542229,64.15863855469607,0.0,11.152851519202788,20.3260401018089,clear
2025-09-09 06:56:15.549656,51.1694,71.4491,15.699345789366944,89.14359735846806,0.0,7.617734024648696,21.162434930275136,clear
2025-09-09 06:56:15.549656,51.128,71.403,10.975723838685482,62.25130119879574,0.0,3.7285674583085022,18.451377293185637,clear
2025-09-09 06:56:15.549656,51.1805,71.446,17.86039556780381,87.79410832459638,1.2699842449519865,5.1633536250525705,17.460031510096027,cloudy
2025-09-09 06:56:15.549656,51.135,71.47,15.44857468886489,74.69898345493071,0.0,1.7466638246032,18.24718542011857,clear
2025-09-09 07:56:15.549656,51.1694,71.4491,21.962994123666384,69.67505078735448,0.0,10.138213998680857,18.251676463665685,cloudy
2025-09-09 07:56:15.549656,51.128,71.403,20.187969573630745,69.61703190649597,0.0,9.410336449597883,21.081815491706674,clear
2025-09-09 07:56:15.549656,51.1805,71.446,19.755378959838556,68.18892495901937,0.0,1.0334391897071966,19.753864311559834,clear
2025-09-09 07:56:15.549656,51.135,71.47,19.405043372700668,59.016890336288434,0.0,3.5809850334199,21.535256535319157,clear
2025-09-09 08:56:15.549656,51.1694,71.4491,14.067591619047347,78.24725958567917,0.0,3.4981932956337736,19.932881365468766,cloudy
2025-09-09 08:56:15.549656,51.128,71.403,20.715789787873156,68.19902590099095,0.0,2.5375790189914205,21.492163590688584,clear
2025-09-09 08:56:15.549656,51.1805,71.446,20.002556402998657,61.788705800421155,0.0,8.466350404846192,20.157032092142543,cloudy
2025-09-09 08:56:15.549656,51.135,71.47,22.56992007974489,67.09679457599401,0.0,6.358271547276413,21.528419972764844,clear
2025-09-09 09:56:15.549656,51.1694,71.4491,23.143280560754217,58.759786825842504,0.0,6.484747068959299,20.138953547939263,clear
2025-09-09 09:56:15.549656,51.128,71.403,23.260331968151853,40.90609648207302,0.0,9.045731157157077,20.338825076471586,clear
2025-09-09 09:56:15.549656,51.1805,71.446,25.229167407254053,56.522369616190616,0.0,7.02819318131642,20.056687668503443,cloudy
2025-09-09 09:56:15.549656,51.135,71.47,21.000375761516132,70.98364089402905,0.0,12.577430900180888,19.904350216608666,clear
2025-09-09 10:56:15.549656,51.1694,71.4491,15.82392441141441,53.1198938492953,0.0,1.3612055249109882,20.99506835961294,clear
2025-09-09 10:56:15.549656,51.128,71.403,22.951694085499895,63.43776720341788,0.0,0.22604222925203243,18.75045118744705,clear
2025-09-09 10:56:15.549656,51.1805,71.446,23.246612196090823,62.504620308749374,0.0,8.526528054777035,21.18553220451446,clear
2025-09-09 10:56:15.549656,51.135,71.47,20.807073420449736,39.583375165228574,0.6231357627120706,9.105763687648457,18.75372847457586,cloudy
2025-09-09 11:56:15.549656,51.1694,71.4491,19.2733786769953,53.69624269006043,0.0,1.6385680976614505,18.09773527654965,clear
2025-09-09 11:56:15.549656,51.128,71.403,23.511495136996654,55.6027680610455,0.0,5.097397698477034,21.436137432136007,cloudy
2025-09-09 11:56:15.549656,51.1805,71.446,18.21144850031854,55.963647768742625,0.0,7.867616293086158,19.938281868782983,cloudy
2025-09-09 11:56:15.549656,51.135,71.47,24.045151777795013,67.79519690133633,0.0,9.046539771425065,18.70751280639606,clear
2025-09-09 12:56:15.549656,51.1694,71.4491,21.434896357650096,61.630784451432056,0.0,1.2211301536030486,21.661088022857523,clear
2025-09-09 12:56:15.549656,51.128,71.403,24.619138228387065,41.710062875861034,0.4461516801105274,6.54071776117576,19.107696639778947,cloudy
2025-09-09 12:56:15.549656,51.1805,71.446,23.612330532853232,76.74361008074611,0.0,15.161289048710703,20.398446359198868,cloudy
2025-09-09 12:56:15.549656,51.135,71.47,25.093380644651724,42.74506302734314,0.0,4.622663666710931,21.897037822226714,cloudy
2025-09-09 13:56:15.549656,51.1694,71.4491,22.167843726835997,63.70796825869458,0.0,8.710504961690711,21.419849932614373,cloudy
2025-09-09 13:56:15.549656,51.128,71.403,20.37494876543261,62.763058484780075,0.0,4.867231132900601,19.896144090833037,clear
2025-09-09 13:56:15.549656,51.1805,71.446,21.896188968641965,50.722083636338716,1.5098910239940053,8.88883737692797,16.98021795201199,cloudy
2025-09-09 13:56:15.549656,51.135,71.47,21.767574414620523,61.74856065856451,0.0,13.258512139894703,19.9056350637284,clear
2025-09-09 14:56:15.549656,51.1694,71.4491,22.43062307976366,59.57995022509594,0.0,3.3892391387202183,21.649413197003042,clear
2025-09-09 14:56:15.549656,51.128,71.403,17.17865801205547,69.85273694871772,0.0,1.597479316291386,20.591044923813385,cloudy
2025-09-09 14:56:15.549656,51.1805,71.446,26.593841106222964,72.10044853301076,0.0,10.428160365021192,18.151516291757897,clear
2025-09-09 14:56:15.549656,51.135,71.47,23.778344974891937,67.97621842201298,0.0,4.352301861712041,19.216880819155357,clear
2025-09-09 15:56:15.549656,51.1694,71.4491,24.591671578481932,67.95954209243021,0.0,4.692234575590552,19.3756111922093,clear
2025-09-09 15:56:15.549656,51.128,71.403,22.94994550059105,53.52241846982056,1.299251429797361,2.2832842054736364,17.401497140405276,cloudy
2025-09-09 15:56:15.549656,51.1805,71.446,20.132751441484615,47.70171666576267,0.8436246299456718,12.417031965707146,18.312750740108655,cloudy
2025-09-09 15:56:15.549656,51.135,71.47,16.031099392567864,82.01282994840807,0.0,11.055978740579382,19.387638938946985,cloudy
2025-09-09 16:56:15.549656,51.1694,71.4491,17.826651450213387,70.66578293590635,0.0,7.034932260805335,20.235819692518454,cloudy
2025-09-09 16:56:15.549656,51.128,71.403,26.254243262712947,44.67899690054439,0.0,8.241160248601078,18.150284140133632,clear
2025-09-09 16:56:15.549656,51.1805,71.446,22.093373261621252,56.919148040973425,0.0,7.950823024511818,20.66819543003963,cloudy
2025-09-09 16:56:15.549656,51.135,71.47,18.62586568479813,74.45475379241161,0.0,6.478895684724813,20.3800212513484,clear
2025-09-09 17:56:15.549656,51.1694,71.4491,18.329405526835696,72.93110705649228,0.0,2.507895351327157,19.83693065090788,clear
2025-09-09 17:56:15.549656,51.128,71.403,24.26153529052716,45.61287671609661,0.0,3.8897447041043343,18.83748829625849,cloudy
2025-09-09 17:56:15.549656,51.1805,71.446,16.473292101133367,56.1817779658272,0.0,2.5945447239279207,20.62496958898946,clear
2025-09-09 17:56:15.549656,51.135,71.47,21.018310140480885,57.93153030654266,0.0,8.393762381995561,20.166464039077393,clear
2025-09-09 18:56:15.549656,51.1694,71.4491,16.88771429037658,67.8608293510865,0.0,9.176846958163836,20.874028601586947,clear
2025-09-09 18:56:15.549656,51.128,71.403,15.966588389835552,72.54281692517675,0.0,5.816997442030362,21.865316925265503,clear
2025-09-09 18:56:15.549656,51.1805,71.446,16.05898021642371,73.71855414246858,0.0,5.596148760883322,19.828398282938856,clear
2025-09-09 18:56:15.549656,51.135,71.47,21.036701998704984,56.36517209769462,0.0,8.27923468336601,21.532564415508435,clear
2025-09-09 19:56:15.549656,51.1694,71.4491,17.282122952693793,69.60146328359997,0.0,4.523983378410042,21.763221258700327,clear
2025-09-09 19:56:15.549656,51.128,71.403,17.56364452307781,62.43147821328646,0.0,0.7434125491901575,20.077951996965012,clear
2025-09-09 19:56:15.549656,51.1805,71.446,14.977788471674788,73.19837120794075,0.0,17.91677941342354,18.24746807057725,clear
2025-09-09 19:56:15.549656,51.135,71.47,16.952248101433003,59.15126406729569,0.0,5.832640488705724,19.489901991287034,cloudy
2025-09-09 20:56:15.549656,51.1694,71.4491,13.179873843559173,79.65873814828007,0.0,5.528006098850886,21.372736163073288,clear
2025-09-09 20:56:15.549656,51.128,71.403,13.256231927488999,62.95480598016454,0.0,5.383431472365199,18.14422608271682,clear
2025-09-09 20:56:15.549656,51.1805,71.446,11.437817060758404,72.10047696505822,0.0,3.6802455715630815,19.52409663290147,cloudy
2025-09-09 20:56:15.549656,51.135,71.47,17.022472254419792,62.22520338830077,0.0,1.1999320108176776,20.653822457058858,clear
2025-09-09 21:56:15.549656,51.1694,71.4491,12.36880897164722,85.50125397867929,0.0,12.165905679430807,21.284898020072436,cloudy
2025-09-09 21:56:15.549656,51.128,71.403,10.892490618117616,65.60377181128773,0.0,4.086309912589137,21.507123672252078,cloudy
2025-09-09 21:56:15.549656,51.1805,71.446,14.544665379641849,83.5510459156532,0.0,2.6709974155578178,18.7059363305761,cloudy
2025-09-09 21:56:15.549656,51.135,71.47,16.244003248175837,89.08369680225975,0.0,5.775734424894025,18.79400276605097,clear
2025-09-09 22:56:15.549656,51.1694,71.4491,11.494397276209694,71.5685295009618,0.0,9.511244366480827,19.66228411673124,cloudy
2025-09-09 22:56:15.549656,51.128,71.403,13.584346992099293,75.40446645843816,0.0,11.03669943934378,19.201168465445583,clear
2025-09-09 22:56:15.549656,51.1805,71.446,13.306721896292208,63.884713543478,0.0,5.103416733930626,19.350324390343584,clear
2025-09-09 22:56:15.549656,51.135,71.47,13.416882479096701,64.06129620221695,0.0,0.6374612513306293,21.29939534505673,cloudy
2025-09-09 23:56:15.549656,51.1694,71.4491,20.282837717129233,69.00910868125247,0.0,29.023033162915453,19.665107318578613,clear
2025-09-09 23:56:15.549656,51.128,71.403,15.118788448966658,61.729225778559496,0.0,8.388443838859965,21.746402439224745,clear
2025-09-09 23:56:15.549656,51.1805,71.446,13.307338881667292,72.77838384509633,0.0,8.665800019028165,20.303605803541068,cloudy
2025-09-09 23:56:15.549656,51.135,71.47,11.308454356881803,87.49059583218316,0.0,3.1192365018410766,18.05288660606623,clear
2025-09-10 00:56:15.549656,51.1694,71.4491,10.673952529081767,72.49053875848797,0.036310632900523214,6.3648863257409225,19.927378734198953,cloudy
2025-09-10 00:56:15.549656,51.128,71.403,10.581885819878444,72.5867634306542,0.0,0.9425839040289139,18.431070044267567,clear
2025-09-10 00:56:15.549656,51.1805,71.446,8.777709884583388,77.88307621203002,0.0,4.296418242009238,20.552577194022447,clear
2025-09-10 00:56:15.549656,51.135,71.47,14.197400415835252,80.19941865614899,0.0,16.591936447878947,20.00654062381121,clear
2025-09-10 01:56:15.549656,51.1694,71.4491,14.126098223595822,63.01425175930112,0.0,3.7006243915799537,19.90259443743144,clear
2025-09-10 01:56:15.549656,51.128,71.403,12.478986477435694,57.81017060735246,0.0,3.170443593820536,19.468383025499666,clear
2025-09-10 01:56:15.549656,51.1805,71.446,11.81825785825906,82.06444557153638,0.0,8.815772237944813,20.57415372453966,cloudy
2025-09-10 01:56:15.549656,51.135,71.47,17.785714865693727,53.159475378048455,0.0,6.035055278104593,18.38703799693944,clear
2025-09-10 02:56:15.549656,51.1694,71.4491,17.553176436519088,52.54068552423191,0.0,7.303168148190478,21.644029258215564,cloudy
2025-09-10 02:56:15.549656,51.128,71.403,9.706048199857548,56.259285188751505,0.0,5.059525395439707,19.395118375091748,clear
2025-09-10 02:56:15.549656,51.1805,71.446,8.929594474212351,89.86703291236921,0.0,5.649742793509885,21.438242586379666,cloudy
2025-09-10 02:56:15.549656,51.135,71.47,7.192963481702279,79.85407177924512,0.0,8.146814619368264,21.39029311501185,cloudy
2025-09-10 03:56:15.549656,51.1694,71.4491,13.723955474911415,59.12679699691496,0.0,2.057654714077089,19.218819586555615,clear
2025-09-10 03:56:15.549656,51.128,71.403,14.826365076578538,85.28137185894934,0.0,3.417770533956048,19.462194445730145,clear
2025-09-10 03:56:15.549656,51.1805,71.446,11.107211768356201,76.11085106275245,0.0,4.539220432729332,20.098845055004926,cloudy
2025-09-10 03:56:15.549656,51.135,71.47,14.164292619880129,70.55129766869229,0.0,6.881317975750989,18.28909930505578,clear
2025-09-10 04:56:15.549656,51.1694,71.4491,16.422089009935124,77.36973890090623,0.0,2.45119623219906,18.53125555018902,clear
2025-09-10 04:56:15.549656,51.128,71.403,16.266466527561445,64.21153187884907,0.0,4.863945113937631,19.288341364241724,clear
2025-09-10 04:56:15.549656,51.1805,71.446,13.805006516952737,76.990122729695,0.30543670579430315,2.7732673763231213,19.389126588411393,cloudy
2025-09-10 04:56:15.549656,51.135,71.47,16.499566347670015,70.05825082010253,0.0,1.1192771965825288,18.104397002854135,clear
2025-09-10 05:56:15.549656,51.1694,71.4491,18.953852521366564,60.97954000079496,0.0,7.846774373977528,19.74242548336714,cloudy
2025-09-10 05:56:15.549656,51.128,71.403,15.585515895498599,95.0,0.0,5.385603407587952,21.033610518722938,clear
2025-09-10 05:56:15.549656,51.1805,71.446,16.323432611876953,67.67496598043451,0.0,7.64719979660029,18.657818704273904,clear
2025-09-10 05:56:15.549656,51.135,71.47,6.998604544131565,77.11121913154768,0.0,9.335118238477676,20.763637719431014,cloudy
2025-09-10 06:56:15.549656,51.1694,71.4491,21.98336073517321,66.27494094979043,0.0,4.545842204507561,21.388767302965466,cloudy
2025-09-10 06:56:15.549656,51.128,71.403,12.06419489521746,74.60989188314686,0.0,5.04218220050633,18.263384606726103,clear
2025-09-10 06:56:15.549656,51.1805,71.446,20.338937611848493,84.17699918128889,0.0,2.8368218838619925,19.035260612225713,cloudy
2025-09-10 06:56:15.549656,51.135,71.47,14.775533109568602,58.65893233565893,0.0,2.305289837725142,20.683731345822522,cloudy
2025-09-10 07:56:15.549656,51.1694,71.4491,19.269497797982197,71.63175381534786,0.0,9.254231539308579,21.26641291312286,cloudy
2025-09-10 07:56:15.549656,51.128,71.403,24.83739429859877,66.87321801472297,0.0,12.1398154116255,20.367318619382072,clear
2025-09-10 07:56:15.549656,51.1805,71.446,16.99723135834767,56.84331193188051,0.0,2.7199723999891465,18.522140118704932,clear
2025-09-10 07:56:15.549656,51.135,71.47,21.876503834192754,54.216505733144146,0.0,7.964084303682173,21.766131138540125,cloudy
2025-09-10 08:56:15.549656,51.1694,71.4491,25.362575816133823,57.19001414552139,0.0,6.024940122425822,21.65023806147707,clear
2025-09-10 08:56:15.549656,51.128,71.403,23.90681194209182,61.25340597739736,0.0,6.414832562573082,18.526172647369947,cloudy
2025-09-10 08:56:15.549656,51.1805,71.446,16.681759672068154,65.37236602178866,0.0,7.364815648339063,21.94145091234879,clear
2025-09-10 08:56:15.549656,51.135,71.47,21.27299769710538,66.2958831248243,0.0,5.577952924684572,18.31122979870006,cloudy
2025-09-10 09:56:15.549656,51.1694,71.4491,25.59226793969293,39.87409496822625,0.0,6.99253730534831,20.816160852478273,clear
2025-09-10 09:56:15.549656,51.128,71.403,21.021689164688745,73.12948810972823,0.0,10.291117773425533,21.11274671410111,clear
2025-09-10 09:56:15.549656,51.1805,71.446,23.06181792295706,81.6584844125943,0.0,5.0827761267806695,20.602108697309337,clear
2025-09-10 09:56:15.549656,51.135,71.47,21.15449568230836,62.875366255289094,0.0,2.270546685167143,20.13797467882684,clear
2025-09-10 10:56:15.549656,51.1694,71.4491,22.24957029552173,60.26647668057118,0.0,3.1761906492815086,20.67832820916745,clear
2025-09-10 10:56:15.549656,51.128,71.403,19.012289872373636,65.52349477179798,0.0,4.6718792364845445,18.440470647924368,cloudy
2025-09-10 10:56:15.549656,51.1805,71.446,20.180765369752862,68.44223813734449,0.0,10.749463913736646,18.10772318442276,cloudy
2025-09-10 10:56:15.549656,51.135,71.47,16.680252223133635,75.18467903980937,0.0,3.431330778460876,19.34567476287378,clear
2025-09-10 11:56:15.549656,51.1694,71.4491,21.790630111448923,49.08223947389772,0.0,7.769478907631451,18.418255852190143,cloudy
2025-09-10 11:56:15.549656,51.128,71.403,18.26486936721008,55.94061845221511,0.0,9.478653369225908,19.194664879248467,clear
2025-09-10 11:56:15.549656,51.1805,71.446,25.43672737616197,82.68362984598978,0.0,6.899081674318875,19.978555746444883,clear
2025-09-10 11:56:15.549656,51.135,71.47,23.462924585198625,56.39018525768846,0.0,7.534581708248625,20.072951353400725,cloudy
2025-09-10 12:56:15.549656,51.1694,71.4491,22.61031249199903,50.245450826226985,0.0,1.9234389082673313,19.032672674481123,clear
2025-09-10 12:56:15.549656,51.128,71.403,24.94123683242558,53.71409396648756,0.0,0.6247609732728101,20.506978109688482,clear
2025-09-10 12:56:15.549656,51.1805,71.446,22.069735788097383,52.64044695293157,0.0,9.596365073026977,21.010256993482212,clear
2025-09-10 12:56:15.549656,51.135,71.47,17.3418178111111,83.2670631547422,0.0,3.16343140525909,18.297954075455415,clear
2025-09-10 13:56:15.549656,51.1694,71.4491,26.546228911267658,47.30262650713295,0.0,7.851255021000947,20.58698806126888,cloudy
2025-09-10 13:56:15.549656,51.128,71.403,20.993676791884333,60.17823001049548,0.0,7.902518951949736,20.175939128363293,clear
2025-09-10 13:56:15.549656,51.1805,71.446,28.303420955200917,46.69435293147847,0.0,12.101841233236437,18.92259452713056,cloudy
2025-09-10 13:56:15.549656,51.135,71.47,20.916600217973993,86.27844061884753,0.0,8.539896637471532,19.63275558723144,clear
2025-09-10 14:56:15.549656,51.1694,71.4491,17.51395870222187,67.40564024077976,0.0,3.3600707199109285,18.06184806860999,clear
2025-09-10 14:56:15.549656,51.128,71.403,21.490681544913745,55.78484908571416,0.0,5.943721472394058,19.80474256882609,cloudy
2025-09-10 14:56:15.549656,51.1805,71.446,24.97602491254552,62.75315420590821,0.0,2.95095723383606,21.591701232801157,cloudy
2025-09-10 14:56:15.549656,51.135,71.47,19.608602018836983,72.28892933104382,0.0,7.095338831456328,20.403487664657995,clear
2025-09-10 15:56:15.549656,51.1694,71.4491,16.531706418732565,74.51410787795147,0.0,2.2804536695675126,21.05185139624416,clear
2025-09-10 15:56:15.549656,51.128,71.403,27.066584142376254,61.108745268460154,0.0,2.4848623691833986,20.644540440417686,clear
2025-09-10 15:56:15.549656,51.1805,71.446,24.32953526245685,67.78711952212501,2.6818622515077406,10.51967913366404,14.636275496984519,cloudy
2025-09-10 15:56:15.549656,51.135,71.47,21.95132800814605,57.69752609983463,0.0,10.867533550995592,18.403976339715,clear
2025-09-10 16:56:15.549656,51.1694,71.4491,22.240882966125326,49.83958443749319,0.0,0.2832770433186993,19.124916012036508,cloudy
2025-09-10 16:56:15.549656,51.128,71.403,13.9752275683304,69.95705772822186,0.0,10.434952801794362,19.98696582735822,clear
2025-09-10 16:56:15.549656,51.1805,71.446,21.870386334329865,62.36474917042027,0.0,11.97384258550796,19.299716053513773,clear
2025-09-10 16:56:15.549656,51.135,71.47,18.23858171857079,50.74406747030994,2.7237533512516445,6.097628099234356,14.552493297496712,cloudy
2025-09-10 17:56:15.549656,51.1694,71.4491,24.159432514972615,60.15635952285174,0.0,14.642130729625954,19.705433717561288,clear
2025-09-10 17:56:15.549656,51.128,71.403,17.51318631404247,72.08746374748785,0.0,4.874939122650541,18.914209907301696,clear
2025-09-10 17:56:15.549656,51.1805,71.446,17.979398216807667,66.661371867198,0.0,14.433851805851614,18.489034488741044,cloudy
2025-09-10 17:56:15.549656,51.135,71.47,16.571947024614698,68.24268603288199,0.0,5.892450710531864,18.02241169510556,clear
2025-09-10 18:56:15.549656,51.1694,71.4491,19.983276949284424,56.83151279507358,0.0,2.494157049189774,19.66728371845864,cloudy
2025-09-10 18:56:15.549656,51.128,71.403,12.337833207941756,77.0304687172347,0.0,1.4766547534813665,19.013636268271938,cloudy
2025-09-10 18:56:15.549656,51.1805,71.446,16.760511771134137,69.6032367900464,0.0,3.3387784351889236,20.439377245619063,clear
2025-09-10 18:56:15.549656,51.135,71.47,16.550203893571613,78.78606682312235,0.0,9.556351877297093,21.62327789783346,clear
2025-09-10 19:56:15.549656,51.1694,71.4491,13.718316566536885,82.21090554685496,0.0,3.3678797701572503,20.61994579115671,clear
2025-09-10 19:56:15.549656,51.128,71.403,17.04510713205631,58.555761030335944,0.0,7.801576462777499,18.590850124975454,cloudy
2025-09-10 19:56:15.549656,51.1805,71.446,10.896296809435778,63.88387966841428,0.0,9.352253017395,19.595518903049662,cloudy
2025-09-10 19:56:15.549656,51.135,71.47,15.602275262529183,77.00352479422301,0.0,4.723209223786915,19.96595723496473,cloudy
2025-09-10 20:56:15.549656,51.1694,71.4491,17.881389692910794,75.91512780920817,0.0,6.18471699365387,20.51983656487916,clear
2025-09-10 20:56:15.549656,51.128,71.403,13.355575227642737,75.98362085762825,0.0,1.5957285515437496,20.602884766227646,clear
2025-09-10 20:56:15.549656,51.1805,71.446,10.716301364724588,85.19836838896015,0.0,4.081366724686729,18.686496732085047,clear
2025-09-10 20:56:15.549656,51.135,71.47,9.923016425052223,75.27248662227534,0.0,15.634029799877,21.090380253261298,clear
2025-09-10 21:56:15.549656,51.1694,71.4491,12.929139253150474,57.02541161451889,2.4594784366012465,3.1135322855797813,15.081043126797507,cloudy
2025-09-10 21:56:15.549656,51.128,71.403,13.48761684855273,74.6626232924822,0.0,3.1082571667148113,18.99808245828496,clear
2025-09-10 21:56:15.549656,51.1805,71.446,11.772120217980616,70.1258337393697,0.0,2.6010767626747837,18.349746491315564,clear
2025-09-10 21:56:15.549656,51.135,71.47,17.214943657565573,70.17135778790085,0.0,4.4831189502053626,18.98915968708741,clear
2025-09-10 22:56:15.549656,51.1694,71.4491,17.31859915400804,79.55164139245831,0.0,1.6167461132634362,19.943629397321427,clear
2025-09-10 22:56:15.549656,51.128,71.403,12.966948168801292,81.60764780201531,0.0,22.426717076594777,20.528830014166946,cloudy
2025-09-10 22:56:15.549656,51.1805,71.446,18.13886141550913,70.27951889284745,0.0,8.869368285170209,20.033930194188944,clear
2025-09-10 22:56:15.549656,51.135,71.47,10.45831373777909,76.50305521031713,0.0,0.42764410375332446,19.820964838561117,clear
2025-09-10 23:56:15.549656,51.1694,71.4491,18.176050188383687,79.04685586985356,0.0,3.8839115087695095,21.839739326998476,clear
2025-09-10 23:56:15.549656,51.128,71.403,17.04018268244065,95.0,0.0,4.699133183358656,21.075867708965493,clear
2025-09-10 23:56:15.549656,51.1805,71.446,11.5054613690589,76.47298514941886,0.0,3.4403526011638217,19.403634213283414,clear
2025-09-10 23:56:15.549656,51.135,71.47,12.436404512178408,82.97741773360407,0.0,3.9327184331566105,20.066130712919612,cloudy
2025-09-11 00:56:15.549656,51.1694,71.4491,8.050577317364198,68.71273325409544,0.0,3.776974478871721,20.59594660937212,clear
2025-09-11 00:56:15.549656,51.128,71.403,18.61275249686951,68.88035778880348,0.0,5.213519354720335,18.382359581068048,clear
2025-09-11 00:56:15.549656,51.1805,71.446,14.500224859494967,78.9294792846998,0.0,2.8958516057450923,20.873471471784647,cloudy
2025-09-11 00:56:15.549656,51.135,71.47,11.672508187975069,70.07697573602665,0.0,3.8637805498197424,19.356906045383596,cloudy
2025-09-11 01:56:15.549656,51.1694,71.4491,12.71499769674719,54.69800039086965,0.0,8.833545479884641,18.436314717335314,clear
2025-09-11 01:56:15.549656,51.128,71.403,12.952577164235437,68.53517696291492,0.0,3.0427778126981098,20.788311696221644,clear
2025-09-11 01:56:15.549656,51.1805,71.446,8.898525316190735,92.02550571339752,0.0,5.680670980670547,21.95012881146418,cloudy
2025-09-11 01:56:15.549656,51.135,71.47,16.974522453252728,78.04085805804492,0.0,12.940876767002251,18.836867227653205,cloudy
2025-09-11 02:56:15.549656,51.1694,71.4491,10.949414952696056,89.99156568257878,0.0,10.001055229656865,20.364176062287115,cloudy
2025-09-11 02:56:15.549656,51.128,71.403,8.8485129249063,78.32697545607073,0.0,10.044850964519675,18.588125355107405,clear
2025-09-11 02:56:15.549656,51.1805,71.446,9.543017043656878,78.66789407257086,1.1614802097788186,10.757981773194539,17.67703958044236,cloudy
2025-09-11 02:56:15.549656,51.135,71.47,15.68623392276034,71.98993918123449,0.0,3.756680377829018,19.349074627123485,clear
2025-09-11 03:56:15.549656,51.1694,71.4491,18.667603986369215,82.4142205951677,0.0,8.781514351306228,20.02913988428977,clear
2025-09-11 03:56:15.549656,51.128,71.403,16.547144930074513,52.5665921213301,0.0,1.8771483306700927,18.713400624541215,clear
2025-09-11 03:56:15.549656,51.1805,71.446,12.239125504449351,61.36434481893694,0.0,2.860225823280645,20.36629433881857,clear
2025-09-11 03:56:15.549656,51.135,71.47,10.995442028344137,87.22757758646594,0.0,2.4105272914693407,20.905180554565458,cloudy
2025-09-11 04:56:15.549656,51.1694,71.4491,15.501546641532498,54.31615140487027,0.0,3.8710094413642295,21.2873639278754,clear
2025-09-11 04:56:15.549656,51.128,71.403,14.728722158440775,69.36067644628511,0.0,10.613669739872856,21.731292469657404,clear
2025-09-11 04:56:15.549656,51.1805,71.446,12.453998401784581,58.128790182152215,0.0,8.660374433417031,20.15599041566392,clear
2025-09-11 04:56:15.549656,51.135,71.47,14.157600198487176,58.309617576195976,0.0,13.520221114776614,21.393083685672252,clear
2025-09-11 05:56:15.549656,51.1694,71.4491,17.44082950969736,74.68400051892847,0.0,3.750042027533935,19.92278833679918,clear
2025-09-11 05:56:15.549656,51.128,71.403,16.486124517169866,64.52257105872077,0.0,2.3068553450418716,18.117993259439288,clear
2025-09-11 05:56:15.549656,51.1805,71.446,14.047283768208766,80.80204022718713,0.0,1.9016370427265052,19.81714551473221,cloudy
2025-09-11 05:56:15.549656,51.135,71.47,11.029558012596851,86.2685580914965,0.0,1.6556690712565953,21.982523913252123,clear
2025-09-11 06:56:15.549656,51.1694,71.4491,14.997098165186044,77.54518319710033,0.0,3.9600074957818294,20.50429120488476,cloudy
2025-09-11 06:56:15.549656,51.128,71.403,15.991912820105428,50.84418668343646,0.0,3.912181379633,19.030357704034415,clear
2025-09-11 06:56:15.549656,51.1805,71.446,20.10155481882774,70.88331255438432,0.0,3.0320298443118867,19.82614570967222,cloudy
2025-09-11 06:56:15.549656,51.135,71.47,22.366470204713337,39.5995150917696,0.0,9.36836670490139,19.63327839479363,clear
2025-09-11 07:56:15.549656,51.1694,71.4491,18.484482713016526,52.51955760130407,0.0,2.8953953299839053,19.012001155052275,cloudy
2025-09-11 07:56:15.549656,51.128,71.403,17.215334198775285,64.15168660998879,0.0,1.1510805810766127,18.283288110574823,clear
2025-09-11 07:56:15.549656,51.1805,71.446,16.047233940858398,73.13350020237509,1.2005940177169436,17.812010371467842,17.598811964566114,cloudy
2025-09-11 07:56:15.549656,51.135,71.47,23.294587451360055,50.15436475937902,0.0,6.721585720361416,21.39020858027277,clear
2025-09-11 08:56:15.549656,51.1694,71.4491,23.676765501274517,53.57846076260583,0.0,7.571342768662573,19.534047554324744,cloudy
2025-09-11 08:56:15.549656,51.128,71.403,19.850719413489838,71.46333189075902,0.0,8.485319023721303,20.705298078675302,clear
2025-09-11 08:56:15.549656,51.1805,71.446,16.444738200181355,76.05529634937344,0.0,2.965750153445485,20.58513114618389,cloudy
2025-09-11 08:56:15.549656,51.135,71.47,18.00138820427202,72.58628661028044,0.0,2.7490084792341167,19.646202747558114,clear
2025-09-11 09:56:15.549656,51.1694,71.4491,22.725919134936564,68.57248363186135,0.0,2.142151642383793,21.082198686056625,cloudy
2025-09-11 09:56:15.549656,51.128,71.403,21.374932524103492,66.4408596043443,0.0,0.16151009243725023,19.088485886979523,clear
2025-09-11 09:56:15.549656,51.1805,71.446,21.115077281106796,66.33543195982584,0.0,10.349735985716244,20.619541641893058,clear
2025-09-11 09:56:15.549656,51.135,71.47,18.91564233088816,84.49825170329184,0.0,1.3826812319456299,19.761026762855096,cloudy
2025-09-11 10:56:15.549656,51.1694,71.4491,21.51665824354208,61.142177386263945,0.0,3.6649653280398824,21.011586168503634,cloudy
2025-09-11 10:56:15.549656,51.128,71.403,20.63278544162719,61.33902058977543,0.0,5.158356984586592,20.183729797806564,clear
2025-09-11 10:56:15.549656,51.1805,71.446,23.69982435420605,65.88725825501271,0.0,2.637946783397443,21.14075048011082,clear
2025-09-11 10:56:15.549656,51.135,71.47,21.779344027954547,58.63784120532852,0.0,2.473942769075066,21.831978453150914,clear
2025-09-11 11:56:15.549656,51.1694,71.4491,20.907739146662607,55.972294558138685,0.0,7.931907376961499,21.30362853436474,clear
2025-09-11 11:56:15.549656,51.128,71.403,20.927182517326983,55.790231313281204,0.0,4.003949101816094,18.454665336454216,cloudy
2025-09-11 11:56:15.549656,51.1805,71.446,22.518794685750063,45.89333412216313,0.0,13.879350883116782,18.34191280073985,cloudy
2025-09-11 11:56:15.549656,51.135,71.47,13.095659707270606,71.36891557452913,2.12094139951108,7.864563728933732,15.75811720097784,cloudy
2025-09-11 12:56:15.549656,51.1694,71.4491,20.775215704420372,53.11969737616068,5.798013244834152,14.471458048319121,8.403973510331696,rain
2025-09-11 12:56:15.549656,51.128,71.403,25.51298645132349,48.36026892816703,1.137488767384121,0.9899479095842623,17.72502246523176,cloudy
2025-09-11 12:56:15.549656,51.1805,71.446,22.628062174309147,48.34297157814676,0.0,8.378519281732629,20.32070349544836,cloudy
2025-09-11 12:56:15.549656,51.135,71.47,22.686511136488363,78.61586714476437,0.0,5.8239376673109335,18.248502600510008,clear
2025-09-11 13:56:15.549656,51.1694,71.4491,23.782951286522234,57.92017024642688,0.0,16.344372097795304,21.741758879315068,clear
2025-09-11 13:56:15.549656,51.128,71.403,17.92208175278489,58.548608228633015,0.0,0.5768062646207008,18.842088761863682,clear
2025-09-11 13:56:15.549656,51.1805,71.446,25.345163165117885,65.01852949543512,0.0,3.1654915036780924,21.03075024232767,clear
2025-09-11 13:56:15.549656,51.135,71.47,23.734088453894522,53.138435883679875,0.0,2.9219767640226837,18.12012637297833,clear
2025-09-11 14:56:15.549656,51.1694,71.4491,19.93298165344511,48.60526302289421,0.0,1.5154491503401797,21.54923772926094,clear
2025-09-11 14:56:15.549656,51.128,71.403,20.085302082643114,56.29400137687244,0.0,5.320349669881563,20.821592380716417,clear
2025-09-11 14:56:15.549656,51.1805,71.446,19.416450854423612,44.123823371133255,0.0,2.973490660629988,18.551298867066965,clear
2025-09-11 14:56:15.549656,51.135,71.47,21.87389343794583,44.071411352433344,0.0,16.063108014777622,21.844737044734128,clear
2025-09-11 15:56:15.549656,51.1694,71.4491,18.074932259066713,70.72281799478756,0.5442876313064005,6.692731662866851,18.9114247373872,cloudy
2025-09-11 15:56:15.549656,51.128,71.403,20.095804162026628,66.07853954504337,0.0,1.8857893044741854,20.255658814972378,clear
2025-09-11 15:56:15.549656,51.1805,71.446,21.869130636396086,65.32788278856518,0.0,4.144968788219119,18.808977614116962,clear
2025-09-11 15:56:15.549656,51.135,71.47,22.324294022212445,67.08518136767492,0.0,11.853964440504068,18.648306495411873,clear
2025-09-11 16:56:15.549656,51.1694,71.4491,19.402678960746076,51.50797097345578,0.0,3.9750974448773286,21.408969073294667,clear
2025-09-11 16:56:15.549656,51.128,71.403,17.01803642035629,68.0939551963803,0.0,18.29346837186921,19.50502485009037,clear
2025-09-11 16:56:15.549656,51.1805,71.446,22.140303021963145,53.77870424039875,0.0,9.09826070170869,18.507562017516335,cloudy
2025-09-11 16:56:15.549656,51.135,71.47,21.748639662778302,44.23287881351757,0.0,1.66336409294657,20.87137448907509,cloudy
2025-09-11 17:56:15.549656,51.1694,71.4491,18.18621364953485,68.69122299792896,0.0,10.4940204558266,21.786703761873362,cloudy
2025-09-11 17:56:15.549656,51.128,71.403,13.824674243395856,73.48613775051695,0.0,3.638520492579395,20.18549342692289,clear
2025-09-11 17:56:15.549656,51.1805,71.446,15.720629313268837,81.08719623072326,0.0,5.219098526184089,19.934714400172457,clear
2025-09-11 17:56:15.549656,51.135,71.47,13.98989489209034,75.18096356979181,0.0,0.993015329504144,20.332785754212175,clear
2025-09-11 18:56:15.549656,51.1694,71.4491,17.66021464994055,66.5717637988073,0.0,3.757959745316984,18.469033488677404,clear
2025-09-11 18:56:15.549656,51.128,71.403,21.591656987404242,44.18394996711957,0.0,13.430008699899025,21.78168803393785,clear
2025-09-11 18:56:15.549656,51.1805,71.446,18.69367265252375,74.73174284994826,0.0,4.5155979875480154,20.42204329721777,clear
2025-09-11 18:56:15.549656,51.135,71.47,13.763836101686023,84.75489237033338,0.0,4.148689172005579,20.936066013347574,clear
2025-09-11 19:56:15.549656,51.1694,71.4491,16.22028851464829,78.43519287442244,0.0,1.408757352344184,19.576213922555112,cloudy
2025-09-11 19:56:15.549656,51.128,71.403,19.69677837681035,69.42902742545934,1.2805094943543707,1.4405649082255194,17.438981011291258,cloudy
2025-09-11 19:56:15.549656,51.1805,71.446,15.994107043760126,71.70336718699491,0.0,8.212121123320973,19.36679085794832,clear
2025-09-11 19:56:15.549656,51.135,71.47,13.048641373491174,66.53641278478531,0.7370040385829736,5.009648287287069,18.525991922834052,cloudy
2025-09-11 20:56:15.549656,51.1694,71.4491,16.89972584322224,61.841832563197315,0.0,1.203601259660623,20.293159428511014,cloudy
2025-09-11 20:56:15.549656,51.128,71.403,12.680911535340986,58.67937863936214,0.0,1.1362276424546445,18.841262757594766,cloudy
2025-09-11 20:56:15.549656,51.1805,71.446,10.082828629519103,80.46959963525192,1.2849728281045405,9.50515528446476,17.43005434379092,cloudy
2025-09-11 20:56:15.549656,51.135,71.47,17.095290718688965,60.20096008282813,0.0,2.457756095864328,18.195350107422826,cloudy
2025-09-11 21:56:15.549656,51.1694,71.4491,19.039647694897667,70.59875424147185,6.500369904016096,2.9732845527464304,6.999260191967808,rain
2025-09-11 21:56:15.549656,51.128,71.403,16.23273786422468,78.51670301101096,0.0,0.6375170351837394,21.451513235233037,clear
2025-09-11 21:56:15.549656,51.1805,71.446,16.922430968312995,63.67002604111399,0.0,17.953524616549714,21.280464218442575,clear
2025-09-11 21:56:15.549656,51.135,71.47,14.852017676075299,77.04265168676972,0.0,7.350016601108483,18.48700765458089,clear
2025-09-11 22:56:15.549656,51.1694,71.4491,11.448722506165023,78.38916224527213,0.0,5.827136437113088,18.344600810292057,cloudy
2025-09-11 22:56:15.549656,51.128,71.403,10.794825193943327,81.49487973768358,0.0,3.5047425380986237,18.377221876198412,clear
2025-09-11 22:56:15.549656,51.1805,71.446,14.708503103624345,75.69114820069606,0.0,2.191865445323124,19.11561825213184,cloudy
2025-09-11 22:56:15.549656,51.135,71.47,12.183406150174639,75.5672033650446,0.0,13.725674699209295,21.022577941885757,clear
2025-09-11 23:56:15.549656,51.1694,71.4491,12.059877991181896,69.21959857080506,0.0,4.029780181286709,20.712785353139587,clear
2025-09-11 23:56:15.549656,51.128,71.403,12.229676662428162,75.02395833244776,0.0,5.701340134975362,20.732443980718855,cloudy
2025-09-11 23:56:15.549656,51.1805,71.446,9.95479471948643,95.0,1.3172595377068748,7.080357158373667,17.36548092458625,cloudy
2025-09-11 23:56:15.549656,51.135,71.47,11.565754980028707,74.93737666411398,0.0,3.156654688040148,19.417859147571278,clear
2025-09-12 00:56:15.549656,51.1694,71.4491,8.647734929946356,62.98119753075812,1.1424549099447168,7.87446404997943,17.715090180110565,cloudy
2025-09-12 00:56:15.549656,51.128,71.403,6.476930291584496,86.35331245318021,2.8175564197650713,7.498830647832531,14.364887160469857,cloudy
2025-09-12 00:56:15.549656,51.1805,71.446,14.831484763364045,73.89277672643988,0.0,8.58865993833253,19.96902394447889,clear
2025-09-12 00:56:15.549656,51.135,71.47,4.611330783858017,91.22269059782718,0.0,4.376929131465096,18.96526833059712,clear
2025-09-12 01:56:15.549656,51.1694,71.4491,7.543254235815894,90.89815760833841,0.0,9.915472146855082,21.41476560759263,clear
2025-09-12 01:56:15.549656,51.128,71.403,10.094524635660253,86.04252668465432,0.0,1.8526949774630723,19.66120191240798,clear
2025-09-12 01:56:15.549656,51.1805,71.446,14.545356614379614,71.93322021690713,0.0,6.310284247492309,19.80185508363738,clear
2025-09-12 01:56:15.549656,51.135,71.47,12.410217269674513,77.84668844937521,0.0,3.594703777139923,18.709128515006483,clear
2025-09-12 02:56:15.549656,51.1694,71.4491,9.321146166105445,77.16007878898155,0.0,3.977029634090735,20.43764183953553,cloudy
2025-09-12 02:56:15.549656,51.128,71.403,16.640819588966316,80.62490407547385,0.0,5.048425622634856,18.486324539796193,clear
2025-09-12 02:56:15.549656,51.1805,71.446,8.551256614513274,68.8577410095972,0.0,2.682825854864815,21.445264197905388,clear
2025-09-12 02:56:15.549656,51.135,71.47,14.342447601722508,77.34764193269723,0.0,11.450520180609285,18.2625260066082,clear
2025-09-12 03:56:15.549656,51.1694,71.4491,15.353890003499151,74.8969243516563,0.0,3.0682803471400755,20.7729436951498,cloudy
2025-09-12 03:56:15.549656,51.128,71.403,13.996233137567089,61.900929751187476,0.0,7.811589783920539,19.853881175064554,clear
2025-09-12 03:56:15.549656,51.1805,71.446,15.110520788404022,81.93974866938082,0.0,5.235708076993289,20.871405946207435,clear
2025-09-12 03:56:15.549656,51.135,71.47,14.681151460166245,47.567603277188816,0.0,11.148417437964,20.12435859934538,clear
2025-09-12 04:56:15.549656,51.1694,71.4491,15.491287408071745,76.98332292563354,0.0,7.3801765727640785,20.873131256105694,clear
2025-09-12 04:56:15.549656,51.128,71.403,12.564098525648948,65.70078423419761,3.522791025802849,3.2655294271656357,12.954417948394301,cloudy
2025-09-12 04:56:15.549656,51.1805,71.446,8.639355488206155,80.3888822740034,0.0,5.077168705454037,21.585781353050105,cloudy
2025-09-12 04:56:15.549656,51.135,71.47,12.761867564209568,66.87500234713666,0.0,2.5967116629860176,19.867793149710813,clear
2025-09-12 05:56:15.549656,51.1694,71.4491,20.581590878956277,73.62744064512334,0.0,9.320389627759127,20.355901215747863,clear
2025-09-12 05:56:15.549656,51.128,71.403,13.976217804649966,59.21038044471966,0.0,8.562828590482901,18.48342911818038,cloudy
2025-09-12 05:56:15.549656,51.1805,71.446,10.116510988898918,86.00989801453798,0.0,17.310932606169178,19.00878204486597,clear
2025-09-12 05:56:15.549656,51.135,71.47,14.650396497719658,64.87187439581614,0.0,6.713539656056658,21.991241205337715,clear
2025-09-12 06:56:15.549656,51.1694,71.4491,18.32515105799304,70.1662563088076,1.5064346716332984,6.327067472646721,16.987130656733402,cloudy
2025-09-12 06:56:15.549656,51.128,71.403,18.14771633612326,45.23301066926512,0.0,1.4683479408954079,18.6568295687119,cloudy
2025-09-12 06:56:15.549656,51.1805,71.446,17.70249817669038,81.63819707749406,0.0,7.353537603733027,19.37514922333669,clear
2025-09-12 06:56:15.549656,51.135,71.47,18.583486587277303,58.93350902320423,0.0,5.689136865189424,21.36623492276685,clear
2025-09-12 07:56:15.549656,51.1694,71.4491,17.102882132797287,89.79714190501048,2.399966620540888,2.2523890846649106,15.200066758918226,cloudy
2025-09-12 07:56:15.549656,51.128,71.403,21.546612547114606,66.86902144708684,0.0,7.116180323399428,20.733182305151626,cloudy
2025-09-12 07:56:15.549656,51.1805,71.446,14.76716089273391,89.59190226211211,0.0,6.276093193046426,20.405296896721826,cloudy
2025-09-12 07:56:15.549656,51.135,71.47,18.667232188350063,62.011841056538536,0.0,11.046008898621132,18.21569117831876,cloudy
2025-09-12 08:56:15.549656,51.1694,71.4491,17.78416207236072,59.81525703019928,0.0,2.606370463366643,19.954833850238423,clear
2025-09-12 08:56:15.549656,51.128,71.403,13.812976341303557,83.58451935549091,0.0,0.1435421135897098,20.854949418474252,cloudy
2025-09-12 08:56:15.549656,51.1805,71.446,22.527088948846565,53.08342837054749,0.0,6.990500501736442,18.086992228790102,clear
2025-09-12 08:56:15.549656,51.135,71.47,22.596285909288582,59.25772874192355,0.0,1.9470210727052009,18.54185896216113,cloudy
2025-09-12 09:56:15.549656,51.1694,71.4491,15.961837173988076,76.44063079972393,1.8442480507362804,0.2700244361464691,16.31150389852744,cloudy
2025-09-12 09:56:15.549656,51.128,71.403,23.19280746525596,62.78473147824936,0.0,21.217601461942614,21.550597034652775,cloudy
2025-09-12 09:56:15.549656,51.1805,71.446,18.251875643183375,67.88320511591536,0.0,4.680783702406181,20.331097353178055,cloudy
2025-09-12 09:56:15.549656,51.135,71.47,17.414485597253464,76.39870015398945,0.0,6.779549217361473,21.27054925910934,clear
2025-09-12 10:56:15.549656,51.1694,71.4491,22.24374568867093,63.29750451305337,0.0,4.787866786248725,20.87766632945168,cloudy
2025-09-12 10:56:15.549656,51.128,71.403,22.55587562571315,64.40761444584199,0.0,5.973073008940467,20.4774427653958,cloudy
2025-09-12 10:56:15.549656,51.1805,71.446,21.852553475869442,65.37141256533317,0.0,1.5669830163860805,19.653426797090805,clear
2025-09-12 10:56:15.549656,51.135,71.47,19.253310409797155,87.22572146552278,0.0,12.783161711186597,18.54635417999126,clear
2025-09-12 11:56:15.549656,51.1694,71.4491,22.65915919875607,71.42850709330011,0.0,6.031526510924948,21.101756528580736,clear
2025-09-12 11:56:15.549656,51.128,71.403,22.338339753549025,64.11179074638186,0.0,2.5357757854884557,21.079960453964993,clear
2025-09-12 11:56:15.549656,51.1805,71.446,18.358704026987578,81.55830779406554,0.0,11.445598004148895,18.92635009258648,clear
2025-09-12 11:56:15.549656,51.135,71.47,21.375735019996633,57.17602121326058,0.0,8.17297668639954,21.496580061677005,clear
2025-09-12 12:56:15.549656,51.1694,71.4491,23.681288643085825,46.94762629890681,0.0,1.4562197046992749,19.22805546842606,cloudy
2025-09-12 12:56:15.549656,51.128,71.403,25.158733025996252,41.28639648590371,0.0,8.793280100473021,21.84194191124707,clear
2025-09-12 12:56:15.549656,51.1805,71.446,25.21483152613541,43.7049505597799,0.0,12.28237674191195,18.014362154356764,cloudy
2025-09-12 12:56:15.549656,51.135,71.47,17.188330885860765,57.49132002811425,0.0,10.496468589447737,20.149469519273488,clear
2025-09-12 13:56:15.549656,51.1694,71.4491,12.829409376758207,84.37488473499522,0.0,6.499118997997478,19.66498833132726,clear
2025-09-12 13:56:15.549656,51.128,71.403,23.655791881203275,60.3438389429833,0.0,8.403900886597633,20.97459542497549,clear
2025-09-12 13:56:15.549656,51.1805,71.446,19.8316988981552,44.68296467906515,0.0,6.536641237224098,20.239662831616005,cloudy
2025-09-12 13:56:15.549656,51.135,71.47,24.751511993761113,47.99740604357414,0.0,7.874941406190849,21.40354788461874,cloudy
2025-09-12 14:56:15.549656,51.1694,71.4491,22.890063042588263,73.37538859439816,0.0,3.9530564802145722,20.381485143915764,cloudy
2025-09-12 14:56:15.549656,51.128,71.403,23.30514712559325,40.551902616716646,0.0,4.121026560337471,19.445173105252472,clear
2025-09-12 14:56:15.549656,51.1805,71.446,22.22113488442435,62.69621882911932,0.0,7.813546499941738,18.1665537059447,clear
2025-09-12 14:56:15.549656,51.135,71.47,19.419510207360656,45.56462295843805,0.0,10.16599125695773,20.04516861372132,cloudy
2025-09-12 15:56:15.549656,51.1694,71.4491,21.049838949589528,54.83346926938874,0.0,2.094930277781996,21.105929793569516,clear
2025-09-12 15:56:15.549656,51.128,71.403,23.362400819029027,59.272263868973596,0.0,21.794612631272983,21.85190594196144,cloudy
2025-09-12 15:56:15.549656,51.1805,71.446,20.37618561181043,32.01744755153159,0.0,14.622725495331153,20.15111452103071,clear
2025-09-12 15:56:15.549656,51.135,71.47,24.18827075118034,66.89527061278022,0.0,5.904336000054085,20.178088675218163,clear
2025-09-12 16:56:15.549656,51.1694,71.4491,17.491277881329104,62.93866660275713,0.0,6.62450509701792,20.67367154035151,cloudy
2025-09-12 16:56:15.549656,51.128,71.403,14.674284526228476,65.29737292516153,0.0,9.151340910735072,20.859776325339524,clear
2025-09-12 16:56:15.549656,51.1805,71.446,22.7380318959286,64.30794707774726,0.0,2.6262191074755714,19.93117970148534,cloudy
2025-09-12 16:56:15.549656,51.135,71.47,21.46674972875866,55.40316831872019,0.0,5.138893555430268,18.585088340759913,clear
2025-09-12 17:56:15.549656,51.1694,71.4491,13.944589757159855,82.27379983251261,0.0,1.9227723390855473,19.790382087642307,clear
2025-09-12 17:56:15.549656,51.128,71.403,15.809821212912437,69.5815717188212,0.0,1.8046921784423569,21.5537929833833,clear
2025-09-12 17:56:15.549656,51.1805,71.446,18.287617648678708,78.02270605791209,0.0,4.296831632031191,18.02518684895579,clear
2025-09-12 17:56:15.549656,51.135,71.47,18.82010929380257,69.62182805901632,0.0,2.911300462780826,21.17743010233484,clear
2025-09-12 18:56:15.549656,51.1694,71.4491,8.38969933152913,57.12249070959863,0.0,5.947128442557404,20.481756760286437,cloudy
2025-09-12 18:56:15.549656,51.128,71.403,17.42772596355872,65.47309853828857,0.0,2.99168479835122,18.95203456422489,clear
2025-09-12 18:56:15.549656,51.1805,71.446,16.513232882868113,65.0070034270647,6.004564057721279,3.6283703035695147,7.990871884557443,rain
2025-09-12 18:56:15.549656,51.135,71.47,16.51946148681734,62.39669719504037,0.0,5.87185105736335,19.58190463050938,clear
2025-09-12 19:56:15.549656,51.1694,71.4491,14.902569989075616,66.85067097522364,0.0,1.7647087630019591,19.803925780362533,clear
2025-09-12 19:56:15.549656,51.128,71.403,17.32134148165994,66.6588830324742,0.0,4.932795227976141,21.84898647065992,cloudy
2025-09-12 19:56:15.549656,51.1805,71.446,18.855876368562097,61.604861207833004,0.0,4.931604160000809,18.358704676094643,clear
2025-09-12 19:56:15.549656,51.135,71.47,13.437060868247032,72.46931255128536,0.0,2.971040549951469,20.87274508096839,clear
2025-09-12 20:56:15.549656,51.1694,71.4491,16.052470898281605,68.54601697940414,0.0,5.373876310630611,18.075738934661604,cloudy
2025-09-12 20:56:15.549656,51.128,71.403,7.604439443406141,74.52246032758296,0.0,11.110251892786598,21.565505976570485,clear
2025-09-12 20:56:15.549656,51.1805,71.446,10.877756489575383,55.10327438724856,0.0,3.062711632760129,18.973921133296244,clear
2025-09-12 20:56:15.549656,51.135,71.47,14.794844130929555,66.86178886012611,0.0,16.15333884366801,21.204111456881314,cloudy
2025-09-12 21:56:15.549656,51.1694,71.4491,11.705572268436281,74.36306413553864,0.0,9.496981864236222,18.679985672533675,clear
2025-09-12 21:56:15.549656,51.128,71.403,10.533772740047272,75.28223762699542,1.1829104039791518,3.2513059293480824,17.634179192041696,cloudy
2025-09-12 21:56:15.549656,51.1805,71.446,10.587659065935135,72.68122364600441,0.0,8.58333310867676,21.13806069541302,cloudy
2025-09-12 21:56:15.549656,51.135,71.47,13.055778214755309,55.36586705703301,0.0,1.5773832729834016,18.500001629994113,cloudy
2025-09-12 22:56:15.549656,51.1694,71.4491,12.079503953190533,67.00929453230441,0.0,7.193763321860872,18.60550126790375,clear
2025-09-12 22:56:15.549656,51.128,71.403,7.864834036817773,84.39851171626474,0.0,8.474957018555948,20.703330557697818,clear
2025-09-12 22:56:15.549656,51.1805,71.446,14.534060783789625,58.27666609261251,0.0,15.501668496488074,18.457178284230057,clear
2025-09-12 22:56:15.549656,51.135,71.47,9.316166325025701,74.41968740192482,0.0,9.20003084325715,18.042091439206047,cloudy
2025-09-12 23:56:15.549656,51.1694,71.4491,3.0929478546782736,95.0,1.0971524004446176,1.9505839028105343,17.805695199110765,cloudy
2025-09-12 23:56:15.549656,51.128,71.403,14.14275386818386,70.07912637249484,0.0,4.242627463338229,19.641969010355275,clear
2025-09-12 23:56:15.549656,51.1805,71.446,11.540981184177122,86.08346338829743,0.0,4.608566727631298,20.980556430049532,clear
2025-09-12 23:56:15.549656,51.135,71.47,8.07726701435817,59.25391648287329,0.0,4.2148171995993335,19.32276190949935,cloudy
2025-09-13 00:56:15.549656,51.1694,71.4491,7.862016376841445,65.70172785622862,0.0,2.0802282266594103,19.14874376033635,clear
2025-09-13 00:56:15.549656,51.128,71.403,11.934319665984448,81.20464305130189,0.0,2.0627555690498154,21.04253312045893,cloudy
2025-09-13 00:56:15.549656,51.1805,71.446,9.51903955922307,78.62321001848433,3.165839797896327,9.413023615397915,13.668320404207346,cloudy
2025-09-13 00:56:15.549656,51.135,71.47,12.872815918936912,59.70231279157005,0.0,3.7390959422326757,20.562927481423095,clear
2025-09-13 01:56:15.549656,51.1694,71.4491,20.19586107716332,65.51275111194028,0.0,3.277219000424102,19.151984866591317,clear
2025-09-13 01:56:15.549656,51.128,71.403,12.636800425227309,64.12322786487341,1.507804638171856,5.100176061870675,16.98439072365629,cloudy
2025-09-13 01:56:15.549656,51.1805,71.446,11.982747070316233,82.28864683871419,0.0,5.09687934821652,20.560638241886824,clear
2025-09-13 01:56:15.549656,51.135,71.47,9.238124466319931,81.73069624726871,0.0,5.185284798457328,19.416435918036722,clear
2025-09-13 02:56:15.549656,51.1694,71.4491,12.751347141944676,75.8165414559032,0.0,9.339187067386783,19.171434148986336,clear
2025-09-13 02:56:15.549656,51.128,71.403,11.023173516059089,71.72047872273338,0.44677158932261396,3.349658461205564,19.106456821354772,cloudy
2025-09-13 02:56:15.549656,51.1805,71.446,17.008117860258057,71.20957394476788,0.0,5.554974586223405,20.343000697051117,clear
2025-09-13 02:56:15.549656,51.135,71.47,12.783204769214159,68.13970182795948,0.0,13.50409031803821,20.240029013310497,clear
2025-09-13 03:56:15.549656,51.1694,71.4491,13.969049731881821,86.38799510849488,0.0,3.8653680314246257,20.074753248742113,cloudy
2025-09-13 03:56:15.549656,51.128,71.403,12.409159344010146,73.61382718906998,0.0,4.6524185772036235,21.789863980257003,clear
2025-09-13 03:56:15.549656,51.1805,71.446,16.37995810961214,67.24546538317415,0.0,18.087261845595002,18.08648039645405,clear
2025-09-13 03:56:15.549656,51.135,71.47,8.853332291397052,79.06081208674843,0.0,6.743117125189293,21.572945105177126,clear
2025-09-13 04:56:15.549656,51.1694,71.4491,11.67791772938873,88.38103038648632,3.270674675831585,15.698059688139484,13.45865064833683,cloudy
2025-09-13 04:56:15.549656,51.128,71.403,14.3233568089874,77.52915327741967,0.0,0.4358846708157118,21.020596643707265,clear
2025-09-13 04:56:15.549656,51.1805,71.446,19.391214094038645,64.67169135037699,0.0,6.499553037054719,18.20152262673573,clear
2025-09-13 04:56:15.549656,51.135,71.47,12.546839491469084,65.59042342167803,0.0,0.9522966619275592,18.655087289725294,clear
2025-09-13 05:56:15.549656,51.1694,71.4491,12.745395746026468,72.78930409603146,0.0,9.470946154293458,18.947417285365155,clear
2025-09-13 05:56:15.549656,51.128,71.403,19.084936101320825,60.166155187249736,0.0,2.837822244933283,21.920964046438968,cloudy
2025-09-13 05:56:15.549656,51.1805,71.446,19.469069004568993,75.88914740802444,0.0,27.120366177578163,21.654807398458903,clear
2025-09-13 05:56:15.549656,51.135,71.47,13.051041967943192,62.73332851008606,0.0,8.210991374995253,19.88037841673188,clear
2025-09-13 06:56:15.549656,51.1694,71.4491,16.098759402070183,61.520628750398586,2.229708900187493,9.610836921137505,15.540582199625014,cloudy
2025-09-13 06:56:15.549656,51.128,71.403,17.080643300737947,49.381117761204294,0.0,2.159920300163565,19.56092425887352,clear
2025-09-13 06:56:15.549656,51.1805,71.446,13.559591518471853,72.05285654623401,0.0,6.631384515183422,21.89520360225142,clear
2025-09-13 06:56:15.549656,51.135,71.47,18.333836763825722,73.9621376814273,0.0,5.591631596534222,20.627440122701053,clear
2025-09-13 07:56:15.549656,51.1694,71.4491,21.995774459352816,66.0783193452605,0.0,10.915369633643122,18.008368459619604,cloudy
2025-09-13 07:56:15.549656,51.128,71.403,17.204764451717544,95.0,0.0,6.489229517359368,18.835093712616253,clear
2025-09-13 07:56:15.549656,51.1805,71.446,18.195033887897907,71.49410722175278,0.0,5.302669958699141,21.364111542869335,clear
2025-09-13 07:56:15.549656,51.135,71.47,20.456703390840012,76.07863669759273,0.0,0.8624204686492651,21.569431355582644,clear
2025-09-13 08:56:15.549656,51.1694,71.4491,13.528253301644861,81.48212008321678,0.0,3.7836304638177385,18.650878287015356,clear
2025-09-13 08:56:15.549656,51.128,71.403,22.345841994199358,84.80958828886634,0.0,25.00547125425782,20.916080008700963,clear
2025-09-13 08:56:15.549656,51.1805,71.446,25.79136597017915,47.63162752231098,0.0,4.257919572919726,20.081635295767477,clear
2025-09-13 08:56:15.549656,51.135,71.47,25.506931530392485,56.16911863903759,0.0,3.208640434026095,18.028386486809282,cloudy
2025-09-13 09:56:15.549656,51.1694,71.4491,20.459935690116485,62.838447358637175,0.0,10.99404673636464,18.29839292986167,clear
2025-09-13 09:56:15.549656,51.128,71.403,17.506927706916454,65.9684720097143,0.0,5.242408168755895,18.650022902152216,clear
2025-09-13 09:56:15.549656,51.1805,71.446,15.777233290371406,80.56842190707113,0.0,13.685728317238677,19.040273562826645,clear
2025-09-13 09:56:15.549656,51.135,71.47,12.812341643851413,69.50778229772713,0.0,1.6363176649077729,21.498341322697105,cloudy
2025-09-13 10:56:15.549656,51.1694,71.4491,17.96187464662335,74.88400138016044,0.0,4.3131256009077035,18.097421485490116,cloudy
2025-09-13 10:56:15.549656,51.128,71.403,28.003115188910975,49.91233760534473,0.0,1.7803042276739693,20.53328163876967,cloudy
2025-09-13 10:56:15.549656,51.1805,71.446,22.30011676201656,56.07736340630079,0.0,0.5586341227677541,19.00801562629245,clear
2025-09-13 10:56:15.549656,51.135,71.47,22.107589869630303,64.76184455083414,0.0,7.243635052202558,20.06156727684554,clear
2025-09-13 11:56:15.549656,51.1694,71.4491,31.286011703737294,40.896836911540646,0.0,3.4736636776050553,18.110160686080224,clear
2025-09-13 11:56:15.549656,51.128,71.403,20.556662877682708,65.06353419969987,0.0,1.278820724428695,21.535313636996715,clear
2025-09-13 11:56:15.549656,51.1805,71.446,19.977823162979075,50.290673760421846,0.0,18.52740193246176,20.00633468607253,clear
2025-09-13 11:56:15.549656,51.135,71.47,18.22124142528964,68.8044737875659,0.0,2.9173206292726777,21.109429192844434,clear
2025-09-13 12:56:15.549656,51.1694,71.4491,27.255357153794655,58.48893353814476,0.0,6.615221298592772,18.153194934563277,clear
2025-09-13 12:56:15.549656,51.128,71.403,16.493343719034215,74.6506723480162,0.0,6.406823382418439,21.700619513933262,cloudy
2025-09-13 12:56:15.549656,51.1805,71.446,21.05117422050744,68.21907303797164,0.0,5.104159320074295,21.71187554272336,cloudy
2025-09-13 12:56:15.549656,51.135,71.47,19.459678879940228,60.91732390891074,0.0,4.866321440258416,18.31718558403892,clear
2025-09-13 13:56:15.549656,51.1694,71.4491,22.66623094137968,75.51061553892157,0.0,8.578021929382743,19.260063792668053,cloudy
2025-09-13 13:56:15.549656,51.128,71.403,27.86342168633025,44.13332684692644,0.0,1.2359848157260296,18.80005427158426,cloudy
2025-09-13 13:56:15.549656,51.1805,71.446,22.043236822082598,54.25597149491422,0.0,4.204549813215132,20.842339259003957,cloudy
2025-09-13 13:56:15.549656,51.135,71.47,15.549828933380951,69.07774285244122,1.9226668609134254,4.571810111193473,16.15466627817315,cloudy
2025-09-13 14:56:15.549656,51.1694,71.4491,23.21276738464294,38.55822179176117,0.21937943387906447,5.6766354768272524,19.56124113224187,cloudy
2025-09-13 14:56:15.549656,51.128,71.403,19.021958231099013,78.1804099356627,2.5559778858155577,7.8865473285666505,14.888044228368884,cloudy
2025-09-13 14:56:15.549656,51.1805,71.446,24.316176393285897,65.84577600427465,0.0,5.794126991740715,20.82427615835892,clear
2025-09-13 14:56:15.549656,51.135,71.47,27.213354803779048,49.68120599192592,0.0,2.744610051691054,18.519951881991524,cloudy
2025-09-13 15:56:15.549656,51.1694,71.4491,17.14081323404166,61.96430968641322,0.5677628698174784,9.44072106785768,18.864474260365043,cloudy
2025-09-13 15:56:15.549656,51.128,71.403,21.7440441078469,67.00961641614096,0.0,5.4759146142371575,18.874333495441384,cloudy
2025-09-13 15:56:15.549656,51.1805,71.446,25.25383391750472,49.91437283739886,0.0,10.486111805612339,21.29793551661221,clear
2025-09-13 15:56:15.549656,51.135,71.47,18.492624250635238,70.35824440155245,0.0,4.638569259246776,20.18212771447532,clear
2025-09-13 16:56:15.549656,51.1694,71.4491,17.27851107658283,78.21419426532151,0.0,11.314744988376972,21.408261376622516,clear
2025-09-13 16:56:15.549656,51.128,71.403,20.056761574962845,53.80497173579461,0.0,6.080405633604907,20.97022556843084,cloudy
2025-09-13 16:56:15.549656,51.1805,71.446,25.73530894568491,60.97290422215465,0.0,15.809956180486184,21.904973794948692,cloudy
2025-09-13 16:56:15.549656,51.135,71.47,12.210692379495278,80.42198980863104,0.0,8.622388494259724,18.271771710547977,clear
2025-09-13 17:56:15.549656,51.1694,71.4491,17.18206186485065,76.35814399180732,0.0,0.5733448019383072,21.261437984326342,clear
2025-09-13 17:56:15.549656,51.128,71.403,15.716286179234341,81.58709583268366,0.0,4.4565859606708935,19.554587528122592,clear
2025-09-13 17:56:15.549656,51.1805,71.446,18.18486986579331,71.12610113870701,0.0,17.625313043692735,20.383281134811597,clear
2025-09-13 17:56:15.549656,51.135,71.47,21.310110659764714,71.52881559159619,0.0,11.467287828043869,19.371177176525205,cloudy
2025-09-13 18:56:15.549656,51.1694,71.4491,14.25833790208905,87.06916568587737,0.0,9.86057042842279,18.77303666155668,cloudy
2025-09-13 18:56:15.549656,51.128,71.403,16.60322732209233,43.89389515356673,0.0,2.3098724316182326,18.636353477098492,cloudy
2025-09-13 18:56:15.549656,51.1805,71.446,13.301117228480134,74.96386418329686,0.0,4.292972916570017,21.56882636945069,clear
2025-09-13 18:56:15.549656,51.135,71.47,21.245666354568357,47.14523723856959,0.0,2.6160995526612845,21.97366892939813,clear
2025-09-13 19:56:15.549656,51.1694,71.4491,15.366170499880228,66.44695117609007,0.0,4.591644692218731,18.903565887455393,clear
2025-09-13 19:56:15.549656,51.128,71.403,13.262880398734321,62.41279117252151,0.0,14.269476556425197,19.71112465170168,cloudy
2025-09-13 19:56:15.549656,51.1805,71.446,13.34916255223242,67.8670921016519,0.0,13.656384362553396,19.974471769056432,clear
2025-09-13 19:56:15.549656,51.135,71.47,20.858695617888493,39.9904673204739,0.0,5.855549891929657,19.01037049011143,clear
2025-09-13 20:56:15.549656,51.1694,71.4491,11.950812112978541,76.87654402101936,0.0,8.877441288557229,20.47753540303662,clear
2025-09-13 20:56:15.549656,51.128,71.403,14.03903396517413,59.360518148202814,0.0,6.286287515414703,20.38343236999071,cloudy
2025-09-13 20:56:15.549656,51.1805,71.446,9.227213636894371,70.03388101700553,2.142144491745179,1.2473582495520923,15.71571101650964,cloudy
2025-09-13 20:56:15.549656,51.135,71.47,14.695746096611437,61.772695116477784,4.981842150281695,13.386698967663806,10.03631569943661,cloudy
2025-09-13 21:56:15.549656,51.1694,71.4491,9.480371742653531,95.0,0.5530891800440466,7.9435257740066465,18.893821639911906,cloudy
2025-09-13 21:56:15.549656,51.128,71.403,11.5622242246797,75.75251175496453,0.0,6.0833655459378155,18.323751144486245,clear
2025-09-13 21:56:15.549656,51.1805,71.446,9.106249905191486,88.22676614259638,0.0,5.619670142916659,20.18101476649052,clear
2025-09-13 21:56:15.549656,51.135,71.47,19.43677105721543,47.381265627072565,0.0,9.532991169763221,19.115991453925687,cloudy
2025-09-13 22:56:15.549656,51.1694,71.4491,14.08113137088198,75.80509177017187,0.0,11.96016892459919,18.438575985664894,cloudy
2025-09-13 22:56:15.549656,51.128,71.403,15.89697899632255,66.32811053012949,0.0,11.180321542660074,18.668801840858492,clear
2025-09-13 22:56:15.549656,51.1805,71.446,14.431022290940511,60.217769388158075,0.0,6.249162420572842,21.08256170690158,cloudy
2025-09-13 22:56:15.549656,51.135,71.47,10.105461709552731,77.68816439505,0.0,8.034601946860825,19.203388886495603,clear
2025-09-13 23:56:15.549656,51.1694,71.4491,12.684198622036293,83.8117775819432,0.0,4.52507041038505,20.05703576260601,clear
2025-09-13 23:56:15.549656,51.128,71.403,14.477216581376474,64.12777612069885,0.0,6.088866914832103,21.829913371356252,clear
2025-09-13 23:56:15.549656,51.1805,71.446,11.557797283183818,67.16742787500172,0.0,17.345694805446744,19.59106143236312,clear
2025-09-13 23:56:15.549656,51.135,71.47,11.300172705441042,57.23779139945407,0.0,5.782704203026421,18.246115197108484,cloudy
2025-09-14 00:56:15.549656,51.1694,71.4491,11.225249125235152,78.7287148694535,0.0,0.8448607343392163,18.65677669933203,cloudy
2025-09-14 00:56:15.549656,51.128,71.403,4.619858809659806,80.03531395399536,0.0,3.8306478917068447,18.716378410280704,clear
2025-09-14 00:56:15.549656,51.1805,71.446,15.44957605247545,56.739028821408766,0.0,1.006438595112117,20.471306328484935,cloudy
2025-09-14 00:56:15.549656,51.135,71.47,12.909603851663087,68.08986854344846,0.0,2.8736641736647233,21.23314884783872,clear
2025-09-14 01:56:15.549656,51.1694,71.4491,11.67829271306609,79.87477411329144,0.0,7.0056567118510475,21.746493614214216,clear
2025-09-14 01:56:15.549656,51.128,71.403,6.32236446444898,64.9469282955379,0.0,3.0759210945313247,19.802171131270278,clear
2025-09-14 01:56:15.549656,51.1805,71.446,13.616609866476576,84.86818084809599,0.0,2.6118193598112986,21.570612473444033,cloudy
2025-09-14 01:56:15.549656,51.135,71.47,7.360705435007165,83.91818613879339,0.0,5.353348337450388,20.756273048229865,clear
2025-09-14 02:56:15.549656,51.1694,71.4491,9.16887006467352,77.44077720038594,0.0,3.2989062671659752,19.849558414433293,clear
2025-09-14 02:56:15.549656,51.128,71.403,12.993389719284334,79.57474876926476,0.0,9.437992178694861,18.043718830470855,cloudy
2025-09-14 02:56:15.549656,51.1805,71.446,18.843525985450203,67.60859498704286,0.0,11.572435356966407,21.292629590938823,clear
2025-09-14 02:56:15.549656,51.135,71.47,9.785464338068973,85.41966193232489,0.0,8.049198884584552,18.64093615819147,clear
2025-09-14 03:56:15.549656,51.1694,71.4491,12.31105618592435,85.75454686853026,0.0,8.872421239121515,21.983213968820955,cloudy
2025-09-14 03:56:15.549656,51.128,71.403,10.168833345640932,62.87169027914422,0.0,2.801218490821802,20.437749450000922,clear
2025-09-14 03:56:15.549656,51.1805,71.446,13.850975544914267,66.3511922319168,0.0,3.148641568918743,18.56634225048819,cloudy
2025-09-14 03:56:15.549656,51.135,71.47,14.52811358810952,77.45398722775846,0.0,10.77684102163678,18.2542446571759,clear
2025-09-14 04:56:15.549656,51.1694,71.4491,13.558943274606358,64.06190640020293,0.0,11.003615130301572,18.38983829014657,cloudy
2025-09-14 04:56:15.549656,51.128,71.403,15.853737146713229,63.05171505210642,0.0,8.05450462080826,20.62682919634679,clear
2025-09-14 04:56:15.549656,51.1805,71.446,15.683221107836589,66.81844942016888,0.0,11.136788386487693,18.244763088244355,cloudy
2025-09-14 04:56:15.549656,51.135,71.47,17.207723673726665,48.980738280685934,0.0,6.5645321321349055,18.904651079522285,clear
2025-09-14 05:56:15.549656,51.1694,71.4491,20.895464241013844,54.25058430780287,0.0,8.699632162466088,18.598023970960586,clear
2025-09-14 05:56:15.549656,51.128,71.403,15.491276852944846,76.93353716329233,0.0,9.109641767824671,18.71944526261957,clear
2025-09-14 05:56:15.549656,51.1805,71.446,18.96163702232044,65.67925744462651,0.0,5.053136083725675,21.20937346792113,clear
2025-09-14 05:56:15.549656,51.135,71.47,21.904243174486584,64.84157558117137,0.0,7.110216503327981,19.972830935664394,cloudy
2025-09-14 06:56:15.549656,51.1694,71.4491,18.775009349784558,68.35969519008108,0.43646078646865605,8.917776109335009,19.12707842706269,cloudy
2025-09-14 06:56:15.549656,51.128,71.403,18.2301679474165,52.18330969293288,0.0,1.8953616249364542,18.727716606294468,clear
2025-09-14 06:56:15.549656,51.1805,71.446,15.902960667130724,79.68273870604716,0.0,2.6851886601008257,18.608249595299455,clear
2025-09-14 06:56:15.549656,51.135,71.47,16.0452713018353,68.45977953464126,0.0,3.6345749997911394,20.368674617953108,clear
2025-09-14 07:56:15.549656,51.1694,71.4491,18.82814982618508,68.93843036295165,0.0,7.227314709002439,19.596605751955682,clear
2025-09-14 07:56:15.549656,51.128,71.403,10.825367165282909,74.48368702517172,0.0,9.08704499805813,21.22730865107642,cloudy
2025-09-14 07:56:15.549656,51.1805,71.446,20.471056917402315,64.08329247618802,0.0,1.8675948351165554,20.176180747133998,clear
2025-09-14 07:56:15.549656,51.135,71.47,15.619075845386794,81.48762817048186,0.0,7.875671255117533,20.226698425310268,clear
2025-09-14 08:56:15.549656,51.1694,71.4491,19.503765052621926,61.747855532378324,0.0,1.9552715405182775,18.73962693767122,clear
2025-09-14 08:56:15.549656,51.128,71.403,21.378131026870626,57.743084287215446,0.0,3.748399945669954,18.353528573736757,cloudy
2025-09-14 08:56:15.549656,51.1805,71.446,20.418984116227602,66.56636022031311,0.0,17.591440477035164,21.980805076533166,clear
2025-09-14 08:56:15.549656,51.135,71.47,19.2160081184965,53.83674753163497,0.0,8.159876807962899,20.05267021738942,cloudy
2025-09-14 09:56:15.549656,51.1694,71.4491,17.96580030257393,77.11329256216308,0.0,8.374931207719525,20.11572822673624,clear
2025-09-14 09:56:15.549656,51.128,71.403,20.96628578574471,57.24649471933847,0.0,6.546942892212807,21.103133395844655,cloudy
2025-09-14 09:56:15.549656,51.1805,71.446,19.652273264492454,75.89828728888492,0.0,8.082912725569441,21.8367265356965,clear
2025-09-14 09:56:15.549656,51.135,71.47,22.883706015316122,66.23245244965739,0.0,3.060125065864093,19.935421125237376,cloudy
2025-09-14 10:56:15.549656,51.1694,71.4491,15.070217724641195,74.01918710584471,0.0,4.873180010438965,21.78407179073468,clear
2025-09-14 10:56:15.549656,51.128,71.403,22.838675494052723,58.18296552716122,0.0,13.608025946408892,20.93933786634134,cloudy
2025-09-14 10:56:15.549656,51.1805,71.446,23.51569240487802,58.1401094793496,0.0,3.2323941556224787,19.49941921448951,clear
2025-09-14 10:56:15.549656,51.135,71.47,18.515021091872523,55.637664803475715,0.0,4.410364789467215,21.190985362418132,cloudy
2025-09-14 11:56:15.549656,51.1694,71.4491,25.930811419486343,46.3507089583558,0.0,0.43870248040796483,19.61158720839728,clear
2025-09-14 11:56:15.549656,51.128,71.403,17.972449231557427,76.05464195173637,0.0,7.158420313743447,19.595710431414044,clear
2025-09-14 11:56:15.549656,51.1805,71.446,27.710132107647034,57.81455758435108,0.0,13.06788694850923,18.82881099905552,clear
2025-09-14 11:56:15.549656,51.135,71.47,19.109409352828067,62.57903684627727,7.259818846024473,13.51438071933623,5.480362307951054,rain
2025-09-14 12:56:15.549656,51.1694,71.4491,22.96364769674371,41.73780064064459,0.0,8.61034531672439,18.311663920181715,clear
2025-09-14 12:56:15.549656,51.128,71.403,17.526872595011465,74.88733249000636,0.0,1.6537264040718427,18.770332974445854,cloudy
2025-09-14 12:56:15.549656,51.1805,71.446,21.901887360883457,47.17348624310427,0.0,2.5601018076201223,18.14829860266245,clear
2025-09-14 12:56:15.549656,51.135,71.47,22.768307858729802,58.06534649317922,0.0,0.6277873166065145,20.635712443422264,cloudy
2025-09-14 13:56:15.549656,51.1694,71.4491,22.21677804717423,75.46479407596345,1.5228534950662322,2.102173236754272,16.954293009867534,cloudy
2025-09-14 13:56:15.549656,51.128,71.403,20.75546482508042,48.89524805922801,2.5309421123786127,8.49280459385351,14.938115775242775,cloudy
2025-09-14 13:56:15.549656,51.1805,71.446,23.2187069809705,60.372592473932414,0.0,7.386757757616655,19.303091121005625,clear
2025-09-14 13:56:15.549656,51.135,71.47,18.212646174283726,57.43040942717159,1.4288270989750964,6.466257757138246,17.142345802049807,cloudy
2025-09-14 14:56:15.549656,51.1694,71.4491,19.063197396391363,78.14848655217756,0.8134219302174446,1.058969396150904,18.37315613956511,cloudy
2025-09-14 14:56:15.549656,51.128,71.403,20.11187569917541,57.759238059114985,0.0,4.982377141180577,21.48527083707567,cloudy
2025-09-14 14:56:15.549656,51.1805,71.446,24.22164061007537,54.61289888291919,0.0,2.9021306008125025,20.14174412423747,cloudy
2025-09-14 14:56:15.549656,51.135,71.47,19.70016009662534,60.117400325840045,0.0,3.8592617547072914,19.381094975002707,clear
2025-09-14 15:56:15.549656,51.1694,71.4491,21.36655754223461,62.36313610002575,0.0,1.719440050188819,18.48848462915251,clear
2025-09-14 15:56:15.549656,51.128,71.403,20.841768397011545,66.86546548637315,0.0,2.7356900576887413,20.993834618044534,clear
2025-09-14 15:56:15.549656,51.1805,71.446,22.450962135734173,56.48521592717895,0.0,2.0186339390421852,21.36674019488362,clear
2025-09-14 15:56:15.549656,51.135,71.47,23.71243470329324,52.09739682582156,0.0,4.901388865349049,21.56287102300854,clear
2025-09-14 16:56:15.549656,51.1694,71.4491,22.096541786057227,62.66190214548731,0.0,5.777255007496779,19.132946650811583,clear
2025-09-14 16:56:15.549656,51.128,71.403,17.943129870761936,72.30983305360039,0.0,8.56416623068608,19.666550308590875,clear
2025-09-14 16:56:15.549656,51.1805,71.446,20.06161181746987,60.543735552734525,0.0,4.539156032288366,19.30031022216511,clear
2025-09-14 16:56:15.549656,51.135,71.47,16.572961254134857,55.02489128332817,0.6883034318573149,0.9148701440390721,18.623393136285372,cloudy
2025-09-14 17:56:15.549656,51.1694,71.4491,16.280545690525265,74.08192557906655,0.0,5.1907280191692475,18.644183604142423,clear
2025-09-14 17:56:15.549656,51.128,71.403,14.384293160762535,84.47933719019845,0.0,6.3040434790513675,18.55627196248057,cloudy
2025-09-14 17:56:15.549656,51.1805,71.446,19.218454739485864,81.21124752212347,0.0,5.375210767127861,18.59186405201877,clear
2025-09-14 17:56:15.549656,51.135,71.47,15.013366352323008,90.7902496403483,0.0,3.75481280702674,19.676900286953522,clear
2025-09-14 18:56:15.549656,51.1694,71.4491,12.717081604483056,80.29522798086009,0.0,3.7969980664294605,21.682864945336586,clear
2025-09-14 18:56:15.549656,51.128,71.403,18.062786536375697,64.21466916977487,0.0,4.962170958949139,21.339286008524873,cloudy
2025-09-14 18:56:15.549656,51.1805,71.446,18.310278293579636,75.29838144432952,0.0,3.8386316963351312,20.353231689660664,clear
2025-09-14 18:56:15.549656,51.135,71.47,22.227640544889585,63.500197751998485,0.0,2.308274768068403,21.503376070783172,clear
2025-09-14 19:56:15.549656,51.1694,71.4491,23.006574236567623,49.18396679771686,0.0,1.0263432400597323,21.736941932416975,clear
2025-09-14 19:56:15.549656,51.128,71.403,7.2644198719803486,82.02580116340259,0.0,10.670786997928598,20.216220305232543,cloudy
2025-09-14 19:56:15.549656,51.1805,71.446,12.0715023864085,64.89634023364346,0.0,6.9503501030608215,18.625804613066776,clear
2025-09-14 19:56:15.549656,51.135,71.47,21.04583965029107,58.6126796342228,0.0,4.705196234389217,19.072727699842737,clear
2025-09-14 20:56:15.549656,51.1694,71.4491,17.65550099042228,74.3391630980077,0.0,0.9899759217521453,19.67776972908488,cloudy
2025-09-14 20:56:15.549656,51.128,71.403,14.063976513759995,71.14721386674465,0.0,10.486793990618134,19.408690345222738,clear
2025-09-14 20:56:15.549656,51.1805,71.446,10.330542936175018,68.48818903857696,0.0,9.456664552861868,18.549244666724142,cloudy
2025-09-14 20:56:15.549656,51.135,71.47,16.217052850416852,74.90125716341426,0.0,14.118959834237813,20.55990649575451,cloudy
2025-09-14 21:56:15.549656,51.1694,71.4491,16.359536485684384,75.61680787830404,0.0,3.1494229474566895,19.036970485676658,clear
2025-09-14 21:56:15.549656,51.128,71.403,11.056564302545077,76.05667227443855,0.0,4.210617427100517,18.96133810549376,clear
2025-09-14 21:56:15.549656,51.1805,71.446,12.106550720102097,64.36291742794586,0.0,7.837501928633031,21.250472478201992,clear
2025-09-14 21:56:15.549656,51.135,71.47,7.398908830429206,71.96320462777925,0.0,2.698589602059535,18.219566610451967,clear
2025-09-14 22:56:15.549656,51.1694,71.4491,9.996048145748318,93.61133139607321,0.0,3.703772704059501,19.256072805997157,cloudy
2025-09-14 22:56:15.549656,51.128,71.403,10.5107692015218,95.0,0.0,1.7498668132424835,19.81643011423387,clear
2025-09-14 22:56:15.549656,51.1805,71.446,10.557074611539814,70.55333266238786,0.0,6.240576892683978,21.628335190942572,clear
2025-09-14 22:56:15.549656,51.135,71.47,18.379128087120097,59.105595711656235,0.0,3.6301599815398147,20.69089734774447,clear
2025-09-14 23:56:15.549656,51.1694,71.4491,11.61583104038388,91.07906757854253,0.0,1.7836383883198952,20.14576098081143,clear
2025-09-14 23:56:15.549656,51.128,71.403,11.20416367616043,71.0944776163481,0.0,4.655047322582445,19.856099017105105,clear
2025-09-14 23:56:15.549656,51.1805,71.446,14.670359726845913,66.45488925148527,0.0,7.149384203798653,21.148557784146266,clear
2025-09-14 23:56:15.549656,51.135,71.47,15.720456252477994,63.55275023700604,0.0,14.196368976395478,19.553896283660926,cloudy
2025-09-15 00:56:15.549656,51.1694,71.4491,8.016142353480395,70.96507281176791,0.0,3.5119330058914455,18.135663516030082,cloudy
2025-09-15 00:56:15.549656,51.128,71.403,15.97670712723592,64.20486218002357,0.0,4.109574638488479,19.32237358369961,clear
2025-09-15 00:56:15.549656,51.1805,71.446,11.946029403202344,83.61975285994481,0.0,5.199924927834689,21.57883486445713,cloudy
2025-09-15 00:56:15.549656,51.135,71.47,9.695914466360518,82.86180778297016,0.8362998123411804,7.56992955731835,18.32740037531764,cloudy
2025-09-15 01:56:15.549656,51.1694,71.4491,10.786781764062388,72.35265886174595,0.0,8.512571010164136,18.704457275160927,clear
2025-09-15 01:56:15.549656,51.128,71.403,7.662986114407442,80.1201250613951,0.0,5.351578620866494,19.14417591882786,clear
2025-09-15 01:56:15.549656,51.1805,71.446,11.052214913258762,90.86111287084894,0.0,3.340609255966207,18.059483247137447,clear
2025-09-15 01:56:15.549656,51.135,71.47,11.929732923644908,66.59004772310736,0.0,2.95482410099803,20.306443727823822,clear
2025-09-15 02:56:15.549656,51.1694,71.4491,8.746296295927591,76.64183784275764,0.0,18.845776547178115,18.757368965594505,clear
2025-09-15 02:56:15.549656,51.128,71.403,11.36350342761235,75.52993156895259,0.0,8.055734937651074,18.965793634658308,cloudy
2025-09-15 02:56:15.549656,51.1805,71.446,13.281578176313698,71.96121603102117,0.0,8.056404836361185,19.032219328976076,clear
2025-09-15 02:56:15.549656,51.135,71.47,13.260186313145885,73.05061330197854,0.0,3.619151716175806,19.66637624557269,clear
2025-09-15 03:56:15.549656,51.1694,71.4491,11.754784534647598,84.54800122224773,0.0,9.023971999085395,18.717035875367806,clear
2025-09-15 03:56:15.549656,51.128,71.403,10.300222623359591,79.0384402039367,2.051546913351992,4.226084762656819,15.896906173296017,cloudy
2025-09-15 03:56:15.549656,51.1805,71.446,16.268722895170683,65.31654967402827,0.0,10.424330523013833,21.926285118065962,clear
2025-09-15 03:56:15.549656,51.135,71.47,18.013608968209297,71.18341083415388,0.0,3.5340152989732854,19.231559881286028,clear
2025-09-15 04:56:15.549656,51.1694,71.4491,18.61735572045791,43.247033329253,0.0,14.265734134197253,18.272997708544,clear
2025-09-15 04:56:15.549656,51.128,71.403,15.936739257488023,90.06460503847259,0.11327906896958163,8.837205455281072,19.773441862060835,cloudy
2025-09-15 04:56:15.549656,51.1805,71.446,11.161218791666887,90.22569265295553,0.0,4.509255234346796,19.803750395650255,clear
2025-09-15 04:56:15.549656,51.135,71.47,3.15383341396112,78.63791640051204,0.0,5.150498444622029,19.214366143678873,cloudy
2025-09-15 05:56:15.549656,51.1694,71.4491,13.309030772587853,81.66908202045842,0.0,7.3992396710317205,18.01486927731707,clear
2025-09-15 05:56:15.549656,51.128,71.403,18.896163860393173,54.17871328194592,0.0,3.167379240119912,19.29154076490117,clear
2025-09-15 05:56:15.549656,51.1805,71.446,15.854800496362499,75.86144237793089,0.0,1.5234789232677195,18.86248933613386,clear
2025-09-15 05:56:15.549656,51.135,71.47,12.092343504848666,73.6115423064225,3.7631892605453516,3.96939984188188,12.473621478909296,cloudy
2025-09-15 06:56:15.549656,51.1694,71.4491,20.879062046967324,37.95733801144975,0.0,4.782429533889559,18.172988218617945,cloudy
2025-09-15 06:56:15.549656,51.128,71.403,15.555768684322956,67.70271925281934,0.0,5.460224350024872,18.299185851194387,cloudy
2025-09-15 06:56:15.549656,51.1805,71.446,14.30570518989451,45.08786540719989,0.0,7.991416141292696,20.256835670598786,cloudy
2025-09-15 06:56:15.549656,51.135,71.47,21.757083522344868,54.05015218634939,0.0,3.019865395632632,18.77393931371202,clear
2025-09-15 07:56:15.549656,51.1694,71.4491,19.312627857739216,50.71413788864971,0.0,17.65323861986792,19.442251130030797,clear
2025-09-15 07:56:15.549656,51.128,71.403,16.885740874921375,72.47194062574799,0.0,5.619602492232014,18.12360622338365,clear
2025-09-15 07:56:15.549656,51.1805,71.446,16.37186701107872,75.0969719167945,0.0,4.257719363357755,19.83597907374105,clear
2025-09-15 07:56:15.549656,51.135,71.47,20.19184281138464,52.33107382385199,0.0,3.5343386756913695,20.076531652188674,cloudy
2025-09-15 08:56:15.549656,51.1694,71.4491,22.11484577640893,73.31740501974815,0.0,12.23203610719703,20.06577238131399,clear
2025-09-15 08:56:15.549656,51.128,71.403,18.16461327320506,67.99007574653707,0.0,14.437315512491214,21.563309406121846,clear
2025-09-15 08:56:15.549656,51.1805,71.446,19.391577920004924,51.25612175048994,0.0,2.958580311444907,18.010723044974373,cloudy
2025-09-15 08:56:15.549656,51.135,71.47,27.208193458069637,49.713474679725294,0.0,14.94840669803851,20.924636740421086,clear
2025-09-15 09:56:15.549656,51.1694,71.4491,21.303510377461848,65.87885204552707,0.0,8.29571121765145,21.665890114265625,clear
2025-09-15 09:56:15.549656,51.128,71.403,18.255724875660313,70.12740487292534,0.0,11.515196037319567,18.38838796496904,clear
2025-09-15 09:56:15.549656,51.1805,71.446,18.10031747025762,73.19100847911717,0.0,15.241563817656235,21.021742362306753,clear
2025-09-15 09:56:15.549656,51.135,71.47,21.090647802320174,59.34652368300814,0.0,0.5099466517733621,19.620473806553733,clear
2025-09-15 10:56:15.549656,51.1694,71.4491,25.47925271282886,63.236833805819266,0.0,1.0289658197924019,19.652885914188136,clear
2025-09-15 10:56:15.549656,51.128,71.403,17.352746840752037,73.34598592328169,0.0,3.8116521928208114,19.30108803535642,clear
2025-09-15 10:56:15.549656,51.1805,71.446,17.255663514245335,70.1597131985949,0.0,7.461084015686071,21.36210643782356,clear
2025-09-15 10:56:15.549656,51.135,71.47,19.765540016478347,70.87305540343189,0.0,10.44594487038576,19.26988744236333,clear
2025-09-15 11:56:15.549656,51.1694,71.4491,23.799963699389192,46.79426946228263,0.0,3.4438429487597104,18.909254976720952,cloudy
2025-09-15 11:56:15.549656,51.128,71.403,21.832076460953818,55.851792140190454,0.0,3.504802900258345,18.477058708184618,clear
2025-09-15 11:56:15.549656,51.1805,71.446,19.48542831755566,59.553354848124684,0.0,18.465044596534707,21.684813136554776,clear
2025-09-15 11:56:15.549656,51.135,71.47,19.638987277065873,59.818798045257275,0.0,3.6143921457142296,20.409697528978825,cloudy
2025-09-15 12:56:15.549656,51.1694,71.4491,17.531592445335857,74.69847594618159,0.0,9.442280273560609,21.015289591306658,clear
2025-09-15 12:56:15.549656,51.128,71.403,24.189621418912683,47.68727885422733,0.0,2.4140155206006546,20.03349793986441,clear
2025-09-15 12:56:15.549656,51.1805,71.446,19.669653510826766,70.8273820484161,0.0,8.083945534358865,19.222080668219863,cloudy
2025-09-15 12:56:15.549656,51.135,71.47,21.611927102075903,61.72649921620263,0.0,7.978432114056309,21.519785670123092,clear
2025-09-15 13:56:15.549656,51.1694,71.4491,21.181677640302787,70.34081939097133,0.0,0.9210482836743155,19.316814184775936,clear
2025-09-15 13:56:15.549656,51.128,71.403,22.193282588988996,75.10864140211459,0.6609906554623062,0.5269598001417103,18.678018689075387,cloudy
2025-09-15 13:56:15.549656,51.1805,71.446,28.04495093015043,55.601856246041976,0.0,4.969990257651513,20.761641682912337,clear
2025-09-15 13:56:15.549656,51.135,71.47,21.843477468350063,56.861935877190014,0.0,3.2343530346039033,18.138249623933756,clear
2025-09-15 14:56:15.549656,51.1694,71.4491,22.262088719564254,47.855097656390214,0.0,5.41946393029851,20.676652746719185,clear
2025-09-15 14:56:15.549656,51.128,71.403,22.22822708000787,50.05704727242664,0.0,17.938705045651037,19.081115945192014,clear
2025-09-15 14:56:15.549656,51.1805,71.446,17.28412777700412,55.81305205966385,0.0,2.668575669896822,19.24405849687422,clear
2025-09-15 14:56:15.549656,51.135,71.47,21.58217537935529,63.38003266914047,0.0,12.281035027586857,19.114931330115816,clear
2025-09-15 15:56:15.549656,51.1694,71.4491,24.87784306089938,58.45226171702791,6.233777410243466,13.26231582861862,7.532445179513068,rain
2025-09-15 15:56:15.549656,51.128,71.403,24.371078889431658,52.12040654759085,0.0,8.525115851324776,18.632963777864653,clear
2025-09-15 15:56:15.549656,51.1805,71.446,18.724825277223747,60.81769639503063,0.0,2.604041182943951,18.950429187003035,clear
2025-09-15 15:56:15.549656,51.135,71.47,19.77411156469434,66.9478625975601,0.0,7.804607040544161,21.091415276489503,clear
2025-09-15 16:56:15.549656,51.1694,71.4491,16.68892313661175,80.72725099904812,0.0,9.188926780363987,21.55982632207081,clear
2025-09-15 16:56:15.549656,51.128,71.403,15.260134379790914,78.10883420989373,0.0,10.076639029472373,19.69728265469826,clear
2025-09-15 16:56:15.549656,51.1805,71.446,18.365254511189356,56.45512123936008,0.0,6.293421781588667,21.306565171338626,clear
2025-09-15 16:56:15.549656,51.135,71.47,18.82384289504456,59.21436662647693,0.40076525161582827,4.227807143604821,19.198469496768343,cloudy
2025-09-15 17:56:15.549656,51.1694,71.4491,14.00829772578843,60.38810998292482,0.0,1.3047371671258554,21.89018605669712,clear
2025-09-15 17:56:15.549656,51.128,71.403,20.84646145070391,41.342755809816886,0.0,7.363352499770736,20.487202159399043,cloudy
2025-09-15 17:56:15.549656,51.1805,71.446,21.085489464459048,59.14491731430864,0.0,3.1131954800908406,18.089533607830404,clear
2025-09-15 17:56:15.549656,51.135,71.47,15.23992922573014,59.569084080123865,0.0,9.476293178883935,20.89167541398997,clear
2025-09-15 18:56:15.549656,51.1694,71.4491,17.95504933164265,56.11040042717094,0.0,15.22436640463835,20.854850130143866,clear
2025-09-15 18:56:15.549656,51.128,71.403,11.224922992195467,78.19316062736135,0.0,20.88516767023176,18.726577330102913,clear
2025-09-15 18:56:15.549656,51.1805,71.446,18.914070771784374,38.11149909247999,0.0,4.248841808143201,20.807434172924726,cloudy
2025-09-15 18:56:15.549656,51.135,71.47,17.870527001315352,65.27548113003651,0.0,2.4901506301774865,19.810291087836323,clear
2025-09-15 19:56:15.549656,51.1694,71.4491,18.211392549719402,73.14173108104526,0.0,3.78319884716005,20.715402695449058,cloudy
2025-09-15 19:56:15.549656,51.128,71.403,14.718445245480174,64.9863459598914,0.0,14.54516124860454,19.288542459804155,clear
2025-09-15 19:56:15.549656,51.1805,71.446,14.103334436591016,53.283315499675695,0.0,10.743755269355546,20.140827641394953,cloudy
2025-09-15 19:56:15.549656,51.135,71.47,10.421110976176212,72.47924485705194,0.0,2.095463122014813,21.154922220958316,clear
2025-09-15 20:56:15.549656,51.1694,71.4491,12.87098869901452,69.42345781457433,0.2849803901696605,1.6869811151371692,19.430039219660678,cloudy
2025-09-15 20:56:15.549656,51.128,71.403,15.752340150559538,46.01278086276194,0.0,1.2070532638982163,19.58140101724402,clear
2025-09-15 20:56:15.549656,51.1805,71.446,19.031241845733437,75.13815446161682,0.0,17.023939404236955,21.332464586992565,clear
2025-09-15 20:56:15.549656,51.135,71.47,12.29318624263849,81.47794734495395,0.0,1.8626823962007577,20.518957577124784,clear
2025-09-15 21:56:15.549656,51.1694,71.4491,13.605511770959575,71.39175493613816,1.2372779686374238,11.895524546532947,17.525444062725153,cloudy
2025-09-15 21:56:15.549656,51.128,71.403,14.14974512899107,77.02242227416099,0.0,5.240139765346158,20.54345796280366,clear
2025-09-15 21:56:15.549656,51.1805,71.446,14.605723348619165,90.16041528570267,0.0,9.148173379919601,18.783543052950904,clear
2025-09-15 21:56:15.549656,51.135,71.47,10.899921074343604,77.99697285369315,0.0,2.8284490589623843,19.82806289196294,clear
2025-09-15 22:56:15.549656,51.1694,71.4491,12.026475527336038,68.23430641471563,0.0,4.878673708837146,20.421032204035804,clear
2025-09-15 22:56:15.549656,51.128,71.403,14.772698414839285,74.54686679696606,0.0,0.6422801883338793,18.89887668138678,clear
2025-09-15 22:56:15.549656,51.1805,71.446,10.055038873329936,88.22478019783236,0.0,2.9167284372116793,18.769002566050993,clear
2025-09-15 22:56:15.549656,51.135,71.47,10.246571141605697,66.84256263094666,0.0,9.8640885679285,21.297223141246487,cloudy
2025-09-15 23:56:15.549656,51.1694,71.4491,9.361791933206302,63.51333568739585,0.0,3.395843957901742,18.294165363735694,clear
2025-09-15 23:56:15.549656,51.128,71.403,9.092867670568214,95.0,0.0,6.34258491914992,18.66473994762719,cloudy
2025-09-15 23:56:15.549656,51.1805,71.446,9.144864784082678,77.23348410043846,0.0,5.710616922095041,21.96124481467728,clear
2025-09-15 23:56:15.549656,51.135,71.47,4.504199762779779,95.0,0.0,12.213916806769802,21.106513161090625,clear
2025-09-16 00:56:15.549656,51.1694,71.4491,3.0060162980598673,71.55660808413319,0.0,12.84283785502949,20.270623807566018,clear
2025-09-16 00:56:15.549656,51.128,71.403,12.193101179099024,86.18579197569754,0.0,5.382555831322414,19.00018552773152,clear
2025-09-16 00:56:15.549656,51.1805,71.446,11.451620029691082,73.85418955332683,0.9358919158757752,14.04836016695905,18.12821616824845,cloudy
2025-09-16 00:56:15.549656,51.135,71.47,13.852423189623096,64.23246969393676,0.0,5.339384183052435,19.704318929646657,clear
2025-09-16 01:56:15.549656,51.1694,71.4491,10.935499159734764,69.58184317714225,0.03686765248867508,7.307608196702629,19.926264695022653,cloudy
2025-09-16 01:56:15.549656,51.128,71.403,17.999332848036723,66.63393732566912,0.0,4.098191475840573,18.670616047381046,cloudy
2025-09-16 01:56:15.549656,51.1805,71.446,14.66162376889675,65.04553133101648,0.0,10.024937042958793,20.18187184402887,clear
2025-09-16 01:56:15.549656,51.135,71.47,6.6496644465521095,82.13563428407036,1.6253586085883445,6.951938892740447,16.74928278282331,cloudy
2025-09-16 02:56:15.549656,51.1694,71.4491,7.842298004707944,95.0,0.0,5.241952916026968,20.094752351675254,clear
2025-09-16 02:56:15.549656,51.128,71.403,20.00013343059361,62.31560919516602,0.0,4.673542183269014,20.71336098817625,cloudy
2025-09-16 02:56:15.549656,51.1805,71.446,12.735642154789605,62.053111855607696,2.5472181575249855,5.216478139128418,14.90556368495003,cloudy
2025-09-16 02:56:15.549656,51.135,71.47,13.911378509692202,57.22103156929338,0.0,7.160776239631391,18.539800132425427,clear
2025-09-16 03:56:15.549656,51.1694,71.4491,11.85091582558389,75.93859074016154,0.7416142846348979,7.573330004474937,18.516771430730202,cloudy
2025-09-16 03:56:15.549656,51.128,71.403,13.237386234833425,71.76983462433272,0.0,11.805432379920775,18.406684284285287,clear
2025-09-16 03:56:15.549656,51.1805,71.446,7.456802354749254,82.26424425944442,0.0,5.517401693476852,21.821852842721828,clear
2025-09-16 03:56:15.549656,51.135,71.47,9.743320680622805,79.04672649153052,0.0,4.50067291442115,19.851319360926325,cloudy
2025-09-16 04:56:15.549656,51.1694,71.4491,15.587207463579848,60.03492481311386,0.0,2.3893048999676076,19.8986613596053,clear
2025-09-16 04:56:15.549656,51.128,71.403,15.988705411519517,54.63340410493714,0.0,3.148553371458297,20.083609352844967,clear
2025-09-16 04:56:15.549656,51.1805,71.446,17.20773421270869,65.38578268943408,0.0,2.12547259930423,19.131877429265522,cloudy
2025-09-16 04:56:15.549656,51.135,71.47,10.428360197051223,89.3128795002907,0.0,21.35961149008837,18.002746932770908,cloudy
2025-09-16 05:56:15.549656,51.1694,71.4491,10.763446309108812,76.6283051386926,0.0,2.008231709538004,18.727081485298605,clear
2025-09-16 05:56:15.549656,51.128,71.403,14.770527859084734,75.15255524440092,0.06566083650593574,6.428890660521057,19.868678326988128,cloudy
2025-09-16 05:56:15.549656,51.1805,71.446,14.51616750842764,53.98384455690871,0.0,11.490185049509975,20.986578875326497,clear
2025-09-16 05:56:15.549656,51.135,71.47,19.600627734065796,66.48379716423463,0.0,4.0227540580007,21.305943962908167,clear
2025-09-16 06:56:15.549656,51.1694,71.4491,12.17437821501189,68.47885781180648,0.0,1.7656824766986565,19.388315190099487,clear
2025-09-16 06:56:15.549656,51.128,71.403,20.385362724920945,72.94274796622217,0.0,1.4145745937737961,18.70693386664737,cloudy
2025-09-16 06:56:15.549656,51.1805,71.446,15.486797030436644,69.95690190572124,0.0,3.8235013217279707,20.305151435557555,clear
2025-09-16 06:56:15.549656,51.135,71.47,16.368206145757554,81.93786872554004,0.0,2.1684885776766007,20.68168152197963,clear
2025-09-16 07:56:15.549656,51.1694,71.4491,17.080736585775476,67.4542870221719,0.0,3.3783509756520917,21.507528367965165,cloudy
2025-09-16 07:56:15.549656,51.128,71.403,13.944975697355789,66.90691273228218,0.0,1.1824314797542164,19.290518688598496,clear
2025-09-16 07:56:15.549656,51.1805,71.446,15.148704111177011,81.91466932965884,4.4628410461960435,15.709572334248291,11.074317907607913,cloudy
2025-09-16 07:56:15.549656,51.135,71.47,15.44359752062709,61.5382953991505,0.9572024026076571,0.8093411824947119,18.085595194784684,cloudy
2025-09-16 08:56:15.549656,51.1694,71.4491,16.068104504994874,71.87919849165634,0.31730885842278184,23.308411613356874,19.365382283154435,cloudy
2025-09-16 08:56:15.549656,51.128,71.403,17.36430748765081,66.0209064972066,0.0,5.860696185983348,20.448529231192627,clear
2025-09-16 08:56:15.549656,51.1805,71.446,17.23595746665269,76.56864735341709,0.0,3.179236676521188,19.800263988928194,clear
2025-09-16 08:56:15.549656,51.135,71.47,13.351519920072056,73.29954427389596,0.0,4.220914198396077,18.396393727527332,cloudy
2025-09-16 09:56:15.549656,51.1694,71.4491,19.605981413943713,39.3509871217138,0.0,1.3523727376550945,19.585612248082438,clear
2025-09-16 09:56:15.549656,51.128,71.403,24.30859998240126,39.54551891595017,2.455449075498951,3.040575891794866,15.089101849002098,cloudy
2025-09-16 09:56:15.549656,51.1805,71.446,16.332033473771247,59.45394335767904,0.0,4.348648482686725,19.05737591409458,clear
2025-09-16 09:56:15.549656,51.135,71.47,23.31268371055098,60.01233499119382,2.898126400883737,5.060529577399651,14.203747198232525,cloudy
2025-09-16 10:56:15.549656,51.1694,71.4491,19.212946420725345,56.8301070208383,0.0,1.958497464631975,19.503590886988718,clear
2025-09-16 10:56:15.549656,51.128,71.403,17.63053720004543,73.08064455446555,0.0,3.2787371347880914,19.421226982368594,clear
2025-09-16 10:56:15.549656,51.1805,71.446,18.32398662188901,50.388739734386824,0.0,5.725791326236642,19.689749733348158,cloudy
2025-09-16 10:56:15.549656,51.135,71.47,22.410725040050444,59.98471280697821,0.0,3.789022944309732,21.08330601699678,cloudy
2025-09-16 11:56:15.549656,51.1694,71.4491,21.279313466869,62.5481234161592,0.0,14.15075540169437,20.851846581358537,clear
2025-09-16 11:56:15.549656,51.128,71.403,23.87349325570227,58.8856422634049,0.0,17.272377724047924,18.14766949262399,clear
2025-09-16 11:56:15.549656,51.1805,71.446,20.119490118648486,59.24118191944719,0.0,1.6975556776714282,19.007968834263682,clear
2025-09-16 11:56:15.549656,51.135,71.47,20.24748022344254,55.96567036749114,0.0,4.156248957390957,20.211081488902636,clear
2025-09-16 12:56:15.549656,51.1694,71.4491,22.133587109551108,54.6290192074123,0.0,5.1236425929027485,18.450953663091983,clear
2025-09-16 12:56:15.549656,51.128,71.403,22.85543744157719,68.31735794772057,0.0,6.191379158107129,21.2605541280705,cloudy
2025-09-16 12:56:15.549656,51.1805,71.446,25.91653382448048,59.73858983680984,0.0,2.121199842805062,18.353824923742096,clear
2025-09-16 12:56:15.549656,51.135,71.47,17.20772817011713,71.33338675957582,0.0,0.5189550472802611,21.152467192791626,cloudy
2025-09-16 13:56:15.549656,51.1694,71.4491,14.545084926194752,87.74326061299979,0.0,1.7590306263937951,20.759037749360402,clear
2025-09-16 13:56:15.549656,51.128,71.403,20.15323444510263,72.96658272527338,0.0,11.956894287431586,18.37415257317214,cloudy
2025-09-16 13:56:15.549656,51.1805,71.446,23.0383758307754,56.130350415417766,0.0,8.818860493628959,18.025939568875827,clear
2025-09-16 13:56:15.549656,51.135,71.47,18.892962142523594,46.646519100199,0.0,18.128136999290312,18.01969367228743,clear
2025-09-16 14:56:15.549656,51.1694,71.4491,19.885348803653084,67.67489931026313,0.0,0.6251828407362079,21.863391018991983,cloudy
2025-09-16 14:56:15.549656,51.128,71.403,22.52219974475416,54.58287107419966,0.0,4.348338910771772,18.165450076699095,clear
2025-09-16 14:56:15.549656,51.1805,71.446,20.918799814059046,56.28395964955316,0.0,9.506231478610193,21.894792180116774,cloudy
2025-09-16 14:56:15.549656,51.135,71.47,22.221334988646717,66.97932402483181,0.0,0.5555726954339557,21.60470865998109,clear
2025-09-16 15:56:15.549656,51.1694,71.4491,24.896422707401904,43.90403805596715,0.0,14.362682474143359,19.257211747086902,clear
2025-09-16 15:56:15.549656,51.128,71.403,16.903022667589656,77.04746913313697,0.0,3.69269421136332,20.382271206464228,clear
2025-09-16 15:56:15.549656,51.1805,71.446,20.56551455858968,50.36664064241721,0.0,10.914358347317389,19.378870646323538,clear
2025-09-16 15:56:15.549656,51.135,71.47,23.98111728965044,59.977225074744,0.0,2.627441415710294,20.83772151533728,clear
2025-09-16 16:56:15.549656,51.1694,71.4491,16.869735295163863,46.052272664331156,0.0,4.9626349232935265,20.808644237003865,cloudy
2025-09-16 16:56:15.549656,51.128,71.403,16.263695314158095,66.73779959897976,4.303052100234083,1.9832537047031442,11.393895799531833,cloudy
2025-09-16 16:56:15.549656,51.1805,71.446,18.425640419517187,56.24049852186258,0.0,6.011845590562276,19.610809315488964,cloudy
2025-09-16 16:56:15.549656,51.135,71.47,22.430815355533532,39.461963067930625,0.0,12.892409069706698,21.90716144158269,cloudy
2025-09-16 17:56:15.549656,51.1694,71.4491,19.653611634011785,71.57363036937731,0.0,2.589458396167597,19.233112498108543,cloudy
2025-09-16 17:56:15.549656,51.128,71.403,16.12009540337021,80.2505201642993,0.0,4.205403322361826,18.211983390759826,clear
2025-09-16 17:56:15.549656,51.1805,71.446,14.13672021058023,72.54606433551466,0.0,2.6609626933268196,18.089285804776118,clear
2025-09-16 17:56:15.549656,51.135,71.47,14.905888736361767,86.8559338672581,0.0,9.271236569758432,21.48164899750415,clear
2025-09-16 18:56:15.549656,51.1694,71.4491,13.47074646098563,62.106632844739075,0.0,7.416280136614504,19.91756286853173,clear
2025-09-16 18:56:15.549656,51.128,71.403,14.584451050397217,72.4099743774957,0.0,3.0842287595945246,19.55648311105107,clear
2025-09-16 18:56:15.549656,51.1805,71.446,15.366683655064344,74.93276526230956,0.0,6.3235366315950365,21.676900534747325,clear
2025-09-16 18:56:15.549656,51.135,71.47,13.957403891062901,55.689988859419245,0.0,7.159668507938432,18.706092656345344,clear
2025-09-16 19:56:15.549656,51.1694,71.4491,19.16306728491002,64.15591340694677,0.0,7.831599057910198,19.78625495316894,clear
2025-09-16 19:56:15.549656,51.128,71.403,18.43156712134289,78.2314663287022,0.0,7.814678705531831,18.352418895637317,clear
2025-09-16 19:56:15.549656,51.1805,71.446,15.191715887445811,81.9224107120255,0.0,5.968728489500995,21.44566555513666,clear
2025-09-16 19:56:15.549656,51.135,71.47,13.001608038368145,92.07685207933127,0.0,2.923443954139172,19.180305176764012,cloudy
2025-09-16 20:56:15.549656,51.1694,71.4491,11.754194854856015,69.12024343613213,0.0,1.8293559034342532,20.437323509218487,clear
2025-09-16 20:56:15.549656,51.128,71.403,17.60879727775294,73.4811687459094,0.0,6.529922690467796,21.682450536688652,clear
2025-09-16 20:56:15.549656,51.1805,71.446,19.637170688712786,55.755026308216316,0.0,3.478264611870018,21.63452472833221,cloudy
2025-09-16 20:56:15.549656,51.135,71.47,14.674848814335803,80.4209181984046,0.0,6.59970287519393,18.326034506252945,clear
2025-09-16 21:56:15.549656,51.1694,71.4491,9.93776987044253,87.20190266183398,3.2164712699180438,6.369502269546258,13.567057460163912,cloudy
2025-09-16 21:56:15.549656,51.128,71.403,11.931688408999449,41.86175305394555,0.0,4.0926465686492275,20.67523259601295,cloudy
2025-09-16 21:56:15.549656,51.1805,71.446,5.040333137671119,88.4499311926456,1.1550890052515284,7.004760735566691,17.68982198949694,cloudy
2025-09-16 21:56:15.549656,51.135,71.47,14.189425381652041,68.00890085722118,0.0,3.870738059147674,19.96485556420034,clear
2025-09-16 22:56:15.549656,51.1694,71.4491,13.271415820947267,51.16744558878122,0.0,4.747563355575513,20.53566397885681,cloudy
2025-09-16 22:56:15.549656,51.128,71.403,13.519953738402908,80.60721039355002,0.0,6.399172601175005,19.342044787818462,clear
2025-09-16 22:56:15.549656,51.1805,71.446,10.840023965061791,87.89703692358383,0.0,7.409538673235839,19.663499176642038,clear
2025-09-16 22:56:15.549656,51.135,71.47,10.131427719960667,78.15051253417913,0.0,2.682726999333469,21.090676983267517,clear
2025-09-16 23:56:15.549656,51.1694,71.4491,7.486663863821718,88.98724251246298,0.0,1.798533198428904,20.98814370718928,clear
2025-09-16 23:56:15.549656,51.128,71.403,9.069264467844096,65.16578316615333,0.0,1.8808287669749615,19.92272836359926,clear
2025-09-16 23:56:15.549656,51.1805,71.446,12.475510160902004,77.62435938690984,0.0,10.572006508399612,20.65570028793865,clear
2025-09-16 23:56:15.549656,51.135,71.47,10.602191712086572,79.54208123927954,0.0,11.647259573507334,19.02394551022283,cloudy
2025-09-17 00:56:15.549656,51.1694,71.4491,12.75310693636861,64.5330033216482,0.0,13.020005981990483,21.541271193690644,cloudy
2025-09-17 00:56:15.549656,51.128,71.403,12.790392371769762,71.33399148815077,0.0,3.467021446759392,20.5081027868246,cloudy
2025-09-17 00:56:15.549656,51.1805,71.446,7.644186020871638,87.08593596526082,0.0,6.474747550383338,20.293981902594076,clear
2025-09-17 00:56:15.549656,51.135,71.47,9.288409118364026,76.12523281756866,0.0,9.339669487033934,21.037037300204815,clear
2025-09-17 01:56:15.549656,51.1694,71.4491,10.197077516799762,77.99850351410491,2.211679926571256,9.532013072577623,15.576640146857487,cloudy
2025-09-17 01:56:15.549656,51.128,71.403,12.854639209028385,68.77135555567403,0.0,3.416526710691905,20.74564954298682,clear
2025-09-17 01:56:15.549656,51.1805,71.446,12.20329603272808,58.43338275594409,0.0,6.031118222100126,18.35733299466334,clear
2025-09-17 01:56:15.549656,51.135,71.47,2.547211610658904,95.0,0.0,7.773804820115254,19.19090922709309,clear
2025-09-17 02:56:15.549656,51.1694,71.4491,9.707078817067153,68.85536904106426,0.0,13.093702749496465,20.25421286277394,cloudy
2025-09-17 02:56:15.549656,51.128,71.403,15.003918353919175,67.99966551616282,0.0,11.031343251172522,19.020098654959295,clear
2025-09-17 02:56:15.549656,51.1805,71.446,7.693549563236007,65.06474744239883,0.0,0.4247753127152469,21.534565051297108,cloudy
2025-09-17 02:56:15.549656,51.135,71.47,13.218234265931489,71.05354670466926,0.0,16.461086693291815,20.79299594075193,clear
2025-09-17 03:56:15.549656,51.1694,71.4491,9.309601983443274,70.99089602258003,2.0301723577878343,8.828161068435062,15.939655284424333,cloudy
2025-09-17 03:56:15.549656,51.128,71.403,12.70955204916906,75.49536348100723,1.4920168054718994,8.569342357132332,17.0159663890562,cloudy
2025-09-17 03:56:15.549656,51.1805,71.446,12.04067076492939,83.38272841071435,3.665508413312649,5.178312888913903,12.668983173374702,cloudy
2025-09-17 03:56:15.549656,51.135,71.47,7.361049591786525,77.5312001490037,0.0,4.3556973371355365,18.355172614259676,cloudy
2025-09-17 04:56:15.549656,51.1694,71.4491,10.70136838567985,82.04902363731148,0.0,5.424927478867816,21.536201022062052,cloudy
2025-09-17 04:56:15.549656,51.128,71.403,12.771126275660103,68.06696425044535,0.0,7.784068014530309,18.740128737863774,clear
2025-09-17 04:56:15.549656,51.1805,71.446,15.659068519445757,75.71583789691341,0.0,4.036480763483917,18.901569887371274,cloudy
2025-09-17 04:56:15.549656,51.135,71.47,10.602759886328986,94.72902271272133,0.0,8.815550470477714,20.612104098580478,cloudy
2025-09-17 05:56:15.549656,51.1694,71.4491,14.434489899198082,79.44011798918484,0.0,14.601837767841358,20.751173745042056,cloudy
2025-09-17 05:56:15.549656,51.128,71.403,16.70817187912145,61.470973885808675,0.0,9.866490274442908,21.96213478463184,clear
2025-09-17 05:56:15.549656,51.1805,71.446,16.761333188329175,64.350422788738,0.0,11.263735128776391,18.634930371352432,cloudy
2025-09-17 05:56:15.549656,51.135,71.47,17.742495041142167,77.24366570149428,0.0,17.82256644194135,20.426921417169265,clear
2025-09-17 06:56:15.549656,51.1694,71.4491,16.913027588814337,63.32218953427301,0.0,2.5651604556292886,20.248433774484624,clear
2025-09-17 06:56:15.549656,51.128,71.403,19.10459922509561,59.51509959182573,0.0,13.928537778250526,20.707110273209434,clear
2025-09-17 06:56:15.549656,51.1805,71.446,11.045312091680692,86.50919980792689,1.4359878277175913,9.588089802336688,17.128024344564817,cloudy
2025-09-17 06:56:15.549656,51.135,71.47,13.847549541563993,76.23602648280944,0.0,5.169733989896109,21.242504012201277,cloudy
2025-09-17 07:56:15.549656,51.1694,71.4491,15.66793762742721,89.59748077202217,0.0,12.180440915869472,21.566586399452735,clear
2025-09-17 07:56:15.549656,51.128,71.403,18.076900118353237,61.794192304947806,0.9188384681514937,3.086901634790525,18.162323063697013,cloudy
2025-09-17 07:56:15.549656,51.1805,71.446,16.605992603462305,66.53935562517809,0.0,1.8144368941297826,21.38565221564675,clear
2025-09-17 07:56:15.549656,51.135,71.47,17.99655474977668,64.0230502589625,0.0,2.304837574904509,19.153080866924974,clear
2025-09-17 08:56:15.549656,51.1694,71.4491,14.384951997485338,62.83310423148447,0.0,0.511636411027407,21.4517543509077,clear
2025-09-17 08:56:15.549656,51.128,71.403,20.65326942129211,59.56611711004285,0.0,4.884578200649756,18.168368939607504,cloudy
2025-09-17 08:56:15.549656,51.1805,71.446,19.130925056850195,63.090179994957076,0.0,11.39383961720381,19.2686841576555,clear
2025-09-17 08:56:15.549656,51.135,71.47,17.309138692286425,45.24740703289088,0.0,3.5535322579634787,18.306426534593175,clear
2025-09-17 09:56:15.549656,51.1694,71.4491,16.31374856654593,61.86510826583161,0.0,4.273712204410072,21.544607198854976,clear
2025-09-17 09:56:15.549656,51.128,71.403,19.489178063574638,51.23554772031519,0.0,7.464068364068684,18.944403641229293,clear
2025-09-17 09:56:15.549656,51.1805,71.446,26.84069497486218,63.18613990071703,4.778521352267774,3.6885763608608233,10.442957295464453,cloudy
2025-09-17 09:56:15.549656,51.135,71.47,19.26913110967689,75.93259357632787,0.0,3.913847905932437,18.706863419963273,cloudy
2025-09-17 10:56:15.549656,51.1694,71.4491,21.907911583054492,54.95235385025903,0.0,0.001084531257822945,20.030348776724747,clear
2025-09-17 10:56:15.549656,51.128,71.403,18.80405204180783,65.00715918922072,0.0,5.428452085161771,20.794470382003237,clear
2025-09-17 10:56:15.549656,51.1805,71.446,23.771787957588177,69.590903278065,0.0,1.1537820689018532,20.444803109442255,cloudy
2025-09-17 10:56:15.549656,51.135,71.47,20.56827912207481,61.949221662387515,0.0,3.367390134821296,19.206978518231672,clear
2025-09-17 11:56:15.549656,51.1694,71.4491,22.507380960064012,68.57604649650553,0.0,2.170837667870558,19.345180277928918,clear
2025-09-17 11:56:15.549656,51.128,71.403,24.887872267701518,69.34260416379583,0.0,7.886029459809504,21.4533731915786,clear
2025-09-17 11:56:15.549656,51.1805,71.446,24.476931262466593,49.741748163893746,0.0,4.877209507287381,18.971224507334213,clear
2025-09-17 11:56:15.549656,51.135,71.47,22.365715272551174,65.56816690486434,0.0,4.008571665597193,18.052168829595967,clear
2025-09-17 12:56:15.549656,51.1694,71.4491,21.84479610645083,55.15694292218635,0.0,3.8174601670433903,20.453315981246757,clear
2025-09-17 12:56:15.549656,51.128,71.403,20.370781773075475,65.57041523433044,0.0,3.764926665023278,18.129448508822925,cloudy
2025-09-17 12:56:15.549656,51.1805,71.446,21.752433706387624,61.64354033844786,0.0,5.752429482536575,20.99063854689426,clear
2025-09-17 12:56:15.549656,51.135,71.47,23.904766895756456,60.58375363622126,0.0,3.8930883263819256,20.40383431756691,cloudy
2025-09-17 13:56:15.549656,51.1694,71.4491,22.3034206348213,44.60292124334816,0.0,7.3817970345778905,20.27518344403296,cloudy
2025-09-17 13:56:15.549656,51.128,71.403,17.760055004548025,52.2859011717146,0.0,7.220940399106641,18.86700894416211,clear
2025-09-17 13:56:15.549656,51.1805,71.446,20.687317541837036,64.15674012570751,0.0,9.985066929561423,19.09836565578933,clear
2025-09-17 13:56:15.549656,51.135,71.47,15.993399954274386,71.99805350654212,0.0,11.278400818068857,20.998769304530093,cloudy
2025-09-17 14:56:15.549656,51.1694,71.4491,15.681093130434252,88.59476998095579,0.0,4.743925764678449,18.084278906885167,clear
2025-09-17 14:56:15.549656,51.128,71.403,19.254615316097144,46.991797253461556,0.0,1.1518614749693634,19.26426373851104,clear
2025-09-17 14:56:15.549656,51.1805,71.446,20.533096996655527,61.521293482758715,0.0,2.426540116595571,19.890514092460336,clear
2025-09-17 14:56:15.549656,51.135,71.47,21.2972351415863,70.70460716918959,0.0,6.61224833031342,18.10998349013394,cloudy
2025-09-17 15:56:15.549656,51.1694,71.4491,19.1274329597708,64.57143338883415,0.0,6.513972064965788,18.12348844052123,cloudy
2025-09-17 15:56:15.549656,51.128,71.403,17.260017449131162,52.27688055734694,0.6464624112604216,10.140339628035491,18.707075177479158,cloudy
2025-09-17 15:56:15.549656,51.1805,71.446,15.056229071449284,69.75921699706218,0.0,5.510776303263171,19.19728123119712,clear
2025-09-17 15:56:15.549656,51.135,71.47,18.355546325230133,57.093960196134965,0.0,0.5792463482999497,20.129378432914553,cloudy
2025-09-17 16:56:15.549656,51.1694,71.4491,19.756423873174878,54.7274544239998,0.0,3.1441888830262643,18.647422990189384,clear
2025-09-17 16:56:15.549656,51.128,71.403,23.468054028800744,64.58575942813147,0.0,3.064205842729713,18.004275471719744,clear
2025-09-17 16:56:15.549656,51.1805,71.446,19.320911657160003,59.576466675626776,1.6405439371459092,7.096921104523714,16.718912125708183,cloudy
2025-09-17 16:56:15.549656,51.135,71.47,20.164180758567753,53.71301277363779,0.0,5.645508678455384,21.94738081219443,clear
2025-09-17 17:56:15.549656,51.1694,71.4491,19.60193758819242,57.92746915727283,0.0,3.210879846616262,18.49344737694424,clear
2025-09-17 17:56:15.549656,51.128,71.403,7.872520890071467,94.41193873968813,0.0,12.822229283811987,19.800653926001562,cloudy
2025-09-17 17:56:15.549656,51.1805,71.446,20.19835694134098,53.464387462414116,0.0,3.040208864974291,21.821228993558442,cloudy
2025-09-17 17:56:15.549656,51.135,71.47,18.96504529204595,68.74591187124351,0.0,7.056035421628399,19.1827225976913,clear
2025-09-17 18:56:15.549656,51.1694,71.4491,19.898596059771975,55.93954098426441,0.0,2.829349105243883,21.02734285422811,clear
2025-09-17 18:56:15.549656,51.128,71.403,16.254079628153608,70.35746038121643,0.0,15.71704374426946,18.812218739975922,cloudy
2025-09-17 18:56:15.549656,51.1805,71.446,22.90428576004886,67.26904438131193,0.0,3.649455168325016,19.109206149510882,clear
2025-09-17 18:56:15.549656,51.135,71.47,14.12171324822257,93.15711913529809,1.0247545812538839,6.486831849171063,17.950490837492232,cloudy
2025-09-17 19:56:15.549656,51.1694,71.4491,14.397430558310718,59.45565159274943,0.0,6.261736196554297,20.44086628893173,cloudy
2025-09-17 19:56:15.549656,51.128,71.403,17.086864432443384,75.93666579971384,1.2489055703304173,8.078732614526459,17.502188859339164,cloudy
2025-09-17 19:56:15.549656,51.1805,71.446,15.535802598171268,57.08176654403718,0.0,3.6842603764206556,21.5697316943089,clear
2025-09-17 19:56:15.549656,51.135,71.47,10.238200845181414,58.85690132702704,0.0,2.1864518941470132,19.053642584718638,clear
2025-09-17 20:56:15.549656,51.1694,71.4491,16.073023780918014,64.69138575945868,0.0,2.6774865380533024,21.158061550507995,clear
2025-09-17 20:56:15.549656,51.128,71.403,17.078087813964594,76.48778434080755,0.0,2.245521507706491,20.717030602856653,clear
2025-09-17 20:56:15.549656,51.1805,71.446,10.698980587440232,70.61419115004239,0.0,6.226527141337895,20.677803611753156,clear
2025-09-17 20:56:15.549656,51.135,71.47,13.71480869748516,81.94405099157663,0.0,0.5170532646560819,20.955337493655193,clear
2025-09-17 21:56:15.549656,51.1694,71.4491,12.354248327639464,63.268840455148386,0.0,5.90542270990754,18.91855970822149,clear
2025-09-17 21:56:15.549656,51.128,71.403,10.473469290898326,65.96397190118475,0.0,8.025095736975864,20.2506211396461,cloudy
2025-09-17 21:56:15.549656,51.1805,71.446,12.414805897124555,57.05505204734164,0.0,10.033206152010436,20.09204828965119,cloudy
2025-09-17 21:56:15.549656,51.135,71.47,15.448922367555955,65.18374023746489,0.0,0.5060811541040581,20.751790426585764,clear
2025-09-17 22:56:15.549656,51.1694,71.4491,12.583531459859392,57.2333241017744,0.0,2.3377695834126375,20.9893173771393,clear
2025-09-17 22:56:15.549656,51.128,71.403,11.571266229992402,73.04260591949101,0.0,8.089702068040319,21.995947817418724,clear
2025-09-17 22:56:15.549656,51.1805,71.446,11.62203963803015,65.59294943070935,0.0,3.2151567322817494,19.421301187110636,cloudy
2025-09-17 22:56:15.549656,51.135,71.47,6.627267364354127,89.7553329733288,0.0,7.552431816248081,21.20894141041895,cloudy
2025-09-17 23:56:15.549656,51.1694,71.4491,11.434104764027579,63.66574809846631,0.0,0.9027100571142522,19.510964170802133,clear
2025-09-17 23:56:15.549656,51.128,71.403,7.358575419865701,81.13872239057046,0.0,8.835294467087197,18.271253275861472,clear
2025-09-17 23:56:15.549656,51.1805,71.446,7.3337770624617855,94.55321597753628,2.246151392434355,17.273864337582378,15.50769721513129,cloudy
2025-09-17 23:56:15.549656,51.135,71.47,14.1712824903689,76.20439862777049,0.0,3.2454790199492782,21.702791113536602,clear
2025-09-18 00:56:15.549656,51.1694,71.4491,9.433164840075149,67.15098595812505,0.0,4.703530473642239,21.359079456080238,clear
2025-09-18 00:56:15.549656,51.128,71.403,3.050432285872427,92.44259911558632,0.0,12.479283131071309,21.35843321980843,clear
2025-09-18 00:56:15.549656,51.1805,71.446,11.010527481832476,85.28850970283996,0.0,3.657835972611164,18.75388236405204,cloudy
2025-09-18 00:56:15.549656,51.135,71.47,15.012998087140742,62.941101527394416,0.011972374733728215,5.129651097946441,19.976055250532543,cloudy
