timestamp,latitude,longitude,road_id,road_type,traffic_volume,average_speed,free_flow_speed,occupancy_rate,congestion_level,congestion_name,district
2024-01-01 00:00:00,51.20721558440182,71.41748061169966,road_0000,arterial,281,55.80727440188916,60,17.206902499691022,0,FREE_FLOW,Right Bank
2024-01-01 00:00:00,51.213488841961706,71.4551094605174,road_0001,local,95,33.78070472184561,35,19.042176096274396,0,FREE_FLOW,Right Bank
2024-01-01 00:00:00,51.09202009123179,71.43847470697595,road_0002,arterial,333,58.181244641882124,60,19.51002092279431,0,FREE_FLOW,Left Bank
2024-01-01 00:00:00,51.19057683736238,71.4135219694281,road_0003,collector,122,45.0,45,6.084773755083779,0,FREE_FLOW,Right Bank
2024-01-01 00:00:00,51.16991099020425,71.48953431403665,road_0004,collector,230,42.37813076782692,45,20.037655718148777,0,FREE_FLOW,Right Bank
2024-01-01 00:00:00,51.160352110793035,71.43655906544681,road_0005,collector,276,42.06736152106995,45,12.971000435945992,0,FREE_FLOW,Left Bank
2024-01-01 00:00:00,51.197010226921215,71.45590960880924,road_0006,arterial,398,60.0,60,11.136583496608182,0,FREE_FLOW,Right Bank
2024-01-01 00:00:00,51.11464444065831,71.472169515803,road_0007,collector,192,42.196664912924284,45,20.452726863786793,0,FREE_FLOW,Esil District
2024-01-01 00:00:00,51.12044326025239,71.43375018852568,road_0008,collector,213,45.0,45,21.133222844766117,0,FREE_FLOW,Left Bank
2024-01-01 00:00:00,51.11541119500996,71.39497674159925,road_0009,arterial,435,60.0,60,24.418568975350254,0,FREE_FLOW,Left Bank
2024-01-01 00:00:00,51.11078369535379,71.44797551413016,road_0010,collector,177,43.84926968922271,45,13.413732428729093,0,FREE_FLOW,Esil District
2024-01-01 00:00:00,51.08154293158093,71.50410393821133,road_0011,arterial,366,57.66039319056317,60,10.318419494749314,0,FREE_FLOW,Esil District
2024-01-01 00:00:00,51.19411054283802,71.48338375455349,road_0012,collector,159,42.08253035072131,45,20.489149252216414,0,FREE_FLOW,Right Bank
2024-01-01 00:00:00,51.11540059978571,71.41954819303338,road_0013,arterial,231,58.39698690223018,60,2.8164541844265765,0,FREE_FLOW,Left Bank
2024-01-01 00:00:00,51.153146942289446,71.41898050602991,road_0014,collector,329,45.0,45,18.094549170381118,0,FREE_FLOW,Left Bank
2024-01-01 00:00:00,51.09379597309867,71.3747399226662,road_0015,collector,263,45.0,45,12.542569705445018,0,FREE_FLOW,Left Bank
2024-01-01 00:00:00,51.10200587058781,71.4105255768849,road_0016,collector,353,44.389127130764365,45,31.655309087704413,0,FREE_FLOW,Left Bank
2024-01-01 00:00:00,51.14997939524811,71.48471150021103,road_0017,local,80,35.0,35,13.378481193261994,0,FREE_FLOW,Right Bank
2024-01-01 00:00:00,51.12597404841841,71.5114357036669,road_0018,local,53,35.0,35,8.065083984183662,0,FREE_FLOW,Esil District
2024-01-01 00:00:00,51.15469379256984,71.44515988046629,road_0019,collector,208,43.01365754038556,45,13.265556946485525,0,FREE_FLOW,City Center
2024-01-01 00:00:00,51.16857999845184,71.4595019477238,road_0020,arterial,733,57.90481448051869,60,38.38143694047906,0,FREE_FLOW,City Center
2024-01-01 00:00:00,51.15694799555623,71.45525725431128,road_0021,collector,142,41.177620236475995,45,19.073298340987577,0,FREE_FLOW,Esil District
2024-01-01 00:00:00,51.15037767188937,71.47600489108373,road_0022,arterial,357,59.819627297648225,60,9.649497137803138,0,FREE_FLOW,City Center
2024-01-01 00:00:00,51.179136852536935,71.44184452872075,road_0023,arterial,186,60.0,60,14.324262814526227,0,FREE_FLOW,Esil District
2024-01-01 00:00:00,51.08968684609002,71.45590858984447,road_0024,local,37,34.01050412636303,35,8.047870336481012,0,FREE_FLOW,Esil District
2024-01-01 01:00:00,51.20721558440182,71.41748061169966,road_0000,arterial,147,60.0,60,2.3310152847720103,0,FREE_FLOW,Right Bank
2024-01-01 01:00:00,51.213488841961706,71.4551094605174,road_0001,local,47,33.57551100634644,35,6.931399538158155,0,FREE_FLOW,Right Bank
2024-01-01 01:00:00,51.09202009123179,71.43847470697595,road_0002,arterial,258,54.978194758000896,60,12.55027421731361,0,FREE_FLOW,Left Bank
2024-01-01 01:00:00,51.19057683736238,71.4135219694281,road_0003,collector,71,41.13843727827801,45,0.0,0,FREE_FLOW,Right Bank
2024-01-01 01:00:00,51.16991099020425,71.48953431403665,road_0004,collector,91,40.74846815205995,45,13.799009645679863,0,FREE_FLOW,Right Bank
2024-01-01 01:00:00,51.160352110793035,71.43655906544681,road_0005,collector,194,43.451550370170324,45,16.37385603923732,0,FREE_FLOW,Left Bank
2024-01-01 01:00:00,51.197010226921215,71.45590960880924,road_0006,arterial,168,60.0,60,13.498670041387264,0,FREE_FLOW,Right Bank
2024-01-01 01:00:00,51.11464444065831,71.472169515803,road_0007,collector,62,45.0,45,0.19864362679778935,0,FREE_FLOW,Esil District
2024-01-01 01:00:00,51.12044326025239,71.43375018852568,road_0008,collector,176,45.0,45,7.164191649728171,0,FREE_FLOW,Left Bank
2024-01-01 01:00:00,51.11541119500996,71.39497674159925,road_0009,arterial,338,58.93329321268958,60,7.40760067989746,0,FREE_FLOW,Left Bank
2024-01-01 01:00:00,51.11078369535379,71.44797551413016,road_0010,collector,100,45.0,45,0.0,0,FREE_FLOW,Esil District
2024-01-01 01:00:00,51.08154293158093,71.50410393821133,road_0011,arterial,160,59.20209986400634,60,4.376418028895891,0,FREE_FLOW,Esil District
2024-01-01 01:00:00,51.19411054283802,71.48338375455349,road_0012,collector,136,41.22743880355687,45,2.753340153294067,0,FREE_FLOW,Right Bank
2024-01-01 01:00:00,51.11540059978571,71.41954819303338,road_0013,arterial,311,60.0,60,3.6038719101688717,0,FREE_FLOW,Left Bank
2024-01-01 01:00:00,51.153146942289446,71.41898050602991,road_0014,collector,157,42.14503527192172,45,2.3441324682925018,0,FREE_FLOW,Left Bank
2024-01-01 01:00:00,51.09379597309867,71.3747399226662,road_0015,collector,273,45.0,45,18.53392514853133,0,FREE_FLOW,Left Bank
2024-01-01 01:00:00,51.10200587058781,71.4105255768849,road_0016,collector,190,45.0,45,3.6209892204996432,0,FREE_FLOW,Left Bank
2024-01-01 01:00:00,51.14997939524811,71.48471150021103,road_0017,local,38,32.14256891664103,35,1.587593334328032,0,FREE_FLOW,Right Bank
2024-01-01 01:00:00,51.12597404841841,71.5114357036669,road_0018,local,30,32.727302181297595,35,13.34021057243017,0,FREE_FLOW,Esil District
2024-01-01 01:00:00,51.15469379256984,71.44515988046629,road_0019,collector,138,43.616270193970976,45,15.338259541015589,0,FREE_FLOW,City Center
2024-01-01 01:00:00,51.16857999845184,71.4595019477238,road_0020,arterial,380,60.0,60,6.161178483940674,0,FREE_FLOW,City Center
2024-01-01 01:00:00,51.15694799555623,71.45525725431128,road_0021,collector,121,45.0,45,0.0,0,FREE_FLOW,Esil District
2024-01-01 01:00:00,51.15037767188937,71.47600489108373,road_0022,arterial,377,60.0,60,18.75927538796282,0,FREE_FLOW,City Center
2024-01-01 01:00:00,51.179136852536935,71.44184452872075,road_0023,arterial,272,60.0,60,18.223978671100074,0,FREE_FLOW,Esil District
2024-01-01 01:00:00,51.08968684609002,71.45590858984447,road_0024,local,72,32.39918361607182,35,10.467340833438666,0,FREE_FLOW,Esil District
2024-01-01 02:00:00,51.20721558440182,71.41748061169966,road_0000,arterial,199,60.0,60,10.478793402031457,0,FREE_FLOW,Right Bank
2024-01-01 02:00:00,51.213488841961706,71.4551094605174,road_0001,local,44,33.002078539511885,35,0.9792225464226751,0,FREE_FLOW,Right Bank
2024-01-01 02:00:00,51.09202009123179,71.43847470697595,road_0002,arterial,149,58.038540730505815,60,8.325077686757858,0,FREE_FLOW,Left Bank
2024-01-01 02:00:00,51.19057683736238,71.4135219694281,road_0003,collector,89,43.56554013555984,45,9.565606712789128,0,FREE_FLOW,Right Bank
2024-01-01 02:00:00,51.16991099020425,71.48953431403665,road_0004,collector,64,43.635007748998774,45,8.124473840505456,0,FREE_FLOW,Right Bank
2024-01-01 02:00:00,51.160352110793035,71.43655906544681,road_0005,collector,141,45.0,45,7.7589206343115755,0,FREE_FLOW,Left Bank
2024-01-01 02:00:00,51.197010226921215,71.45590960880924,road_0006,arterial,139,60.0,60,6.930405674999165,0,FREE_FLOW,Right Bank
2024-01-01 02:00:00,51.11464444065831,71.472169515803,road_0007,collector,67,45.0,45,0.0,0,FREE_FLOW,Esil District
2024-01-01 02:00:00,51.12044326025239,71.43375018852568,road_0008,collector,169,45.0,45,6.038603862473469,0,FREE_FLOW,Left Bank
2024-01-01 02:00:00,51.11541119500996,71.39497674159925,road_0009,arterial,224,60.0,60,6.514577723525896,0,FREE_FLOW,Left Bank
2024-01-01 02:00:00,51.11078369535379,71.44797551413016,road_0010,collector,62,41.399845858885435,45,0.08603682351955033,0,FREE_FLOW,Esil District
2024-01-01 02:00:00,51.08154293158093,71.50410393821133,road_0011,arterial,77,58.258854421325196,60,10.022862881911797,0,FREE_FLOW,Esil District
2024-01-01 02:00:00,51.19411054283802,71.48338375455349,road_0012,collector,125,44.93690585552311,45,7.983752326186181,0,FREE_FLOW,Right Bank
2024-01-01 02:00:00,51.11540059978571,71.41954819303338,road_0013,arterial,107,60.0,60,6.328818518022379,0,FREE_FLOW,Left Bank
2024-01-01 02:00:00,51.153146942289446,71.41898050602991,road_0014,collector,107,41.521020157156876,45,12.759254342757384,0,FREE_FLOW,Left Bank
2024-01-01 02:00:00,51.09379597309867,71.3747399226662,road_0015,collector,204,41.00073642690778,45,23.518624840606584,0,FREE_FLOW,Left Bank
2024-01-01 02:00:00,51.10200587058781,71.4105255768849,road_0016,collector,153,45.0,45,14.31662967757389,0,FREE_FLOW,Left Bank
2024-01-01 02:00:00,51.14997939524811,71.48471150021103,road_0017,local,58,35.0,35,14.587374106216828,0,FREE_FLOW,Right Bank
2024-01-01 02:00:00,51.12597404841841,71.5114357036669,road_0018,local,29,35.0,35,1.5580320390850368,0,FREE_FLOW,Esil District
2024-01-01 02:00:00,51.15469379256984,71.44515988046629,road_0019,collector,101,45.0,45,1.3978947818238883,0,FREE_FLOW,City Center
2024-01-01 02:00:00,51.16857999845184,71.4595019477238,road_0020,arterial,379,60.0,60,9.893703873641577,0,FREE_FLOW,City Center
2024-01-01 02:00:00,51.15694799555623,71.45525725431128,road_0021,collector,67,44.834976122046555,45,8.630290578330664,0,FREE_FLOW,Esil District
2024-01-01 02:00:00,51.15037767188937,71.47600489108373,road_0022,arterial,238,57.96231620588567,60,4.49448308860576,0,FREE_FLOW,City Center
2024-01-01 02:00:00,51.179136852536935,71.44184452872075,road_0023,arterial,93,60.0,60,1.8240417356283425,0,FREE_FLOW,Esil District
2024-01-01 02:00:00,51.08968684609002,71.45590858984447,road_0024,local,47,35.0,35,12.330807037533862,0,FREE_FLOW,Esil District
2024-01-01 03:00:00,51.20721558440182,71.41748061169966,road_0000,arterial,143,59.73248277569312,60,3.7244578574404956,0,FREE_FLOW,Right Bank
2024-01-01 03:00:00,51.213488841961706,71.4551094605174,road_0001,local,27,35.0,35,2.1017166321311187,0,FREE_FLOW,Right Bank
2024-01-01 03:00:00,51.09202009123179,71.43847470697595,road_0002,arterial,302,54.51906796397629,60,8.533727765551674,0,FREE_FLOW,Left Bank
2024-01-01 03:00:00,51.19057683736238,71.4135219694281,road_0003,collector,133,45.0,45,3.92647002645149,0,FREE_FLOW,Right Bank
2024-01-01 03:00:00,51.16991099020425,71.48953431403665,road_0004,collector,43,43.15044115050979,45,0.0,0,FREE_FLOW,Right Bank
2024-01-01 03:00:00,51.160352110793035,71.43655906544681,road_0005,collector,193,45.0,45,10.550703294251065,0,FREE_FLOW,Left Bank
2024-01-01 03:00:00,51.197010226921215,71.45590960880924,road_0006,arterial,224,58.733693763393234,60,0.1172779551541474,0,FREE_FLOW,Right Bank
2024-01-01 03:00:00,51.11464444065831,71.472169515803,road_0007,collector,39,45.0,45,0.0,0,FREE_FLOW,Esil District
2024-01-01 03:00:00,51.12044326025239,71.43375018852568,road_0008,collector,99,43.74298135511896,45,1.9187584992847802,0,FREE_FLOW,Left Bank
2024-01-01 03:00:00,51.11541119500996,71.39497674159925,road_0009,arterial,158,57.35702482533408,60,0.0,0,FREE_FLOW,Left Bank
2024-01-01 03:00:00,51.11078369535379,71.44797551413016,road_0010,collector,63,41.69864666398694,45,0.0,0,FREE_FLOW,Esil District
2024-01-01 03:00:00,51.08154293158093,71.50410393821133,road_0011,arterial,79,60.0,60,1.4927811547695846,0,FREE_FLOW,Esil District
2024-01-01 03:00:00,51.19411054283802,71.48338375455349,road_0012,collector,94,45.0,45,13.799896385182521,0,FREE_FLOW,Right Bank
2024-01-01 03:00:00,51.11540059978571,71.41954819303338,road_0013,arterial,138,59.764357750492806,60,11.07204567470451,0,FREE_FLOW,Left Bank
2024-01-01 03:00:00,51.153146942289446,71.41898050602991,road_0014,collector,169,44.03584070338494,45,16.258232666188107,0,FREE_FLOW,Left Bank
2024-01-01 03:00:00,51.09379597309867,71.3747399226662,road_0015,collector,165,40.83050010969577,45,2.2702365918000265,0,FREE_FLOW,Left Bank
2024-01-01 03:00:00,51.10200587058781,71.4105255768849,road_0016,collector,66,45.0,45,0.0,0,FREE_FLOW,Left Bank
2024-01-01 03:00:00,51.14997939524811,71.48471150021103,road_0017,local,49,35.0,35,14.388315045152858,0,FREE_FLOW,Right Bank
2024-01-01 03:00:00,51.12597404841841,71.5114357036669,road_0018,local,46,33.18753940891944,35,3.3070109855157286,0,FREE_FLOW,Esil District
2024-01-01 03:00:00,51.15469379256984,71.44515988046629,road_0019,collector,97,42.3649377140362,45,1.9613026071848427,0,FREE_FLOW,City Center
2024-01-01 03:00:00,51.16857999845184,71.4595019477238,road_0020,arterial,366,57.220126987614165,60,5.5779293558243985,0,FREE_FLOW,City Center
2024-01-01 03:00:00,51.15694799555623,71.45525725431128,road_0021,collector,37,45.0,45,1.9908806024469499,0,FREE_FLOW,Esil District
2024-01-01 03:00:00,51.15037767188937,71.47600489108373,road_0022,arterial,230,55.060307008143006,60,18.55947530879646,0,FREE_FLOW,City Center
2024-01-01 03:00:00,51.179136852536935,71.44184452872075,road_0023,arterial,144,59.04633185082796,60,5.360919340369502,0,FREE_FLOW,Esil District
2024-01-01 03:00:00,51.08968684609002,71.45590858984447,road_0024,local,46,35.0,35,11.850893350387238,0,FREE_FLOW,Esil District
2024-01-01 04:00:00,51.20721558440182,71.41748061169966,road_0000,arterial,272,60.0,60,13.041756990837703,0,FREE_FLOW,Right Bank
2024-01-01 04:00:00,51.213488841961706,71.4551094605174,road_0001,local,57,35.0,35,11.652940653004563,0,FREE_FLOW,Right Bank
2024-01-01 04:00:00,51.09202009123179,71.43847470697595,road_0002,arterial,344,60.0,60,9.71918903083901,0,FREE_FLOW,Left Bank
2024-01-01 04:00:00,51.19057683736238,71.4135219694281,road_0003,collector,163,45.0,45,10.053602825590113,0,FREE_FLOW,Right Bank
2024-01-01 04:00:00,51.16991099020425,71.48953431403665,road_0004,collector,127,45.0,45,0.0,0,FREE_FLOW,Right Bank
2024-01-01 04:00:00,51.160352110793035,71.43655906544681,road_0005,collector,141,43.573558593950565,45,10.992998689434769,0,FREE_FLOW,Left Bank
2024-01-01 04:00:00,51.197010226921215,71.45590960880924,road_0006,arterial,209,58.803175025804705,60,10.055322118983073,0,FREE_FLOW,Right Bank
2024-01-01 04:00:00,51.11464444065831,71.472169515803,road_0007,collector,101,44.20481463378851,45,10.663362657874911,0,FREE_FLOW,Esil District
2024-01-01 04:00:00,51.12044326025239,71.43375018852568,road_0008,collector,250,45.0,45,26.12887365206875,0,FREE_FLOW,Left Bank
2024-01-01 04:00:00,51.11541119500996,71.39497674159925,road_0009,arterial,261,58.170394011850746,60,7.341652556447736,0,FREE_FLOW,Left Bank
2024-01-01 04:00:00,51.11078369535379,71.44797551413016,road_0010,collector,57,43.703909689158564,45,4.48847007465046,0,FREE_FLOW,Esil District
2024-01-01 04:00:00,51.08154293158093,71.50410393821133,road_0011,arterial,190,57.8587036323223,60,4.201990266203108,0,FREE_FLOW,Esil District
2024-01-01 04:00:00,51.19411054283802,71.48338375455349,road_0012,collector,77,45.0,45,8.889027675254994,0,FREE_FLOW,Right Bank
2024-01-01 04:00:00,51.11540059978571,71.41954819303338,road_0013,arterial,202,60.0,60,0.0,0,FREE_FLOW,Left Bank
2024-01-01 04:00:00,51.153146942289446,71.41898050602991,road_0014,collector,120,45.0,45,17.725139917336303,0,FREE_FLOW,Left Bank
2024-01-01 04:00:00,51.09379597309867,71.3747399226662,road_0015,collector,230,45.0,45,20.532441512085043,0,FREE_FLOW,Left Bank
2024-01-01 04:00:00,51.10200587058781,71.4105255768849,road_0016,collector,183,41.6966667762831,45,5.154781838124533,0,FREE_FLOW,Left Bank
2024-01-01 04:00:00,51.14997939524811,71.48471150021103,road_0017,local,87,31.712639733606224,35,15.867324640171748,0,FREE_FLOW,Right Bank
2024-01-01 04:00:00,51.12597404841841,71.5114357036669,road_0018,local,66,32.23386018050256,35,6.19327665008165,0,FREE_FLOW,Esil District
2024-01-01 04:00:00,51.15469379256984,71.44515988046629,road_0019,collector,236,45.0,45,17.01263517371006,0,FREE_FLOW,City Center
2024-01-01 04:00:00,51.16857999845184,71.4595019477238,road_0020,arterial,235,58.11444177948942,60,4.064328230996025,0,FREE_FLOW,City Center
2024-01-01 04:00:00,51.15694799555623,71.45525725431128,road_0021,collector,91,44.816147856067026,45,9.043123472498186,0,FREE_FLOW,Esil District
2024-01-01 04:00:00,51.15037767188937,71.47600489108373,road_0022,arterial,437,60.0,60,18.634845319008747,0,FREE_FLOW,City Center
2024-01-01 04:00:00,51.179136852536935,71.44184452872075,road_0023,arterial,166,60.0,60,3.3889366774383616,0,FREE_FLOW,Esil District
2024-01-01 04:00:00,51.08968684609002,71.45590858984447,road_0024,local,52,33.81234883323249,35,6.464953956978803,0,FREE_FLOW,Esil District
2024-01-01 05:00:00,51.20721558440182,71.41748061169966,road_0000,arterial,461,58.37415775643574,60,12.946655954250566,0,FREE_FLOW,Right Bank
2024-01-01 05:00:00,51.213488841961706,71.4551094605174,road_0001,local,148,35.0,35,10.257752490802877,0,FREE_FLOW,Right Bank
2024-01-01 05:00:00,51.09202009123179,71.43847470697595,road_0002,arterial,419,54.21249344704096,60,7.792709557490259,0,FREE_FLOW,Left Bank
2024-01-01 05:00:00,51.19057683736238,71.4135219694281,road_0003,collector,349,45.0,45,31.19887192614708,0,FREE_FLOW,Right Bank
2024-01-01 05:00:00,51.16991099020425,71.48953431403665,road_0004,collector,273,44.909347837065546,45,27.70134325890285,0,FREE_FLOW,Right Bank
2024-01-01 05:00:00,51.160352110793035,71.43655906544681,road_0005,collector,503,45.0,45,37.902478750064404,0,FREE_FLOW,Left Bank
2024-01-01 05:00:00,51.197010226921215,71.45590960880924,road_0006,arterial,458,60.0,60,12.421551202989182,0,FREE_FLOW,Right Bank
2024-01-01 05:00:00,51.11464444065831,71.472169515803,road_0007,collector,207,45.0,45,18.524943673969766,0,FREE_FLOW,Esil District
2024-01-01 05:00:00,51.12044326025239,71.43375018852568,road_0008,collector,488,44.97935354797861,45,24.279136925126842,0,FREE_FLOW,Left Bank
2024-01-01 05:00:00,51.11541119500996,71.39497674159925,road_0009,arterial,799,58.33946367659975,60,33.837661951157976,0,FREE_FLOW,Left Bank
2024-01-01 05:00:00,51.11078369535379,71.44797551413016,road_0010,collector,193,42.313834607259714,45,13.845106264446212,0,FREE_FLOW,Esil District
2024-01-01 05:00:00,51.08154293158093,71.50410393821133,road_0011,arterial,321,54.030327922521124,60,5.616495468840405,0,FREE_FLOW,Esil District
2024-01-01 05:00:00,51.19411054283802,71.48338375455349,road_0012,collector,159,45.0,45,12.722037621116772,0,FREE_FLOW,Right Bank
2024-01-01 05:00:00,51.11540059978571,71.41954819303338,road_0013,arterial,453,58.892696258983,60,23.039490510974364,0,FREE_FLOW,Left Bank
2024-01-01 05:00:00,51.153146942289446,71.41898050602991,road_0014,collector,618,43.72408379324327,45,35.30003620106474,0,FREE_FLOW,Left Bank
2024-01-01 05:00:00,51.09379597309867,71.3747399226662,road_0015,collector,560,45.0,45,28.29522621261509,0,FREE_FLOW,Left Bank
2024-01-01 05:00:00,51.10200587058781,71.4105255768849,road_0016,collector,530,45.0,45,41.32407595172365,0,FREE_FLOW,Left Bank
2024-01-01 05:00:00,51.14997939524811,71.48471150021103,road_0017,local,84,35.0,35,13.175171274403546,0,FREE_FLOW,Right Bank
2024-01-01 05:00:00,51.12597404841841,71.5114357036669,road_0018,local,91,34.66276972639717,35,15.034641268342648,0,FREE_FLOW,Esil District
2024-01-01 05:00:00,51.15469379256984,71.44515988046629,road_0019,collector,617,45.0,45,43.615364216970086,0,FREE_FLOW,City Center
2024-01-01 05:00:00,51.16857999845184,71.4595019477238,road_0020,arterial,722,58.6365997830025,60,25.987249036367917,0,FREE_FLOW,City Center
2024-01-01 05:00:00,51.15694799555623,71.45525725431128,road_0021,collector,168,45.0,45,5.780507818495928,0,FREE_FLOW,Esil District
2024-01-01 05:00:00,51.15037767188937,71.47600489108373,road_0022,arterial,649,60.0,60,30.570982736186032,0,FREE_FLOW,City Center
2024-01-01 05:00:00,51.179136852536935,71.44184452872075,road_0023,arterial,264,60.0,60,10.468472528079314,0,FREE_FLOW,Esil District
2024-01-01 05:00:00,51.08968684609002,71.45590858984447,road_0024,local,135,35.0,35,21.923062400776452,0,FREE_FLOW,Esil District
2024-01-01 06:00:00,51.20721558440182,71.41748061169966,road_0000,arterial,886,60.0,60,29.530891863389265,0,FREE_FLOW,Right Bank
2024-01-01 06:00:00,51.213488841961706,71.4551094605174,road_0001,local,289,35.0,35,28.183320614882902,0,FREE_FLOW,Right Bank
2024-01-01 06:00:00,51.09202009123179,71.43847470697595,road_0002,arterial,1082,59.71318468728115,60,45.35915744145025,0,FREE_FLOW,Left Bank
2024-01-01 06:00:00,51.19057683736238,71.4135219694281,road_0003,collector,510,45.0,45,32.179103541709864,0,FREE_FLOW,Right Bank
2024-01-01 06:00:00,51.16991099020425,71.48953431403665,road_0004,collector,286,45.0,45,20.376833613126145,0,FREE_FLOW,Right Bank
2024-01-01 06:00:00,51.160352110793035,71.43655906544681,road_0005,collector,915,42.695975776691014,45,70.18149589128055,0,FREE_FLOW,Left Bank
2024-01-01 06:00:00,51.197010226921215,71.45590960880924,road_0006,arterial,601,60.0,60,19.79859232951452,0,FREE_FLOW,Right Bank
2024-01-01 06:00:00,51.11464444065831,71.472169515803,road_0007,collector,465,42.74492603143275,45,23.015892060317732,0,FREE_FLOW,Esil District
2024-01-01 06:00:00,51.12044326025239,71.43375018852568,road_0008,collector,928,45.0,45,53.910919951170655,0,FREE_FLOW,Left Bank
2024-01-01 06:00:00,51.11541119500996,71.39497674159925,road_0009,arterial,1265,60.0,60,53.62734421976492,0,FREE_FLOW,Left Bank
2024-01-01 06:00:00,51.11078369535379,71.44797551413016,road_0010,collector,290,41.42954052354746,45,10.879754643109077,0,FREE_FLOW,Esil District
2024-01-01 06:00:00,51.08154293158093,71.50410393821133,road_0011,arterial,1006,56.608232645833596,60,32.69621563691467,0,FREE_FLOW,Esil District
2024-01-01 06:00:00,51.19411054283802,71.48338375455349,road_0012,collector,301,43.47874298639307,45,26.81648244671651,0,FREE_FLOW,Right Bank
2024-01-01 06:00:00,51.11540059978571,71.41954819303338,road_0013,arterial,913,58.395858003636775,60,38.677887875885176,0,FREE_FLOW,Left Bank
2024-01-01 06:00:00,51.153146942289446,71.41898050602991,road_0014,collector,800,45.0,45,59.08913110762318,0,FREE_FLOW,Left Bank
2024-01-01 06:00:00,51.09379597309867,71.3747399226662,road_0015,collector,465,45.0,45,38.27036281225914,0,FREE_FLOW,Left Bank
2024-01-01 06:00:00,51.10200587058781,71.4105255768849,road_0016,collector,713,45.0,45,55.90242783211936,0,FREE_FLOW,Left Bank
2024-01-01 06:00:00,51.14997939524811,71.48471150021103,road_0017,local,176,35.0,35,16.964528855143037,0,FREE_FLOW,Right Bank
2024-01-01 06:00:00,51.12597404841841,71.5114357036669,road_0018,local,119,35.0,35,11.104463422655147,0,FREE_FLOW,Esil District
2024-01-01 06:00:00,51.15469379256984,71.44515988046629,road_0019,collector,631,44.925536671955335,45,36.320282353491194,0,FREE_FLOW,City Center
2024-01-01 06:00:00,51.16857999845184,71.4595019477238,road_0020,arterial,2092,59.92048086549223,60,84.82610737780095,0,FREE_FLOW,City Center
2024-01-01 06:00:00,51.15694799555623,71.45525725431128,road_0021,collector,357,43.268607959752586,45,19.79191823532954,0,FREE_FLOW,Esil District
2024-01-01 06:00:00,51.15037767188937,71.47600489108373,road_0022,arterial,1306,57.549738275595004,60,58.23564044148539,0,FREE_FLOW,City Center
2024-01-01 06:00:00,51.179136852536935,71.44184452872075,road_0023,arterial,672,60.0,60,24.434518948803387,0,FREE_FLOW,Esil District
2024-01-01 06:00:00,51.08968684609002,71.45590858984447,road_0024,local,209,35.0,35,30.406183995796564,0,FREE_FLOW,Esil District
2024-01-01 07:00:00,51.20721558440182,71.41748061169966,road_0000,arterial,2279,57.253511253963836,60,91.10023897642498,0,FREE_FLOW,Right Bank
2024-01-01 07:00:00,51.213488841961706,71.4551094605174,road_0001,local,425,35.0,35,44.635067276077784,0,FREE_FLOW,Right Bank
2024-01-01 07:00:00,51.09202009123179,71.43847470697595,road_0002,arterial,2500,55.31217152855084,60,100.0,0,FREE_FLOW,Left Bank
2024-01-01 07:00:00,51.19057683736238,71.4135219694281,road_0003,collector,1500,38.41031344198575,45,100.0,0,FREE_FLOW,Right Bank
2024-01-01 07:00:00,51.16991099020425,71.48953431403665,road_0004,collector,1261,41.90977178029916,45,77.98892866053572,0,FREE_FLOW,Right Bank
2024-01-01 07:00:00,51.160352110793035,71.43655906544681,road_0005,collector,1500,42.16273421097525,45,100.0,0,FREE_FLOW,Left Bank
2024-01-01 07:00:00,51.197010226921215,71.45590960880924,road_0006,arterial,2500,57.273691637795935,60,100.0,0,FREE_FLOW,Right Bank
2024-01-01 07:00:00,51.11464444065831,71.472169515803,road_0007,collector,1094,45.0,45,82.18631970443082,0,FREE_FLOW,Esil District
2024-01-01 07:00:00,51.12044326025239,71.43375018852568,road_0008,collector,1500,35.89767403004622,45,96.47980122213599,1,LIGHT,Left Bank
2024-01-01 07:00:00,51.11541119500996,71.39497674159925,road_0009,arterial,2500,48.23767189213262,60,100.0,0,FREE_FLOW,Left Bank
2024-01-01 07:00:00,51.11078369535379,71.44797551413016,road_0010,collector,1264,45.0,45,88.34558936943685,0,FREE_FLOW,Esil District
2024-01-01 07:00:00,51.08154293158093,71.50410393821133,road_0011,arterial,1544,57.11037376806211,60,68.2621466284532,0,FREE_FLOW,Esil District
2024-01-01 07:00:00,51.19411054283802,71.48338375455349,road_0012,collector,872,45.0,45,55.03717623095885,0,FREE_FLOW,Right Bank
2024-01-01 07:00:00,51.11540059978571,71.41954819303338,road_0013,arterial,2500,57.12571059337952,60,94.39021050161918,0,FREE_FLOW,Left Bank
2024-01-01 07:00:00,51.153146942289446,71.41898050602991,road_0014,collector,1500,42.92896157406577,45,100.0,0,FREE_FLOW,Left Bank
2024-01-01 07:00:00,51.09379597309867,71.3747399226662,road_0015,collector,1500,39.22792948081505,45,99.69556734300693,0,FREE_FLOW,Left Bank
2024-01-01 07:00:00,51.10200587058781,71.4105255768849,road_0016,collector,1500,36.92365910212764,45,98.0510008719396,0,FREE_FLOW,Left Bank
2024-01-01 07:00:00,51.14997939524811,71.48471150021103,road_0017,local,781,33.270862238342154,35,90.27052422250661,0,FREE_FLOW,Right Bank
2024-01-01 07:00:00,51.12597404841841,71.5114357036669,road_0018,local,598,33.63257513863394,35,81.20167751823348,0,FREE_FLOW,Esil District
2024-01-01 07:00:00,51.15469379256984,71.44515988046629,road_0019,collector,1500,38.388898080216705,45,91.34350799831421,0,FREE_FLOW,City Center
2024-01-01 07:00:00,51.16857999845184,71.4595019477238,road_0020,arterial,2500,48.417584751239474,60,92.1315746025735,0,FREE_FLOW,City Center
2024-01-01 07:00:00,51.15694799555623,71.45525725431128,road_0021,collector,634,42.55286607538214,45,46.91035823584791,0,FREE_FLOW,Esil District
2024-01-01 07:00:00,51.15037767188937,71.47600489108373,road_0022,arterial,2500,55.70198570273005,60,100.0,0,FREE_FLOW,City Center
2024-01-01 07:00:00,51.179136852536935,71.44184452872075,road_0023,arterial,1502,57.129915867598676,60,58.52072119101375,0,FREE_FLOW,Esil District
2024-01-01 07:00:00,51.08968684609002,71.45590858984447,road_0024,local,588,35.0,35,65.30673921155216,0,FREE_FLOW,Esil District
2024-01-01 08:00:00,51.20721558440182,71.41748061169966,road_0000,arterial,2047,60.0,60,80.62386792714487,0,FREE_FLOW,Right Bank
2024-01-01 08:00:00,51.213488841961706,71.4551094605174,road_0001,local,800,29.80569183596903,35,100.0,0,FREE_FLOW,Right Bank
2024-01-01 08:00:00,51.09202009123179,71.43847470697595,road_0002,arterial,2500,49.7729866684403,60,99.67509883864825,0,FREE_FLOW,Left Bank
2024-01-01 08:00:00,51.19057683736238,71.4135219694281,road_0003,collector,1500,41.841452733766104,45,100.0,0,FREE_FLOW,Right Bank
2024-01-01 08:00:00,51.16991099020425,71.48953431403665,road_0004,collector,1500,38.92881372026377,45,100.0,0,FREE_FLOW,Right Bank
2024-01-01 08:00:00,51.160352110793035,71.43655906544681,road_0005,collector,1500,40.73419995408747,45,98.25587101213505,0,FREE_FLOW,Left Bank
2024-01-01 08:00:00,51.197010226921215,71.45590960880924,road_0006,arterial,2500,47.767986199084774,60,91.51866820739244,1,LIGHT,Right Bank
2024-01-01 08:00:00,51.11464444065831,71.472169515803,road_0007,collector,772,40.99638328706676,45,41.571743037834366,0,FREE_FLOW,Esil District
2024-01-01 08:00:00,51.12044326025239,71.43375018852568,road_0008,collector,1500,41.4001061122841,45,100.0,0,FREE_FLOW,Left Bank
2024-01-01 08:00:00,51.11541119500996,71.39497674159925,road_0009,arterial,2500,56.95482566612798,60,91.73410423724367,0,FREE_FLOW,Left Bank
2024-01-01 08:00:00,51.11078369535379,71.44797551413016,road_0010,collector,1500,40.88428692474631,45,100.0,0,FREE_FLOW,Esil District
2024-01-01 08:00:00,51.08154293158093,71.50410393821133,road_0011,arterial,2500,53.70432959078779,60,100.0,0,FREE_FLOW,Esil District
2024-01-01 08:00:00,51.19411054283802,71.48338375455349,road_0012,collector,1500,35.56303386033992,45,100.0,1,LIGHT,Right Bank
2024-01-01 08:00:00,51.11540059978571,71.41954819303338,road_0013,arterial,2500,51.89436644954436,60,100.0,0,FREE_FLOW,Left Bank
2024-01-01 08:00:00,51.153146942289446,71.41898050602991,road_0014,collector,1500,36.72468804353972,45,100.0,0,FREE_FLOW,Left Bank
2024-01-01 08:00:00,51.09379597309867,71.3747399226662,road_0015,collector,1500,41.048331246158256,45,100.0,0,FREE_FLOW,Left Bank
2024-01-01 08:00:00,51.10200587058781,71.4105255768849,road_0016,collector,1500,40.26166943968036,45,100.0,0,FREE_FLOW,Left Bank
2024-01-01 08:00:00,51.14997939524811,71.48471150021103,road_0017,local,800,30.319507119050968,35,100.0,0,FREE_FLOW,Right Bank
2024-01-01 08:00:00,51.12597404841841,71.5114357036669,road_0018,local,800,29.85338969371562,35,98.82064323496323,0,FREE_FLOW,Esil District
2024-01-01 08:00:00,51.15469379256984,71.44515988046629,road_0019,collector,1500,40.39556223976077,45,100.0,0,FREE_FLOW,City Center
2024-01-01 08:00:00,51.16857999845184,71.4595019477238,road_0020,arterial,2500,56.10433437769513,60,98.5363411330973,0,FREE_FLOW,City Center
2024-01-01 08:00:00,51.15694799555623,71.45525725431128,road_0021,collector,1082,38.921526246310094,45,81.94015960016888,0,FREE_FLOW,Esil District
2024-01-01 08:00:00,51.15037767188937,71.47600489108373,road_0022,arterial,2500,47.68726649475622,60,100.0,1,LIGHT,City Center
2024-01-01 08:00:00,51.179136852536935,71.44184452872075,road_0023,arterial,900,54.314320475924404,60,27.77086821227236,0,FREE_FLOW,Esil District
2024-01-01 08:00:00,51.08968684609002,71.45590858984447,road_0024,local,642,32.27983148135604,35,75.68373942138008,0,FREE_FLOW,Esil District
2024-01-01 09:00:00,51.20721558440182,71.41748061169966,road_0000,arterial,1454,60.0,60,58.61038383269047,0,FREE_FLOW,Right Bank
2024-01-01 09:00:00,51.213488841961706,71.4551094605174,road_0001,local,428,35.0,35,49.44005752909764,0,FREE_FLOW,Right Bank
2024-01-01 09:00:00,51.09202009123179,71.43847470697595,road_0002,arterial,2500,56.45571236929602,60,95.54531291393548,0,FREE_FLOW,Left Bank
2024-01-01 09:00:00,51.19057683736238,71.4135219694281,road_0003,collector,734,41.26504878114161,45,46.765936144140454,0,FREE_FLOW,Right Bank
2024-01-01 09:00:00,51.16991099020425,71.48953431403665,road_0004,collector,1500,39.82346787892106,45,95.17965303203627,0,FREE_FLOW,Right Bank
2024-01-01 09:00:00,51.160352110793035,71.43655906544681,road_0005,collector,1500,42.2900136561543,45,100.0,0,FREE_FLOW,Left Bank
2024-01-01 09:00:00,51.197010226921215,71.45590960880924,road_0006,arterial,2500,51.14692420617901,60,91.29972818965788,0,FREE_FLOW,Right Bank
2024-01-01 09:00:00,51.11464444065831,71.472169515803,road_0007,collector,1154,39.50706385248527,45,83.54618368834582,0,FREE_FLOW,Esil District
2024-01-01 09:00:00,51.12044326025239,71.43375018852568,road_0008,collector,1500,42.709071623347775,45,90.73463874853228,0,FREE_FLOW,Left Bank
2024-01-01 09:00:00,51.11541119500996,71.39497674159925,road_0009,arterial,2500,49.213815892555345,60,100.0,0,FREE_FLOW,Left Bank
2024-01-01 09:00:00,51.11078369535379,71.44797551413016,road_0010,collector,1045,41.379984712647875,45,70.16729668387204,0,FREE_FLOW,Esil District
2024-01-01 09:00:00,51.08154293158093,71.50410393821133,road_0011,arterial,1666,60.0,60,76.56671551613448,0,FREE_FLOW,Esil District
2024-01-01 09:00:00,51.19411054283802,71.48338375455349,road_0012,collector,1500,35.49024908009081,45,100.0,1,LIGHT,Right Bank
2024-01-01 09:00:00,51.11540059978571,71.41954819303338,road_0013,arterial,2500,51.03829321127353,60,99.14864195547415,0,FREE_FLOW,Left Bank
2024-01-01 09:00:00,51.153146942289446,71.41898050602991,road_0014,collector,1500,41.88673200010703,45,90.88753327066473,0,FREE_FLOW,Left Bank
2024-01-01 09:00:00,51.09379597309867,71.3747399226662,road_0015,collector,1465,41.45855049637566,45,100.0,0,FREE_FLOW,Left Bank
2024-01-01 09:00:00,51.10200587058781,71.4105255768849,road_0016,collector,1500,40.66211185708501,45,90.10164279636052,0,FREE_FLOW,Left Bank
2024-01-01 09:00:00,51.14997939524811,71.48471150021103,road_0017,local,473,31.685469433047597,35,68.367439451841,0,FREE_FLOW,Right Bank
2024-01-01 09:00:00,51.12597404841841,71.5114357036669,road_0018,local,800,32.765516420836725,35,91.23034052478471,0,FREE_FLOW,Esil District
2024-01-01 09:00:00,51.15469379256984,71.44515988046629,road_0019,collector,1500,40.39913747039922,45,100.0,0,FREE_FLOW,City Center
2024-01-01 09:00:00,51.16857999845184,71.4595019477238,road_0020,arterial,2500,52.39575977927391,60,100.0,0,FREE_FLOW,City Center
2024-01-01 09:00:00,51.15694799555623,71.45525725431128,road_0021,collector,1186,39.62092011617581,45,72.21347986071719,0,FREE_FLOW,Esil District
2024-01-01 09:00:00,51.15037767188937,71.47600489108373,road_0022,arterial,2500,48.06087750082001,60,100.0,0,FREE_FLOW,City Center
2024-01-01 09:00:00,51.179136852536935,71.44184452872075,road_0023,arterial,1706,60.0,60,75.872742655407,0,FREE_FLOW,Esil District
2024-01-01 09:00:00,51.08968684609002,71.45590858984447,road_0024,local,588,35.0,35,63.602903415094296,0,FREE_FLOW,Esil District
2024-01-01 10:00:00,51.20721558440182,71.41748061169966,road_0000,arterial,964,60.0,60,28.58240222960219,0,FREE_FLOW,Right Bank
2024-01-01 10:00:00,51.213488841961706,71.4551094605174,road_0001,local,392,31.813589056268142,35,42.86265729174586,0,FREE_FLOW,Right Bank
2024-01-01 10:00:00,51.09202009123179,71.43847470697595,road_0002,arterial,1422,57.61571521599385,60,49.19687713560515,0,FREE_FLOW,Left Bank
2024-01-01 10:00:00,51.19057683736238,71.4135219694281,road_0003,collector,412,43.013365195434226,45,20.035641028530495,0,FREE_FLOW,Right Bank
2024-01-01 10:00:00,51.16991099020425,71.48953431403665,road_0004,collector,360,44.00745997444604,45,30.802430054824377,0,FREE_FLOW,Right Bank
2024-01-01 10:00:00,51.160352110793035,71.43655906544681,road_0005,collector,772,41.62569772316716,45,57.242806304081554,0,FREE_FLOW,Left Bank
2024-01-01 10:00:00,51.197010226921215,71.45590960880924,road_0006,arterial,1616,60.0,60,57.96755173864545,0,FREE_FLOW,Right Bank
2024-01-01 10:00:00,51.11464444065831,71.472169515803,road_0007,collector,621,40.99162066205708,45,32.55840921117596,0,FREE_FLOW,Esil District
2024-01-01 10:00:00,51.12044326025239,71.43375018852568,road_0008,collector,1500,38.70749979399383,45,100.0,0,FREE_FLOW,Left Bank
2024-01-01 10:00:00,51.11541119500996,71.39497674159925,road_0009,arterial,1942,51.95015050224949,60,75.35224520811244,0,FREE_FLOW,Left Bank
2024-01-01 10:00:00,51.11078369535379,71.44797551413016,road_0010,collector,647,42.55164619384765,45,49.50904620047521,0,FREE_FLOW,Esil District
2024-01-01 10:00:00,51.08154293158093,71.50410393821133,road_0011,arterial,415,60.0,60,15.970788335371688,0,FREE_FLOW,Esil District
2024-01-01 10:00:00,51.19411054283802,71.48338375455349,road_0012,collector,481,45.0,45,32.607148590903904,0,FREE_FLOW,Right Bank
2024-01-01 10:00:00,51.11540059978571,71.41954819303338,road_0013,arterial,1530,55.59087427018888,60,66.65645560033609,0,FREE_FLOW,Left Bank
2024-01-01 10:00:00,51.153146942289446,71.41898050602991,road_0014,collector,755,40.392838323213574,45,59.59806640213597,0,FREE_FLOW,Left Bank
2024-01-01 10:00:00,51.09379597309867,71.3747399226662,road_0015,collector,1394,44.231752498837636,45,100.0,0,FREE_FLOW,Left Bank
2024-01-01 10:00:00,51.10200587058781,71.4105255768849,road_0016,collector,1195,40.914531219403614,45,75.90570647656926,0,FREE_FLOW,Left Bank
2024-01-01 10:00:00,51.14997939524811,71.48471150021103,road_0017,local,465,35.0,35,52.13218287097426,0,FREE_FLOW,Right Bank
2024-01-01 10:00:00,51.12597404841841,71.5114357036669,road_0018,local,345,35.0,35,42.555649202050255,0,FREE_FLOW,Esil District
2024-01-01 10:00:00,51.15469379256984,71.44515988046629,road_0019,collector,722,41.548396800898054,45,39.956623141457165,0,FREE_FLOW,City Center
2024-01-01 10:00:00,51.16857999845184,71.4595019477238,road_0020,arterial,1919,60.0,60,67.11723784956638,0,FREE_FLOW,City Center
2024-01-01 10:00:00,51.15694799555623,71.45525725431128,road_0021,collector,499,42.09180380129745,45,42.61689193894222,0,FREE_FLOW,Esil District
2024-01-01 10:00:00,51.15037767188937,71.47600489108373,road_0022,arterial,1530,60.0,60,63.16654530244853,0,FREE_FLOW,City Center
2024-01-01 10:00:00,51.179136852536935,71.44184452872075,road_0023,arterial,693,55.880414907477665,60,22.23080284887471,0,FREE_FLOW,Esil District
2024-01-01 10:00:00,51.08968684609002,71.45590858984447,road_0024,local,298,34.43328410640755,35,39.055278777712445,0,FREE_FLOW,Esil District
2024-01-01 11:00:00,51.20721558440182,71.41748061169966,road_0000,arterial,1532,60.0,60,60.5719719327162,0,FREE_FLOW,Right Bank
2024-01-01 11:00:00,51.213488841961706,71.4551094605174,road_0001,local,426,35.0,35,57.687752558538705,0,FREE_FLOW,Right Bank
2024-01-01 11:00:00,51.09202009123179,71.43847470697595,road_0002,arterial,2500,54.514281476101694,60,100.0,0,FREE_FLOW,Left Bank
2024-01-01 11:00:00,51.19057683736238,71.4135219694281,road_0003,collector,781,45.0,45,44.12251475651998,0,FREE_FLOW,Right Bank
2024-01-01 11:00:00,51.16991099020425,71.48953431403665,road_0004,collector,414,43.576219607009456,45,21.806991598377373,0,FREE_FLOW,Right Bank
2024-01-01 11:00:00,51.160352110793035,71.43655906544681,road_0005,collector,1500,39.3984172641635,45,91.44832544292683,0,FREE_FLOW,Left Bank
2024-01-01 11:00:00,51.197010226921215,71.45590960880924,road_0006,arterial,1389,57.47213518018235,60,62.05028093793668,0,FREE_FLOW,Right Bank
2024-01-01 11:00:00,51.11464444065831,71.472169515803,road_0007,collector,593,45.0,45,33.550515130579214,0,FREE_FLOW,Esil District
2024-01-01 11:00:00,51.12044326025239,71.43375018852568,road_0008,collector,1175,45.0,45,81.74104250042157,0,FREE_FLOW,Left Bank
2024-01-01 11:00:00,51.11541119500996,71.39497674159925,road_0009,arterial,1415,60.0,60,58.49553274753872,0,FREE_FLOW,Left Bank
2024-01-01 11:00:00,51.11078369535379,71.44797551413016,road_0010,collector,602,45.0,45,48.837369639322525,0,FREE_FLOW,Esil District
2024-01-01 11:00:00,51.08154293158093,71.50410393821133,road_0011,arterial,1227,59.296674297115764,60,51.32515971762316,0,FREE_FLOW,Esil District
2024-01-01 11:00:00,51.19411054283802,71.48338375455349,road_0012,collector,869,45.0,45,59.88285058597194,0,FREE_FLOW,Right Bank
2024-01-01 11:00:00,51.11540059978571,71.41954819303338,road_0013,arterial,1488,58.16824922499253,60,52.79998961978994,0,FREE_FLOW,Left Bank
2024-01-01 11:00:00,51.153146942289446,71.41898050602991,road_0014,collector,1391,40.33886688529167,45,95.73921705080241,0,FREE_FLOW,Left Bank
2024-01-01 11:00:00,51.09379597309867,71.3747399226662,road_0015,collector,1146,44.90370107390446,45,75.8036518539333,0,FREE_FLOW,Left Bank
2024-01-01 11:00:00,51.10200587058781,71.4105255768849,road_0016,collector,1450,37.09626029087815,45,87.5398998208139,0,FREE_FLOW,Left Bank
2024-01-01 11:00:00,51.14997939524811,71.48471150021103,road_0017,local,237,35.0,35,26.271292507102178,0,FREE_FLOW,Right Bank
2024-01-01 11:00:00,51.12597404841841,71.5114357036669,road_0018,local,262,32.987005976093066,35,30.815227222476636,0,FREE_FLOW,Esil District
2024-01-01 11:00:00,51.15469379256984,71.44515988046629,road_0019,collector,1090,40.37890677767054,45,79.47571479220534,0,FREE_FLOW,City Center
2024-01-01 11:00:00,51.16857999845184,71.4595019477238,road_0020,arterial,2500,53.51754592910552,60,100.0,0,FREE_FLOW,City Center
2024-01-01 11:00:00,51.15694799555623,71.45525725431128,road_0021,collector,798,44.85080490133299,45,53.296897637860354,0,FREE_FLOW,Esil District
2024-01-01 11:00:00,51.15037767188937,71.47600489108373,road_0022,arterial,2335,52.7273190916562,60,83.98788891513016,0,FREE_FLOW,City Center
2024-01-01 11:00:00,51.179136852536935,71.44184452872075,road_0023,arterial,1128,60.0,60,50.97912189211263,0,FREE_FLOW,Esil District
2024-01-01 11:00:00,51.08968684609002,71.45590858984447,road_0024,local,418,33.80895066431079,35,49.43302059332463,0,FREE_FLOW,Esil District
2024-01-01 12:00:00,51.20721558440182,71.41748061169966,road_0000,arterial,1511,60.0,60,55.1558418791842,0,FREE_FLOW,Right Bank
2024-01-01 12:00:00,51.213488841961706,71.4551094605174,road_0001,local,418,33.73281227819931,35,54.90081066452612,0,FREE_FLOW,Right Bank
2024-01-01 12:00:00,51.09202009123179,71.43847470697595,road_0002,arterial,2013,55.731915586553086,60,71.90265572373238,0,FREE_FLOW,Left Bank
2024-01-01 12:00:00,51.19057683736238,71.4135219694281,road_0003,collector,503,45.0,45,35.39170132996897,0,FREE_FLOW,Right Bank
2024-01-01 12:00:00,51.16991099020425,71.48953431403665,road_0004,collector,793,42.80775115395491,45,55.90913157727542,0,FREE_FLOW,Right Bank
2024-01-01 12:00:00,51.160352110793035,71.43655906544681,road_0005,collector,1284,42.38243156846362,45,75.780608082591,0,FREE_FLOW,Left Bank
2024-01-01 12:00:00,51.197010226921215,71.45590960880924,road_0006,arterial,1436,55.903266313988595,60,52.18055714216673,0,FREE_FLOW,Right Bank
2024-01-01 12:00:00,51.11464444065831,71.472169515803,road_0007,collector,869,43.798934848005665,45,54.55112059311678,0,FREE_FLOW,Esil District
2024-01-01 12:00:00,51.12044326025239,71.43375018852568,road_0008,collector,1225,42.92678814524254,45,80.65534337094142,0,FREE_FLOW,Left Bank
2024-01-01 12:00:00,51.11541119500996,71.39497674159925,road_0009,arterial,2500,50.915046155712254,60,97.18501495832491,0,FREE_FLOW,Left Bank
2024-01-01 12:00:00,51.11078369535379,71.44797551413016,road_0010,collector,681,45.0,45,46.07023850599391,0,FREE_FLOW,Esil District
2024-01-01 12:00:00,51.08154293158093,71.50410393821133,road_0011,arterial,1277,60.0,60,58.36432355348339,0,FREE_FLOW,Esil District
2024-01-01 12:00:00,51.19411054283802,71.48338375455349,road_0012,collector,695,41.32108534759061,45,56.06719294047656,0,FREE_FLOW,Right Bank
2024-01-01 12:00:00,51.11540059978571,71.41954819303338,road_0013,arterial,1278,56.12152498555055,60,53.92005933673827,0,FREE_FLOW,Left Bank
2024-01-01 12:00:00,51.153146942289446,71.41898050602991,road_0014,collector,733,45.0,45,40.93284580914698,0,FREE_FLOW,Left Bank
2024-01-01 12:00:00,51.09379597309867,71.3747399226662,road_0015,collector,1389,42.03741325425165,45,92.19794163184147,0,FREE_FLOW,Left Bank
2024-01-01 12:00:00,51.10200587058781,71.4105255768849,road_0016,collector,645,45.0,45,52.46195496140693,0,FREE_FLOW,Left Bank
2024-01-01 12:00:00,51.14997939524811,71.48471150021103,road_0017,local,344,35.0,35,39.85306976241831,0,FREE_FLOW,Right Bank
2024-01-01 12:00:00,51.12597404841841,71.5114357036669,road_0018,local,198,35.0,35,17.620847240787857,0,FREE_FLOW,Esil District
2024-01-01 12:00:00,51.15469379256984,71.44515988046629,road_0019,collector,1500,40.936926325076435,45,93.76698167531202,0,FREE_FLOW,City Center
2024-01-01 12:00:00,51.16857999845184,71.4595019477238,road_0020,arterial,1520,55.917497046923216,60,70.06693665640798,0,FREE_FLOW,City Center
2024-01-01 12:00:00,51.15694799555623,71.45525725431128,road_0021,collector,901,39.87894592129778,45,57.552602009462525,0,FREE_FLOW,Esil District
2024-01-01 12:00:00,51.15037767188937,71.47600489108373,road_0022,arterial,2150,58.4281325800575,60,93.29217671910074,0,FREE_FLOW,City Center
2024-01-01 12:00:00,51.179136852536935,71.44184452872075,road_0023,arterial,797,60.0,60,40.25355593987008,0,FREE_FLOW,Esil District
2024-01-01 12:00:00,51.08968684609002,71.45590858984447,road_0024,local,557,34.33017748783425,35,72.96443033981815,0,FREE_FLOW,Esil District
2024-01-01 13:00:00,51.20721558440182,71.41748061169966,road_0000,arterial,921,57.658033582894774,60,38.93907845381082,0,FREE_FLOW,Right Bank
2024-01-01 13:00:00,51.213488841961706,71.4551094605174,road_0001,local,632,30.359608076450364,35,84.04855525231144,0,FREE_FLOW,Right Bank
2024-01-01 13:00:00,51.09202009123179,71.43847470697595,road_0002,arterial,1265,60.0,60,53.61023295583432,0,FREE_FLOW,Left Bank
2024-01-01 13:00:00,51.19057683736238,71.4135219694281,road_0003,collector,1004,45.0,45,74.96084632510222,0,FREE_FLOW,Right Bank
2024-01-01 13:00:00,51.16991099020425,71.48953431403665,road_0004,collector,710,42.84919529858789,45,44.84677837096787,0,FREE_FLOW,Right Bank
2024-01-01 13:00:00,51.160352110793035,71.43655906544681,road_0005,collector,1177,43.514129185819165,45,81.07084163324956,0,FREE_FLOW,Left Bank
2024-01-01 13:00:00,51.197010226921215,71.45590960880924,road_0006,arterial,1246,60.0,60,50.80999443302954,0,FREE_FLOW,Right Bank
2024-01-01 13:00:00,51.11464444065831,71.472169515803,road_0007,collector,604,45.0,45,30.560007807591944,0,FREE_FLOW,Esil District
2024-01-01 13:00:00,51.12044326025239,71.43375018852568,road_0008,collector,822,44.40334710514349,45,59.98688655845733,0,FREE_FLOW,Left Bank
2024-01-01 13:00:00,51.11541119500996,71.39497674159925,road_0009,arterial,2275,58.91109874324035,60,97.94334722745148,0,FREE_FLOW,Left Bank
2024-01-01 13:00:00,51.11078369535379,71.44797551413016,road_0010,collector,644,45.0,45,35.91317045273723,0,FREE_FLOW,Esil District
2024-01-01 13:00:00,51.08154293158093,71.50410393821133,road_0011,arterial,754,60.0,60,28.047306476367,0,FREE_FLOW,Esil District
2024-01-01 13:00:00,51.19411054283802,71.48338375455349,road_0012,collector,987,45.0,45,66.22468264970668,0,FREE_FLOW,Right Bank
2024-01-01 13:00:00,51.11540059978571,71.41954819303338,road_0013,arterial,2015,60.0,60,72.02560540110329,0,FREE_FLOW,Left Bank
2024-01-01 13:00:00,51.153146942289446,71.41898050602991,road_0014,collector,1209,42.14471814692416,45,74.54308253145756,0,FREE_FLOW,Left Bank
2024-01-01 13:00:00,51.09379597309867,71.3747399226662,road_0015,collector,697,44.89382448339462,45,48.813701814926155,0,FREE_FLOW,Left Bank
2024-01-01 13:00:00,51.10200587058781,71.4105255768849,road_0016,collector,1500,39.76381606901321,45,100.0,0,FREE_FLOW,Left Bank
2024-01-01 13:00:00,51.14997939524811,71.48471150021103,road_0017,local,269,35.0,35,31.623104136083125,0,FREE_FLOW,Right Bank
2024-01-01 13:00:00,51.12597404841841,71.5114357036669,road_0018,local,413,35.0,35,44.08945308344332,0,FREE_FLOW,Esil District
2024-01-01 13:00:00,51.15469379256984,71.44515988046629,road_0019,collector,1486,41.62654846286694,45,94.97223245107287,0,FREE_FLOW,City Center
2024-01-01 13:00:00,51.16857999845184,71.4595019477238,road_0020,arterial,1855,52.65054681714778,60,72.69054850392725,0,FREE_FLOW,City Center
2024-01-01 13:00:00,51.15694799555623,71.45525725431128,road_0021,collector,725,41.17368625263558,45,48.86331721640896,0,FREE_FLOW,Esil District
2024-01-01 13:00:00,51.15037767188937,71.47600489108373,road_0022,arterial,1287,60.0,60,51.78350340667464,0,FREE_FLOW,City Center
2024-01-01 13:00:00,51.179136852536935,71.44184452872075,road_0023,arterial,1327,57.642896408352925,60,46.575468856547545,0,FREE_FLOW,Esil District
2024-01-01 13:00:00,51.08968684609002,71.45590858984447,road_0024,local,480,32.654707471420494,35,61.13274115873435,0,FREE_FLOW,Esil District
2024-01-01 14:00:00,51.20721558440182,71.41748061169966,road_0000,arterial,985,60.0,60,46.423485217055415,0,FREE_FLOW,Right Bank
2024-01-01 14:00:00,51.213488841961706,71.4551094605174,road_0001,local,499,33.702380030210485,35,55.36907935913916,0,FREE_FLOW,Right Bank
2024-01-01 14:00:00,51.09202009123179,71.43847470697595,road_0002,arterial,1009,59.4381328371467,60,47.74519249302105,0,FREE_FLOW,Left Bank
2024-01-01 14:00:00,51.19057683736238,71.4135219694281,road_0003,collector,593,42.41680409190895,45,35.77876905430925,0,FREE_FLOW,Right Bank
2024-01-01 14:00:00,51.16991099020425,71.48953431403665,road_0004,collector,510,45.0,45,29.137676952914298,0,FREE_FLOW,Right Bank
2024-01-01 14:00:00,51.160352110793035,71.43655906544681,road_0005,collector,507,45.0,45,29.290805080002514,0,FREE_FLOW,Left Bank
2024-01-01 14:00:00,51.197010226921215,71.45590960880924,road_0006,arterial,1246,60.0,60,48.755818291544585,0,FREE_FLOW,Right Bank
2024-01-01 14:00:00,51.11464444065831,71.472169515803,road_0007,collector,276,45.0,45,24.774141142384654,0,FREE_FLOW,Esil District
2024-01-01 14:00:00,51.12044326025239,71.43375018852568,road_0008,collector,980,41.74324019112971,45,70.78578788232097,0,FREE_FLOW,Left Bank
2024-01-01 14:00:00,51.11541119500996,71.39497674159925,road_0009,arterial,1939,55.396531090964054,60,75.58375828077965,0,FREE_FLOW,Left Bank
2024-01-01 14:00:00,51.11078369535379,71.44797551413016,road_0010,collector,474,45.0,45,30.44819872961339,0,FREE_FLOW,Esil District
2024-01-01 14:00:00,51.08154293158093,71.50410393821133,road_0011,arterial,840,57.144518859808514,60,36.403364476563326,0,FREE_FLOW,Esil District
2024-01-01 14:00:00,51.19411054283802,71.48338375455349,road_0012,collector,767,44.158907389476965,45,45.74991711641357,0,FREE_FLOW,Right Bank
2024-01-01 14:00:00,51.11540059978571,71.41954819303338,road_0013,arterial,973,58.15517418692821,60,36.489528469717385,0,FREE_FLOW,Left Bank
2024-01-01 14:00:00,51.153146942289446,71.41898050602991,road_0014,collector,1405,40.991407512648635,45,90.33805765611068,0,FREE_FLOW,Left Bank
2024-01-01 14:00:00,51.09379597309867,71.3747399226662,road_0015,collector,734,45.0,45,51.632534245154,0,FREE_FLOW,Left Bank
2024-01-01 14:00:00,51.10200587058781,71.4105255768849,road_0016,collector,668,45.0,45,42.98711560125713,0,FREE_FLOW,Left Bank
2024-01-01 14:00:00,51.14997939524811,71.48471150021103,road_0017,local,177,34.811693148018435,35,31.749727486886076,0,FREE_FLOW,Right Bank
2024-01-01 14:00:00,51.12597404841841,71.5114357036669,road_0018,local,213,31.6163524366726,35,36.108292572560316,0,FREE_FLOW,Esil District
2024-01-01 14:00:00,51.15469379256984,71.44515988046629,road_0019,collector,1500,40.47306608044987,45,94.87313432127733,0,FREE_FLOW,City Center
2024-01-01 14:00:00,51.16857999845184,71.4595019477238,road_0020,arterial,1126,60.0,60,50.7980397658453,0,FREE_FLOW,City Center
2024-01-01 14:00:00,51.15694799555623,71.45525725431128,road_0021,collector,581,40.92979330644269,45,31.91941374571294,0,FREE_FLOW,Esil District
2024-01-01 14:00:00,51.15037767188937,71.47600489108373,road_0022,arterial,1150,58.180165608752986,60,42.83349003793842,0,FREE_FLOW,City Center
2024-01-01 14:00:00,51.179136852536935,71.44184452872075,road_0023,arterial,678,60.0,60,27.314484935033963,0,FREE_FLOW,Esil District
2024-01-01 14:00:00,51.08968684609002,71.45590858984447,road_0024,local,265,32.5735220966812,35,40.591733234476955,0,FREE_FLOW,Esil District
2024-01-01 15:00:00,51.20721558440182,71.41748061169966,road_0000,arterial,1606,57.230533982405255,60,65.57150724342837,0,FREE_FLOW,Right Bank
2024-01-01 15:00:00,51.213488841961706,71.4551094605174,road_0001,local,380,35.0,35,48.29465237519886,0,FREE_FLOW,Right Bank
2024-01-01 15:00:00,51.09202009123179,71.43847470697595,road_0002,arterial,2178,51.26549795945634,60,91.54844134657463,0,FREE_FLOW,Left Bank
2024-01-01 15:00:00,51.19057683736238,71.4135219694281,road_0003,collector,617,40.531998085808524,45,37.58389289026164,0,FREE_FLOW,Right Bank
2024-01-01 15:00:00,51.16991099020425,71.48953431403665,road_0004,collector,452,45.0,45,39.27979109122508,0,FREE_FLOW,Right Bank
2024-01-01 15:00:00,51.160352110793035,71.43655906544681,road_0005,collector,1500,37.67265149630163,45,99.58708880275704,0,FREE_FLOW,Left Bank
2024-01-01 15:00:00,51.197010226921215,71.45590960880924,road_0006,arterial,1161,60.0,60,54.40523254585412,0,FREE_FLOW,Right Bank
2024-01-01 15:00:00,51.11464444065831,71.472169515803,road_0007,collector,585,45.0,45,45.50401534831136,0,FREE_FLOW,Esil District
2024-01-01 15:00:00,51.12044326025239,71.43375018852568,road_0008,collector,724,42.249010863477714,45,48.38881776360168,0,FREE_FLOW,Left Bank
2024-01-01 15:00:00,51.11541119500996,71.39497674159925,road_0009,arterial,1274,60.0,60,43.40070104248791,0,FREE_FLOW,Left Bank
2024-01-01 15:00:00,51.11078369535379,71.44797551413016,road_0010,collector,954,45.0,45,59.155052474985226,0,FREE_FLOW,Esil District
2024-01-01 15:00:00,51.08154293158093,71.50410393821133,road_0011,arterial,436,58.36947904042279,60,19.4910632768573,0,FREE_FLOW,Esil District
2024-01-01 15:00:00,51.19411054283802,71.48338375455349,road_0012,collector,683,42.13412730654379,45,39.368982445170545,0,FREE_FLOW,Right Bank
2024-01-01 15:00:00,51.11540059978571,71.41954819303338,road_0013,arterial,2016,54.13451892242354,60,83.02995502815176,0,FREE_FLOW,Left Bank
2024-01-01 15:00:00,51.153146942289446,71.41898050602991,road_0014,collector,905,45.0,45,51.82592962007497,0,FREE_FLOW,Left Bank
2024-01-01 15:00:00,51.09379597309867,71.3747399226662,road_0015,collector,763,45.0,45,54.699027778053065,0,FREE_FLOW,Left Bank
2024-01-01 15:00:00,51.10200587058781,71.4105255768849,road_0016,collector,1113,40.639425874937714,45,68.85291077125362,0,FREE_FLOW,Left Bank
2024-01-01 15:00:00,51.14997939524811,71.48471150021103,road_0017,local,295,35.0,35,43.83531770498803,0,FREE_FLOW,Right Bank
2024-01-01 15:00:00,51.12597404841841,71.5114357036669,road_0018,local,385,33.70843920282559,35,51.206515907439965,0,FREE_FLOW,Esil District
2024-01-01 15:00:00,51.15469379256984,71.44515988046629,road_0019,collector,1357,39.968035178687764,45,84.00440956954375,0,FREE_FLOW,City Center
2024-01-01 15:00:00,51.16857999845184,71.4595019477238,road_0020,arterial,2500,51.3243195299889,60,92.67607472558977,0,FREE_FLOW,City Center
2024-01-01 15:00:00,51.15694799555623,71.45525725431128,road_0021,collector,775,41.760875789017135,45,55.286163211431564,0,FREE_FLOW,Esil District
2024-01-01 15:00:00,51.15037767188937,71.47600489108373,road_0022,arterial,2294,55.63522394257565,60,98.44606731909533,0,FREE_FLOW,City Center
2024-01-01 15:00:00,51.179136852536935,71.44184452872075,road_0023,arterial,593,58.429158137767494,60,14.572664185740653,0,FREE_FLOW,Esil District
2024-01-01 15:00:00,51.08968684609002,71.45590858984447,road_0024,local,263,33.30378400206536,35,32.861676699572364,0,FREE_FLOW,Esil District
2024-01-01 16:00:00,51.20721558440182,71.41748061169966,road_0000,arterial,876,56.793312019306725,60,42.33320784280835,0,FREE_FLOW,Right Bank
2024-01-01 16:00:00,51.213488841961706,71.4551094605174,road_0001,local,619,35.0,35,79.65662622369473,0,FREE_FLOW,Right Bank
2024-01-01 16:00:00,51.09202009123179,71.43847470697595,road_0002,arterial,2420,48.79887960564022,60,89.46290008356193,0,FREE_FLOW,Left Bank
2024-01-01 16:00:00,51.19057683736238,71.4135219694281,road_0003,collector,1222,38.6350916182699,45,87.64433589939323,0,FREE_FLOW,Right Bank
2024-01-01 16:00:00,51.16991099020425,71.48953431403665,road_0004,collector,850,45.0,45,51.72783532268235,0,FREE_FLOW,Right Bank
2024-01-01 16:00:00,51.160352110793035,71.43655906544681,road_0005,collector,1500,38.74010425371987,45,97.72697819696631,0,FREE_FLOW,Left Bank
2024-01-01 16:00:00,51.197010226921215,71.45590960880924,road_0006,arterial,1314,60.0,60,51.57239313459515,0,FREE_FLOW,Right Bank
2024-01-01 16:00:00,51.11464444065831,71.472169515803,road_0007,collector,556,40.814907624697106,45,35.932128415539026,0,FREE_FLOW,Esil District
2024-01-01 16:00:00,51.12044326025239,71.43375018852568,road_0008,collector,867,45.0,45,60.980710684073614,0,FREE_FLOW,Left Bank
2024-01-01 16:00:00,51.11541119500996,71.39497674159925,road_0009,arterial,1184,58.211854645965566,60,47.53158578895157,0,FREE_FLOW,Left Bank
2024-01-01 16:00:00,51.11078369535379,71.44797551413016,road_0010,collector,838,45.0,45,65.28166582008006,0,FREE_FLOW,Esil District
2024-01-01 16:00:00,51.08154293158093,71.50410393821133,road_0011,arterial,1433,59.62983184749991,60,55.56261860525544,0,FREE_FLOW,Esil District
2024-01-01 16:00:00,51.19411054283802,71.48338375455349,road_0012,collector,976,40.163718965506256,45,63.55260438436443,0,FREE_FLOW,Right Bank
2024-01-01 16:00:00,51.11540059978571,71.41954819303338,road_0013,arterial,2500,49.334007835232455,60,100.0,0,FREE_FLOW,Left Bank
2024-01-01 16:00:00,51.153146942289446,71.41898050602991,road_0014,collector,1500,37.216279445362595,45,90.20855398794806,0,FREE_FLOW,Left Bank
2024-01-01 16:00:00,51.09379597309867,71.3747399226662,road_0015,collector,881,44.01858111042316,45,67.92986369485192,0,FREE_FLOW,Left Bank
2024-01-01 16:00:00,51.10200587058781,71.4105255768849,road_0016,collector,1500,38.92958694709212,45,92.50467140865655,0,FREE_FLOW,Left Bank
2024-01-01 16:00:00,51.14997939524811,71.48471150021103,road_0017,local,312,35.0,35,47.40594362438816,0,FREE_FLOW,Right Bank
2024-01-01 16:00:00,51.12597404841841,71.5114357036669,road_0018,local,369,32.057998464345324,35,36.99971251759939,0,FREE_FLOW,Esil District
2024-01-01 16:00:00,51.15469379256984,71.44515988046629,road_0019,collector,1491,39.645453665185265,45,96.91985779882623,0,FREE_FLOW,City Center
2024-01-01 16:00:00,51.16857999845184,71.4595019477238,road_0020,arterial,2117,60.0,60,80.15582615028214,0,FREE_FLOW,City Center
2024-01-01 16:00:00,51.15694799555623,71.45525725431128,road_0021,collector,840,45.0,45,46.25429779973788,0,FREE_FLOW,Esil District
2024-01-01 16:00:00,51.15037767188937,71.47600489108373,road_0022,arterial,2500,49.65319951608854,60,100.0,0,FREE_FLOW,City Center
2024-01-01 16:00:00,51.179136852536935,71.44184452872075,road_0023,arterial,1326,60.0,60,47.46126742907457,0,FREE_FLOW,Esil District
2024-01-01 16:00:00,51.08968684609002,71.45590858984447,road_0024,local,485,31.243919887210286,35,54.23689196350601,0,FREE_FLOW,Esil District
2024-01-01 17:00:00,51.20721558440182,71.41748061169966,road_0000,arterial,2500,52.586673605170496,60,95.3866259660405,0,FREE_FLOW,Right Bank
2024-01-01 17:00:00,51.213488841961706,71.4551094605174,road_0001,local,800,27.95051844693071,35,100.0,1,LIGHT,Right Bank
2024-01-01 17:00:00,51.09202009123179,71.43847470697595,road_0002,arterial,2500,50.52922054991527,60,93.01352215419755,0,FREE_FLOW,Left Bank
2024-01-01 17:00:00,51.19057683736238,71.4135219694281,road_0003,collector,1500,40.00649091133564,45,100.0,0,FREE_FLOW,Right Bank
2024-01-01 17:00:00,51.16991099020425,71.48953431403665,road_0004,collector,1066,44.010667831567616,45,62.9418050795778,0,FREE_FLOW,Right Bank
2024-01-01 17:00:00,51.160352110793035,71.43655906544681,road_0005,collector,1500,39.584679066383224,45,93.21696347915493,0,FREE_FLOW,Left Bank
2024-01-01 17:00:00,51.197010226921215,71.45590960880924,road_0006,arterial,2500,49.856369710422975,60,100.0,0,FREE_FLOW,Right Bank
2024-01-01 17:00:00,51.11464444065831,71.472169515803,road_0007,collector,1070,41.679591703308695,45,74.48453958889381,0,FREE_FLOW,Esil District
2024-01-01 17:00:00,51.12044326025239,71.43375018852568,road_0008,collector,1500,40.600832164277605,45,100.0,0,FREE_FLOW,Left Bank
2024-01-01 17:00:00,51.11541119500996,71.39497674159925,road_0009,arterial,2500,55.80571608136459,60,100.0,0,FREE_FLOW,Left Bank
2024-01-01 17:00:00,51.11078369535379,71.44797551413016,road_0010,collector,1500,41.08339944366957,45,90.22063228524931,0,FREE_FLOW,Esil District
2024-01-01 17:00:00,51.08154293158093,71.50410393821133,road_0011,arterial,2500,55.74229952866132,60,100.0,0,FREE_FLOW,Esil District
2024-01-01 17:00:00,51.19411054283802,71.48338375455349,road_0012,collector,1500,38.23337647602284,45,92.4942811382278,0,FREE_FLOW,Right Bank
2024-01-01 17:00:00,51.11540059978571,71.41954819303338,road_0013,arterial,2500,48.39467373035725,60,94.3441819538242,0,FREE_FLOW,Left Bank
2024-01-01 17:00:00,51.153146942289446,71.41898050602991,road_0014,collector,1500,35.44490645486573,45,93.5674516861466,1,LIGHT,Left Bank
2024-01-01 17:00:00,51.09379597309867,71.3747399226662,road_0015,collector,1500,38.36603836711219,45,97.75347189500789,0,FREE_FLOW,Left Bank
2024-01-01 17:00:00,51.10200587058781,71.4105255768849,road_0016,collector,1500,36.03237932285443,45,100.0,0,FREE_FLOW,Left Bank
2024-01-01 17:00:00,51.14997939524811,71.48471150021103,road_0017,local,800,30.35320316148372,35,91.05607920937057,0,FREE_FLOW,Right Bank
2024-01-01 17:00:00,51.12597404841841,71.5114357036669,road_0018,local,778,29.761683547047905,35,87.70865622536084,0,FREE_FLOW,Esil District
2024-01-01 17:00:00,51.15469379256984,71.44515988046629,road_0019,collector,1500,41.055066851585295,45,100.0,0,FREE_FLOW,City Center
2024-01-01 17:00:00,51.16857999845184,71.4595019477238,road_0020,arterial,2500,52.385703411325096,60,100.0,0,FREE_FLOW,City Center
2024-01-01 17:00:00,51.15694799555623,71.45525725431128,road_0021,collector,966,41.55067392299807,45,69.11011212975076,0,FREE_FLOW,Esil District
2024-01-01 17:00:00,51.15037767188937,71.47600489108373,road_0022,arterial,2500,54.955706337095414,60,100.0,0,FREE_FLOW,City Center
2024-01-01 17:00:00,51.179136852536935,71.44184452872075,road_0023,arterial,2391,54.77614155280582,60,89.10960148531915,0,FREE_FLOW,Esil District
2024-01-01 17:00:00,51.08968684609002,71.45590858984447,road_0024,local,595,35.0,35,78.09322542099727,0,FREE_FLOW,Esil District
2024-01-01 18:00:00,51.20721558440182,71.41748061169966,road_0000,arterial,2500,49.0741186181729,60,100.0,0,FREE_FLOW,Right Bank
2024-01-01 18:00:00,51.213488841961706,71.4551094605174,road_0001,local,800,31.65370757922753,35,93.30588221940349,0,FREE_FLOW,Right Bank
2024-01-01 18:00:00,51.09202009123179,71.43847470697595,road_0002,arterial,2500,56.656872238702796,60,100.0,0,FREE_FLOW,Left Bank
2024-01-01 18:00:00,51.19057683736238,71.4135219694281,road_0003,collector,1500,36.982497364636174,45,100.0,0,FREE_FLOW,Right Bank
2024-01-01 18:00:00,51.16991099020425,71.48953431403665,road_0004,collector,1500,38.623150950694104,45,99.6181200150614,0,FREE_FLOW,Right Bank
2024-01-01 18:00:00,51.160352110793035,71.43655906544681,road_0005,collector,1500,35.6074593478665,45,100.0,1,LIGHT,Left Bank
2024-01-01 18:00:00,51.197010226921215,71.45590960880924,road_0006,arterial,2500,47.02986995283777,60,100.0,1,LIGHT,Right Bank
2024-01-01 18:00:00,51.11464444065831,71.472169515803,road_0007,collector,631,43.883393006786534,45,34.69365482956481,0,FREE_FLOW,Esil District
2024-01-01 18:00:00,51.12044326025239,71.43375018852568,road_0008,collector,1500,37.43018365757293,45,90.26805252864331,0,FREE_FLOW,Left Bank
2024-01-01 18:00:00,51.11541119500996,71.39497674159925,road_0009,arterial,2500,49.83247657751944,60,95.51439706191104,0,FREE_FLOW,Left Bank
2024-01-01 18:00:00,51.11078369535379,71.44797551413016,road_0010,collector,1500,38.57389731282553,45,97.42414187779997,0,FREE_FLOW,Esil District
2024-01-01 18:00:00,51.08154293158093,71.50410393821133,road_0011,arterial,2359,57.410058580874605,60,87.48763608806895,0,FREE_FLOW,Esil District
2024-01-01 18:00:00,51.19411054283802,71.48338375455349,road_0012,collector,1097,41.818860606705584,45,74.37319028266947,0,FREE_FLOW,Right Bank
2024-01-01 18:00:00,51.11540059978571,71.41954819303338,road_0013,arterial,2500,49.427314531944894,60,91.72849221525092,0,FREE_FLOW,Left Bank
2024-01-01 18:00:00,51.153146942289446,71.41898050602991,road_0014,collector,1500,42.121061329163965,45,92.55976417067173,0,FREE_FLOW,Left Bank
2024-01-01 18:00:00,51.09379597309867,71.3747399226662,road_0015,collector,1500,40.104199146300495,45,100.0,0,FREE_FLOW,Left Bank
2024-01-01 18:00:00,51.10200587058781,71.4105255768849,road_0016,collector,1500,40.892523085182646,45,92.89930144759634,0,FREE_FLOW,Left Bank
2024-01-01 18:00:00,51.14997939524811,71.48471150021103,road_0017,local,639,35.0,35,76.0489748674639,0,FREE_FLOW,Right Bank
2024-01-01 18:00:00,51.12597404841841,71.5114357036669,road_0018,local,788,32.018963218971486,35,88.94070320595009,0,FREE_FLOW,Esil District
2024-01-01 18:00:00,51.15469379256984,71.44515988046629,road_0019,collector,1500,39.48343456899679,45,100.0,0,FREE_FLOW,City Center
2024-01-01 18:00:00,51.16857999845184,71.4595019477238,road_0020,arterial,2500,52.61786925282181,60,98.07955752653096,0,FREE_FLOW,City Center
2024-01-01 18:00:00,51.15694799555623,71.45525725431128,road_0021,collector,1500,36.98723779505172,45,100.0,0,FREE_FLOW,Esil District
2024-01-01 18:00:00,51.15037767188937,71.47600489108373,road_0022,arterial,2500,53.88717823831741,60,92.81919255043539,0,FREE_FLOW,City Center
2024-01-01 18:00:00,51.179136852536935,71.44184452872075,road_0023,arterial,1232,59.00000057547654,60,56.519738168085446,0,FREE_FLOW,Esil District
2024-01-01 18:00:00,51.08968684609002,71.45590858984447,road_0024,local,712,29.506587365765125,35,94.73940269835333,0,FREE_FLOW,Esil District
2024-01-01 19:00:00,51.20721558440182,71.41748061169966,road_0000,arterial,2306,54.093362341542985,60,98.11979432736011,0,FREE_FLOW,Right Bank
2024-01-01 19:00:00,51.213488841961706,71.4551094605174,road_0001,local,699,33.84964050530305,35,88.27195518169032,0,FREE_FLOW,Right Bank
2024-01-01 19:00:00,51.09202009123179,71.43847470697595,road_0002,arterial,2500,53.83961077977123,60,92.52507565585228,0,FREE_FLOW,Left Bank
2024-01-01 19:00:00,51.19057683736238,71.4135219694281,road_0003,collector,834,44.898037731176245,45,64.53275908399215,0,FREE_FLOW,Right Bank
2024-01-01 19:00:00,51.16991099020425,71.48953431403665,road_0004,collector,1500,35.95423234011416,45,100.0,1,LIGHT,Right Bank
2024-01-01 19:00:00,51.160352110793035,71.43655906544681,road_0005,collector,1500,41.465302342625186,45,97.81456731227226,0,FREE_FLOW,Left Bank
2024-01-01 19:00:00,51.197010226921215,71.45590960880924,road_0006,arterial,1930,52.33263688342421,60,75.14762780970634,0,FREE_FLOW,Right Bank
2024-01-01 19:00:00,51.11464444065831,71.472169515803,road_0007,collector,740,40.98220170844833,45,43.06779924879417,0,FREE_FLOW,Esil District
2024-01-01 19:00:00,51.12044326025239,71.43375018852568,road_0008,collector,1500,37.66186253649533,45,95.52883381166792,0,FREE_FLOW,Left Bank
2024-01-01 19:00:00,51.11541119500996,71.39497674159925,road_0009,arterial,2500,52.38459676436405,60,100.0,0,FREE_FLOW,Left Bank
2024-01-01 19:00:00,51.11078369535379,71.44797551413016,road_0010,collector,868,45.0,45,51.18735293499058,0,FREE_FLOW,Esil District
2024-01-01 19:00:00,51.08154293158093,71.50410393821133,road_0011,arterial,1506,58.92075676882032,60,53.617084133553725,0,FREE_FLOW,Esil District
2024-01-01 19:00:00,51.19411054283802,71.48338375455349,road_0012,collector,1184,44.502423104141464,45,76.20719582845614,0,FREE_FLOW,Right Bank
2024-01-01 19:00:00,51.11540059978571,71.41954819303338,road_0013,arterial,2500,57.054843934991894,60,100.0,0,FREE_FLOW,Left Bank
2024-01-01 19:00:00,51.153146942289446,71.41898050602991,road_0014,collector,1500,37.7191317321434,45,100.0,0,FREE_FLOW,Left Bank
2024-01-01 19:00:00,51.09379597309867,71.3747399226662,road_0015,collector,1500,40.892756462823066,45,92.44867796717882,0,FREE_FLOW,Left Bank
2024-01-01 19:00:00,51.10200587058781,71.4105255768849,road_0016,collector,1500,40.3523531845089,45,100.0,0,FREE_FLOW,Left Bank
2024-01-01 19:00:00,51.14997939524811,71.48471150021103,road_0017,local,508,30.950705961432377,35,55.36060972920055,0,FREE_FLOW,Right Bank
2024-01-01 19:00:00,51.12597404841841,71.5114357036669,road_0018,local,543,35.0,35,65.45554252438195,0,FREE_FLOW,Esil District
2024-01-01 19:00:00,51.15469379256984,71.44515988046629,road_0019,collector,1500,36.08411826771359,45,100.0,0,FREE_FLOW,City Center
2024-01-01 19:00:00,51.16857999845184,71.4595019477238,road_0020,arterial,2500,53.756534803893146,60,100.0,0,FREE_FLOW,City Center
2024-01-01 19:00:00,51.15694799555623,71.45525725431128,road_0021,collector,667,45.0,45,50.851768764095894,0,FREE_FLOW,Esil District
2024-01-01 19:00:00,51.15037767188937,71.47600489108373,road_0022,arterial,2500,47.86622053389737,60,92.25886416822347,1,LIGHT,City Center
2024-01-01 19:00:00,51.179136852536935,71.44184452872075,road_0023,arterial,1723,60.0,60,77.02719748555741,0,FREE_FLOW,Esil District
2024-01-01 19:00:00,51.08968684609002,71.45590858984447,road_0024,local,357,35.0,35,43.33510908796319,0,FREE_FLOW,Esil District
2024-01-01 20:00:00,51.20721558440182,71.41748061169966,road_0000,arterial,1314,56.40203319729228,60,59.43474652813448,0,FREE_FLOW,Right Bank
2024-01-01 20:00:00,51.213488841961706,71.4551094605174,road_0001,local,193,33.68732014550279,35,16.25187452511549,0,FREE_FLOW,Right Bank
2024-01-01 20:00:00,51.09202009123179,71.43847470697595,road_0002,arterial,850,60.0,60,27.342640229424426,0,FREE_FLOW,Left Bank
2024-01-01 20:00:00,51.19057683736238,71.4135219694281,road_0003,collector,692,43.2694313551204,45,37.67489357236255,0,FREE_FLOW,Right Bank
2024-01-01 20:00:00,51.16991099020425,71.48953431403665,road_0004,collector,682,40.854666813123536,45,42.67422306527362,0,FREE_FLOW,Right Bank
2024-01-01 20:00:00,51.160352110793035,71.43655906544681,road_0005,collector,1034,45.0,45,74.1183079945502,0,FREE_FLOW,Left Bank
2024-01-01 20:00:00,51.197010226921215,71.45590960880924,road_0006,arterial,818,60.0,60,23.901877801565064,0,FREE_FLOW,Right Bank
2024-01-01 20:00:00,51.11464444065831,71.472169515803,road_0007,collector,603,41.85775698012879,45,30.20376799113164,0,FREE_FLOW,Esil District
2024-01-01 20:00:00,51.12044326025239,71.43375018852568,road_0008,collector,741,43.545513842383464,45,43.93460765847021,0,FREE_FLOW,Left Bank
2024-01-01 20:00:00,51.11541119500996,71.39497674159925,road_0009,arterial,923,59.582783135431335,60,42.96708658318528,0,FREE_FLOW,Left Bank
2024-01-01 20:00:00,51.11078369535379,71.44797551413016,road_0010,collector,251,45.0,45,7.276833655150217,0,FREE_FLOW,Esil District
2024-01-01 20:00:00,51.08154293158093,71.50410393821133,road_0011,arterial,551,60.0,60,31.49552645784172,0,FREE_FLOW,Esil District
2024-01-01 20:00:00,51.19411054283802,71.48338375455349,road_0012,collector,774,45.0,45,61.23597386521256,0,FREE_FLOW,Right Bank
2024-01-01 20:00:00,51.11540059978571,71.41954819303338,road_0013,arterial,1599,60.0,60,64.6135177352311,0,FREE_FLOW,Left Bank
2024-01-01 20:00:00,51.153146942289446,71.41898050602991,road_0014,collector,733,40.76637463008641,45,41.27161119690018,0,FREE_FLOW,Left Bank
2024-01-01 20:00:00,51.09379597309867,71.3747399226662,road_0015,collector,556,42.932889078038116,45,38.41008226505437,0,FREE_FLOW,Left Bank
2024-01-01 20:00:00,51.10200587058781,71.4105255768849,road_0016,collector,930,45.0,45,56.527029886829716,0,FREE_FLOW,Left Bank
2024-01-01 20:00:00,51.14997939524811,71.48471150021103,road_0017,local,277,35.0,35,42.16978914324401,0,FREE_FLOW,Right Bank
2024-01-01 20:00:00,51.12597404841841,71.5114357036669,road_0018,local,195,35.0,35,34.15556716700348,0,FREE_FLOW,Esil District
2024-01-01 20:00:00,51.15469379256984,71.44515988046629,road_0019,collector,1213,41.68849414135162,45,76.57247343381299,0,FREE_FLOW,City Center
2024-01-01 20:00:00,51.16857999845184,71.4595019477238,road_0020,arterial,1524,60.0,60,62.426986912704365,0,FREE_FLOW,City Center
2024-01-01 20:00:00,51.15694799555623,71.45525725431128,road_0021,collector,317,45.0,45,20.900825912992108,0,FREE_FLOW,Esil District
2024-01-01 20:00:00,51.15037767188937,71.47600489108373,road_0022,arterial,1440,53.88650660059543,60,64.97103012640576,0,FREE_FLOW,City Center
2024-01-01 20:00:00,51.179136852536935,71.44184452872075,road_0023,arterial,882,54.85900141584206,60,39.16900912261418,0,FREE_FLOW,Esil District
2024-01-01 20:00:00,51.08968684609002,71.45590858984447,road_0024,local,333,33.73380437450849,35,34.37547549634031,0,FREE_FLOW,Esil District
2024-01-01 21:00:00,51.20721558440182,71.41748061169966,road_0000,arterial,498,59.32894086144635,60,28.882166403428844,0,FREE_FLOW,Right Bank
2024-01-01 21:00:00,51.213488841961706,71.4551094605174,road_0001,local,351,32.24263250229917,35,47.403527246767844,0,FREE_FLOW,Right Bank
2024-01-01 21:00:00,51.09202009123179,71.43847470697595,road_0002,arterial,1046,56.890591622220356,60,51.255324129495655,0,FREE_FLOW,Left Bank
2024-01-01 21:00:00,51.19057683736238,71.4135219694281,road_0003,collector,387,42.892123767272224,45,35.47680625710876,0,FREE_FLOW,Right Bank
2024-01-01 21:00:00,51.16991099020425,71.48953431403665,road_0004,collector,524,40.76682726070836,45,24.99175398576057,0,FREE_FLOW,Right Bank
2024-01-01 21:00:00,51.160352110793035,71.43655906544681,road_0005,collector,945,43.6943039725244,45,57.77713320803855,0,FREE_FLOW,Left Bank
2024-01-01 21:00:00,51.197010226921215,71.45590960880924,road_0006,arterial,779,59.55271148570046,60,33.61039391459491,0,FREE_FLOW,Right Bank
2024-01-01 21:00:00,51.11464444065831,71.472169515803,road_0007,collector,373,45.0,45,26.684015492087497,0,FREE_FLOW,Esil District
2024-01-01 21:00:00,51.12044326025239,71.43375018852568,road_0008,collector,804,45.0,45,60.266341429460255,0,FREE_FLOW,Left Bank
2024-01-01 21:00:00,51.11541119500996,71.39497674159925,road_0009,arterial,980,56.422276305323145,60,37.97076977074872,0,FREE_FLOW,Left Bank
2024-01-01 21:00:00,51.11078369535379,71.44797551413016,road_0010,collector,293,45.0,45,15.08977478896802,0,FREE_FLOW,Esil District
2024-01-01 21:00:00,51.08154293158093,71.50410393821133,road_0011,arterial,598,60.0,60,24.551989292088614,0,FREE_FLOW,Esil District
2024-01-01 21:00:00,51.19411054283802,71.48338375455349,road_0012,collector,429,40.86267283055141,45,32.10840415094178,0,FREE_FLOW,Right Bank
2024-01-01 21:00:00,51.11540059978571,71.41954819303338,road_0013,arterial,1384,57.863241629307645,60,48.664078786757,0,FREE_FLOW,Left Bank
2024-01-01 21:00:00,51.153146942289446,71.41898050602991,road_0014,collector,1034,41.42066344367295,45,72.3521934281835,0,FREE_FLOW,Left Bank
2024-01-01 21:00:00,51.09379597309867,71.3747399226662,road_0015,collector,790,45.0,45,57.03525126304137,0,FREE_FLOW,Left Bank
2024-01-01 21:00:00,51.10200587058781,71.4105255768849,road_0016,collector,1021,45.0,45,58.10874353018433,0,FREE_FLOW,Left Bank
2024-01-01 21:00:00,51.14997939524811,71.48471150021103,road_0017,local,280,33.22207877522721,35,42.43195454576461,0,FREE_FLOW,Right Bank
2024-01-01 21:00:00,51.12597404841841,71.5114357036669,road_0018,local,272,32.081685677246014,35,37.25329026118711,0,FREE_FLOW,Esil District
2024-01-01 21:00:00,51.15469379256984,71.44515988046629,road_0019,collector,988,42.92622976868453,45,73.87309202815209,0,FREE_FLOW,City Center
2024-01-01 21:00:00,51.16857999845184,71.4595019477238,road_0020,arterial,1367,60.0,60,52.93350652166792,0,FREE_FLOW,City Center
2024-01-01 21:00:00,51.15694799555623,71.45525725431128,road_0021,collector,518,44.92354855571724,45,36.50718137971528,0,FREE_FLOW,Esil District
2024-01-01 21:00:00,51.15037767188937,71.47600489108373,road_0022,arterial,844,55.95315689889817,60,26.846431305661586,0,FREE_FLOW,City Center
2024-01-01 21:00:00,51.179136852536935,71.44184452872075,road_0023,arterial,814,60.0,60,33.159830458528376,0,FREE_FLOW,Esil District
2024-01-01 21:00:00,51.08968684609002,71.45590858984447,road_0024,local,344,35.0,35,46.897647473519186,0,FREE_FLOW,Esil District
2024-01-01 22:00:00,51.20721558440182,71.41748061169966,road_0000,arterial,437,60.0,60,15.46737496789382,0,FREE_FLOW,Right Bank
2024-01-01 22:00:00,51.213488841961706,71.4551094605174,road_0001,local,199,35.0,35,24.207155693944316,0,FREE_FLOW,Right Bank
2024-01-01 22:00:00,51.09202009123179,71.43847470697595,road_0002,arterial,477,58.835078269952994,60,26.11682473747895,0,FREE_FLOW,Left Bank
2024-01-01 22:00:00,51.19057683736238,71.4135219694281,road_0003,collector,206,45.0,45,20.968183231699243,0,FREE_FLOW,Right Bank
2024-01-01 22:00:00,51.16991099020425,71.48953431403665,road_0004,collector,236,45.0,45,14.735800556971975,0,FREE_FLOW,Right Bank
2024-01-01 22:00:00,51.160352110793035,71.43655906544681,road_0005,collector,513,40.52762113910221,45,41.993040660351326,0,FREE_FLOW,Left Bank
2024-01-01 22:00:00,51.197010226921215,71.45590960880924,road_0006,arterial,393,60.0,60,13.579484506905825,0,FREE_FLOW,Right Bank
2024-01-01 22:00:00,51.11464444065831,71.472169515803,road_0007,collector,231,40.8995554695413,45,18.314810201912245,0,FREE_FLOW,Esil District
2024-01-01 22:00:00,51.12044326025239,71.43375018852568,road_0008,collector,722,44.79449305624775,45,44.92870987635569,0,FREE_FLOW,Left Bank
2024-01-01 22:00:00,51.11541119500996,71.39497674159925,road_0009,arterial,589,60.0,60,21.27749005790232,0,FREE_FLOW,Left Bank
2024-01-01 22:00:00,51.11078369535379,71.44797551413016,road_0010,collector,241,45.0,45,23.009456460542367,0,FREE_FLOW,Esil District
2024-01-01 22:00:00,51.08154293158093,71.50410393821133,road_0011,arterial,595,55.23652590926894,60,24.993768896758795,0,FREE_FLOW,Esil District
2024-01-01 22:00:00,51.19411054283802,71.48338375455349,road_0012,collector,273,45.0,45,12.769734935095414,0,FREE_FLOW,Right Bank
2024-01-01 22:00:00,51.11540059978571,71.41954819303338,road_0013,arterial,725,56.446483560460194,60,20.986044055073855,0,FREE_FLOW,Left Bank
2024-01-01 22:00:00,51.153146942289446,71.41898050602991,road_0014,collector,662,43.07374085161556,45,42.04201869319162,0,FREE_FLOW,Left Bank
2024-01-01 22:00:00,51.09379597309867,71.3747399226662,road_0015,collector,334,45.0,45,14.867622316889443,0,FREE_FLOW,Left Bank
2024-01-01 22:00:00,51.10200587058781,71.4105255768849,road_0016,collector,414,44.458452006225606,45,27.080128569663117,0,FREE_FLOW,Left Bank
2024-01-01 22:00:00,51.14997939524811,71.48471150021103,road_0017,local,259,35.0,35,24.13903407579741,0,FREE_FLOW,Right Bank
2024-01-01 22:00:00,51.12597404841841,71.5114357036669,road_0018,local,78,35.0,35,19.16484307354496,0,FREE_FLOW,Esil District
2024-01-01 22:00:00,51.15469379256984,71.44515988046629,road_0019,collector,845,41.38979323516546,45,56.97848395631286,0,FREE_FLOW,City Center
2024-01-01 22:00:00,51.16857999845184,71.4595019477238,road_0020,arterial,865,60.0,60,31.723712942351877,0,FREE_FLOW,City Center
2024-01-01 22:00:00,51.15694799555623,71.45525725431128,road_0021,collector,273,45.0,45,18.348927322394843,0,FREE_FLOW,Esil District
2024-01-01 22:00:00,51.15037767188937,71.47600489108373,road_0022,arterial,850,55.87091114044657,60,34.896553150903735,0,FREE_FLOW,City Center
2024-01-01 22:00:00,51.179136852536935,71.44184452872075,road_0023,arterial,567,60.0,60,15.69042983326827,0,FREE_FLOW,Esil District
2024-01-01 22:00:00,51.08968684609002,71.45590858984447,road_0024,local,115,33.60127352009922,35,19.06655846242826,0,FREE_FLOW,Esil District
2024-01-01 23:00:00,51.20721558440182,71.41748061169966,road_0000,arterial,387,60.0,60,14.70891023774625,0,FREE_FLOW,Right Bank
2024-01-01 23:00:00,51.213488841961706,71.4551094605174,road_0001,local,102,35.0,35,16.96769433364638,0,FREE_FLOW,Right Bank
2024-01-01 23:00:00,51.09202009123179,71.43847470697595,road_0002,arterial,427,58.23409492939264,60,19.062411700806507,0,FREE_FLOW,Left Bank
2024-01-01 23:00:00,51.19057683736238,71.4135219694281,road_0003,collector,194,45.0,45,17.850534105873574,0,FREE_FLOW,Right Bank
2024-01-01 23:00:00,51.16991099020425,71.48953431403665,road_0004,collector,158,40.809397780170606,45,9.868974877957092,0,FREE_FLOW,Right Bank
2024-01-01 23:00:00,51.160352110793035,71.43655906544681,road_0005,collector,624,41.158158764868695,45,41.85804832294395,0,FREE_FLOW,Left Bank
2024-01-01 23:00:00,51.197010226921215,71.45590960880924,road_0006,arterial,506,59.881944107005985,60,16.288949565787597,0,FREE_FLOW,Right Bank
2024-01-01 23:00:00,51.11464444065831,71.472169515803,road_0007,collector,207,45.0,45,12.624474273106532,0,FREE_FLOW,Esil District
2024-01-01 23:00:00,51.12044326025239,71.43375018852568,road_0008,collector,484,45.0,45,36.78099593106565,0,FREE_FLOW,Left Bank
2024-01-01 23:00:00,51.11541119500996,71.39497674159925,road_0009,arterial,580,60.0,60,25.242339707095596,0,FREE_FLOW,Left Bank
2024-01-01 23:00:00,51.11078369535379,71.44797551413016,road_0010,collector,250,41.03049521989582,45,26.589125659455487,0,FREE_FLOW,Esil District
2024-01-01 23:00:00,51.08154293158093,71.50410393821133,road_0011,arterial,191,56.88429795631841,60,3.608698247237533,0,FREE_FLOW,Esil District
2024-01-01 23:00:00,51.19411054283802,71.48338375455349,road_0012,collector,185,45.0,45,2.949134326542291,0,FREE_FLOW,Right Bank
2024-01-01 23:00:00,51.11540059978571,71.41954819303338,road_0013,arterial,504,60.0,60,25.411927893883508,0,FREE_FLOW,Left Bank
2024-01-01 23:00:00,51.153146942289446,71.41898050602991,road_0014,collector,244,45.0,45,16.811190283462672,0,FREE_FLOW,Left Bank
2024-01-01 23:00:00,51.09379597309867,71.3747399226662,road_0015,collector,473,45.0,45,28.201479776515544,0,FREE_FLOW,Left Bank
2024-01-01 23:00:00,51.10200587058781,71.4105255768849,road_0016,collector,425,42.265002498373825,45,38.144253988736,0,FREE_FLOW,Left Bank
2024-01-01 23:00:00,51.14997939524811,71.48471150021103,road_0017,local,159,31.801690176340355,35,9.921350958096276,0,FREE_FLOW,Right Bank
2024-01-01 23:00:00,51.12597404841841,71.5114357036669,road_0018,local,95,31.538719961306864,35,3.2555908177569925,0,FREE_FLOW,Esil District
2024-01-01 23:00:00,51.15469379256984,71.44515988046629,road_0019,collector,702,45.0,45,52.98366342278062,0,FREE_FLOW,City Center
2024-01-01 23:00:00,51.16857999845184,71.4595019477238,road_0020,arterial,738,60.0,60,27.502003761474462,0,FREE_FLOW,City Center
2024-01-01 23:00:00,51.15694799555623,71.45525725431128,road_0021,collector,170,43.25416565868078,45,1.8233022986863787,0,FREE_FLOW,Esil District
2024-01-01 23:00:00,51.15037767188937,71.47600489108373,road_0022,arterial,816,60.0,60,34.180813289238216,0,FREE_FLOW,City Center
2024-01-01 23:00:00,51.179136852536935,71.44184452872075,road_0023,arterial,152,60.0,60,13.458885045582901,0,FREE_FLOW,Esil District
2024-01-01 23:00:00,51.08968684609002,71.45590858984447,road_0024,local,77,34.84737058424685,35,4.469624356491338,0,FREE_FLOW,Esil District
2024-01-02 00:00:00,51.20721558440182,71.41748061169966,road_0000,arterial,201,56.532995316221246,60,11.377088420285355,0,FREE_FLOW,Right Bank
2024-01-02 00:00:00,51.213488841961706,71.4551094605174,road_0001,local,112,32.56443063350092,35,9.850301821414838,0,FREE_FLOW,Right Bank
2024-01-02 00:00:00,51.09202009123179,71.43847470697595,road_0002,arterial,262,60.0,60,12.145149849122312,0,FREE_FLOW,Left Bank
2024-01-02 00:00:00,51.19057683736238,71.4135219694281,road_0003,collector,152,42.43098156487006,45,0.8067168976107872,0,FREE_FLOW,Right Bank
2024-01-02 00:00:00,51.16991099020425,71.48953431403665,road_0004,collector,168,45.0,45,4.956857050755483,0,FREE_FLOW,Right Bank
2024-01-02 00:00:00,51.160352110793035,71.43655906544681,road_0005,collector,323,45.0,45,27.961973166185196,0,FREE_FLOW,Left Bank
2024-01-02 00:00:00,51.197010226921215,71.45590960880924,road_0006,arterial,312,56.81377400257077,60,11.743454335026835,0,FREE_FLOW,Right Bank
2024-01-02 00:00:00,51.11464444065831,71.472169515803,road_0007,collector,99,41.5794648933096,45,7.865778619076294,0,FREE_FLOW,Esil District
2024-01-02 00:00:00,51.12044326025239,71.43375018852568,road_0008,collector,371,41.90409507964165,45,22.7622459515972,0,FREE_FLOW,Left Bank
2024-01-02 00:00:00,51.11541119500996,71.39497674159925,road_0009,arterial,627,57.22460327894248,60,29.51443105434359,0,FREE_FLOW,Left Bank
2024-01-02 00:00:00,51.11078369535379,71.44797551413016,road_0010,collector,101,45.0,45,0.5141238278839673,0,FREE_FLOW,Esil District
2024-01-02 00:00:00,51.08154293158093,71.50410393821133,road_0011,arterial,272,60.0,60,18.794534518523456,0,FREE_FLOW,Esil District
2024-01-02 00:00:00,51.19411054283802,71.48338375455349,road_0012,collector,149,41.243836829458125,45,18.742303448056784,0,FREE_FLOW,Right Bank
2024-01-02 00:00:00,51.11540059978571,71.41954819303338,road_0013,arterial,649,60.0,60,18.558598490714026,0,FREE_FLOW,Left Bank
2024-01-02 00:00:00,51.153146942289446,71.41898050602991,road_0014,collector,339,45.0,45,30.743996431212448,0,FREE_FLOW,Left Bank
2024-01-02 00:00:00,51.09379597309867,71.3747399226662,road_0015,collector,218,45.0,45,23.25975641271647,0,FREE_FLOW,Left Bank
2024-01-02 00:00:00,51.10200587058781,71.4105255768849,road_0016,collector,131,45.0,45,10.025914353278596,0,FREE_FLOW,Left Bank
2024-01-02 00:00:00,51.14997939524811,71.48471150021103,road_0017,local,123,33.2768303959824,35,8.15731697782175,0,FREE_FLOW,Right Bank
2024-01-02 00:00:00,51.12597404841841,71.5114357036669,road_0018,local,82,32.40666799489996,35,5.818788165008691,0,FREE_FLOW,Esil District
2024-01-02 00:00:00,51.15469379256984,71.44515988046629,road_0019,collector,405,44.74299207996971,45,22.37936063190772,0,FREE_FLOW,City Center
2024-01-02 00:00:00,51.16857999845184,71.4595019477238,road_0020,arterial,666,59.937567421642896,60,18.736161299951448,0,FREE_FLOW,City Center
2024-01-02 00:00:00,51.15694799555623,71.45525725431128,road_0021,collector,135,41.498389314867886,45,8.519354620233118,0,FREE_FLOW,Esil District
2024-01-02 00:00:00,51.15037767188937,71.47600489108373,road_0022,arterial,615,60.0,60,14.657625033312293,0,FREE_FLOW,City Center
2024-01-02 00:00:00,51.179136852536935,71.44184452872075,road_0023,arterial,160,60.0,60,4.715950013749003,0,FREE_FLOW,Esil District
2024-01-02 00:00:00,51.08968684609002,71.45590858984447,road_0024,local,71,35.0,35,13.484927219175805,0,FREE_FLOW,Esil District
2024-01-02 01:00:00,51.20721558440182,71.41748061169966,road_0000,arterial,288,58.73526057359534,60,2.2387734984310654,0,FREE_FLOW,Right Bank
2024-01-02 01:00:00,51.213488841961706,71.4551094605174,road_0001,local,78,35.0,35,14.491931008641025,0,FREE_FLOW,Right Bank
2024-01-02 01:00:00,51.09202009123179,71.43847470697595,road_0002,arterial,196,60.0,60,7.203082826020609,0,FREE_FLOW,Left Bank
2024-01-02 01:00:00,51.19057683736238,71.4135219694281,road_0003,collector,63,45.0,45,7.537333211018434,0,FREE_FLOW,Right Bank
2024-01-02 01:00:00,51.16991099020425,71.48953431403665,road_0004,collector,158,45.0,45,2.5306697560568967,0,FREE_FLOW,Right Bank
2024-01-02 01:00:00,51.160352110793035,71.43655906544681,road_0005,collector,165,45.0,45,17.765307190914097,0,FREE_FLOW,Left Bank
2024-01-02 01:00:00,51.197010226921215,71.45590960880924,road_0006,arterial,235,57.96223454272179,60,14.12400850121524,0,FREE_FLOW,Right Bank
2024-01-02 01:00:00,51.11464444065831,71.472169515803,road_0007,collector,122,45.0,45,12.630463319633673,0,FREE_FLOW,Esil District
2024-01-02 01:00:00,51.12044326025239,71.43375018852568,road_0008,collector,103,44.59412129126788,45,12.11284730710544,0,FREE_FLOW,Left Bank
2024-01-02 01:00:00,51.11541119500996,71.39497674159925,road_0009,arterial,216,60.0,60,1.2703653383275588,0,FREE_FLOW,Left Bank
2024-01-02 01:00:00,51.11078369535379,71.44797551413016,road_0010,collector,87,43.809528491692895,45,3.4516064714127097,0,FREE_FLOW,Esil District
2024-01-02 01:00:00,51.08154293158093,71.50410393821133,road_0011,arterial,114,58.10160678348735,60,1.20198730786273,0,FREE_FLOW,Esil District
2024-01-02 01:00:00,51.19411054283802,71.48338375455349,road_0012,collector,133,45.0,45,11.703865843773775,0,FREE_FLOW,Right Bank
2024-01-02 01:00:00,51.11540059978571,71.41954819303338,road_0013,arterial,349,60.0,60,14.927640723913079,0,FREE_FLOW,Left Bank
2024-01-02 01:00:00,51.153146942289446,71.41898050602991,road_0014,collector,219,45.0,45,21.1952624057529,0,FREE_FLOW,Left Bank
2024-01-02 01:00:00,51.09379597309867,71.3747399226662,road_0015,collector,132,45.0,45,1.8465557132535748,0,FREE_FLOW,Left Bank
2024-01-02 01:00:00,51.10200587058781,71.4105255768849,road_0016,collector,259,44.754640832914795,45,19.332502780965527,0,FREE_FLOW,Left Bank
2024-01-02 01:00:00,51.14997939524811,71.48471150021103,road_0017,local,42,35.0,35,6.894175195364623,0,FREE_FLOW,Right Bank
2024-01-02 01:00:00,51.12597404841841,71.5114357036669,road_0018,local,40,35.0,35,8.019146702361454,0,FREE_FLOW,Esil District
2024-01-02 01:00:00,51.15469379256984,71.44515988046629,road_0019,collector,261,45.0,45,11.499624190536327,0,FREE_FLOW,City Center
2024-01-02 01:00:00,51.16857999845184,71.4595019477238,road_0020,arterial,476,57.77037602981133,60,25.983888780671638,0,FREE_FLOW,City Center
2024-01-02 01:00:00,51.15694799555623,71.45525725431128,road_0021,collector,94,45.0,45,6.811970284971797,0,FREE_FLOW,Esil District
2024-01-02 01:00:00,51.15037767188937,71.47600489108373,road_0022,arterial,272,60.0,60,17.077203747211723,0,FREE_FLOW,City Center
2024-01-02 01:00:00,51.179136852536935,71.44184452872075,road_0023,arterial,153,54.72743195270188,60,6.896260180792381,0,FREE_FLOW,Esil District
2024-01-02 01:00:00,51.08968684609002,71.45590858984447,road_0024,local,66,34.98094404914288,35,16.86213609693074,0,FREE_FLOW,Esil District
2024-01-02 02:00:00,51.20721558440182,71.41748061169966,road_0000,arterial,84,57.62298938441696,60,1.6728437337181146,0,FREE_FLOW,Right Bank
2024-01-02 02:00:00,51.213488841961706,71.4551094605174,road_0001,local,51,35.0,35,15.356423926296877,0,FREE_FLOW,Right Bank
2024-01-02 02:00:00,51.09202009123179,71.43847470697595,road_0002,arterial,268,60.0,60,15.937086890289914,0,FREE_FLOW,Left Bank
2024-01-02 02:00:00,51.19057683736238,71.4135219694281,road_0003,collector,57,45.0,45,5.017489267252352,0,FREE_FLOW,Right Bank
2024-01-02 02:00:00,51.16991099020425,71.48953431403665,road_0004,collector,94,41.73289502551449,45,9.753646247136043,0,FREE_FLOW,Right Bank
2024-01-02 02:00:00,51.160352110793035,71.43655906544681,road_0005,collector,181,45.0,45,9.903832594848243,0,FREE_FLOW,Left Bank
2024-01-02 02:00:00,51.197010226921215,71.45590960880924,road_0006,arterial,93,58.880071926566245,60,3.684720009985459,0,FREE_FLOW,Right Bank
2024-01-02 02:00:00,51.11464444065831,71.472169515803,road_0007,collector,94,44.630568069152424,45,0.6490162560654351,0,FREE_FLOW,Esil District
2024-01-02 02:00:00,51.12044326025239,71.43375018852568,road_0008,collector,148,40.61668870872441,45,4.145807440431405,0,FREE_FLOW,Left Bank
2024-01-02 02:00:00,51.11541119500996,71.39497674159925,road_0009,arterial,130,58.260428780741016,60,9.842452136859116,0,FREE_FLOW,Left Bank
2024-01-02 02:00:00,51.11078369535379,71.44797551413016,road_0010,collector,74,45.0,45,13.991269253289882,0,FREE_FLOW,Esil District
2024-01-02 02:00:00,51.08154293158093,71.50410393821133,road_0011,arterial,113,57.71996310748486,60,9.981780833949323,0,FREE_FLOW,Esil District
2024-01-02 02:00:00,51.19411054283802,71.48338375455349,road_0012,collector,61,45.0,45,9.69364347895479,0,FREE_FLOW,Right Bank
2024-01-02 02:00:00,51.11540059978571,71.41954819303338,road_0013,arterial,291,60.0,60,13.70128612341033,0,FREE_FLOW,Left Bank
2024-01-02 02:00:00,51.153146942289446,71.41898050602991,road_0014,collector,148,45.0,45,10.90647270908109,0,FREE_FLOW,Left Bank
2024-01-02 02:00:00,51.09379597309867,71.3747399226662,road_0015,collector,81,45.0,45,0.0,0,FREE_FLOW,Left Bank
2024-01-02 02:00:00,51.10200587058781,71.4105255768849,road_0016,collector,142,44.124348019295105,45,4.3828154527897265,0,FREE_FLOW,Left Bank
2024-01-02 02:00:00,51.14997939524811,71.48471150021103,road_0017,local,47,32.57659095836579,35,13.902661932838697,0,FREE_FLOW,Right Bank
2024-01-02 02:00:00,51.12597404841841,71.5114357036669,road_0018,local,60,35.0,35,7.393503791825665,0,FREE_FLOW,Esil District
2024-01-02 02:00:00,51.15469379256984,71.44515988046629,road_0019,collector,153,40.79289920188417,45,2.0144340446986195,0,FREE_FLOW,City Center
2024-01-02 02:00:00,51.16857999845184,71.4595019477238,road_0020,arterial,144,60.0,60,1.2709587843896681,0,FREE_FLOW,City Center
2024-01-02 02:00:00,51.15694799555623,71.45525725431128,road_0021,collector,91,44.24034517338987,45,7.543491748756933,0,FREE_FLOW,Esil District
2024-01-02 02:00:00,51.15037767188937,71.47600489108373,road_0022,arterial,378,60.0,60,22.6671122441052,0,FREE_FLOW,City Center
2024-01-02 02:00:00,51.179136852536935,71.44184452872075,road_0023,arterial,71,56.7443273756444,60,7.875443460781865,0,FREE_FLOW,Esil District
2024-01-02 02:00:00,51.08968684609002,71.45590858984447,road_0024,local,42,33.07419382844016,35,8.840998542678168,0,FREE_FLOW,Esil District
2024-01-02 03:00:00,51.20721558440182,71.41748061169966,road_0000,arterial,140,59.12993474897134,60,6.866492840660935,0,FREE_FLOW,Right Bank
2024-01-02 03:00:00,51.213488841961706,71.4551094605174,road_0001,local,42,34.51068080950715,35,0.0,0,FREE_FLOW,Right Bank
2024-01-02 03:00:00,51.09202009123179,71.43847470697595,road_0002,arterial,320,60.0,60,10.818835249460935,0,FREE_FLOW,Left Bank
2024-01-02 03:00:00,51.19057683736238,71.4135219694281,road_0003,collector,123,42.33986083290644,45,9.09011538098456,0,FREE_FLOW,Right Bank
2024-01-02 03:00:00,51.16991099020425,71.48953431403665,road_0004,collector,58,40.795272938356206,45,5.742716282858977,0,FREE_FLOW,Right Bank
2024-01-02 03:00:00,51.160352110793035,71.43655906544681,road_0005,collector,131,45.0,45,4.638169383126176,0,FREE_FLOW,Left Bank
2024-01-02 03:00:00,51.197010226921215,71.45590960880924,road_0006,arterial,111,54.57166327728522,60,10.974935360524942,0,FREE_FLOW,Right Bank
2024-01-02 03:00:00,51.11464444065831,71.472169515803,road_0007,collector,88,45.0,45,2.91871878524383,0,FREE_FLOW,Esil District
2024-01-02 03:00:00,51.12044326025239,71.43375018852568,road_0008,collector,123,43.10997037850493,45,0.0,0,FREE_FLOW,Left Bank
2024-01-02 03:00:00,51.11541119500996,71.39497674159925,road_0009,arterial,274,60.0,60,11.894010411135367,0,FREE_FLOW,Left Bank
2024-01-02 03:00:00,51.11078369535379,71.44797551413016,road_0010,collector,58,45.0,45,1.1101917626412319,0,FREE_FLOW,Esil District
2024-01-02 03:00:00,51.08154293158093,71.50410393821133,road_0011,arterial,70,59.249777656563815,60,0.0,0,FREE_FLOW,Esil District
2024-01-02 03:00:00,51.19411054283802,71.48338375455349,road_0012,collector,91,43.29067288490095,45,0.0,0,FREE_FLOW,Right Bank
2024-01-02 03:00:00,51.11540059978571,71.41954819303338,road_0013,arterial,263,60.0,60,8.8388780916371,0,FREE_FLOW,Left Bank
2024-01-02 03:00:00,51.153146942289446,71.41898050602991,road_0014,collector,157,42.774552420084724,45,16.827201649440525,0,FREE_FLOW,Left Bank
2024-01-02 03:00:00,51.09379597309867,71.3747399226662,road_0015,collector,83,45.0,45,2.272627847682463,0,FREE_FLOW,Left Bank
2024-01-02 03:00:00,51.10200587058781,71.4105255768849,road_0016,collector,100,45.0,45,11.916324356177729,0,FREE_FLOW,Left Bank
2024-01-02 03:00:00,51.14997939524811,71.48471150021103,road_0017,local,28,35.0,35,1.7893943107868666,0,FREE_FLOW,Right Bank
2024-01-02 03:00:00,51.12597404841841,71.5114357036669,road_0018,local,18,33.381925913856534,35,2.6019260263104407,0,FREE_FLOW,Esil District
2024-01-02 03:00:00,51.15469379256984,71.44515988046629,road_0019,collector,164,45.0,45,8.167538430524946,0,FREE_FLOW,City Center
2024-01-02 03:00:00,51.16857999845184,71.4595019477238,road_0020,arterial,236,60.0,60,10.641833948867909,0,FREE_FLOW,City Center
2024-01-02 03:00:00,51.15694799555623,71.45525725431128,road_0021,collector,68,44.53929459508525,45,13.981733314135399,0,FREE_FLOW,Esil District
2024-01-02 03:00:00,51.15037767188937,71.47600489108373,road_0022,arterial,148,60.0,60,0.0,0,FREE_FLOW,City Center
2024-01-02 03:00:00,51.179136852536935,71.44184452872075,road_0023,arterial,61,58.13524592243424,60,9.449432295216754,0,FREE_FLOW,Esil District
2024-01-02 03:00:00,51.08968684609002,71.45590858984447,road_0024,local,16,32.99375264397977,35,0.0,0,FREE_FLOW,Esil District
2024-01-02 04:00:00,51.20721558440182,71.41748061169966,road_0000,arterial,204,60.0,60,0.53748782354144,0,FREE_FLOW,Right Bank
2024-01-02 04:00:00,51.213488841961706,71.4551094605174,road_0001,local,74,33.68351824968974,35,10.236195429602079,0,FREE_FLOW,Right Bank
2024-01-02 04:00:00,51.09202009123179,71.43847470697595,road_0002,arterial,305,60.0,60,9.944745423561917,0,FREE_FLOW,Left Bank
2024-01-02 04:00:00,51.19057683736238,71.4135219694281,road_0003,collector,77,45.0,45,0.0,0,FREE_FLOW,Right Bank
2024-01-02 04:00:00,51.16991099020425,71.48953431403665,road_0004,collector,155,45.0,45,2.283619846151284,0,FREE_FLOW,Right Bank
2024-01-02 04:00:00,51.160352110793035,71.43655906544681,road_0005,collector,201,45.0,45,14.085811037873517,0,FREE_FLOW,Left Bank
2024-01-02 04:00:00,51.197010226921215,71.45590960880924,road_0006,arterial,178,55.42169466105632,60,6.765287225043845,0,FREE_FLOW,Right Bank
2024-01-02 04:00:00,51.11464444065831,71.472169515803,road_0007,collector,152,42.53987362425815,45,19.18267566709027,0,FREE_FLOW,Esil District
2024-01-02 04:00:00,51.12044326025239,71.43375018852568,road_0008,collector,280,45.0,45,22.209714915820143,0,FREE_FLOW,Left Bank
2024-01-02 04:00:00,51.11541119500996,71.39497674159925,road_0009,arterial,290,54.84920922863901,60,11.630309229594678,0,FREE_FLOW,Left Bank
2024-01-02 04:00:00,51.11078369535379,71.44797551413016,road_0010,collector,96,45.0,45,13.413605212096927,0,FREE_FLOW,Esil District
2024-01-02 04:00:00,51.08154293158093,71.50410393821133,road_0011,arterial,165,56.24281320842166,60,0.0,0,FREE_FLOW,Esil District
2024-01-02 04:00:00,51.19411054283802,71.48338375455349,road_0012,collector,66,44.20487429149345,45,0.0,0,FREE_FLOW,Right Bank
2024-01-02 04:00:00,51.11540059978571,71.41954819303338,road_0013,arterial,419,60.0,60,24.319689939696698,0,FREE_FLOW,Left Bank
2024-01-02 04:00:00,51.153146942289446,71.41898050602991,road_0014,collector,134,43.500747774325234,45,0.6117240497619214,0,FREE_FLOW,Left Bank
2024-01-02 04:00:00,51.09379597309867,71.3747399226662,road_0015,collector,178,43.93166264870656,45,5.974694836227254,0,FREE_FLOW,Left Bank
2024-01-02 04:00:00,51.10200587058781,71.4105255768849,road_0016,collector,297,41.53614274001217,45,24.469734929842076,0,FREE_FLOW,Left Bank
2024-01-02 04:00:00,51.14997939524811,71.48471150021103,road_0017,local,92,35.0,35,13.522053912486566,0,FREE_FLOW,Right Bank
2024-01-02 04:00:00,51.12597404841841,71.5114357036669,road_0018,local,52,31.580280059085133,35,14.794622299130072,0,FREE_FLOW,Esil District
2024-01-02 04:00:00,51.15469379256984,71.44515988046629,road_0019,collector,253,45.0,45,8.929093914828183,0,FREE_FLOW,City Center
2024-01-02 04:00:00,51.16857999845184,71.4595019477238,road_0020,arterial,544,60.0,60,15.556306059443118,0,FREE_FLOW,City Center
2024-01-02 04:00:00,51.15694799555623,71.45525725431128,road_0021,collector,72,45.0,45,0.0,0,FREE_FLOW,Esil District
2024-01-02 04:00:00,51.15037767188937,71.47600489108373,road_0022,arterial,413,60.0,60,19.134009423175705,0,FREE_FLOW,City Center
2024-01-02 04:00:00,51.179136852536935,71.44184452872075,road_0023,arterial,165,56.06516766061006,60,8.507193225172081,0,FREE_FLOW,Esil District
2024-01-02 04:00:00,51.08968684609002,71.45590858984447,road_0024,local,60,35.0,35,6.107494993815866,0,FREE_FLOW,Esil District
2024-01-02 05:00:00,51.20721558440182,71.41748061169966,road_0000,arterial,332,60.0,60,14.347580322534148,0,FREE_FLOW,Right Bank
2024-01-02 05:00:00,51.213488841961706,71.4551094605174,road_0001,local,148,34.64871745504543,35,19.773199420575246,0,FREE_FLOW,Right Bank
2024-01-02 05:00:00,51.09202009123179,71.43847470697595,road_0002,arterial,739,56.92909305552294,60,30.075124391182698,0,FREE_FLOW,Left Bank
2024-01-02 05:00:00,51.19057683736238,71.4135219694281,road_0003,collector,117,44.5415153990955,45,0.1413208284833729,0,FREE_FLOW,Right Bank
2024-01-02 05:00:00,51.16991099020425,71.48953431403665,road_0004,collector,241,40.55608547404899,45,24.84780858601041,0,FREE_FLOW,Right Bank
2024-01-02 05:00:00,51.160352110793035,71.43655906544681,road_0005,collector,486,40.88681483657508,45,29.871096020953637,0,FREE_FLOW,Left Bank
2024-01-02 05:00:00,51.197010226921215,71.45590960880924,road_0006,arterial,439,60.0,60,26.285342788264387,0,FREE_FLOW,Right Bank
2024-01-02 05:00:00,51.11464444065831,71.472169515803,road_0007,collector,246,45.0,45,20.914518207282068,0,FREE_FLOW,Esil District
2024-01-02 05:00:00,51.12044326025239,71.43375018852568,road_0008,collector,400,44.94826944276413,45,29.96655699142214,0,FREE_FLOW,Left Bank
2024-01-02 05:00:00,51.11541119500996,71.39497674159925,road_0009,arterial,703,54.960069202549384,60,35.92114050930505,0,FREE_FLOW,Left Bank
2024-01-02 05:00:00,51.11078369535379,71.44797551413016,road_0010,collector,289,45.0,45,25.611712894003094,0,FREE_FLOW,Esil District
2024-01-02 05:00:00,51.08154293158093,71.50410393821133,road_0011,arterial,373,60.0,60,9.503439024283242,0,FREE_FLOW,Esil District
2024-01-02 05:00:00,51.19411054283802,71.48338375455349,road_0012,collector,308,45.0,45,14.613826648104908,0,FREE_FLOW,Right Bank
2024-01-02 05:00:00,51.11540059978571,71.41954819303338,road_0013,arterial,654,54.31589210871728,60,34.390425866506334,0,FREE_FLOW,Left Bank
2024-01-02 05:00:00,51.153146942289446,71.41898050602991,road_0014,collector,260,45.0,45,8.876236704124974,0,FREE_FLOW,Left Bank
2024-01-02 05:00:00,51.09379597309867,71.3747399226662,road_0015,collector,312,45.0,45,15.106887627651053,0,FREE_FLOW,Left Bank
2024-01-02 05:00:00,51.10200587058781,71.4105255768849,road_0016,collector,382,45.0,45,22.12736410277463,0,FREE_FLOW,Left Bank
2024-01-02 05:00:00,51.14997939524811,71.48471150021103,road_0017,local,117,35.0,35,10.291095248498612,0,FREE_FLOW,Right Bank
2024-01-02 05:00:00,51.12597404841841,71.5114357036669,road_0018,local,96,35.0,35,7.067143401193228,0,FREE_FLOW,Esil District
2024-01-02 05:00:00,51.15469379256984,71.44515988046629,road_0019,collector,400,42.323853219315346,45,25.216579673801853,0,FREE_FLOW,City Center
2024-01-02 05:00:00,51.16857999845184,71.4595019477238,road_0020,arterial,881,60.0,60,42.543866947956225,0,FREE_FLOW,City Center
2024-01-02 05:00:00,51.15694799555623,71.45525725431128,road_0021,collector,213,44.1993595664306,45,19.94746690010211,0,FREE_FLOW,Esil District
2024-01-02 05:00:00,51.15037767188937,71.47600489108373,road_0022,arterial,1049,59.71551672944662,60,48.632862682879164,0,FREE_FLOW,City Center
2024-01-02 05:00:00,51.179136852536935,71.44184452872075,road_0023,arterial,292,59.03102739402098,60,17.359747173787106,0,FREE_FLOW,Esil District
2024-01-02 05:00:00,51.08968684609002,71.45590858984447,road_0024,local,117,32.90543299627234,35,16.60190800158878,0,FREE_FLOW,Esil District
2024-01-02 06:00:00,51.20721558440182,71.41748061169966,road_0000,arterial,859,54.22636106526478,60,33.750510840877254,0,FREE_FLOW,Right Bank
2024-01-02 06:00:00,51.213488841961706,71.4551094605174,road_0001,local,177,31.569100168736824,35,26.384200157176117,0,FREE_FLOW,Right Bank
2024-01-02 06:00:00,51.09202009123179,71.43847470697595,road_0002,arterial,1327,59.48873974528845,60,45.317612330982485,0,FREE_FLOW,Left Bank
2024-01-02 06:00:00,51.19057683736238,71.4135219694281,road_0003,collector,734,45.0,45,53.868866124007695,0,FREE_FLOW,Right Bank
2024-01-02 06:00:00,51.16991099020425,71.48953431403665,road_0004,collector,628,40.38556055586216,45,47.98355731902333,0,FREE_FLOW,Right Bank
2024-01-02 06:00:00,51.160352110793035,71.43655906544681,road_0005,collector,1005,41.5383730674946,45,68.06760375731496,0,FREE_FLOW,Left Bank
2024-01-02 06:00:00,51.197010226921215,71.45590960880924,road_0006,arterial,836,60.0,60,40.8927160509367,0,FREE_FLOW,Right Bank
2024-01-02 06:00:00,51.11464444065831,71.472169515803,road_0007,collector,330,45.0,45,27.72715466122963,0,FREE_FLOW,Esil District
2024-01-02 06:00:00,51.12044326025239,71.43375018852568,road_0008,collector,597,43.20486730507609,45,34.435671805787,0,FREE_FLOW,Left Bank
2024-01-02 06:00:00,51.11541119500996,71.39497674159925,road_0009,arterial,1405,57.32883430415216,60,62.77742552505917,0,FREE_FLOW,Left Bank
2024-01-02 06:00:00,51.11078369535379,71.44797551413016,road_0010,collector,451,43.54964805196047,45,37.754197607126095,0,FREE_FLOW,Esil District
2024-01-02 06:00:00,51.08154293158093,71.50410393821133,road_0011,arterial,615,57.51971747848408,60,14.865020670078213,0,FREE_FLOW,Esil District
2024-01-02 06:00:00,51.19411054283802,71.48338375455349,road_0012,collector,459,43.905490026986925,45,35.03858455031359,0,FREE_FLOW,Right Bank
2024-01-02 06:00:00,51.11540059978571,71.41954819303338,road_0013,arterial,1191,60.0,60,52.45252297788741,0,FREE_FLOW,Left Bank
2024-01-02 06:00:00,51.153146942289446,71.41898050602991,road_0014,collector,852,44.674821329165944,45,52.73573364039701,0,FREE_FLOW,Left Bank
2024-01-02 06:00:00,51.09379597309867,71.3747399226662,road_0015,collector,616,45.0,45,45.714943962920046,0,FREE_FLOW,Left Bank
2024-01-02 06:00:00,51.10200587058781,71.4105255768849,road_0016,collector,513,41.48061354160717,45,35.84287615155597,0,FREE_FLOW,Left Bank
2024-01-02 06:00:00,51.14997939524811,71.48471150021103,road_0017,local,180,33.1933457404788,35,15.83862141635003,0,FREE_FLOW,Right Bank
2024-01-02 06:00:00,51.12597404841841,71.5114357036669,road_0018,local,155,35.0,35,24.36280905602318,0,FREE_FLOW,Esil District
2024-01-02 06:00:00,51.15469379256984,71.44515988046629,road_0019,collector,1241,45.0,45,87.81063481007183,0,FREE_FLOW,City Center
2024-01-02 06:00:00,51.16857999845184,71.4595019477238,road_0020,arterial,1665,54.82601916943163,60,71.67189261491507,0,FREE_FLOW,City Center
2024-01-02 06:00:00,51.15694799555623,71.45525725431128,road_0021,collector,340,40.683164722923834,45,24.17485441238963,0,FREE_FLOW,Esil District
2024-01-02 06:00:00,51.15037767188937,71.47600489108373,road_0022,arterial,2249,59.365455197357825,60,89.87407500463782,0,FREE_FLOW,City Center
2024-01-02 06:00:00,51.179136852536935,71.44184452872075,road_0023,arterial,743,55.30670540112696,60,29.965695144869706,0,FREE_FLOW,Esil District
2024-01-02 06:00:00,51.08968684609002,71.45590858984447,road_0024,local,280,35.0,35,40.45973442611174,0,FREE_FLOW,Esil District
2024-01-02 07:00:00,51.20721558440182,71.41748061169966,road_0000,arterial,2500,53.98170197587338,60,100.0,0,FREE_FLOW,Right Bank
2024-01-02 07:00:00,51.213488841961706,71.4551094605174,road_0001,local,754,32.63920786625408,35,88.68800921568746,0,FREE_FLOW,Right Bank
2024-01-02 07:00:00,51.09202009123179,71.43847470697595,road_0002,arterial,2500,54.8101387207496,60,100.0,0,FREE_FLOW,Left Bank
2024-01-02 07:00:00,51.19057683736238,71.4135219694281,road_0003,collector,1487,36.37668837963911,45,93.20206283605515,0,FREE_FLOW,Right Bank
2024-01-02 07:00:00,51.16991099020425,71.48953431403665,road_0004,collector,1089,45.0,45,72.81123590818676,0,FREE_FLOW,Right Bank
2024-01-02 07:00:00,51.160352110793035,71.43655906544681,road_0005,collector,1500,38.424046198249094,45,90.26735366518791,0,FREE_FLOW,Left Bank
2024-01-02 07:00:00,51.197010226921215,71.45590960880924,road_0006,arterial,2037,52.99195107471765,60,77.09763930372486,0,FREE_FLOW,Right Bank
2024-01-02 07:00:00,51.11464444065831,71.472169515803,road_0007,collector,515,45.0,45,27.967799197896465,0,FREE_FLOW,Esil District
2024-01-02 07:00:00,51.12044326025239,71.43375018852568,road_0008,collector,1500,38.74287577672641,45,100.0,0,FREE_FLOW,Left Bank
2024-01-02 07:00:00,51.11541119500996,71.39497674159925,road_0009,arterial,2500,56.79178371836772,60,94.63096871930098,0,FREE_FLOW,Left Bank
2024-01-02 07:00:00,51.11078369535379,71.44797551413016,road_0010,collector,509,45.0,45,25.333403575994645,0,FREE_FLOW,Esil District
2024-01-02 07:00:00,51.08154293158093,71.50410393821133,road_0011,arterial,1766,56.329846882553426,60,68.12960799936035,0,FREE_FLOW,Esil District
2024-01-02 07:00:00,51.19411054283802,71.48338375455349,road_0012,collector,737,43.53249061945015,45,57.71910137857452,0,FREE_FLOW,Right Bank
2024-01-02 07:00:00,51.11540059978571,71.41954819303338,road_0013,arterial,2500,53.551186230221106,60,97.46482312758468,0,FREE_FLOW,Left Bank
2024-01-02 07:00:00,51.153146942289446,71.41898050602991,road_0014,collector,1303,42.13078551960436,45,77.83981993990093,0,FREE_FLOW,Left Bank
2024-01-02 07:00:00,51.09379597309867,71.3747399226662,road_0015,collector,1500,37.9581103650579,45,100.0,0,FREE_FLOW,Left Bank
2024-01-02 07:00:00,51.10200587058781,71.4105255768849,road_0016,collector,1500,36.83928756340862,45,90.29256517755351,0,FREE_FLOW,Left Bank
2024-01-02 07:00:00,51.14997939524811,71.48471150021103,road_0017,local,800,29.50325097229732,35,100.0,0,FREE_FLOW,Right Bank
2024-01-02 07:00:00,51.12597404841841,71.5114357036669,road_0018,local,369,35.0,35,41.289620393323204,0,FREE_FLOW,Esil District
2024-01-02 07:00:00,51.15469379256984,71.44515988046629,road_0019,collector,1500,39.45636327300073,45,100.0,0,FREE_FLOW,City Center
2024-01-02 07:00:00,51.16857999845184,71.4595019477238,road_0020,arterial,2500,54.394201838784326,60,98.29942430800156,0,FREE_FLOW,City Center
2024-01-02 07:00:00,51.15694799555623,71.45525725431128,road_0021,collector,827,45.0,45,48.84078891498356,0,FREE_FLOW,Esil District
2024-01-02 07:00:00,51.15037767188937,71.47600489108373,road_0022,arterial,2500,54.738296129490024,60,100.0,0,FREE_FLOW,City Center
2024-01-02 07:00:00,51.179136852536935,71.44184452872075,road_0023,arterial,1616,57.81234049641505,60,57.31301162821036,0,FREE_FLOW,Esil District
2024-01-02 07:00:00,51.08968684609002,71.45590858984447,road_0024,local,537,34.30083898191936,35,65.74673725246579,0,FREE_FLOW,Esil District
2024-01-02 08:00:00,51.20721558440182,71.41748061169966,road_0000,arterial,2500,49.304784794826496,60,100.0,0,FREE_FLOW,Right Bank
2024-01-02 08:00:00,51.213488841961706,71.4551094605174,road_0001,local,800,29.08626332575219,35,99.26229427675023,0,FREE_FLOW,Right Bank
2024-01-02 08:00:00,51.09202009123179,71.43847470697595,road_0002,arterial,2500,55.06216156598847,60,91.26280585854782,0,FREE_FLOW,Left Bank
2024-01-02 08:00:00,51.19057683736238,71.4135219694281,road_0003,collector,1500,41.374239188144166,45,100.0,0,FREE_FLOW,Right Bank
2024-01-02 08:00:00,51.16991099020425,71.48953431403665,road_0004,collector,1500,36.9174591113714,45,93.01216206436548,0,FREE_FLOW,Right Bank
2024-01-02 08:00:00,51.160352110793035,71.43655906544681,road_0005,collector,1500,42.170588686353305,45,98.30481944668081,0,FREE_FLOW,Left Bank
2024-01-02 08:00:00,51.197010226921215,71.45590960880924,road_0006,arterial,2500,55.135016233223475,60,100.0,0,FREE_FLOW,Right Bank
2024-01-02 08:00:00,51.11464444065831,71.472169515803,road_0007,collector,978,45.0,45,65.48402080018678,0,FREE_FLOW,Esil District
2024-01-02 08:00:00,51.12044326025239,71.43375018852568,road_0008,collector,1500,41.07134141508055,45,91.88654852582087,0,FREE_FLOW,Left Bank
2024-01-02 08:00:00,51.11541119500996,71.39497674159925,road_0009,arterial,2500,55.58245625176322,60,100.0,0,FREE_FLOW,Left Bank
2024-01-02 08:00:00,51.11078369535379,71.44797551413016,road_0010,collector,1500,40.494199633094354,45,100.0,0,FREE_FLOW,Esil District
2024-01-02 08:00:00,51.08154293158093,71.50410393821133,road_0011,arterial,1075,57.35423917401246,60,44.42324597244722,0,FREE_FLOW,Esil District
2024-01-02 08:00:00,51.19411054283802,71.48338375455349,road_0012,collector,1500,41.86314004305683,45,100.0,0,FREE_FLOW,Right Bank
2024-01-02 08:00:00,51.11540059978571,71.41954819303338,road_0013,arterial,2500,50.214222972705436,60,91.60444492911428,0,FREE_FLOW,Left Bank
2024-01-02 08:00:00,51.153146942289446,71.41898050602991,road_0014,collector,1475,41.0923395648791,45,100.0,0,FREE_FLOW,Left Bank
2024-01-02 08:00:00,51.09379597309867,71.3747399226662,road_0015,collector,1500,35.25923082407764,45,100.0,1,LIGHT,Left Bank
2024-01-02 08:00:00,51.10200587058781,71.4105255768849,road_0016,collector,1500,38.27421084194439,45,98.04669910474665,0,FREE_FLOW,Left Bank
2024-01-02 08:00:00,51.14997939524811,71.48471150021103,road_0017,local,610,34.48434939431622,35,80.91007239256706,0,FREE_FLOW,Right Bank
2024-01-02 08:00:00,51.12597404841841,71.5114357036669,road_0018,local,438,35.0,35,56.13968968344508,0,FREE_FLOW,Esil District
2024-01-02 08:00:00,51.15469379256984,71.44515988046629,road_0019,collector,1500,40.17187294043098,45,100.0,0,FREE_FLOW,City Center
2024-01-02 08:00:00,51.16857999845184,71.4595019477238,road_0020,arterial,2500,55.94134225568674,60,99.88295341275766,0,FREE_FLOW,City Center
2024-01-02 08:00:00,51.15694799555623,71.45525725431128,road_0021,collector,1347,44.68417296469692,45,89.88007527192651,0,FREE_FLOW,Esil District
2024-01-02 08:00:00,51.15037767188937,71.47600489108373,road_0022,arterial,2500,48.10500818296816,60,100.0,0,FREE_FLOW,City Center
2024-01-02 08:00:00,51.179136852536935,71.44184452872075,road_0023,arterial,2500,53.67920059461717,60,91.08781497044623,0,FREE_FLOW,Esil District
2024-01-02 08:00:00,51.08968684609002,71.45590858984447,road_0024,local,750,32.92006541169376,35,94.84375419560172,0,FREE_FLOW,Esil District
2024-01-02 09:00:00,51.20721558440182,71.41748061169966,road_0000,arterial,2500,47.39835421327705,60,94.08333118336486,1,LIGHT,Right Bank
2024-01-02 09:00:00,51.213488841961706,71.4551094605174,road_0001,local,800,27.76020378609076,35,100.0,1,LIGHT,Right Bank
2024-01-02 09:00:00,51.09202009123179,71.43847470697595,road_0002,arterial,2500,51.68951999919479,60,93.42868353421085,0,FREE_FLOW,Left Bank
2024-01-02 09:00:00,51.19057683736238,71.4135219694281,road_0003,collector,1500,40.21851254802983,45,100.0,0,FREE_FLOW,Right Bank
2024-01-02 09:00:00,51.16991099020425,71.48953431403665,road_0004,collector,1500,41.742719615886486,45,100.0,0,FREE_FLOW,Right Bank
2024-01-02 09:00:00,51.160352110793035,71.43655906544681,road_0005,collector,1500,35.96015301861402,45,100.0,1,LIGHT,Left Bank
2024-01-02 09:00:00,51.197010226921215,71.45590960880924,road_0006,arterial,2500,49.36481378010295,60,91.33055216421711,0,FREE_FLOW,Right Bank
2024-01-02 09:00:00,51.11464444065831,71.472169515803,road_0007,collector,1427,41.60445768757654,45,90.05905370954397,0,FREE_FLOW,Esil District
2024-01-02 09:00:00,51.12044326025239,71.43375018852568,road_0008,collector,1500,40.566159997102254,45,100.0,0,FREE_FLOW,Left Bank
2024-01-02 09:00:00,51.11541119500996,71.39497674159925,road_0009,arterial,2500,48.26317105582781,60,100.0,0,FREE_FLOW,Left Bank
2024-01-02 09:00:00,51.11078369535379,71.44797551413016,road_0010,collector,638,45.0,45,46.357569521064136,0,FREE_FLOW,Esil District
2024-01-02 09:00:00,51.08154293158093,71.50410393821133,road_0011,arterial,2150,51.32404257983761,60,91.51823065614612,0,FREE_FLOW,Esil District
2024-01-02 09:00:00,51.19411054283802,71.48338375455349,road_0012,collector,1246,43.422682680323355,45,80.98589844161876,0,FREE_FLOW,Right Bank
2024-01-02 09:00:00,51.11540059978571,71.41954819303338,road_0013,arterial,2500,55.193837446054815,60,100.0,0,FREE_FLOW,Left Bank
2024-01-02 09:00:00,51.153146942289446,71.41898050602991,road_0014,collector,1500,35.6495675536411,45,99.49901930527497,1,LIGHT,Left Bank
2024-01-02 09:00:00,51.09379597309867,71.3747399226662,road_0015,collector,1500,39.364288130258046,45,98.76913430501156,0,FREE_FLOW,Left Bank
2024-01-02 09:00:00,51.10200587058781,71.4105255768849,road_0016,collector,1500,35.285526368315566,45,92.28863037224717,1,LIGHT,Left Bank
2024-01-02 09:00:00,51.14997939524811,71.48471150021103,road_0017,local,480,32.407937232931616,35,62.61161883166184,0,FREE_FLOW,Right Bank
2024-01-02 09:00:00,51.12597404841841,71.5114357036669,road_0018,local,336,33.81802966461226,35,39.311914020079335,0,FREE_FLOW,Esil District
2024-01-02 09:00:00,51.15469379256984,71.44515988046629,road_0019,collector,1500,42.24708050050359,45,93.40230834618563,0,FREE_FLOW,City Center
2024-01-02 09:00:00,51.16857999845184,71.4595019477238,road_0020,arterial,2500,49.78816657605925,60,100.0,0,FREE_FLOW,City Center
2024-01-02 09:00:00,51.15694799555623,71.45525725431128,road_0021,collector,711,45.0,45,51.533510673554,0,FREE_FLOW,Esil District
2024-01-02 09:00:00,51.15037767188937,71.47600489108373,road_0022,arterial,2500,50.12477152845747,60,100.0,0,FREE_FLOW,City Center
2024-01-02 09:00:00,51.179136852536935,71.44184452872075,road_0023,arterial,1095,60.0,60,37.28486803290759,0,FREE_FLOW,Esil District
2024-01-02 09:00:00,51.08968684609002,71.45590858984447,road_0024,local,596,34.89392953734747,35,72.41415927147585,0,FREE_FLOW,Esil District
2024-01-02 10:00:00,51.20721558440182,71.41748061169966,road_0000,arterial,833,58.05740662478083,60,27.134519751817894,0,FREE_FLOW,Right Bank
2024-01-02 10:00:00,51.213488841961706,71.4551094605174,road_0001,local,439,32.4533054186042,35,58.15903426143571,0,FREE_FLOW,Right Bank
2024-01-02 10:00:00,51.09202009123179,71.43847470697595,road_0002,arterial,822,60.0,60,34.13110402546094,0,FREE_FLOW,Left Bank
2024-01-02 10:00:00,51.19057683736238,71.4135219694281,road_0003,collector,745,44.33315581804899,45,50.12186949790406,0,FREE_FLOW,Right Bank
2024-01-02 10:00:00,51.16991099020425,71.48953431403665,road_0004,collector,771,45.0,45,55.14078301164961,0,FREE_FLOW,Right Bank
2024-01-02 10:00:00,51.160352110793035,71.43655906544681,road_0005,collector,722,45.0,45,40.59798484765983,0,FREE_FLOW,Left Bank
2024-01-02 10:00:00,51.197010226921215,71.45590960880924,road_0006,arterial,1021,60.0,60,48.905960287514205,0,FREE_FLOW,Right Bank
2024-01-02 10:00:00,51.11464444065831,71.472169515803,road_0007,collector,683,44.82703939244142,45,50.258129536009996,0,FREE_FLOW,Esil District
2024-01-02 10:00:00,51.12044326025239,71.43375018852568,road_0008,collector,1271,45.0,45,94.13804022163087,0,FREE_FLOW,Left Bank
2024-01-02 10:00:00,51.11541119500996,71.39497674159925,road_0009,arterial,1834,60.0,60,65.99307177586516,0,FREE_FLOW,Left Bank
2024-01-02 10:00:00,51.11078369535379,71.44797551413016,road_0010,collector,419,44.11872031633192,45,27.748633467580543,0,FREE_FLOW,Esil District
2024-01-02 10:00:00,51.08154293158093,71.50410393821133,road_0011,arterial,1252,60.0,60,51.61228014259436,0,FREE_FLOW,Esil District
2024-01-02 10:00:00,51.19411054283802,71.48338375455349,road_0012,collector,649,45.0,45,38.32263554698213,0,FREE_FLOW,Right Bank
2024-01-02 10:00:00,51.11540059978571,71.41954819303338,road_0013,arterial,2095,56.68553612020973,60,88.38927539663327,0,FREE_FLOW,Left Bank
2024-01-02 10:00:00,51.153146942289446,71.41898050602991,road_0014,collector,1008,41.50423233296909,45,57.70474691696529,0,FREE_FLOW,Left Bank
2024-01-02 10:00:00,51.09379597309867,71.3747399226662,road_0015,collector,1016,45.0,45,69.51199483224462,0,FREE_FLOW,Left Bank
2024-01-02 10:00:00,51.10200587058781,71.4105255768849,road_0016,collector,1145,41.761960838491056,45,67.4036225915942,0,FREE_FLOW,Left Bank
2024-01-02 10:00:00,51.14997939524811,71.48471150021103,road_0017,local,241,32.85594772518589,35,31.211749486806898,0,FREE_FLOW,Right Bank
2024-01-02 10:00:00,51.12597404841841,71.5114357036669,road_0018,local,204,35.0,35,34.47005886436389,0,FREE_FLOW,Esil District
2024-01-02 10:00:00,51.15469379256984,71.44515988046629,road_0019,collector,1500,39.83437473497068,45,100.0,0,FREE_FLOW,City Center
2024-01-02 10:00:00,51.16857999845184,71.4595019477238,road_0020,arterial,1210,60.0,60,52.449766831769374,0,FREE_FLOW,City Center
2024-01-02 10:00:00,51.15694799555623,71.45525725431128,road_0021,collector,656,45.0,45,47.814998759760115,0,FREE_FLOW,Esil District
2024-01-02 10:00:00,51.15037767188937,71.47600489108373,road_0022,arterial,1902,59.12167700894202,60,75.59375636021917,0,FREE_FLOW,City Center
2024-01-02 10:00:00,51.179136852536935,71.44184452872075,road_0023,arterial,892,56.58333831743614,60,38.61200887897324,0,FREE_FLOW,Esil District
2024-01-02 10:00:00,51.08968684609002,71.45590858984447,road_0024,local,321,32.238455323365905,35,45.59605483729774,0,FREE_FLOW,Esil District
2024-01-02 11:00:00,51.20721558440182,71.41748061169966,road_0000,arterial,1257,60.0,60,57.33963990661183,0,FREE_FLOW,Right Bank
2024-01-02 11:00:00,51.213488841961706,71.4551094605174,road_0001,local,642,31.075263232698926,35,85.3246814085601,0,FREE_FLOW,Right Bank
2024-01-02 11:00:00,51.09202009123179,71.43847470697595,road_0002,arterial,1557,60.0,60,67.74762095564499,0,FREE_FLOW,Left Bank
2024-01-02 11:00:00,51.19057683736238,71.4135219694281,road_0003,collector,622,45.0,45,45.379159713747825,0,FREE_FLOW,Right Bank
2024-01-02 11:00:00,51.16991099020425,71.48953431403665,road_0004,collector,443,45.0,45,30.902631303492132,0,FREE_FLOW,Right Bank
2024-01-02 11:00:00,51.160352110793035,71.43655906544681,road_0005,collector,839,45.0,45,63.06320138858481,0,FREE_FLOW,Left Bank
2024-01-02 11:00:00,51.197010226921215,71.45590960880924,road_0006,arterial,1626,60.0,60,61.40099145101836,0,FREE_FLOW,Right Bank
2024-01-02 11:00:00,51.11464444065831,71.472169515803,road_0007,collector,464,44.206527171310185,45,26.58935594674333,0,FREE_FLOW,Esil District
2024-01-02 11:00:00,51.12044326025239,71.43375018852568,road_0008,collector,843,40.27089435188496,45,52.07551812348782,0,FREE_FLOW,Left Bank
2024-01-02 11:00:00,51.11541119500996,71.39497674159925,road_0009,arterial,2168,51.904471159782375,60,89.78766996957361,0,FREE_FLOW,Left Bank
2024-01-02 11:00:00,51.11078369535379,71.44797551413016,road_0010,collector,506,44.96962587042636,45,35.72588470253176,0,FREE_FLOW,Esil District
2024-01-02 11:00:00,51.08154293158093,71.50410393821133,road_0011,arterial,996,59.24355277710283,60,36.63540484597687,0,FREE_FLOW,Esil District
2024-01-02 11:00:00,51.19411054283802,71.48338375455349,road_0012,collector,877,43.65562107489448,45,55.40438619395438,0,FREE_FLOW,Right Bank
2024-01-02 11:00:00,51.11540059978571,71.41954819303338,road_0013,arterial,2144,53.42324295020053,60,78.6051047955363,0,FREE_FLOW,Left Bank
2024-01-02 11:00:00,51.153146942289446,71.41898050602991,road_0014,collector,1226,42.52255083642522,45,91.56725480078237,0,FREE_FLOW,Left Bank
2024-01-02 11:00:00,51.09379597309867,71.3747399226662,road_0015,collector,1500,36.77079971430274,45,99.05627428421833,0,FREE_FLOW,Left Bank
2024-01-02 11:00:00,51.10200587058781,71.4105255768849,road_0016,collector,693,42.664988040625666,45,50.40265281129075,0,FREE_FLOW,Left Bank
2024-01-02 11:00:00,51.14997939524811,71.48471150021103,road_0017,local,331,32.682088228170784,35,49.63965360842913,0,FREE_FLOW,Right Bank
2024-01-02 11:00:00,51.12597404841841,71.5114357036669,road_0018,local,143,35.0,35,25.970326833602357,0,FREE_FLOW,Esil District
2024-01-02 11:00:00,51.15469379256984,71.44515988046629,road_0019,collector,923,40.65881740226391,45,57.41866806607562,0,FREE_FLOW,City Center
2024-01-02 11:00:00,51.16857999845184,71.4595019477238,road_0020,arterial,2500,55.98221848815864,60,99.24782353825081,0,FREE_FLOW,City Center
2024-01-02 11:00:00,51.15694799555623,71.45525725431128,road_0021,collector,498,43.631404553614786,45,40.322649980274875,0,FREE_FLOW,Esil District
2024-01-02 11:00:00,51.15037767188937,71.47600489108373,road_0022,arterial,2500,48.073640124043685,60,95.97714270518061,0,FREE_FLOW,City Center
2024-01-02 11:00:00,51.179136852536935,71.44184452872075,road_0023,arterial,1022,60.0,60,49.684416111425705,0,FREE_FLOW,Esil District
2024-01-02 11:00:00,51.08968684609002,71.45590858984447,road_0024,local,475,34.261990494622225,35,52.84186105950562,0,FREE_FLOW,Esil District
2024-01-02 12:00:00,51.20721558440182,71.41748061169966,road_0000,arterial,961,55.463425145409836,60,47.437993364921525,0,FREE_FLOW,Right Bank
2024-01-02 12:00:00,51.213488841961706,71.4551094605174,road_0001,local,561,33.03265030415374,35,71.797100740162,0,FREE_FLOW,Right Bank
2024-01-02 12:00:00,51.09202009123179,71.43847470697595,road_0002,arterial,1465,53.240399902764494,60,52.95817416504026,0,FREE_FLOW,Left Bank
2024-01-02 12:00:00,51.19057683736238,71.4135219694281,road_0003,collector,746,44.797201442028076,45,57.19372121392766,0,FREE_FLOW,Right Bank
2024-01-02 12:00:00,51.16991099020425,71.48953431403665,road_0004,collector,940,45.0,45,63.87826284668765,0,FREE_FLOW,Right Bank
2024-01-02 12:00:00,51.160352110793035,71.43655906544681,road_0005,collector,692,41.10932201273112,45,51.73309987154422,0,FREE_FLOW,Left Bank
2024-01-02 12:00:00,51.197010226921215,71.45590960880924,road_0006,arterial,797,60.0,60,23.723359169448642,0,FREE_FLOW,Right Bank
2024-01-02 12:00:00,51.11464444065831,71.472169515803,road_0007,collector,574,45.0,45,43.9366682835718,0,FREE_FLOW,Esil District
2024-01-02 12:00:00,51.12044326025239,71.43375018852568,road_0008,collector,1500,42.05041703032875,45,94.46124123085514,0,FREE_FLOW,Left Bank
2024-01-02 12:00:00,51.11541119500996,71.39497674159925,road_0009,arterial,2500,49.52602602751931,60,100.0,0,FREE_FLOW,Left Bank
2024-01-02 12:00:00,51.11078369535379,71.44797551413016,road_0010,collector,686,45.0,45,36.36890302047982,0,FREE_FLOW,Esil District
2024-01-02 12:00:00,51.08154293158093,71.50410393821133,road_0011,arterial,720,54.27099486081652,60,21.11402636360604,0,FREE_FLOW,Esil District
2024-01-02 12:00:00,51.19411054283802,71.48338375455349,road_0012,collector,747,45.0,45,59.588635315592626,0,FREE_FLOW,Right Bank
2024-01-02 12:00:00,51.11540059978571,71.41954819303338,road_0013,arterial,1487,60.0,60,67.43487133019451,0,FREE_FLOW,Left Bank
2024-01-02 12:00:00,51.153146942289446,71.41898050602991,road_0014,collector,881,41.18951639286451,45,64.61192105053263,0,FREE_FLOW,Left Bank
2024-01-02 12:00:00,51.09379597309867,71.3747399226662,road_0015,collector,750,45.0,45,43.12071622679954,0,FREE_FLOW,Left Bank
2024-01-02 12:00:00,51.10200587058781,71.4105255768849,road_0016,collector,1256,39.24988709102091,45,85.04709677615345,0,FREE_FLOW,Left Bank
2024-01-02 12:00:00,51.14997939524811,71.48471150021103,road_0017,local,304,35.0,35,43.23767223724888,0,FREE_FLOW,Right Bank
2024-01-02 12:00:00,51.12597404841841,71.5114357036669,road_0018,local,247,35.0,35,21.210126089847652,0,FREE_FLOW,Esil District
2024-01-02 12:00:00,51.15469379256984,71.44515988046629,road_0019,collector,884,45.0,45,60.96697661369926,0,FREE_FLOW,City Center
2024-01-02 12:00:00,51.16857999845184,71.4595019477238,road_0020,arterial,1846,58.80847449102676,60,76.92320308572195,0,FREE_FLOW,City Center
2024-01-02 12:00:00,51.15694799555623,71.45525725431128,road_0021,collector,655,42.28523184910005,45,50.56391321645932,0,FREE_FLOW,Esil District
2024-01-02 12:00:00,51.15037767188937,71.47600489108373,road_0022,arterial,1897,51.94534888909956,60,81.35144203461442,0,FREE_FLOW,City Center
2024-01-02 12:00:00,51.179136852536935,71.44184452872075,road_0023,arterial,1370,60.0,60,49.42960191825977,0,FREE_FLOW,Esil District
2024-01-02 12:00:00,51.08968684609002,71.45590858984447,road_0024,local,403,34.23653163885274,35,46.76804110584125,0,FREE_FLOW,Esil District
2024-01-02 13:00:00,51.20721558440182,71.41748061169966,road_0000,arterial,1998,59.36737752657113,60,78.80230492992665,0,FREE_FLOW,Right Bank
2024-01-02 13:00:00,51.213488841961706,71.4551094605174,road_0001,local,413,32.67060599660645,35,47.18699030132713,0,FREE_FLOW,Right Bank
2024-01-02 13:00:00,51.09202009123179,71.43847470697595,road_0002,arterial,1532,60.0,60,51.863103720441785,0,FREE_FLOW,Left Bank
2024-01-02 13:00:00,51.19057683736238,71.4135219694281,road_0003,collector,453,45.0,45,30.565523528952927,0,FREE_FLOW,Right Bank
2024-01-02 13:00:00,51.16991099020425,71.48953431403665,road_0004,collector,435,42.81566264399276,45,38.37349211148714,0,FREE_FLOW,Right Bank
2024-01-02 13:00:00,51.160352110793035,71.43655906544681,road_0005,collector,1048,43.13964784302585,45,60.870955300475764,0,FREE_FLOW,Left Bank
2024-01-02 13:00:00,51.197010226921215,71.45590960880924,road_0006,arterial,1021,54.86753451874745,60,36.55399188089529,0,FREE_FLOW,Right Bank
2024-01-02 13:00:00,51.11464444065831,71.472169515803,road_0007,collector,403,44.04962398323831,45,32.48594393955537,0,FREE_FLOW,Esil District
2024-01-02 13:00:00,51.12044326025239,71.43375018852568,road_0008,collector,1223,38.050272130143846,45,84.69443301055774,0,FREE_FLOW,Left Bank
2024-01-02 13:00:00,51.11541119500996,71.39497674159925,road_0009,arterial,2330,56.79023778382928,60,85.35228369519717,0,FREE_FLOW,Left Bank
2024-01-02 13:00:00,51.11078369535379,71.44797551413016,road_0010,collector,578,45.0,45,33.523394926988175,0,FREE_FLOW,Esil District
2024-01-02 13:00:00,51.08154293158093,71.50410393821133,road_0011,arterial,913,60.0,60,30.82408959466386,0,FREE_FLOW,Esil District
2024-01-02 13:00:00,51.19411054283802,71.48338375455349,road_0012,collector,885,45.0,45,63.2569199172191,0,FREE_FLOW,Right Bank
2024-01-02 13:00:00,51.11540059978571,71.41954819303338,road_0013,arterial,1393,60.0,60,49.937724553615766,0,FREE_FLOW,Left Bank
2024-01-02 13:00:00,51.153146942289446,71.41898050602991,road_0014,collector,1403,39.41524379697128,45,86.18142560326243,0,FREE_FLOW,Left Bank
2024-01-02 13:00:00,51.09379597309867,71.3747399226662,road_0015,collector,1212,45.0,45,86.40378536965991,0,FREE_FLOW,Left Bank
2024-01-02 13:00:00,51.10200587058781,71.4105255768849,road_0016,collector,788,42.752019221694546,45,51.15301137174977,0,FREE_FLOW,Left Bank
2024-01-02 13:00:00,51.14997939524811,71.48471150021103,road_0017,local,237,34.39919675361954,35,37.36738634447397,0,FREE_FLOW,Right Bank
2024-01-02 13:00:00,51.12597404841841,71.5114357036669,road_0018,local,368,32.197266085493155,35,51.525809550318954,0,FREE_FLOW,Esil District
2024-01-02 13:00:00,51.15469379256984,71.44515988046629,road_0019,collector,1383,42.41992488897636,45,98.14422145157526,0,FREE_FLOW,City Center
2024-01-02 13:00:00,51.16857999845184,71.4595019477238,road_0020,arterial,2446,48.02717369536529,60,100.0,0,FREE_FLOW,City Center
2024-01-02 13:00:00,51.15694799555623,71.45525725431128,road_0021,collector,383,42.587796206410744,45,17.069482154718962,0,FREE_FLOW,Esil District
2024-01-02 13:00:00,51.15037767188937,71.47600489108373,road_0022,arterial,2500,49.71668665031832,60,96.09204711548381,0,FREE_FLOW,City Center
2024-01-02 13:00:00,51.179136852536935,71.44184452872075,road_0023,arterial,721,60.0,60,19.558603643719458,0,FREE_FLOW,Esil District
2024-01-02 13:00:00,51.08968684609002,71.45590858984447,road_0024,local,226,35.0,35,18.44373765481935,0,FREE_FLOW,Esil District
2024-01-02 14:00:00,51.20721558440182,71.41748061169966,road_0000,arterial,1569,56.4507878062616,60,68.39230958392798,0,FREE_FLOW,Right Bank
2024-01-02 14:00:00,51.213488841961706,71.4551094605174,road_0001,local,292,35.0,35,33.782255500209985,0,FREE_FLOW,Right Bank
2024-01-02 14:00:00,51.09202009123179,71.43847470697595,road_0002,arterial,750,60.0,60,30.707358823633022,0,FREE_FLOW,Left Bank
2024-01-02 14:00:00,51.19057683736238,71.4135219694281,road_0003,collector,691,41.9665363227066,45,46.33032834180224,0,FREE_FLOW,Right Bank
2024-01-02 14:00:00,51.16991099020425,71.48953431403665,road_0004,collector,401,42.46350514530166,45,20.000066295114475,0,FREE_FLOW,Right Bank
2024-01-02 14:00:00,51.160352110793035,71.43655906544681,road_0005,collector,746,40.933615024658344,45,41.48515928145226,0,FREE_FLOW,Left Bank
2024-01-02 14:00:00,51.197010226921215,71.45590960880924,road_0006,arterial,650,57.408569090703644,60,28.52914039353854,0,FREE_FLOW,Right Bank
2024-01-02 14:00:00,51.11464444065831,71.472169515803,road_0007,collector,393,45.0,45,29.455925484194438,0,FREE_FLOW,Esil District
2024-01-02 14:00:00,51.12044326025239,71.43375018852568,road_0008,collector,1334,42.73440824140276,45,88.62115704535032,0,FREE_FLOW,Left Bank
2024-01-02 14:00:00,51.11541119500996,71.39497674159925,road_0009,arterial,1532,56.36444263138348,60,55.451767354821015,0,FREE_FLOW,Left Bank
2024-01-02 14:00:00,51.11078369535379,71.44797551413016,road_0010,collector,738,43.23899066870832,45,53.87810754003739,0,FREE_FLOW,Esil District
2024-01-02 14:00:00,51.08154293158093,71.50410393821133,road_0011,arterial,685,60.0,60,20.825899156433408,0,FREE_FLOW,Esil District
2024-01-02 14:00:00,51.19411054283802,71.48338375455349,road_0012,collector,664,42.47404215539713,45,50.323690846577584,0,FREE_FLOW,Right Bank
2024-01-02 14:00:00,51.11540059978571,71.41954819303338,road_0013,arterial,2217,52.84103326303228,60,85.42621908302456,0,FREE_FLOW,Left Bank
2024-01-02 14:00:00,51.153146942289446,71.41898050602991,road_0014,collector,548,45.0,45,39.4954340240158,0,FREE_FLOW,Left Bank
2024-01-02 14:00:00,51.09379597309867,71.3747399226662,road_0015,collector,1071,39.895062987016324,45,72.31164243584132,0,FREE_FLOW,Left Bank
2024-01-02 14:00:00,51.10200587058781,71.4105255768849,road_0016,collector,617,41.06189144050959,45,41.83638000694034,0,FREE_FLOW,Left Bank
2024-01-02 14:00:00,51.14997939524811,71.48471150021103,road_0017,local,242,34.568279698572134,35,20.85042664298144,0,FREE_FLOW,Right Bank
2024-01-02 14:00:00,51.12597404841841,71.5114357036669,road_0018,local,239,33.92210233175884,35,23.256235568794324,0,FREE_FLOW,Esil District
2024-01-02 14:00:00,51.15469379256984,71.44515988046629,road_0019,collector,1474,43.309051392013195,45,100.0,0,FREE_FLOW,City Center
2024-01-02 14:00:00,51.16857999845184,71.4595019477238,road_0020,arterial,2397,54.51465148438582,60,94.80883843593097,0,FREE_FLOW,City Center
2024-01-02 14:00:00,51.15694799555623,71.45525725431128,road_0021,collector,607,40.548690998259424,45,43.363891122966265,0,FREE_FLOW,Esil District
2024-01-02 14:00:00,51.15037767188937,71.47600489108373,road_0022,arterial,1689,53.521996528685804,60,60.14348890486221,0,FREE_FLOW,City Center
2024-01-02 14:00:00,51.179136852536935,71.44184452872075,road_0023,arterial,971,59.448469505863365,60,33.91168233992739,0,FREE_FLOW,Esil District
2024-01-02 14:00:00,51.08968684609002,71.45590858984447,road_0024,local,245,35.0,35,33.666861237633015,0,FREE_FLOW,Esil District
2024-01-02 15:00:00,51.20721558440182,71.41748061169966,road_0000,arterial,1629,53.29106585011612,60,65.39277165038028,0,FREE_FLOW,Right Bank
2024-01-02 15:00:00,51.213488841961706,71.4551094605174,road_0001,local,267,32.3852878418281,35,42.65146321756947,0,FREE_FLOW,Right Bank
2024-01-02 15:00:00,51.09202009123179,71.43847470697595,road_0002,arterial,1466,60.0,60,67.51856566952915,0,FREE_FLOW,Left Bank
2024-01-02 15:00:00,51.19057683736238,71.4135219694281,road_0003,collector,327,41.77640533677676,45,19.362015395749015,0,FREE_FLOW,Right Bank
2024-01-02 15:00:00,51.16991099020425,71.48953431403665,road_0004,collector,411,43.377702024585744,45,36.26123794813944,0,FREE_FLOW,Right Bank
2024-01-02 15:00:00,51.160352110793035,71.43655906544681,road_0005,collector,1354,42.155686038654686,45,85.28826873997002,0,FREE_FLOW,Left Bank
2024-01-02 15:00:00,51.197010226921215,71.45590960880924,road_0006,arterial,775,55.28470492627967,60,35.027665711193805,0,FREE_FLOW,Right Bank
2024-01-02 15:00:00,51.11464444065831,71.472169515803,road_0007,collector,753,43.78527686860095,45,52.08283725512915,0,FREE_FLOW,Esil District
2024-01-02 15:00:00,51.12044326025239,71.43375018852568,road_0008,collector,596,45.0,45,42.18797897919,0,FREE_FLOW,Left Bank
2024-01-02 15:00:00,51.11541119500996,71.39497674159925,road_0009,arterial,2416,54.89240092123816,60,100.0,0,FREE_FLOW,Left Bank
2024-01-02 15:00:00,51.11078369535379,71.44797551413016,road_0010,collector,712,45.0,45,50.13490147150921,0,FREE_FLOW,Esil District
2024-01-02 15:00:00,51.08154293158093,71.50410393821133,road_0011,arterial,1008,55.769720905599286,60,42.16033685578125,0,FREE_FLOW,Esil District
2024-01-02 15:00:00,51.19411054283802,71.48338375455349,road_0012,collector,398,45.0,45,27.467259899260128,0,FREE_FLOW,Right Bank
2024-01-02 15:00:00,51.11540059978571,71.41954819303338,road_0013,arterial,1375,55.052601279633336,60,62.26018092134454,0,FREE_FLOW,Left Bank
2024-01-02 15:00:00,51.153146942289446,71.41898050602991,road_0014,collector,1500,41.35906707515208,45,100.0,0,FREE_FLOW,Left Bank
2024-01-02 15:00:00,51.09379597309867,71.3747399226662,road_0015,collector,1500,41.77198044059523,45,96.15772764032499,0,FREE_FLOW,Left Bank
2024-01-02 15:00:00,51.10200587058781,71.4105255768849,road_0016,collector,1269,43.931431091942514,45,79.67271111028076,0,FREE_FLOW,Left Bank
2024-01-02 15:00:00,51.14997939524811,71.48471150021103,road_0017,local,287,32.31413442428363,35,32.39146921540969,0,FREE_FLOW,Right Bank
2024-01-02 15:00:00,51.12597404841841,71.5114357036669,road_0018,local,245,35.0,35,34.31752388529933,0,FREE_FLOW,Esil District
2024-01-02 15:00:00,51.15469379256984,71.44515988046629,road_0019,collector,1485,41.79822859841288,45,91.52542274215463,0,FREE_FLOW,City Center
2024-01-02 15:00:00,51.16857999845184,71.4595019477238,road_0020,arterial,2500,50.277516953590194,60,99.97942233827531,0,FREE_FLOW,City Center
2024-01-02 15:00:00,51.15694799555623,71.45525725431128,road_0021,collector,853,42.52202971283025,45,52.63169821001404,0,FREE_FLOW,Esil District
2024-01-02 15:00:00,51.15037767188937,71.47600489108373,road_0022,arterial,2432,53.46951378602657,60,93.73453145453277,0,FREE_FLOW,City Center
2024-01-02 15:00:00,51.179136852536935,71.44184452872075,road_0023,arterial,563,60.0,60,28.8255266218112,0,FREE_FLOW,Esil District
2024-01-02 15:00:00,51.08968684609002,71.45590858984447,road_0024,local,475,35.0,35,60.43723942116743,0,FREE_FLOW,Esil District
2024-01-02 16:00:00,51.20721558440182,71.41748061169966,road_0000,arterial,1443,55.78003296453291,60,67.4967106277833,0,FREE_FLOW,Right Bank
2024-01-02 16:00:00,51.213488841961706,71.4551094605174,road_0001,local,432,31.663416566925555,35,46.760309740401034,0,FREE_FLOW,Right Bank
2024-01-02 16:00:00,51.09202009123179,71.43847470697595,road_0002,arterial,2500,47.87112872550943,60,98.09450127659318,1,LIGHT,Left Bank
2024-01-02 16:00:00,51.19057683736238,71.4135219694281,road_0003,collector,635,43.172263755435324,45,41.609618327886935,0,FREE_FLOW,Right Bank
2024-01-02 16:00:00,51.16991099020425,71.48953431403665,road_0004,collector,823,45.0,45,54.647382172819064,0,FREE_FLOW,Right Bank
2024-01-02 16:00:00,51.160352110793035,71.43655906544681,road_0005,collector,1500,40.99700252747363,45,97.29341352468673,0,FREE_FLOW,Left Bank
2024-01-02 16:00:00,51.197010226921215,71.45590960880924,road_0006,arterial,1476,56.05922120057077,60,60.4928570623117,0,FREE_FLOW,Right Bank
2024-01-02 16:00:00,51.11464444065831,71.472169515803,road_0007,collector,899,40.5477531122646,45,69.82701663726309,0,FREE_FLOW,Esil District
2024-01-02 16:00:00,51.12044326025239,71.43375018852568,road_0008,collector,1500,37.62414622557749,45,100.0,0,FREE_FLOW,Left Bank
2024-01-02 16:00:00,51.11541119500996,71.39497674159925,road_0009,arterial,2500,49.315129009968544,60,94.65082663241711,0,FREE_FLOW,Left Bank
2024-01-02 16:00:00,51.11078369535379,71.44797551413016,road_0010,collector,766,42.74662399541919,45,46.71191607492533,0,FREE_FLOW,Esil District
2024-01-02 16:00:00,51.08154293158093,71.50410393821133,road_0011,arterial,1070,60.0,60,45.83801731124921,0,FREE_FLOW,Esil District
2024-01-02 16:00:00,51.19411054283802,71.48338375455349,road_0012,collector,1286,37.86436834073116,45,77.06721096144231,0,FREE_FLOW,Right Bank
2024-01-02 16:00:00,51.11540059978571,71.41954819303338,road_0013,arterial,2166,52.79882456195305,60,87.1042610994175,0,FREE_FLOW,Left Bank
2024-01-02 16:00:00,51.153146942289446,71.41898050602991,road_0014,collector,1285,38.75444041717154,45,88.72565982942352,0,FREE_FLOW,Left Bank
2024-01-02 16:00:00,51.09379597309867,71.3747399226662,road_0015,collector,1500,42.21105850444801,45,92.71376635584559,0,FREE_FLOW,Left Bank
2024-01-02 16:00:00,51.10200587058781,71.4105255768849,road_0016,collector,971,45.0,45,74.66464645911299,0,FREE_FLOW,Left Bank
2024-01-02 16:00:00,51.14997939524811,71.48471150021103,road_0017,local,563,33.95856130827465,35,79.20653705467868,0,FREE_FLOW,Right Bank
2024-01-02 16:00:00,51.12597404841841,71.5114357036669,road_0018,local,548,35.0,35,78.00359951951017,0,FREE_FLOW,Esil District
2024-01-02 16:00:00,51.15469379256984,71.44515988046629,road_0019,collector,1500,42.500680249710996,45,100.0,0,FREE_FLOW,City Center
2024-01-02 16:00:00,51.16857999845184,71.4595019477238,road_0020,arterial,2500,52.700575065421994,60,97.40049048285631,0,FREE_FLOW,City Center
2024-01-02 16:00:00,51.15694799555623,71.45525725431128,road_0021,collector,850,42.94637965055903,45,58.2612899893505,0,FREE_FLOW,Esil District
2024-01-02 16:00:00,51.15037767188937,71.47600489108373,road_0022,arterial,2500,48.689243702416036,60,91.53445653705771,0,FREE_FLOW,City Center
2024-01-02 16:00:00,51.179136852536935,71.44184452872075,road_0023,arterial,727,55.31034950572497,60,21.206745946964546,0,FREE_FLOW,Esil District
2024-01-02 16:00:00,51.08968684609002,71.45590858984447,road_0024,local,623,35.0,35,76.91673193622732,0,FREE_FLOW,Esil District
2024-01-02 17:00:00,51.20721558440182,71.41748061169966,road_0000,arterial,1835,57.00729300693471,60,75.7285635474374,0,FREE_FLOW,Right Bank
2024-01-02 17:00:00,51.213488841961706,71.4551094605174,road_0001,local,800,31.837780297718353,35,98.29920872159362,0,FREE_FLOW,Right Bank
2024-01-02 17:00:00,51.09202009123179,71.43847470697595,road_0002,arterial,2500,49.695345236047984,60,93.61036456784848,0,FREE_FLOW,Left Bank
2024-01-02 17:00:00,51.19057683736238,71.4135219694281,road_0003,collector,1500,37.5445685058924,45,100.0,0,FREE_FLOW,Right Bank
2024-01-02 17:00:00,51.16991099020425,71.48953431403665,road_0004,collector,1432,40.97452358619033,45,86.22839267865305,0,FREE_FLOW,Right Bank
2024-01-02 17:00:00,51.160352110793035,71.43655906544681,road_0005,collector,1500,38.063311504587006,45,90.83928146887268,0,FREE_FLOW,Left Bank
2024-01-02 17:00:00,51.197010226921215,71.45590960880924,road_0006,arterial,1729,55.63633471985948,60,64.24522462889729,0,FREE_FLOW,Right Bank
2024-01-02 17:00:00,51.11464444065831,71.472169515803,road_0007,collector,1416,37.382317267761785,45,96.2554188174037,0,FREE_FLOW,Esil District
2024-01-02 17:00:00,51.12044326025239,71.43375018852568,road_0008,collector,1500,42.02560043137322,45,100.0,0,FREE_FLOW,Left Bank
2024-01-02 17:00:00,51.11541119500996,71.39497674159925,road_0009,arterial,2500,50.286505980735264,60,100.0,0,FREE_FLOW,Left Bank
2024-01-02 17:00:00,51.11078369535379,71.44797551413016,road_0010,collector,1253,40.385539082279024,45,77.5487528284669,0,FREE_FLOW,Esil District
2024-01-02 17:00:00,51.08154293158093,71.50410393821133,road_0011,arterial,2500,50.159710770876714,60,97.19588187090599,0,FREE_FLOW,Esil District
2024-01-02 17:00:00,51.19411054283802,71.48338375455349,road_0012,collector,1495,43.02205277579605,45,96.12866069999342,0,FREE_FLOW,Right Bank
2024-01-02 17:00:00,51.11540059978571,71.41954819303338,road_0013,arterial,2500,55.321923059387544,60,100.0,0,FREE_FLOW,Left Bank
2024-01-02 17:00:00,51.153146942289446,71.41898050602991,road_0014,collector,1500,35.29951545239957,45,100.0,1,LIGHT,Left Bank
2024-01-02 17:00:00,51.09379597309867,71.3747399226662,road_0015,collector,1500,40.05337742488408,45,100.0,0,FREE_FLOW,Left Bank
2024-01-02 17:00:00,51.10200587058781,71.4105255768849,road_0016,collector,1500,36.991492059716805,45,90.25814455961984,0,FREE_FLOW,Left Bank
2024-01-02 17:00:00,51.14997939524811,71.48471150021103,road_0017,local,800,27.538062046835368,35,100.0,1,LIGHT,Right Bank
2024-01-02 17:00:00,51.12597404841841,71.5114357036669,road_0018,local,380,34.4522428934485,35,41.28567291832019,0,FREE_FLOW,Esil District
2024-01-02 17:00:00,51.15469379256984,71.44515988046629,road_0019,collector,1500,36.75825290954884,45,100.0,0,FREE_FLOW,City Center
2024-01-02 17:00:00,51.16857999845184,71.4595019477238,road_0020,arterial,2500,52.210925024471855,60,95.28943633334382,0,FREE_FLOW,City Center
2024-01-02 17:00:00,51.15694799555623,71.45525725431128,road_0021,collector,693,44.39168490524913,45,54.907563226142344,0,FREE_FLOW,Esil District
2024-01-02 17:00:00,51.15037767188937,71.47600489108373,road_0022,arterial,2500,55.9960949841619,60,94.94799494116691,0,FREE_FLOW,City Center
2024-01-02 17:00:00,51.179136852536935,71.44184452872075,road_0023,arterial,1440,58.76966242178239,60,47.88661811734002,0,FREE_FLOW,Esil District
2024-01-02 17:00:00,51.08968684609002,71.45590858984447,road_0024,local,437,35.0,35,61.122075349742076,0,FREE_FLOW,Esil District
2024-01-02 18:00:00,51.20721558440182,71.41748061169966,road_0000,arterial,2500,50.85712809252525,60,100.0,0,FREE_FLOW,Right Bank
2024-01-02 18:00:00,51.213488841961706,71.4551094605174,road_0001,local,800,31.909612841036388,35,92.85921755201504,0,FREE_FLOW,Right Bank
2024-01-02 18:00:00,51.09202009123179,71.43847470697595,road_0002,arterial,2500,55.876234213557524,60,97.70205205646059,0,FREE_FLOW,Left Bank
2024-01-02 18:00:00,51.19057683736238,71.4135219694281,road_0003,collector,1500,36.73692680123022,45,95.41239989387194,0,FREE_FLOW,Right Bank
2024-01-02 18:00:00,51.16991099020425,71.48953431403665,road_0004,collector,1397,40.867598101838475,45,83.64952119059697,0,FREE_FLOW,Right Bank
2024-01-02 18:00:00,51.160352110793035,71.43655906544681,road_0005,collector,1500,37.23733509777759,45,94.03683670727516,0,FREE_FLOW,Left Bank
2024-01-02 18:00:00,51.197010226921215,71.45590960880924,road_0006,arterial,2248,58.16416839016993,60,95.47622488916902,0,FREE_FLOW,Right Bank
2024-01-02 18:00:00,51.11464444065831,71.472169515803,road_0007,collector,1500,37.803063706948315,45,99.02386382901447,0,FREE_FLOW,Esil District
2024-01-02 18:00:00,51.12044326025239,71.43375018852568,road_0008,collector,1500,42.54987023789588,45,99.0313117321115,0,FREE_FLOW,Left Bank
2024-01-02 18:00:00,51.11541119500996,71.39497674159925,road_0009,arterial,2500,54.05799820986889,60,100.0,0,FREE_FLOW,Left Bank
2024-01-02 18:00:00,51.11078369535379,71.44797551413016,road_0010,collector,681,45.0,45,49.21452630226526,0,FREE_FLOW,Esil District
2024-01-02 18:00:00,51.08154293158093,71.50410393821133,road_0011,arterial,1363,56.67963048455626,60,46.34281278889355,0,FREE_FLOW,Esil District
2024-01-02 18:00:00,51.19411054283802,71.48338375455349,road_0012,collector,1500,37.80897252389335,45,91.10831776884488,0,FREE_FLOW,Right Bank
2024-01-02 18:00:00,51.11540059978571,71.41954819303338,road_0013,arterial,2500,53.004721014554484,60,100.0,0,FREE_FLOW,Left Bank
2024-01-02 18:00:00,51.153146942289446,71.41898050602991,road_0014,collector,1500,42.79149968594467,45,90.82856177638776,0,FREE_FLOW,Left Bank
2024-01-02 18:00:00,51.09379597309867,71.3747399226662,road_0015,collector,1500,39.05537101971272,45,92.2950719882767,0,FREE_FLOW,Left Bank
2024-01-02 18:00:00,51.10200587058781,71.4105255768849,road_0016,collector,1500,36.843522424917595,45,100.0,0,FREE_FLOW,Left Bank
2024-01-02 18:00:00,51.14997939524811,71.48471150021103,road_0017,local,800,32.149067744671946,35,96.63972942865405,0,FREE_FLOW,Right Bank
2024-01-02 18:00:00,51.12597404841841,71.5114357036669,road_0018,local,627,35.0,35,81.32415881491092,0,FREE_FLOW,Esil District
2024-01-02 18:00:00,51.15469379256984,71.44515988046629,road_0019,collector,1500,40.93233913845289,45,100.0,0,FREE_FLOW,City Center
2024-01-02 18:00:00,51.16857999845184,71.4595019477238,road_0020,arterial,2500,53.34548625071867,60,100.0,0,FREE_FLOW,City Center
2024-01-02 18:00:00,51.15694799555623,71.45525725431128,road_0021,collector,584,42.80632405807411,45,45.14269767764265,0,FREE_FLOW,Esil District
2024-01-02 18:00:00,51.15037767188937,71.47600489108373,road_0022,arterial,2500,47.66580834594161,60,100.0,1,LIGHT,City Center
2024-01-02 18:00:00,51.179136852536935,71.44184452872075,road_0023,arterial,1663,60.0,60,74.32276106893828,0,FREE_FLOW,Esil District
2024-01-02 18:00:00,51.08968684609002,71.45590858984447,road_0024,local,653,33.26488452812708,35,83.99720578187878,0,FREE_FLOW,Esil District
2024-01-02 19:00:00,51.20721558440182,71.41748061169966,road_0000,arterial,1405,60.0,60,61.57840089142337,0,FREE_FLOW,Right Bank
2024-01-02 19:00:00,51.213488841961706,71.4551094605174,road_0001,local,432,34.10339067156145,35,55.43578631871961,0,FREE_FLOW,Right Bank
2024-01-02 19:00:00,51.09202009123179,71.43847470697595,road_0002,arterial,2500,50.11648579803906,60,97.08754365972271,0,FREE_FLOW,Left Bank
2024-01-02 19:00:00,51.19057683736238,71.4135219694281,road_0003,collector,1500,42.56346375620901,45,100.0,0,FREE_FLOW,Right Bank
2024-01-02 19:00:00,51.16991099020425,71.48953431403665,road_0004,collector,1035,40.898741466097015,45,72.118066261968,0,FREE_FLOW,Right Bank
2024-01-02 19:00:00,51.160352110793035,71.43655906544681,road_0005,collector,1500,41.69346841280093,45,91.38307135437003,0,FREE_FLOW,Left Bank
2024-01-02 19:00:00,51.197010226921215,71.45590960880924,road_0006,arterial,1711,60.0,60,59.30630546508624,0,FREE_FLOW,Right Bank
2024-01-02 19:00:00,51.11464444065831,71.472169515803,road_0007,collector,827,41.68407903542547,45,53.38139454269066,0,FREE_FLOW,Esil District
2024-01-02 19:00:00,51.12044326025239,71.43375018852568,road_0008,collector,1500,37.70065156242121,45,98.8107831974599,0,FREE_FLOW,Left Bank
2024-01-02 19:00:00,51.11541119500996,71.39497674159925,road_0009,arterial,2500,48.86349042769499,60,100.0,0,FREE_FLOW,Left Bank
2024-01-02 19:00:00,51.11078369535379,71.44797551413016,road_0010,collector,719,42.34787363495855,45,56.093635120832815,0,FREE_FLOW,Esil District
2024-01-02 19:00:00,51.08154293158093,71.50410393821133,road_0011,arterial,865,55.424007958851064,60,26.69351941071066,0,FREE_FLOW,Esil District
2024-01-02 19:00:00,51.19411054283802,71.48338375455349,road_0012,collector,1175,44.42093093317734,45,68.95195096120464,0,FREE_FLOW,Right Bank
2024-01-02 19:00:00,51.11540059978571,71.41954819303338,road_0013,arterial,2500,53.65655485932939,60,95.07225541719417,0,FREE_FLOW,Left Bank
2024-01-02 19:00:00,51.153146942289446,71.41898050602991,road_0014,collector,1500,39.81986325082525,45,92.43390613453344,0,FREE_FLOW,Left Bank
2024-01-02 19:00:00,51.09379597309867,71.3747399226662,road_0015,collector,1500,40.00418936913908,45,100.0,0,FREE_FLOW,Left Bank
2024-01-02 19:00:00,51.10200587058781,71.4105255768849,road_0016,collector,1500,36.505725755763955,45,96.54841917466896,0,FREE_FLOW,Left Bank
2024-01-02 19:00:00,51.14997939524811,71.48471150021103,road_0017,local,565,33.30892452181497,35,68.3196515301489,0,FREE_FLOW,Right Bank
2024-01-02 19:00:00,51.12597404841841,71.5114357036669,road_0018,local,534,35.0,35,58.097537430438514,0,FREE_FLOW,Esil District
2024-01-02 19:00:00,51.15469379256984,71.44515988046629,road_0019,collector,1500,40.812257223323336,45,100.0,0,FREE_FLOW,City Center
2024-01-02 19:00:00,51.16857999845184,71.4595019477238,road_0020,arterial,2500,53.26788969769651,60,97.20750984726341,0,FREE_FLOW,City Center
2024-01-02 19:00:00,51.15694799555623,71.45525725431128,road_0021,collector,916,42.26027632567986,45,57.24271217365898,0,FREE_FLOW,Esil District
2024-01-02 19:00:00,51.15037767188937,71.47600489108373,road_0022,arterial,2500,54.334072635887914,60,100.0,0,FREE_FLOW,City Center
2024-01-02 19:00:00,51.179136852536935,71.44184452872075,road_0023,arterial,1914,60.0,60,84.27827990994848,0,FREE_FLOW,Esil District
2024-01-02 19:00:00,51.08968684609002,71.45590858984447,road_0024,local,292,32.344384708460794,35,30.66799147236663,0,FREE_FLOW,Esil District
2024-01-02 20:00:00,51.20721558440182,71.41748061169966,road_0000,arterial,1005,55.43439932073976,60,31.342343267408868,0,FREE_FLOW,Right Bank
2024-01-02 20:00:00,51.213488841961706,71.4551094605174,road_0001,local,195,32.94874387434946,35,14.867359676824773,0,FREE_FLOW,Right Bank
2024-01-02 20:00:00,51.09202009123179,71.43847470697595,road_0002,arterial,1257,53.966106664328024,60,58.51451753825552,0,FREE_FLOW,Left Bank
2024-01-02 20:00:00,51.19057683736238,71.4135219694281,road_0003,collector,626,45.0,45,50.36729280695671,0,FREE_FLOW,Right Bank
2024-01-02 20:00:00,51.16991099020425,71.48953431403665,road_0004,collector,614,43.681574971019025,45,38.65212355207188,0,FREE_FLOW,Right Bank
2024-01-02 20:00:00,51.160352110793035,71.43655906544681,road_0005,collector,1007,42.17212264829332,45,60.171056780065946,0,FREE_FLOW,Left Bank
2024-01-02 20:00:00,51.197010226921215,71.45590960880924,road_0006,arterial,499,59.12413066527615,60,29.264192770914704,0,FREE_FLOW,Right Bank
2024-01-02 20:00:00,51.11464444065831,71.472169515803,road_0007,collector,564,41.70002382878726,45,34.93922814014401,0,FREE_FLOW,Esil District
2024-01-02 20:00:00,51.12044326025239,71.43375018852568,road_0008,collector,587,43.92998537642207,45,41.85470174037785,0,FREE_FLOW,Left Bank
2024-01-02 20:00:00,51.11541119500996,71.39497674159925,road_0009,arterial,803,60.0,60,40.55026783814836,0,FREE_FLOW,Left Bank
2024-01-02 20:00:00,51.11078369535379,71.44797551413016,road_0010,collector,669,45.0,45,41.07461651220847,0,FREE_FLOW,Esil District
2024-01-02 20:00:00,51.08154293158093,71.50410393821133,road_0011,arterial,553,54.287342270784414,60,24.95137133369989,0,FREE_FLOW,Esil District
2024-01-02 20:00:00,51.19411054283802,71.48338375455349,road_0012,collector,846,45.0,45,51.748305569442145,0,FREE_FLOW,Right Bank
2024-01-02 20:00:00,51.11540059978571,71.41954819303338,road_0013,arterial,931,60.0,60,36.95293730668554,0,FREE_FLOW,Left Bank
2024-01-02 20:00:00,51.153146942289446,71.41898050602991,road_0014,collector,1380,38.79447301579185,45,97.70167314479514,0,FREE_FLOW,Left Bank
2024-01-02 20:00:00,51.09379597309867,71.3747399226662,road_0015,collector,998,42.2126708371262,45,73.59991766450909,0,FREE_FLOW,Left Bank
2024-01-02 20:00:00,51.10200587058781,71.4105255768849,road_0016,collector,549,42.57753709315807,45,31.22559856631911,0,FREE_FLOW,Left Bank
2024-01-02 20:00:00,51.14997939524811,71.48471150021103,road_0017,local,209,31.513957287486832,35,19.66754288396508,0,FREE_FLOW,Right Bank
2024-01-02 20:00:00,51.12597404841841,71.5114357036669,road_0018,local,195,33.131816508318316,35,28.02805210088398,0,FREE_FLOW,Esil District
2024-01-02 20:00:00,51.15469379256984,71.44515988046629,road_0019,collector,1500,41.34690355818271,45,95.78881789936416,0,FREE_FLOW,City Center
2024-01-02 20:00:00,51.16857999845184,71.4595019477238,road_0020,arterial,2500,47.81181636149908,60,100.0,1,LIGHT,City Center
2024-01-02 20:00:00,51.15694799555623,71.45525725431128,road_0021,collector,549,43.14817185482028,45,39.36701154840864,0,FREE_FLOW,Esil District
2024-01-02 20:00:00,51.15037767188937,71.47600489108373,road_0022,arterial,2500,47.87637034577369,60,94.35425025956303,1,LIGHT,City Center
2024-01-02 20:00:00,51.179136852536935,71.44184452872075,road_0023,arterial,627,60.0,60,28.61289269639695,0,FREE_FLOW,Esil District
2024-01-02 20:00:00,51.08968684609002,71.45590858984447,road_0024,local,231,34.80410865250794,35,25.032482505487348,0,FREE_FLOW,Esil District
2024-01-02 21:00:00,51.20721558440182,71.41748061169966,road_0000,arterial,1245,60.0,60,58.44977847179604,0,FREE_FLOW,Right Bank
2024-01-02 21:00:00,51.213488841961706,71.4551094605174,road_0001,local,237,35.0,35,33.73770792737963,0,FREE_FLOW,Right Bank
2024-01-02 21:00:00,51.09202009123179,71.43847470697595,road_0002,arterial,769,60.0,60,23.544936891882188,0,FREE_FLOW,Left Bank
2024-01-02 21:00:00,51.19057683736238,71.4135219694281,road_0003,collector,379,43.621496974951604,45,16.684985856426252,0,FREE_FLOW,Right Bank
2024-01-02 21:00:00,51.16991099020425,71.48953431403665,road_0004,collector,587,45.0,45,43.03708265753465,0,FREE_FLOW,Right Bank
2024-01-02 21:00:00,51.160352110793035,71.43655906544681,road_0005,collector,842,45.0,45,65.68513254023419,0,FREE_FLOW,Left Bank
2024-01-02 21:00:00,51.197010226921215,71.45590960880924,road_0006,arterial,1393,53.89468546883586,60,50.15034544226212,0,FREE_FLOW,Right Bank
2024-01-02 21:00:00,51.11464444065831,71.472169515803,road_0007,collector,311,41.995497230909784,45,14.165260674637134,0,FREE_FLOW,Esil District
2024-01-02 21:00:00,51.12044326025239,71.43375018852568,road_0008,collector,583,44.09182797154292,45,31.304428317312077,0,FREE_FLOW,Left Bank
2024-01-02 21:00:00,51.11541119500996,71.39497674159925,road_0009,arterial,715,59.35563077944914,60,28.0801253189689,0,FREE_FLOW,Left Bank
2024-01-02 21:00:00,51.11078369535379,71.44797551413016,road_0010,collector,535,44.089360693560984,45,35.02627591622754,0,FREE_FLOW,Esil District
2024-01-02 21:00:00,51.08154293158093,71.50410393821133,road_0011,arterial,984,60.0,60,46.42484938394235,0,FREE_FLOW,Esil District
2024-01-02 21:00:00,51.19411054283802,71.48338375455349,road_0012,collector,302,45.0,45,11.05459460697288,0,FREE_FLOW,Right Bank
2024-01-02 21:00:00,51.11540059978571,71.41954819303338,road_0013,arterial,1558,60.0,60,58.55143479164458,0,FREE_FLOW,Left Bank
2024-01-02 21:00:00,51.153146942289446,71.41898050602991,road_0014,collector,464,45.0,45,28.46163258374721,0,FREE_FLOW,Left Bank
2024-01-02 21:00:00,51.09379597309867,71.3747399226662,road_0015,collector,833,44.84465126544622,45,47.64143905245667,0,FREE_FLOW,Left Bank
2024-01-02 21:00:00,51.10200587058781,71.4105255768849,road_0016,collector,685,45.0,45,52.111228918206876,0,FREE_FLOW,Left Bank
2024-01-02 21:00:00,51.14997939524811,71.48471150021103,road_0017,local,368,32.90191373540398,35,50.455692012430426,0,FREE_FLOW,Right Bank
2024-01-02 21:00:00,51.12597404841841,71.5114357036669,road_0018,local,231,31.977680498269237,35,23.71849300694941,0,FREE_FLOW,Esil District
2024-01-02 21:00:00,51.15469379256984,71.44515988046629,road_0019,collector,1180,44.67787849314015,45,73.35665622014854,0,FREE_FLOW,City Center
2024-01-02 21:00:00,51.16857999845184,71.4595019477238,road_0020,arterial,1727,60.0,60,63.7327327677355,0,FREE_FLOW,City Center
2024-01-02 21:00:00,51.15694799555623,71.45525725431128,road_0021,collector,330,44.55416669062343,45,13.62328448927429,0,FREE_FLOW,Esil District
2024-01-02 21:00:00,51.15037767188937,71.47600489108373,road_0022,arterial,1942,60.0,60,83.98144201351614,0,FREE_FLOW,City Center
2024-01-02 21:00:00,51.179136852536935,71.44184452872075,road_0023,arterial,880,60.0,60,25.83444983632062,0,FREE_FLOW,Esil District
2024-01-02 21:00:00,51.08968684609002,71.45590858984447,road_0024,local,137,35.0,35,13.539490489199151,0,FREE_FLOW,Esil District
2024-01-02 22:00:00,51.20721558440182,71.41748061169966,road_0000,arterial,489,58.770805813135276,60,27.29005053283805,0,FREE_FLOW,Right Bank
2024-01-02 22:00:00,51.213488841961706,71.4551094605174,road_0001,local,212,35.0,35,27.193218461510476,0,FREE_FLOW,Right Bank
2024-01-02 22:00:00,51.09202009123179,71.43847470697595,road_0002,arterial,820,54.1253312749415,60,25.237590035627676,0,FREE_FLOW,Left Bank
2024-01-02 22:00:00,51.19057683736238,71.4135219694281,road_0003,collector,373,45.0,45,34.7044505856165,0,FREE_FLOW,Right Bank
2024-01-02 22:00:00,51.16991099020425,71.48953431403665,road_0004,collector,224,44.35008819709823,45,8.631739282676222,0,FREE_FLOW,Right Bank
2024-01-02 22:00:00,51.160352110793035,71.43655906544681,road_0005,collector,264,44.441431185396816,45,14.865455927977989,0,FREE_FLOW,Left Bank
2024-01-02 22:00:00,51.197010226921215,71.45590960880924,road_0006,arterial,885,60.0,60,40.14819888623892,0,FREE_FLOW,Right Bank
2024-01-02 22:00:00,51.11464444065831,71.472169515803,road_0007,collector,323,45.0,45,25.711315588799653,0,FREE_FLOW,Esil District
2024-01-02 22:00:00,51.12044326025239,71.43375018852568,road_0008,collector,440,45.0,45,36.21963061638098,0,FREE_FLOW,Left Bank
2024-01-02 22:00:00,51.11541119500996,71.39497674159925,road_0009,arterial,902,54.11155057920603,60,32.605643031378925,0,FREE_FLOW,Left Bank
2024-01-02 22:00:00,51.11078369535379,71.44797551413016,road_0010,collector,266,41.561780333929505,45,25.026380425388247,0,FREE_FLOW,Esil District
2024-01-02 22:00:00,51.08154293158093,71.50410393821133,road_0011,arterial,305,55.66617667431378,60,16.957608303374847,0,FREE_FLOW,Esil District
2024-01-02 22:00:00,51.19411054283802,71.48338375455349,road_0012,collector,309,41.528807540824246,45,14.845712833371824,0,FREE_FLOW,Right Bank
2024-01-02 22:00:00,51.11540059978571,71.41954819303338,road_0013,arterial,1078,60.0,60,33.407624719683064,0,FREE_FLOW,Left Bank
2024-01-02 22:00:00,51.153146942289446,71.41898050602991,road_0014,collector,741,45.0,45,49.47416774168141,0,FREE_FLOW,Left Bank
2024-01-02 22:00:00,51.09379597309867,71.3747399226662,road_0015,collector,769,45.0,45,50.175725261352426,0,FREE_FLOW,Left Bank
2024-01-02 22:00:00,51.10200587058781,71.4105255768849,road_0016,collector,513,45.0,45,33.14402064432876,0,FREE_FLOW,Left Bank
2024-01-02 22:00:00,51.14997939524811,71.48471150021103,road_0017,local,193,32.31113916555305,35,27.39225068029363,0,FREE_FLOW,Right Bank
2024-01-02 22:00:00,51.12597404841841,71.5114357036669,road_0018,local,143,32.79670821744694,35,12.28517574273296,0,FREE_FLOW,Esil District
2024-01-02 22:00:00,51.15469379256984,71.44515988046629,road_0019,collector,740,45.0,45,44.5517049263367,0,FREE_FLOW,City Center
2024-01-02 22:00:00,51.16857999845184,71.4595019477238,road_0020,arterial,1297,54.79445110367527,60,58.93852767709163,0,FREE_FLOW,City Center
2024-01-02 22:00:00,51.15694799555623,71.45525725431128,road_0021,collector,313,45.0,45,27.449679472349466,0,FREE_FLOW,Esil District
2024-01-02 22:00:00,51.15037767188937,71.47600489108373,road_0022,arterial,1088,60.0,60,43.08317847111688,0,FREE_FLOW,City Center
2024-01-02 22:00:00,51.179136852536935,71.44184452872075,road_0023,arterial,517,60.0,60,19.685649676630515,0,FREE_FLOW,Esil District
2024-01-02 22:00:00,51.08968684609002,71.45590858984447,road_0024,local,194,35.0,35,28.181228042880925,0,FREE_FLOW,Esil District
2024-01-02 23:00:00,51.20721558440182,71.41748061169966,road_0000,arterial,545,60.0,60,25.22812145287474,0,FREE_FLOW,Right Bank
2024-01-02 23:00:00,51.213488841961706,71.4551094605174,road_0001,local,165,35.0,35,24.401210071799742,0,FREE_FLOW,Right Bank
2024-01-02 23:00:00,51.09202009123179,71.43847470697595,road_0002,arterial,459,60.0,60,27.714856496674315,0,FREE_FLOW,Left Bank
2024-01-02 23:00:00,51.19057683736238,71.4135219694281,road_0003,collector,307,45.0,45,22.19690228741564,0,FREE_FLOW,Right Bank
2024-01-02 23:00:00,51.16991099020425,71.48953431403665,road_0004,collector,331,44.72586715300663,45,15.929866834835321,0,FREE_FLOW,Right Bank
2024-01-02 23:00:00,51.160352110793035,71.43655906544681,road_0005,collector,344,44.19962745491313,45,23.279202976378397,0,FREE_FLOW,Left Bank
2024-01-02 23:00:00,51.197010226921215,71.45590960880924,road_0006,arterial,289,60.0,60,3.0055389514635316,0,FREE_FLOW,Right Bank
2024-01-02 23:00:00,51.11464444065831,71.472169515803,road_0007,collector,285,41.27557223942105,45,16.207880801082226,0,FREE_FLOW,Esil District
2024-01-02 23:00:00,51.12044326025239,71.43375018852568,road_0008,collector,275,45.0,45,12.474475000993989,0,FREE_FLOW,Left Bank
2024-01-02 23:00:00,51.11541119500996,71.39497674159925,road_0009,arterial,533,56.92896447434476,60,19.265429456809194,0,FREE_FLOW,Left Bank
2024-01-02 23:00:00,51.11078369535379,71.44797551413016,road_0010,collector,238,45.0,45,8.096420423442305,0,FREE_FLOW,Esil District
2024-01-02 23:00:00,51.08154293158093,71.50410393821133,road_0011,arterial,384,59.320303169971645,60,10.16438866416771,0,FREE_FLOW,Esil District
2024-01-02 23:00:00,51.19411054283802,71.48338375455349,road_0012,collector,165,45.0,45,18.53227654031783,0,FREE_FLOW,Right Bank
2024-01-02 23:00:00,51.11540059978571,71.41954819303338,road_0013,arterial,527,60.0,60,15.105275762689446,0,FREE_FLOW,Left Bank
2024-01-02 23:00:00,51.153146942289446,71.41898050602991,road_0014,collector,193,45.0,45,12.906830621450311,0,FREE_FLOW,Left Bank
2024-01-02 23:00:00,51.09379597309867,71.3747399226662,road_0015,collector,326,44.97773852057414,45,18.01420947170198,0,FREE_FLOW,Left Bank
2024-01-02 23:00:00,51.10200587058781,71.4105255768849,road_0016,collector,316,44.87320247558127,45,12.808852455895348,0,FREE_FLOW,Left Bank
2024-01-02 23:00:00,51.14997939524811,71.48471150021103,road_0017,local,140,35.0,35,19.984814739950362,0,FREE_FLOW,Right Bank
2024-01-02 23:00:00,51.12597404841841,71.5114357036669,road_0018,local,88,33.59388625797437,35,12.07117065324716,0,FREE_FLOW,Esil District
2024-01-02 23:00:00,51.15469379256984,71.44515988046629,road_0019,collector,386,45.0,45,30.235556531999656,0,FREE_FLOW,City Center
2024-01-02 23:00:00,51.16857999845184,71.4595019477238,road_0020,arterial,1155,60.0,60,52.02568584993367,0,FREE_FLOW,City Center
2024-01-02 23:00:00,51.15694799555623,71.45525725431128,road_0021,collector,172,45.0,45,2.2880301224747743,0,FREE_FLOW,Esil District
2024-01-02 23:00:00,51.15037767188937,71.47600489108373,road_0022,arterial,570,58.625833558526566,60,14.050138830208217,0,FREE_FLOW,City Center
2024-01-02 23:00:00,51.179136852536935,71.44184452872075,road_0023,arterial,349,59.76012667523982,60,16.3440863458431,0,FREE_FLOW,Esil District
2024-01-02 23:00:00,51.08968684609002,71.45590858984447,road_0024,local,107,35.0,35,5.631863743672428,0,FREE_FLOW,Esil District
2024-01-03 00:00:00,51.20721558440182,71.41748061169966,road_0000,arterial,219,55.27301879993149,60,6.369637709860717,0,FREE_FLOW,Right Bank
2024-01-03 00:00:00,51.213488841961706,71.4551094605174,road_0001,local,86,35.0,35,13.01303822206036,0,FREE_FLOW,Right Bank
2024-01-03 00:00:00,51.09202009123179,71.43847470697595,road_0002,arterial,399,60.0,60,16.672690011751488,0,FREE_FLOW,Left Bank
2024-01-03 00:00:00,51.19057683736238,71.4135219694281,road_0003,collector,204,44.35660244756412,45,13.819414860901244,0,FREE_FLOW,Right Bank
2024-01-03 00:00:00,51.16991099020425,71.48953431403665,road_0004,collector,79,43.50289781003232,45,2.425890557321959,0,FREE_FLOW,Right Bank
2024-01-03 00:00:00,51.160352110793035,71.43655906544681,road_0005,collector,190,45.0,45,17.43003207740354,0,FREE_FLOW,Left Bank
2024-01-03 00:00:00,51.197010226921215,71.45590960880924,road_0006,arterial,383,60.0,60,19.337313982508572,0,FREE_FLOW,Right Bank
2024-01-03 00:00:00,51.11464444065831,71.472169515803,road_0007,collector,112,45.0,45,16.20115778373647,0,FREE_FLOW,Esil District
2024-01-03 00:00:00,51.12044326025239,71.43375018852568,road_0008,collector,215,45.0,45,6.496433624800469,0,FREE_FLOW,Left Bank
2024-01-03 00:00:00,51.11541119500996,71.39497674159925,road_0009,arterial,423,60.0,60,10.754724347805327,0,FREE_FLOW,Left Bank
2024-01-03 00:00:00,51.11078369535379,71.44797551413016,road_0010,collector,125,41.258080842850276,45,15.361448291162812,0,FREE_FLOW,Esil District
2024-01-03 00:00:00,51.08154293158093,71.50410393821133,road_0011,arterial,205,60.0,60,3.6824072763840148,0,FREE_FLOW,Esil District
2024-01-03 00:00:00,51.19411054283802,71.48338375455349,road_0012,collector,224,41.761808868297045,45,7.315464050867661,0,FREE_FLOW,Right Bank
2024-01-03 00:00:00,51.11540059978571,71.41954819303338,road_0013,arterial,334,60.0,60,18.320321533988047,0,FREE_FLOW,Left Bank
2024-01-03 00:00:00,51.153146942289446,71.41898050602991,road_0014,collector,343,43.238678272992104,45,27.641536858985273,0,FREE_FLOW,Left Bank
2024-01-03 00:00:00,51.09379597309867,71.3747399226662,road_0015,collector,209,41.33209661964992,45,7.790744707125619,0,FREE_FLOW,Left Bank
2024-01-03 00:00:00,51.10200587058781,71.4105255768849,road_0016,collector,287,45.0,45,11.160930182730603,0,FREE_FLOW,Left Bank
2024-01-03 00:00:00,51.14997939524811,71.48471150021103,road_0017,local,112,32.72024348741958,35,5.146206200209738,0,FREE_FLOW,Right Bank
2024-01-03 00:00:00,51.12597404841841,71.5114357036669,road_0018,local,90,35.0,35,19.217105503353306,0,FREE_FLOW,Esil District
2024-01-03 00:00:00,51.15469379256984,71.44515988046629,road_0019,collector,165,42.15313623986958,45,15.422647147136473,0,FREE_FLOW,City Center
2024-01-03 00:00:00,51.16857999845184,71.4595019477238,road_0020,arterial,415,56.97933837928437,60,7.095297551523025,0,FREE_FLOW,City Center
2024-01-03 00:00:00,51.15694799555623,71.45525725431128,road_0021,collector,110,45.0,45,0.06073988268464969,0,FREE_FLOW,Esil District
2024-01-03 00:00:00,51.15037767188937,71.47600489108373,road_0022,arterial,574,58.60221449661898,60,28.448389892126066,0,FREE_FLOW,City Center
2024-01-03 00:00:00,51.179136852536935,71.44184452872075,road_0023,arterial,252,60.0,60,15.079073636048157,0,FREE_FLOW,Esil District
2024-01-03 00:00:00,51.08968684609002,71.45590858984447,road_0024,local,39,34.21481089995676,35,12.743094581759742,0,FREE_FLOW,Esil District
2024-01-03 01:00:00,51.20721558440182,71.41748061169966,road_0000,arterial,181,60.0,60,13.968311931597134,0,FREE_FLOW,Right Bank
2024-01-03 01:00:00,51.213488841961706,71.4551094605174,road_0001,local,62,31.847458105473752,35,0.0,0,FREE_FLOW,Right Bank
2024-01-03 01:00:00,51.09202009123179,71.43847470697595,road_0002,arterial,283,60.0,60,7.812183370203231,0,FREE_FLOW,Left Bank
2024-01-03 01:00:00,51.19057683736238,71.4135219694281,road_0003,collector,91,44.61808733296207,45,1.6936791037434986,0,FREE_FLOW,Right Bank
2024-01-03 01:00:00,51.16991099020425,71.48953431403665,road_0004,collector,134,44.610934067219006,45,13.936397921963584,0,FREE_FLOW,Right Bank
2024-01-03 01:00:00,51.160352110793035,71.43655906544681,road_0005,collector,206,45.0,45,8.840400337911364,0,FREE_FLOW,Left Bank
2024-01-03 01:00:00,51.197010226921215,71.45590960880924,road_0006,arterial,218,60.0,60,8.045065630556708,0,FREE_FLOW,Right Bank
2024-01-03 01:00:00,51.11464444065831,71.472169515803,road_0007,collector,87,45.0,45,3.457662945683671,0,FREE_FLOW,Esil District
2024-01-03 01:00:00,51.12044326025239,71.43375018852568,road_0008,collector,228,41.401749582855906,45,10.217806330682095,0,FREE_FLOW,Left Bank
2024-01-03 01:00:00,51.11541119500996,71.39497674159925,road_0009,arterial,292,58.15273921300709,60,18.8959787383099,0,FREE_FLOW,Left Bank
2024-01-03 01:00:00,51.11078369535379,71.44797551413016,road_0010,collector,106,45.0,45,9.411058326555828,0,FREE_FLOW,Esil District
2024-01-03 01:00:00,51.08154293158093,71.50410393821133,road_0011,arterial,119,60.0,60,14.625303928594931,0,FREE_FLOW,Esil District
2024-01-03 01:00:00,51.19411054283802,71.48338375455349,road_0012,collector,131,45.0,45,4.425340979426952,0,FREE_FLOW,Right Bank
2024-01-03 01:00:00,51.11540059978571,71.41954819303338,road_0013,arterial,437,56.409667354239794,60,13.280880563559732,0,FREE_FLOW,Left Bank
2024-01-03 01:00:00,51.153146942289446,71.41898050602991,road_0014,collector,126,44.2718949443503,45,0.3128139204743192,0,FREE_FLOW,Left Bank
2024-01-03 01:00:00,51.09379597309867,71.3747399226662,road_0015,collector,104,41.98124794589686,45,7.879827020123055,0,FREE_FLOW,Left Bank
2024-01-03 01:00:00,51.10200587058781,71.4105255768849,road_0016,collector,103,45.0,45,1.2730486391060172,0,FREE_FLOW,Left Bank
2024-01-03 01:00:00,51.14997939524811,71.48471150021103,road_0017,local,46,35.0,35,13.874670388702771,0,FREE_FLOW,Right Bank
2024-01-03 01:00:00,51.12597404841841,71.5114357036669,road_0018,local,62,31.573687003852527,35,11.64836759563015,0,FREE_FLOW,Esil District
2024-01-03 01:00:00,51.15469379256984,71.44515988046629,road_0019,collector,229,40.8136109375253,45,12.183843826172053,0,FREE_FLOW,City Center
2024-01-03 01:00:00,51.16857999845184,71.4595019477238,road_0020,arterial,509,60.0,60,13.571873900866171,0,FREE_FLOW,City Center
2024-01-03 01:00:00,51.15694799555623,71.45525725431128,road_0021,collector,77,43.34589095522162,45,0.564342436883047,0,FREE_FLOW,Esil District
2024-01-03 01:00:00,51.15037767188937,71.47600489108373,road_0022,arterial,483,58.816184777199695,60,22.715089024364957,0,FREE_FLOW,City Center
2024-01-03 01:00:00,51.179136852536935,71.44184452872075,road_0023,arterial,141,58.47590927347195,60,0.0,0,FREE_FLOW,Esil District
2024-01-03 01:00:00,51.08968684609002,71.45590858984447,road_0024,local,41,35.0,35,14.009176766922153,0,FREE_FLOW,Esil District
2024-01-03 02:00:00,51.20721558440182,71.41748061169966,road_0000,arterial,118,60.0,60,3.5765874076864828,0,FREE_FLOW,Right Bank
2024-01-03 02:00:00,51.213488841961706,71.4551094605174,road_0001,local,38,35.0,35,1.58731537596302,0,FREE_FLOW,Right Bank
2024-01-03 02:00:00,51.09202009123179,71.43847470697595,road_0002,arterial,303,54.10357537581159,60,8.478093475465673,0,FREE_FLOW,Left Bank
2024-01-03 02:00:00,51.19057683736238,71.4135219694281,road_0003,collector,67,45.0,45,0.0,0,FREE_FLOW,Right Bank
2024-01-03 02:00:00,51.16991099020425,71.48953431403665,road_0004,collector,79,41.58667172887064,45,7.690393110548331,0,FREE_FLOW,Right Bank
2024-01-03 02:00:00,51.160352110793035,71.43655906544681,road_0005,collector,155,44.89229013215037,45,9.238813828627425,0,FREE_FLOW,Left Bank
2024-01-03 02:00:00,51.197010226921215,71.45590960880924,road_0006,arterial,148,60.0,60,4.492885584170635,0,FREE_FLOW,Right Bank
2024-01-03 02:00:00,51.11464444065831,71.472169515803,road_0007,collector,51,45.0,45,11.873296750993054,0,FREE_FLOW,Esil District
2024-01-03 02:00:00,51.12044326025239,71.43375018852568,road_0008,collector,63,44.092114323816325,45,0.4061423158339492,0,FREE_FLOW,Left Bank
2024-01-03 02:00:00,51.11541119500996,71.39497674159925,road_0009,arterial,139,60.0,60,14.651076848349998,0,FREE_FLOW,Left Bank
2024-01-03 02:00:00,51.11078369535379,71.44797551413016,road_0010,collector,36,42.651128689400366,45,0.502971073568133,0,FREE_FLOW,Esil District
2024-01-03 02:00:00,51.08154293158093,71.50410393821133,road_0011,arterial,129,60.0,60,12.17008456657194,0,FREE_FLOW,Esil District
2024-01-03 02:00:00,51.19411054283802,71.48338375455349,road_0012,collector,90,45.0,45,1.4797756308603613,0,FREE_FLOW,Right Bank
2024-01-03 02:00:00,51.11540059978571,71.41954819303338,road_0013,arterial,174,57.50011901497246,60,1.8108855316594141,0,FREE_FLOW,Left Bank
2024-01-03 02:00:00,51.153146942289446,71.41898050602991,road_0014,collector,152,43.82349405216952,45,5.918211389726697,0,FREE_FLOW,Left Bank
2024-01-03 02:00:00,51.09379597309867,71.3747399226662,road_0015,collector,120,45.0,45,17.07890424987552,0,FREE_FLOW,Left Bank
2024-01-03 02:00:00,51.10200587058781,71.4105255768849,road_0016,collector,141,43.549992953960434,45,0.0,0,FREE_FLOW,Left Bank
2024-01-03 02:00:00,51.14997939524811,71.48471150021103,road_0017,local,46,35.0,35,1.3962766842144045,0,FREE_FLOW,Right Bank
2024-01-03 02:00:00,51.12597404841841,71.5114357036669,road_0018,local,32,35.0,35,0.0,0,FREE_FLOW,Esil District
2024-01-03 02:00:00,51.15469379256984,71.44515988046629,road_0019,collector,164,45.0,45,7.147639899562282,0,FREE_FLOW,City Center
2024-01-03 02:00:00,51.16857999845184,71.4595019477238,road_0020,arterial,323,60.0,60,10.114397238205393,0,FREE_FLOW,City Center
2024-01-03 02:00:00,51.15694799555623,71.45525725431128,road_0021,collector,77,43.15446746791399,45,13.910872836178793,0,FREE_FLOW,Esil District
2024-01-03 02:00:00,51.15037767188937,71.47600489108373,road_0022,arterial,266,60.0,60,14.422421809915162,0,FREE_FLOW,City Center
2024-01-03 02:00:00,51.179136852536935,71.44184452872075,road_0023,arterial,155,54.364870072657595,60,0.0,0,FREE_FLOW,Esil District
2024-01-03 02:00:00,51.08968684609002,71.45590858984447,road_0024,local,48,32.60907286829168,35,0.414251718888373,0,FREE_FLOW,Esil District
2024-01-03 03:00:00,51.20721558440182,71.41748061169966,road_0000,arterial,93,58.82034581685701,60,0.0,0,FREE_FLOW,Right Bank
2024-01-03 03:00:00,51.213488841961706,71.4551094605174,road_0001,local,50,35.0,35,9.2666644312297,0,FREE_FLOW,Right Bank
2024-01-03 03:00:00,51.09202009123179,71.43847470697595,road_0002,arterial,146,60.0,60,10.147620343573104,0,FREE_FLOW,Left Bank
2024-01-03 03:00:00,51.19057683736238,71.4135219694281,road_0003,collector,48,43.882665284491374,45,0.0,0,FREE_FLOW,Right Bank
2024-01-03 03:00:00,51.16991099020425,71.48953431403665,road_0004,collector,85,43.463008314481485,45,4.801278524383472,0,FREE_FLOW,Right Bank
2024-01-03 03:00:00,51.160352110793035,71.43655906544681,road_0005,collector,71,43.666930630601236,45,0.0,0,FREE_FLOW,Left Bank
2024-01-03 03:00:00,51.197010226921215,71.45590960880924,road_0006,arterial,164,60.0,60,0.0,0,FREE_FLOW,Right Bank
2024-01-03 03:00:00,51.11464444065831,71.472169515803,road_0007,collector,82,40.92347059323928,45,0.0,0,FREE_FLOW,Esil District
2024-01-03 03:00:00,51.12044326025239,71.43375018852568,road_0008,collector,61,45.0,45,2.35483462103657,0,FREE_FLOW,Left Bank
2024-01-03 03:00:00,51.11541119500996,71.39497674159925,road_0009,arterial,181,55.34298684663386,60,8.478705070393266,0,FREE_FLOW,Left Bank
2024-01-03 03:00:00,51.11078369535379,71.44797551413016,road_0010,collector,74,45.0,45,10.773194001447528,0,FREE_FLOW,Esil District
2024-01-03 03:00:00,51.08154293158093,71.50410393821133,road_0011,arterial,85,60.0,60,11.577308126380073,0,FREE_FLOW,Esil District
2024-01-03 03:00:00,51.19411054283802,71.48338375455349,road_0012,collector,96,45.0,45,0.0,0,FREE_FLOW,Right Bank
2024-01-03 03:00:00,51.11540059978571,71.41954819303338,road_0013,arterial,124,57.15259943628623,60,12.768818960021715,0,FREE_FLOW,Left Bank
2024-01-03 03:00:00,51.153146942289446,71.41898050602991,road_0014,collector,112,45.0,45,16.509545008193697,0,FREE_FLOW,Left Bank
2024-01-03 03:00:00,51.09379597309867,71.3747399226662,road_0015,collector,152,44.02970699358325,45,16.545169119816293,0,FREE_FLOW,Left Bank
2024-01-03 03:00:00,51.10200587058781,71.4105255768849,road_0016,collector,128,41.07478178427897,45,5.688428599207619,0,FREE_FLOW,Left Bank
2024-01-03 03:00:00,51.14997939524811,71.48471150021103,road_0017,local,22,34.80558199442316,35,10.143626466873254,0,FREE_FLOW,Right Bank
2024-01-03 03:00:00,51.12597404841841,71.5114357036669,road_0018,local,40,33.9303133632667,35,0.17421894831269036,0,FREE_FLOW,Esil District
2024-01-03 03:00:00,51.15469379256984,71.44515988046629,road_0019,collector,197,45.0,45,21.886128932491374,0,FREE_FLOW,City Center
2024-01-03 03:00:00,51.16857999845184,71.4595019477238,road_0020,arterial,274,60.0,60,19.807428789368295,0,FREE_FLOW,City Center
2024-01-03 03:00:00,51.15694799555623,71.45525725431128,road_0021,collector,37,45.0,45,6.233434897597963,0,FREE_FLOW,Esil District
2024-01-03 03:00:00,51.15037767188937,71.47600489108373,road_0022,arterial,209,56.84016721165271,60,17.476862943503274,0,FREE_FLOW,City Center
2024-01-03 03:00:00,51.179136852536935,71.44184452872075,road_0023,arterial,124,55.550635169139795,60,0.0,0,FREE_FLOW,Esil District
2024-01-03 03:00:00,51.08968684609002,71.45590858984447,road_0024,local,23,33.40164591651703,35,0.0,0,FREE_FLOW,Esil District
2024-01-03 04:00:00,51.20721558440182,71.41748061169966,road_0000,arterial,121,60.0,60,0.0,0,FREE_FLOW,Right Bank
2024-01-03 04:00:00,51.213488841961706,71.4551094605174,road_0001,local,50,31.595559481797654,35,12.593821014532821,0,FREE_FLOW,Right Bank
2024-01-03 04:00:00,51.09202009123179,71.43847470697595,road_0002,arterial,341,54.3858458488006,60,8.432915699151131,0,FREE_FLOW,Left Bank
2024-01-03 04:00:00,51.19057683736238,71.4135219694281,road_0003,collector,105,43.54167713887831,45,12.932897380302762,0,FREE_FLOW,Right Bank
2024-01-03 04:00:00,51.16991099020425,71.48953431403665,road_0004,collector,128,42.62363044003725,45,13.54530246821586,0,FREE_FLOW,Right Bank
2024-01-03 04:00:00,51.160352110793035,71.43655906544681,road_0005,collector,109,45.0,45,0.9079292443037748,0,FREE_FLOW,Left Bank
2024-01-03 04:00:00,51.197010226921215,71.45590960880924,road_0006,arterial,225,60.0,60,13.139126369868453,0,FREE_FLOW,Right Bank
2024-01-03 04:00:00,51.11464444065831,71.472169515803,road_0007,collector,118,45.0,45,6.868863840367259,0,FREE_FLOW,Esil District
2024-01-03 04:00:00,51.12044326025239,71.43375018852568,road_0008,collector,203,42.86020849567092,45,6.161580990438702,0,FREE_FLOW,Left Bank
2024-01-03 04:00:00,51.11541119500996,71.39497674159925,road_0009,arterial,361,60.0,60,6.92843773703787,0,FREE_FLOW,Left Bank
2024-01-03 04:00:00,51.11078369535379,71.44797551413016,road_0010,collector,104,45.0,45,10.735795686973493,0,FREE_FLOW,Esil District
2024-01-03 04:00:00,51.08154293158093,71.50410393821133,road_0011,arterial,159,56.07614881183358,60,0.0,0,FREE_FLOW,Esil District
2024-01-03 04:00:00,51.19411054283802,71.48338375455349,road_0012,collector,82,41.45765032862684,45,0.07305116032421832,0,FREE_FLOW,Right Bank
2024-01-03 04:00:00,51.11540059978571,71.41954819303338,road_0013,arterial,342,54.57209955610747,60,18.625951151197135,0,FREE_FLOW,Left Bank
2024-01-03 04:00:00,51.153146942289446,71.41898050602991,road_0014,collector,283,45.0,45,9.002597638388902,0,FREE_FLOW,Left Bank
2024-01-03 04:00:00,51.09379597309867,71.3747399226662,road_0015,collector,209,45.0,45,14.383269511145103,0,FREE_FLOW,Left Bank
2024-01-03 04:00:00,51.10200587058781,71.4105255768849,road_0016,collector,225,45.0,45,5.054162996409042,0,FREE_FLOW,Left Bank
2024-01-03 04:00:00,51.14997939524811,71.48471150021103,road_0017,local,58,34.944499254596906,35,0.0,0,FREE_FLOW,Right Bank
2024-01-03 04:00:00,51.12597404841841,71.5114357036669,road_0018,local,69,35.0,35,6.533365404847562,0,FREE_FLOW,Esil District
2024-01-03 04:00:00,51.15469379256984,71.44515988046629,road_0019,collector,277,45.0,45,14.66004407469252,0,FREE_FLOW,City Center
2024-01-03 04:00:00,51.16857999845184,71.4595019477238,road_0020,arterial,365,59.79852259462983,60,5.978557562692972,0,FREE_FLOW,City Center
2024-01-03 04:00:00,51.15694799555623,71.45525725431128,road_0021,collector,66,41.30607099597887,45,11.953843576556963,0,FREE_FLOW,Esil District
2024-01-03 04:00:00,51.15037767188937,71.47600489108373,road_0022,arterial,403,60.0,60,21.326564428082754,0,FREE_FLOW,City Center
2024-01-03 04:00:00,51.179136852536935,71.44184452872075,road_0023,arterial,91,60.0,60,0.0,0,FREE_FLOW,Esil District
2024-01-03 04:00:00,51.08968684609002,71.45590858984447,road_0024,local,68,33.62271730680305,35,7.3879123690216115,0,FREE_FLOW,Esil District
2024-01-03 05:00:00,51.20721558440182,71.41748061169966,road_0000,arterial,465,59.17614867318392,60,13.955849490452676,0,FREE_FLOW,Right Bank
2024-01-03 05:00:00,51.213488841961706,71.4551094605174,road_0001,local,91,35.0,35,1.6269280254357383,0,FREE_FLOW,Right Bank
2024-01-03 05:00:00,51.09202009123179,71.43847470697595,road_0002,arterial,393,60.0,60,18.4326399728008,0,FREE_FLOW,Left Bank
2024-01-03 05:00:00,51.19057683736238,71.4135219694281,road_0003,collector,275,45.0,45,11.853828434156007,0,FREE_FLOW,Right Bank
2024-01-03 05:00:00,51.16991099020425,71.48953431403665,road_0004,collector,200,45.0,45,20.5775617997721,0,FREE_FLOW,Right Bank
2024-01-03 05:00:00,51.160352110793035,71.43655906544681,road_0005,collector,622,40.79225835663706,45,48.502473439877505,0,FREE_FLOW,Left Bank
2024-01-03 05:00:00,51.197010226921215,71.45590960880924,road_0006,arterial,271,59.494326366114734,60,11.469584925636417,0,FREE_FLOW,Right Bank
2024-01-03 05:00:00,51.11464444065831,71.472169515803,road_0007,collector,174,40.517588217300755,45,12.985958682695905,0,FREE_FLOW,Esil District
2024-01-03 05:00:00,51.12044326025239,71.43375018852568,road_0008,collector,292,42.05835061398048,45,23.91098864013959,0,FREE_FLOW,Left Bank
2024-01-03 05:00:00,51.11541119500996,71.39497674159925,road_0009,arterial,700,54.27493298422808,60,26.892553158278098,0,FREE_FLOW,Left Bank
2024-01-03 05:00:00,51.11078369535379,71.44797551413016,road_0010,collector,173,41.62041584055403,45,20.1263254873599,0,FREE_FLOW,Esil District
2024-01-03 05:00:00,51.08154293158093,71.50410393821133,road_0011,arterial,308,60.0,60,11.243408756253931,0,FREE_FLOW,Esil District
2024-01-03 05:00:00,51.19411054283802,71.48338375455349,road_0012,collector,198,43.23514574406893,45,6.471075890603748,0,FREE_FLOW,Right Bank
2024-01-03 05:00:00,51.11540059978571,71.41954819303338,road_0013,arterial,632,60.0,60,33.274861568177435,0,FREE_FLOW,Left Bank
2024-01-03 05:00:00,51.153146942289446,71.41898050602991,road_0014,collector,285,45.0,45,18.990966704093424,0,FREE_FLOW,Left Bank
2024-01-03 05:00:00,51.09379597309867,71.3747399226662,road_0015,collector,327,45.0,45,16.83613532101763,0,FREE_FLOW,Left Bank
2024-01-03 05:00:00,51.10200587058781,71.4105255768849,road_0016,collector,265,43.16253139669537,45,17.65039568533328,0,FREE_FLOW,Left Bank
2024-01-03 05:00:00,51.14997939524811,71.48471150021103,road_0017,local,100,33.04108175351058,35,22.4809899620729,0,FREE_FLOW,Right Bank
2024-01-03 05:00:00,51.12597404841841,71.5114357036669,road_0018,local,69,35.0,35,8.395849328805141,0,FREE_FLOW,Esil District
2024-01-03 05:00:00,51.15469379256984,71.44515988046629,road_0019,collector,465,44.359598064554355,45,39.213299907677765,0,FREE_FLOW,City Center
2024-01-03 05:00:00,51.16857999845184,71.4595019477238,road_0020,arterial,539,57.770197196156275,60,24.422087052357007,0,FREE_FLOW,City Center
2024-01-03 05:00:00,51.15694799555623,71.45525725431128,road_0021,collector,195,45.0,45,11.896787186810592,0,FREE_FLOW,Esil District
2024-01-03 05:00:00,51.15037767188937,71.47600489108373,road_0022,arterial,472,60.0,60,25.302848494406945,0,FREE_FLOW,City Center
2024-01-03 05:00:00,51.179136852536935,71.44184452872075,road_0023,arterial,317,60.0,60,14.123439235675395,0,FREE_FLOW,Esil District
2024-01-03 05:00:00,51.08968684609002,71.45590858984447,road_0024,local,121,34.74527547355765,35,13.8601563569415,0,FREE_FLOW,Esil District
2024-01-03 06:00:00,51.20721558440182,71.41748061169966,road_0000,arterial,1084,60.0,60,46.444409240580256,0,FREE_FLOW,Right Bank
2024-01-03 06:00:00,51.213488841961706,71.4551094605174,road_0001,local,144,33.92913420415389,35,16.157918747430937,0,FREE_FLOW,Right Bank
2024-01-03 06:00:00,51.09202009123179,71.43847470697595,road_0002,arterial,585,60.0,60,27.019065828071525,0,FREE_FLOW,Left Bank
2024-01-03 06:00:00,51.19057683736238,71.4135219694281,road_0003,collector,509,45.0,45,29.03520198998092,0,FREE_FLOW,Right Bank
2024-01-03 06:00:00,51.16991099020425,71.48953431403665,road_0004,collector,629,41.18216195008286,45,36.186619063560194,0,FREE_FLOW,Right Bank
2024-01-03 06:00:00,51.160352110793035,71.43655906544681,road_0005,collector,464,45.0,45,37.43403971618933,0,FREE_FLOW,Left Bank
2024-01-03 06:00:00,51.197010226921215,71.45590960880924,road_0006,arterial,888,57.16554612938544,60,44.457603926820475,0,FREE_FLOW,Right Bank
2024-01-03 06:00:00,51.11464444065831,71.472169515803,road_0007,collector,421,45.0,45,24.831286013012363,0,FREE_FLOW,Esil District
2024-01-03 06:00:00,51.12044326025239,71.43375018852568,road_0008,collector,1136,45.0,45,82.0711391234167,0,FREE_FLOW,Left Bank
2024-01-03 06:00:00,51.11541119500996,71.39497674159925,road_0009,arterial,1349,57.38684181411455,60,45.10188675815887,0,FREE_FLOW,Left Bank
2024-01-03 06:00:00,51.11078369535379,71.44797551413016,road_0010,collector,383,41.73062556006533,45,15.771692992898178,0,FREE_FLOW,Esil District
2024-01-03 06:00:00,51.08154293158093,71.50410393821133,road_0011,arterial,938,59.75013404467819,60,47.1812939922964,0,FREE_FLOW,Esil District
2024-01-03 06:00:00,51.19411054283802,71.48338375455349,road_0012,collector,723,45.0,45,48.22080473969206,0,FREE_FLOW,Right Bank
2024-01-03 06:00:00,51.11540059978571,71.41954819303338,road_0013,arterial,974,59.149373986114384,60,35.99859541463554,0,FREE_FLOW,Left Bank
2024-01-03 06:00:00,51.153146942289446,71.41898050602991,road_0014,collector,801,45.0,45,48.48518321977862,0,FREE_FLOW,Left Bank
2024-01-03 06:00:00,51.09379597309867,71.3747399226662,road_0015,collector,459,45.0,45,30.880467397530193,0,FREE_FLOW,Left Bank
2024-01-03 06:00:00,51.10200587058781,71.4105255768849,road_0016,collector,840,45.0,45,57.650675548814725,0,FREE_FLOW,Left Bank
2024-01-03 06:00:00,51.14997939524811,71.48471150021103,road_0017,local,354,32.638400164256936,35,51.64232915464524,0,FREE_FLOW,Right Bank
2024-01-03 06:00:00,51.12597404841841,71.5114357036669,road_0018,local,226,32.3431912884241,35,26.18181148772659,0,FREE_FLOW,Esil District
2024-01-03 06:00:00,51.15469379256984,71.44515988046629,road_0019,collector,769,45.0,45,45.32373144122398,0,FREE_FLOW,City Center
2024-01-03 06:00:00,51.16857999845184,71.4595019477238,road_0020,arterial,1407,60.0,60,66.17549909147812,0,FREE_FLOW,City Center
2024-01-03 06:00:00,51.15694799555623,71.45525725431128,road_0021,collector,338,45.0,45,29.30132609517713,0,FREE_FLOW,Esil District
2024-01-03 06:00:00,51.15037767188937,71.47600489108373,road_0022,arterial,2010,54.01972449850538,60,84.1883426774265,0,FREE_FLOW,City Center
2024-01-03 06:00:00,51.179136852536935,71.44184452872075,road_0023,arterial,716,60.0,60,33.8247795931399,0,FREE_FLOW,Esil District
2024-01-03 06:00:00,51.08968684609002,71.45590858984447,road_0024,local,130,33.79645953893725,35,13.116019383914818,0,FREE_FLOW,Esil District
2024-01-03 07:00:00,51.20721558440182,71.41748061169966,road_0000,arterial,2261,49.84715029388724,60,95.97787496409745,0,FREE_FLOW,Right Bank
2024-01-03 07:00:00,51.213488841961706,71.4551094605174,road_0001,local,800,30.417916839252154,35,100.0,0,FREE_FLOW,Right Bank
2024-01-03 07:00:00,51.09202009123179,71.43847470697595,road_0002,arterial,2500,51.46423691961852,60,90.38335775049956,0,FREE_FLOW,Left Bank
2024-01-03 07:00:00,51.19057683736238,71.4135219694281,road_0003,collector,908,45.0,45,54.73169424829436,0,FREE_FLOW,Right Bank
2024-01-03 07:00:00,51.16991099020425,71.48953431403665,road_0004,collector,1481,35.825963755478625,45,100.0,1,LIGHT,Right Bank
2024-01-03 07:00:00,51.160352110793035,71.43655906544681,road_0005,collector,1500,42.85632540677927,45,100.0,0,FREE_FLOW,Left Bank
2024-01-03 07:00:00,51.197010226921215,71.45590960880924,road_0006,arterial,1470,56.03578427033007,60,63.87440353124259,0,FREE_FLOW,Right Bank
2024-01-03 07:00:00,51.11464444065831,71.472169515803,road_0007,collector,1246,44.79513333149969,45,80.0822191268729,0,FREE_FLOW,Esil District
2024-01-03 07:00:00,51.12044326025239,71.43375018852568,road_0008,collector,1500,36.51198379926582,45,100.0,0,FREE_FLOW,Left Bank
2024-01-03 07:00:00,51.11541119500996,71.39497674159925,road_0009,arterial,2500,47.53508072038792,60,100.0,1,LIGHT,Left Bank
2024-01-03 07:00:00,51.11078369535379,71.44797551413016,road_0010,collector,1141,45.0,45,71.24589876716618,0,FREE_FLOW,Esil District
2024-01-03 07:00:00,51.08154293158093,71.50410393821133,road_0011,arterial,1267,60.0,60,44.79242975398682,0,FREE_FLOW,Esil District
2024-01-03 07:00:00,51.19411054283802,71.48338375455349,road_0012,collector,1018,40.910236225340626,45,71.54616926496948,0,FREE_FLOW,Right Bank
2024-01-03 07:00:00,51.11540059978571,71.41954819303338,road_0013,arterial,2500,55.495385923568385,60,91.42074842806683,0,FREE_FLOW,Left Bank
2024-01-03 07:00:00,51.153146942289446,71.41898050602991,road_0014,collector,1500,39.23421264446434,45,100.0,0,FREE_FLOW,Left Bank
2024-01-03 07:00:00,51.09379597309867,71.3747399226662,road_0015,collector,1500,40.958943968069605,45,99.0473351841314,0,FREE_FLOW,Left Bank
2024-01-03 07:00:00,51.10200587058781,71.4105255768849,road_0016,collector,1500,37.07099585684254,45,91.73565908129981,0,FREE_FLOW,Left Bank
2024-01-03 07:00:00,51.14997939524811,71.48471150021103,road_0017,local,421,32.729228093238056,35,49.942985972356155,0,FREE_FLOW,Right Bank
2024-01-03 07:00:00,51.12597404841841,71.5114357036669,road_0018,local,290,32.1361405831391,35,26.603400895908678,0,FREE_FLOW,Esil District
2024-01-03 07:00:00,51.15469379256984,71.44515988046629,road_0019,collector,1500,36.317675881356784,45,100.0,0,FREE_FLOW,City Center
2024-01-03 07:00:00,51.16857999845184,71.4595019477238,road_0020,arterial,2500,47.02790345893945,60,93.66847286995912,1,LIGHT,City Center
2024-01-03 07:00:00,51.15694799555623,71.45525725431128,road_0021,collector,928,40.78992506532167,45,56.39221334954281,0,FREE_FLOW,Esil District
2024-01-03 07:00:00,51.15037767188937,71.47600489108373,road_0022,arterial,2500,55.900141978538265,60,94.4722523958533,0,FREE_FLOW,City Center
2024-01-03 07:00:00,51.179136852536935,71.44184452872075,road_0023,arterial,1873,54.0582581418298,60,74.70477722855549,0,FREE_FLOW,Esil District
2024-01-03 07:00:00,51.08968684609002,71.45590858984447,road_0024,local,301,34.54108932569701,35,29.59189843180426,0,FREE_FLOW,Esil District
2024-01-03 08:00:00,51.20721558440182,71.41748061169966,road_0000,arterial,2500,53.469009600476404,60,94.78664573094717,0,FREE_FLOW,Right Bank
2024-01-03 08:00:00,51.213488841961706,71.4551094605174,road_0001,local,800,27.413840737240804,35,95.42861728552107,1,LIGHT,Right Bank
2024-01-03 08:00:00,51.09202009123179,71.43847470697595,road_0002,arterial,2500,55.21422176476056,60,96.31442259540977,0,FREE_FLOW,Left Bank
2024-01-03 08:00:00,51.19057683736238,71.4135219694281,road_0003,collector,1500,35.965245161413065,45,99.15487634332428,1,LIGHT,Right Bank
2024-01-03 08:00:00,51.16991099020425,71.48953431403665,road_0004,collector,1500,42.01476128441091,45,100.0,0,FREE_FLOW,Right Bank
2024-01-03 08:00:00,51.160352110793035,71.43655906544681,road_0005,collector,1500,42.359517601693916,45,100.0,0,FREE_FLOW,Left Bank
2024-01-03 08:00:00,51.197010226921215,71.45590960880924,road_0006,arterial,1684,53.27629191000532,60,73.46992092064488,0,FREE_FLOW,Right Bank
2024-01-03 08:00:00,51.11464444065831,71.472169515803,road_0007,collector,1173,39.06437654269004,45,72.9359517091236,0,FREE_FLOW,Esil District
2024-01-03 08:00:00,51.12044326025239,71.43375018852568,road_0008,collector,1500,37.91197591293882,45,100.0,0,FREE_FLOW,Left Bank
2024-01-03 08:00:00,51.11541119500996,71.39497674159925,road_0009,arterial,2500,49.181258414495325,60,100.0,0,FREE_FLOW,Left Bank
2024-01-03 08:00:00,51.11078369535379,71.44797551413016,road_0010,collector,1315,37.96875964643228,45,82.8798997633254,0,FREE_FLOW,Esil District
2024-01-03 08:00:00,51.08154293158093,71.50410393821133,road_0011,arterial,1740,60.0,60,69.89123580696597,0,FREE_FLOW,Esil District
2024-01-03 08:00:00,51.19411054283802,71.48338375455349,road_0012,collector,1500,35.362418349868705,45,91.08696196697315,1,LIGHT,Right Bank
2024-01-03 08:00:00,51.11540059978571,71.41954819303338,road_0013,arterial,2500,55.163537880293454,60,100.0,0,FREE_FLOW,Left Bank
2024-01-03 08:00:00,51.153146942289446,71.41898050602991,road_0014,collector,1500,35.7118677145583,45,99.66269291130999,1,LIGHT,Left Bank
2024-01-03 08:00:00,51.09379597309867,71.3747399226662,road_0015,collector,1500,41.109241109410846,45,97.21612622756005,0,FREE_FLOW,Left Bank
2024-01-03 08:00:00,51.10200587058781,71.4105255768849,road_0016,collector,1500,37.56423340521443,45,100.0,0,FREE_FLOW,Left Bank
2024-01-03 08:00:00,51.14997939524811,71.48471150021103,road_0017,local,577,32.59049300604906,35,79.30364698649456,0,FREE_FLOW,Right Bank
2024-01-03 08:00:00,51.12597404841841,71.5114357036669,road_0018,local,659,34.14627601103622,35,88.64717626734712,0,FREE_FLOW,Esil District
2024-01-03 08:00:00,51.15469379256984,71.44515988046629,road_0019,collector,1500,40.12255189109131,45,93.08831515078425,0,FREE_FLOW,City Center
2024-01-03 08:00:00,51.16857999845184,71.4595019477238,road_0020,arterial,2500,51.648803240177955,60,95.5428870374672,0,FREE_FLOW,City Center
2024-01-03 08:00:00,51.15694799555623,71.45525725431128,road_0021,collector,887,45.0,45,61.57294913521082,0,FREE_FLOW,Esil District
2024-01-03 08:00:00,51.15037767188937,71.47600489108373,road_0022,arterial,2500,53.8887586080593,60,100.0,0,FREE_FLOW,City Center
2024-01-03 08:00:00,51.179136852536935,71.44184452872075,road_0023,arterial,1371,60.0,60,58.63582494625733,0,FREE_FLOW,Esil District
2024-01-03 08:00:00,51.08968684609002,71.45590858984447,road_0024,local,691,30.362392721445715,35,86.87807788223256,0,FREE_FLOW,Esil District
2024-01-03 09:00:00,51.20721558440182,71.41748061169966,road_0000,arterial,2500,56.118035295648625,60,92.9103460077485,0,FREE_FLOW,Right Bank
2024-01-03 09:00:00,51.213488841961706,71.4551094605174,road_0001,local,746,29.409577357653944,35,90.90806028074492,0,FREE_FLOW,Right Bank
2024-01-03 09:00:00,51.09202009123179,71.43847470697595,road_0002,arterial,2500,52.99010484754737,60,91.38615546076589,0,FREE_FLOW,Left Bank
2024-01-03 09:00:00,51.19057683736238,71.4135219694281,road_0003,collector,1500,39.45316863469955,45,90.58339784581486,0,FREE_FLOW,Right Bank
2024-01-03 09:00:00,51.16991099020425,71.48953431403665,road_0004,collector,952,45.0,45,54.58122638068636,0,FREE_FLOW,Right Bank
2024-01-03 09:00:00,51.160352110793035,71.43655906544681,road_0005,collector,1500,36.24004667279945,45,98.8300784656235,0,FREE_FLOW,Left Bank
2024-01-03 09:00:00,51.197010226921215,71.45590960880924,road_0006,arterial,2300,48.768374478400865,60,100.0,0,FREE_FLOW,Right Bank
2024-01-03 09:00:00,51.11464444065831,71.472169515803,road_0007,collector,1168,39.08008879935988,45,80.24160631581879,0,FREE_FLOW,Esil District
2024-01-03 09:00:00,51.12044326025239,71.43375018852568,road_0008,collector,1500,38.842430371113295,45,100.0,0,FREE_FLOW,Left Bank
2024-01-03 09:00:00,51.11541119500996,71.39497674159925,road_0009,arterial,2500,56.33392384228868,60,100.0,0,FREE_FLOW,Left Bank
2024-01-03 09:00:00,51.11078369535379,71.44797551413016,road_0010,collector,817,44.04687307015268,45,63.065378548148374,0,FREE_FLOW,Esil District
2024-01-03 09:00:00,51.08154293158093,71.50410393821133,road_0011,arterial,1079,59.31089653296982,60,34.17605179377884,0,FREE_FLOW,Esil District
2024-01-03 09:00:00,51.19411054283802,71.48338375455349,road_0012,collector,1500,36.197452374485856,45,100.0,0,FREE_FLOW,Right Bank
2024-01-03 09:00:00,51.11540059978571,71.41954819303338,road_0013,arterial,2500,50.700060125439386,60,100.0,0,FREE_FLOW,Left Bank
2024-01-03 09:00:00,51.153146942289446,71.41898050602991,road_0014,collector,1500,37.61563567734974,45,98.5968933948631,0,FREE_FLOW,Left Bank
2024-01-03 09:00:00,51.09379597309867,71.3747399226662,road_0015,collector,1500,38.970979018000115,45,95.78872736060043,0,FREE_FLOW,Left Bank
2024-01-03 09:00:00,51.10200587058781,71.4105255768849,road_0016,collector,1500,36.0035808235902,45,98.25356496758299,0,FREE_FLOW,Left Bank
2024-01-03 09:00:00,51.14997939524811,71.48471150021103,road_0017,local,646,31.063752888618545,35,78.88796862781255,0,FREE_FLOW,Right Bank
2024-01-03 09:00:00,51.12597404841841,71.5114357036669,road_0018,local,651,35.0,35,87.38572210253496,0,FREE_FLOW,Esil District
2024-01-03 09:00:00,51.15469379256984,71.44515988046629,road_0019,collector,1500,42.457026963498706,45,94.13595352088288,0,FREE_FLOW,City Center
2024-01-03 09:00:00,51.16857999845184,71.4595019477238,road_0020,arterial,2500,50.081297988879186,60,100.0,0,FREE_FLOW,City Center
2024-01-03 09:00:00,51.15694799555623,71.45525725431128,road_0021,collector,937,43.18511840869534,45,69.62944516719975,0,FREE_FLOW,Esil District
2024-01-03 09:00:00,51.15037767188937,71.47600489108373,road_0022,arterial,2500,47.28535349303178,60,100.0,1,LIGHT,City Center
2024-01-03 09:00:00,51.179136852536935,71.44184452872075,road_0023,arterial,1140,60.0,60,53.58047965298968,0,FREE_FLOW,Esil District
2024-01-03 09:00:00,51.08968684609002,71.45590858984447,road_0024,local,298,32.38159849140934,35,44.13371791648163,0,FREE_FLOW,Esil District
2024-01-03 10:00:00,51.20721558440182,71.41748061169966,road_0000,arterial,912,60.0,60,28.093395347823552,0,FREE_FLOW,Right Bank
2024-01-03 10:00:00,51.213488841961706,71.4551094605174,road_0001,local,386,35.0,35,42.56219530486089,0,FREE_FLOW,Right Bank
2024-01-03 10:00:00,51.09202009123179,71.43847470697595,road_0002,arterial,1246,55.2627408245314,60,59.204176817258116,0,FREE_FLOW,Left Bank
2024-01-03 10:00:00,51.19057683736238,71.4135219694281,road_0003,collector,807,43.34832512132676,45,55.1488641604646,0,FREE_FLOW,Right Bank
2024-01-03 10:00:00,51.16991099020425,71.48953431403665,road_0004,collector,853,45.0,45,54.85982670838174,0,FREE_FLOW,Right Bank
2024-01-03 10:00:00,51.160352110793035,71.43655906544681,road_0005,collector,1023,45.0,45,63.35556976407983,0,FREE_FLOW,Left Bank
2024-01-03 10:00:00,51.197010226921215,71.45590960880924,road_0006,arterial,503,58.08581669227968,60,22.10717174271605,0,FREE_FLOW,Right Bank
2024-01-03 10:00:00,51.11464444065831,71.472169515803,road_0007,collector,865,45.0,45,61.94079184020081,0,FREE_FLOW,Esil District
2024-01-03 10:00:00,51.12044326025239,71.43375018852568,road_0008,collector,969,41.31252490303506,45,69.91086739378406,0,FREE_FLOW,Left Bank
2024-01-03 10:00:00,51.11541119500996,71.39497674159925,road_0009,arterial,1562,60.0,60,63.21051216786897,0,FREE_FLOW,Left Bank
2024-01-03 10:00:00,51.11078369535379,71.44797551413016,road_0010,collector,407,45.0,45,18.809152784298565,0,FREE_FLOW,Esil District
2024-01-03 10:00:00,51.08154293158093,71.50410393821133,road_0011,arterial,1127,54.04133706069108,60,40.404630029976204,0,FREE_FLOW,Esil District
2024-01-03 10:00:00,51.19411054283802,71.48338375455349,road_0012,collector,452,42.30648732331903,45,38.82173767018361,0,FREE_FLOW,Right Bank
2024-01-03 10:00:00,51.11540059978571,71.41954819303338,road_0013,arterial,2296,56.049915250035276,60,92.25764356895023,0,FREE_FLOW,Left Bank
2024-01-03 10:00:00,51.153146942289446,71.41898050602991,road_0014,collector,1151,38.50336140819266,45,72.67124681869419,0,FREE_FLOW,Left Bank
2024-01-03 10:00:00,51.09379597309867,71.3747399226662,road_0015,collector,1500,35.83624712068682,45,100.0,1,LIGHT,Left Bank
2024-01-03 10:00:00,51.10200587058781,71.4105255768849,road_0016,collector,792,45.0,45,43.11840534525598,0,FREE_FLOW,Left Bank
2024-01-03 10:00:00,51.14997939524811,71.48471150021103,road_0017,local,579,30.904540483134262,35,76.31009629870809,0,FREE_FLOW,Right Bank
2024-01-03 10:00:00,51.12597404841841,71.5114357036669,road_0018,local,207,35.0,35,31.138001154911223,0,FREE_FLOW,Esil District
2024-01-03 10:00:00,51.15469379256984,71.44515988046629,road_0019,collector,1028,41.72165482232466,45,59.42351411885676,0,FREE_FLOW,City Center
2024-01-03 10:00:00,51.16857999845184,71.4595019477238,road_0020,arterial,1602,60.0,60,63.145349215100424,0,FREE_FLOW,City Center
2024-01-03 10:00:00,51.15694799555623,71.45525725431128,road_0021,collector,471,44.70571037169858,45,25.233426376605486,0,FREE_FLOW,Esil District
2024-01-03 10:00:00,51.15037767188937,71.47600489108373,road_0022,arterial,1632,59.39481854787769,60,65.8653489628718,0,FREE_FLOW,City Center
2024-01-03 10:00:00,51.179136852536935,71.44184452872075,road_0023,arterial,1046,57.797649076085406,60,47.94932566081173,0,FREE_FLOW,Esil District
2024-01-03 10:00:00,51.08968684609002,71.45590858984447,road_0024,local,171,35.0,35,23.13304649789629,0,FREE_FLOW,Esil District
2024-01-03 11:00:00,51.20721558440182,71.41748061169966,road_0000,arterial,1741,59.16747181666617,60,77.80694420486019,0,FREE_FLOW,Right Bank
2024-01-03 11:00:00,51.213488841961706,71.4551094605174,road_0001,local,415,35.0,35,61.44161615354496,0,FREE_FLOW,Right Bank
2024-01-03 11:00:00,51.09202009123179,71.43847470697595,road_0002,arterial,1324,58.67582994935417,60,46.37076097796451,0,FREE_FLOW,Left Bank
2024-01-03 11:00:00,51.19057683736238,71.4135219694281,road_0003,collector,588,42.961093340972766,45,46.74619472386071,0,FREE_FLOW,Right Bank
2024-01-03 11:00:00,51.16991099020425,71.48953431403665,road_0004,collector,423,43.41765472712982,45,31.647237158643883,0,FREE_FLOW,Right Bank
2024-01-03 11:00:00,51.160352110793035,71.43655906544681,road_0005,collector,776,42.52662590632149,45,51.68366187082201,0,FREE_FLOW,Left Bank
2024-01-03 11:00:00,51.197010226921215,71.45590960880924,road_0006,arterial,1243,56.33431715482965,60,53.00066066222635,0,FREE_FLOW,Right Bank
2024-01-03 11:00:00,51.11464444065831,71.472169515803,road_0007,collector,537,45.0,45,40.25537352021591,0,FREE_FLOW,Esil District
2024-01-03 11:00:00,51.12044326025239,71.43375018852568,road_0008,collector,1500,41.621482247786474,45,99.25220606513957,0,FREE_FLOW,Left Bank
2024-01-03 11:00:00,51.11541119500996,71.39497674159925,road_0009,arterial,1891,56.378335391044814,60,82.05838427226001,0,FREE_FLOW,Left Bank
2024-01-03 11:00:00,51.11078369535379,71.44797551413016,road_0010,collector,388,45.0,45,21.217207271633512,0,FREE_FLOW,Esil District
2024-01-03 11:00:00,51.08154293158093,71.50410393821133,road_0011,arterial,637,60.0,60,17.953817012275216,0,FREE_FLOW,Esil District
2024-01-03 11:00:00,51.19411054283802,71.48338375455349,road_0012,collector,836,41.050904137005034,45,46.42634752961368,0,FREE_FLOW,Right Bank
2024-01-03 11:00:00,51.11540059978571,71.41954819303338,road_0013,arterial,2500,47.35355664323574,60,99.0714561923035,1,LIGHT,Left Bank
2024-01-03 11:00:00,51.153146942289446,71.41898050602991,road_0014,collector,1360,37.67208698140277,45,84.70828538839707,0,FREE_FLOW,Left Bank
2024-01-03 11:00:00,51.09379597309867,71.3747399226662,road_0015,collector,1129,43.81631968475296,45,82.57255785068716,0,FREE_FLOW,Left Bank
2024-01-03 11:00:00,51.10200587058781,71.4105255768849,road_0016,collector,1137,44.30859322213754,45,77.5625213093571,0,FREE_FLOW,Left Bank
2024-01-03 11:00:00,51.14997939524811,71.48471150021103,road_0017,local,332,33.545092104947855,35,35.39993475042039,0,FREE_FLOW,Right Bank
2024-01-03 11:00:00,51.12597404841841,71.5114357036669,road_0018,local,370,32.064014394013945,35,50.23769481974735,0,FREE_FLOW,Esil District
2024-01-03 11:00:00,51.15469379256984,71.44515988046629,road_0019,collector,1500,42.89554662662748,45,99.42643588210137,0,FREE_FLOW,City Center
2024-01-03 11:00:00,51.16857999845184,71.4595019477238,road_0020,arterial,2299,49.80075194475252,60,97.09078334452481,0,FREE_FLOW,City Center
2024-01-03 11:00:00,51.15694799555623,71.45525725431128,road_0021,collector,325,42.06005175517299,45,31.53823012305104,0,FREE_FLOW,Esil District
2024-01-03 11:00:00,51.15037767188937,71.47600489108373,road_0022,arterial,2240,54.76930983721031,60,94.09573949916773,0,FREE_FLOW,City Center
2024-01-03 11:00:00,51.179136852536935,71.44184452872075,road_0023,arterial,1015,60.0,60,45.51256665041004,0,FREE_FLOW,Esil District
2024-01-03 11:00:00,51.08968684609002,71.45590858984447,road_0024,local,363,31.411233127735656,35,53.8384797723853,0,FREE_FLOW,Esil District
2024-01-03 12:00:00,51.20721558440182,71.41748061169966,road_0000,arterial,1920,56.45474400275889,60,68.03349167241915,0,FREE_FLOW,Right Bank
2024-01-03 12:00:00,51.213488841961706,71.4551094605174,road_0001,local,330,33.47299000834424,35,44.240859172073215,0,FREE_FLOW,Right Bank
2024-01-03 12:00:00,51.09202009123179,71.43847470697595,road_0002,arterial,1812,53.69182397559833,60,69.86782328910228,0,FREE_FLOW,Left Bank
2024-01-03 12:00:00,51.19057683736238,71.4135219694281,road_0003,collector,895,44.79351412836222,45,67.31485039554244,0,FREE_FLOW,Right Bank
2024-01-03 12:00:00,51.16991099020425,71.48953431403665,road_0004,collector,761,44.549281963171374,45,50.88837637058661,0,FREE_FLOW,Right Bank
2024-01-03 12:00:00,51.160352110793035,71.43655906544681,road_0005,collector,763,40.23719734640528,45,45.68795358380141,0,FREE_FLOW,Left Bank
2024-01-03 12:00:00,51.197010226921215,71.45590960880924,road_0006,arterial,1003,54.896854479744846,60,35.2566007545037,0,FREE_FLOW,Right Bank
2024-01-03 12:00:00,51.11464444065831,71.472169515803,road_0007,collector,369,40.497410926460475,45,34.596984889728006,0,FREE_FLOW,Esil District
2024-01-03 12:00:00,51.12044326025239,71.43375018852568,road_0008,collector,1193,39.00184819699305,45,87.94589606754884,0,FREE_FLOW,Left Bank
2024-01-03 12:00:00,51.11541119500996,71.39497674159925,road_0009,arterial,2500,56.28529250000147,60,90.02536153830981,0,FREE_FLOW,Left Bank
2024-01-03 12:00:00,51.11078369535379,71.44797551413016,road_0010,collector,609,45.0,45,45.945583550312605,0,FREE_FLOW,Esil District
2024-01-03 12:00:00,51.08154293158093,71.50410393821133,road_0011,arterial,1003,60.0,60,45.89890247869853,0,FREE_FLOW,Esil District
2024-01-03 12:00:00,51.19411054283802,71.48338375455349,road_0012,collector,1202,45.0,45,75.00390011132407,0,FREE_FLOW,Right Bank
2024-01-03 12:00:00,51.11540059978571,71.41954819303338,road_0013,arterial,1198,60.0,60,48.32389215447771,0,FREE_FLOW,Left Bank
2024-01-03 12:00:00,51.153146942289446,71.41898050602991,road_0014,collector,769,43.70490911997824,45,48.498813035174464,0,FREE_FLOW,Left Bank
2024-01-03 12:00:00,51.09379597309867,71.3747399226662,road_0015,collector,1500,36.59822429063753,45,90.9444975298951,0,FREE_FLOW,Left Bank
2024-01-03 12:00:00,51.10200587058781,71.4105255768849,road_0016,collector,1449,39.82658299368959,45,93.69862401936032,0,FREE_FLOW,Left Bank
2024-01-03 12:00:00,51.14997939524811,71.48471150021103,road_0017,local,350,33.999564202795646,35,43.773254629149804,0,FREE_FLOW,Right Bank
2024-01-03 12:00:00,51.12597404841841,71.5114357036669,road_0018,local,434,33.99469683576973,35,51.3330839351899,0,FREE_FLOW,Esil District
2024-01-03 12:00:00,51.15469379256984,71.44515988046629,road_0019,collector,1426,37.8520404222111,45,89.37692381762204,0,FREE_FLOW,City Center
2024-01-03 12:00:00,51.16857999845184,71.4595019477238,road_0020,arterial,2500,48.72211880011046,60,98.3031135211462,0,FREE_FLOW,City Center
2024-01-03 12:00:00,51.15694799555623,71.45525725431128,road_0021,collector,380,45.0,45,17.16185871056752,0,FREE_FLOW,Esil District
2024-01-03 12:00:00,51.15037767188937,71.47600489108373,road_0022,arterial,2500,48.162841154207086,60,96.55494451792256,0,FREE_FLOW,City Center
2024-01-03 12:00:00,51.179136852536935,71.44184452872075,road_0023,arterial,805,60.0,60,40.55201392523801,0,FREE_FLOW,Esil District
2024-01-03 12:00:00,51.08968684609002,71.45590858984447,road_0024,local,586,33.68322259126168,35,72.70981187396305,0,FREE_FLOW,Esil District
2024-01-03 13:00:00,51.20721558440182,71.41748061169966,road_0000,arterial,875,54.48759291744724,60,43.060557469856235,0,FREE_FLOW,Right Bank
2024-01-03 13:00:00,51.213488841961706,71.4551094605174,road_0001,local,493,35.0,35,69.6152553019262,0,FREE_FLOW,Right Bank
2024-01-03 13:00:00,51.09202009123179,71.43847470697595,road_0002,arterial,2285,57.95914696348355,60,90.4550867541748,0,FREE_FLOW,Left Bank
2024-01-03 13:00:00,51.19057683736238,71.4135219694281,road_0003,collector,1170,43.543489034804054,45,80.43873467513419,0,FREE_FLOW,Right Bank
2024-01-03 13:00:00,51.16991099020425,71.48953431403665,road_0004,collector,994,43.812689930183005,45,72.34386439164312,0,FREE_FLOW,Right Bank
2024-01-03 13:00:00,51.160352110793035,71.43655906544681,road_0005,collector,639,41.56920206690297,45,41.48881915342997,0,FREE_FLOW,Left Bank
2024-01-03 13:00:00,51.197010226921215,71.45590960880924,road_0006,arterial,801,57.54437913569068,60,23.742872731121643,0,FREE_FLOW,Right Bank
2024-01-03 13:00:00,51.11464444065831,71.472169515803,road_0007,collector,860,45.0,45,61.69074494437191,0,FREE_FLOW,Esil District
2024-01-03 13:00:00,51.12044326025239,71.43375018852568,road_0008,collector,1206,44.05794495293318,45,83.84105081010725,0,FREE_FLOW,Left Bank
2024-01-03 13:00:00,51.11541119500996,71.39497674159925,road_0009,arterial,1323,53.62948128441576,60,56.98399569550974,0,FREE_FLOW,Left Bank
2024-01-03 13:00:00,51.11078369535379,71.44797551413016,road_0010,collector,575,44.88982355812068,45,39.645403888294204,0,FREE_FLOW,Esil District
2024-01-03 13:00:00,51.08154293158093,71.50410393821133,road_0011,arterial,521,60.0,60,22.861823347926055,0,FREE_FLOW,Esil District
2024-01-03 13:00:00,51.19411054283802,71.48338375455349,road_0012,collector,998,42.110329523947556,45,71.10178307932209,0,FREE_FLOW,Right Bank
2024-01-03 13:00:00,51.11540059978571,71.41954819303338,road_0013,arterial,1395,56.94664424625216,60,57.03896219986479,0,FREE_FLOW,Left Bank
2024-01-03 13:00:00,51.153146942289446,71.41898050602991,road_0014,collector,744,43.34640790082959,45,53.75506415210796,0,FREE_FLOW,Left Bank
2024-01-03 13:00:00,51.09379597309867,71.3747399226662,road_0015,collector,664,45.0,45,43.11337582767098,0,FREE_FLOW,Left Bank
2024-01-03 13:00:00,51.10200587058781,71.4105255768849,road_0016,collector,994,41.43876260854061,45,73.69643750181443,0,FREE_FLOW,Left Bank
2024-01-03 13:00:00,51.14997939524811,71.48471150021103,road_0017,local,542,33.39518974116251,35,63.09517370294124,0,FREE_FLOW,Right Bank
2024-01-03 13:00:00,51.12597404841841,71.5114357036669,road_0018,local,170,35.0,35,19.53868093936663,0,FREE_FLOW,Esil District
2024-01-03 13:00:00,51.15469379256984,71.44515988046629,road_0019,collector,1500,40.476676399673764,45,92.1043911047634,0,FREE_FLOW,City Center
2024-01-03 13:00:00,51.16857999845184,71.4595019477238,road_0020,arterial,2500,56.016032095085,60,100.0,0,FREE_FLOW,City Center
2024-01-03 13:00:00,51.15694799555623,71.45525725431128,road_0021,collector,590,45.0,45,34.69834051177954,0,FREE_FLOW,Esil District
2024-01-03 13:00:00,51.15037767188937,71.47600489108373,road_0022,arterial,1262,60.0,60,43.45617429036352,0,FREE_FLOW,City Center
2024-01-03 13:00:00,51.179136852536935,71.44184452872075,road_0023,arterial,922,60.0,60,45.98045839223337,0,FREE_FLOW,Esil District
2024-01-03 13:00:00,51.08968684609002,71.45590858984447,road_0024,local,231,35.0,35,35.84464419867479,0,FREE_FLOW,Esil District
2024-01-03 14:00:00,51.20721558440182,71.41748061169966,road_0000,arterial,1200,60.0,60,43.138285693845866,0,FREE_FLOW,Right Bank
2024-01-03 14:00:00,51.213488841961706,71.4551094605174,road_0001,local,394,35.0,35,40.452171121567915,0,FREE_FLOW,Right Bank
2024-01-03 14:00:00,51.09202009123179,71.43847470697595,road_0002,arterial,1599,60.0,60,66.08772233966104,0,FREE_FLOW,Left Bank
2024-01-03 14:00:00,51.19057683736238,71.4135219694281,road_0003,collector,734,45.0,45,50.56241229190582,0,FREE_FLOW,Right Bank
2024-01-03 14:00:00,51.16991099020425,71.48953431403665,road_0004,collector,330,45.0,45,15.473432739086796,0,FREE_FLOW,Right Bank
2024-01-03 14:00:00,51.160352110793035,71.43655906544681,road_0005,collector,1296,41.598080648834504,45,91.05754905767797,0,FREE_FLOW,Left Bank
2024-01-03 14:00:00,51.197010226921215,71.45590960880924,road_0006,arterial,1442,58.15590923688245,60,64.34383319570908,0,FREE_FLOW,Right Bank
2024-01-03 14:00:00,51.11464444065831,71.472169515803,road_0007,collector,653,41.540769129569156,45,46.20841507714006,0,FREE_FLOW,Esil District
2024-01-03 14:00:00,51.12044326025239,71.43375018852568,road_0008,collector,961,43.39615422806063,45,71.04754185023862,0,FREE_FLOW,Left Bank
2024-01-03 14:00:00,51.11541119500996,71.39497674159925,road_0009,arterial,2223,58.10646894710375,60,89.89559718526023,0,FREE_FLOW,Left Bank
2024-01-03 14:00:00,51.11078369535379,71.44797551413016,road_0010,collector,672,44.932886462291876,45,48.00671661028255,0,FREE_FLOW,Esil District
2024-01-03 14:00:00,51.08154293158093,71.50410393821133,road_0011,arterial,481,60.0,60,15.224968385203207,0,FREE_FLOW,Esil District
2024-01-03 14:00:00,51.19411054283802,71.48338375455349,road_0012,collector,427,41.589574646601896,45,22.257047531414205,0,FREE_FLOW,Right Bank
2024-01-03 14:00:00,51.11540059978571,71.41954819303338,road_0013,arterial,1577,60.0,60,68.5785694461191,0,FREE_FLOW,Left Bank
2024-01-03 14:00:00,51.153146942289446,71.41898050602991,road_0014,collector,1141,39.74002277193271,45,83.81550048171644,0,FREE_FLOW,Left Bank
2024-01-03 14:00:00,51.09379597309867,71.3747399226662,road_0015,collector,871,45.0,45,50.124768433506674,0,FREE_FLOW,Left Bank
2024-01-03 14:00:00,51.10200587058781,71.4105255768849,road_0016,collector,989,40.96657962783566,45,65.79125904502538,0,FREE_FLOW,Left Bank
2024-01-03 14:00:00,51.14997939524811,71.48471150021103,road_0017,local,384,31.775714814697693,35,47.816206025360856,0,FREE_FLOW,Right Bank
2024-01-03 14:00:00,51.12597404841841,71.5114357036669,road_0018,local,332,35.0,35,39.07348419945567,0,FREE_FLOW,Esil District
2024-01-03 14:00:00,51.15469379256984,71.44515988046629,road_0019,collector,1500,37.19270907346032,45,100.0,0,FREE_FLOW,City Center
2024-01-03 14:00:00,51.16857999845184,71.4595019477238,road_0020,arterial,1989,60.0,60,72.44006447839645,0,FREE_FLOW,City Center
2024-01-03 14:00:00,51.15694799555623,71.45525725431128,road_0021,collector,570,45.0,45,33.76329045767903,0,FREE_FLOW,Esil District
2024-01-03 14:00:00,51.15037767188937,71.47600489108373,road_0022,arterial,979,59.77916942172238,60,29.81713395480793,0,FREE_FLOW,City Center
2024-01-03 14:00:00,51.179136852536935,71.44184452872075,road_0023,arterial,792,56.67910514169458,60,36.10448934997834,0,FREE_FLOW,Esil District
2024-01-03 14:00:00,51.08968684609002,71.45590858984447,road_0024,local,392,35.0,35,52.82211740107702,0,FREE_FLOW,Esil District
2024-01-03 15:00:00,51.20721558440182,71.41748061169966,road_0000,arterial,1732,60.0,60,73.32649958839414,0,FREE_FLOW,Right Bank
2024-01-03 15:00:00,51.213488841961706,71.4551094605174,road_0001,local,311,35.0,35,47.806971455566774,0,FREE_FLOW,Right Bank
2024-01-03 15:00:00,51.09202009123179,71.43847470697595,road_0002,arterial,1355,59.79078846002548,60,60.12903539075619,0,FREE_FLOW,Left Bank
2024-01-03 15:00:00,51.19057683736238,71.4135219694281,road_0003,collector,929,44.38124961137592,45,64.37351710951295,0,FREE_FLOW,Right Bank
2024-01-03 15:00:00,51.16991099020425,71.48953431403665,road_0004,collector,993,42.51335158158055,45,68.79744800366358,0,FREE_FLOW,Right Bank
2024-01-03 15:00:00,51.160352110793035,71.43655906544681,road_0005,collector,1210,40.353539911618235,45,72.91438531249717,0,FREE_FLOW,Left Bank
2024-01-03 15:00:00,51.197010226921215,71.45590960880924,road_0006,arterial,1394,56.50411868630314,60,49.033513274594554,0,FREE_FLOW,Right Bank
2024-01-03 15:00:00,51.11464444065831,71.472169515803,road_0007,collector,389,43.96824203643784,45,20.69752204284566,0,FREE_FLOW,Esil District
2024-01-03 15:00:00,51.12044326025239,71.43375018852568,road_0008,collector,1222,39.21598485107028,45,79.6932724732914,0,FREE_FLOW,Left Bank
2024-01-03 15:00:00,51.11541119500996,71.39497674159925,road_0009,arterial,2248,59.92415194906178,60,92.07371282101622,0,FREE_FLOW,Left Bank
2024-01-03 15:00:00,51.11078369535379,71.44797551413016,road_0010,collector,633,42.87693261393011,45,45.36799190754083,0,FREE_FLOW,Esil District
2024-01-03 15:00:00,51.08154293158093,71.50410393821133,road_0011,arterial,951,60.0,60,35.01740833210581,0,FREE_FLOW,Esil District
2024-01-03 15:00:00,51.19411054283802,71.48338375455349,road_0012,collector,625,41.13192635997539,45,32.275822828076606,0,FREE_FLOW,Right Bank
2024-01-03 15:00:00,51.11540059978571,71.41954819303338,road_0013,arterial,2500,49.14174960857588,60,100.0,0,FREE_FLOW,Left Bank
2024-01-03 15:00:00,51.153146942289446,71.41898050602991,road_0014,collector,1260,41.63589123306795,45,86.54628274020524,0,FREE_FLOW,Left Bank
2024-01-03 15:00:00,51.09379597309867,71.3747399226662,road_0015,collector,1500,40.92863878622882,45,100.0,0,FREE_FLOW,Left Bank
2024-01-03 15:00:00,51.10200587058781,71.4105255768849,road_0016,collector,1125,45.0,45,72.18929243707888,0,FREE_FLOW,Left Bank
2024-01-03 15:00:00,51.14997939524811,71.48471150021103,road_0017,local,253,32.99356093271202,35,28.147121132775865,0,FREE_FLOW,Right Bank
2024-01-03 15:00:00,51.12597404841841,71.5114357036669,road_0018,local,503,31.198048014765437,35,62.86866460565808,0,FREE_FLOW,Esil District
2024-01-03 15:00:00,51.15469379256984,71.44515988046629,road_0019,collector,1500,39.591807967333395,45,100.0,0,FREE_FLOW,City Center
2024-01-03 15:00:00,51.16857999845184,71.4595019477238,road_0020,arterial,1910,59.32455854556591,60,85.98526582809033,0,FREE_FLOW,City Center
2024-01-03 15:00:00,51.15694799555623,71.45525725431128,road_0021,collector,615,45.0,45,45.87205035121235,0,FREE_FLOW,Esil District
2024-01-03 15:00:00,51.15037767188937,71.47600489108373,road_0022,arterial,1845,54.6718079675776,60,69.69206665880913,0,FREE_FLOW,City Center
2024-01-03 15:00:00,51.179136852536935,71.44184452872075,road_0023,arterial,514,54.00473935050175,60,21.6393989975655,0,FREE_FLOW,Esil District
2024-01-03 15:00:00,51.08968684609002,71.45590858984447,road_0024,local,293,35.0,35,38.49797170214722,0,FREE_FLOW,Esil District
2024-01-03 16:00:00,51.20721558440182,71.41748061169966,road_0000,arterial,1477,60.0,60,52.87865532460718,0,FREE_FLOW,Right Bank
2024-01-03 16:00:00,51.213488841961706,71.4551094605174,road_0001,local,335,35.0,35,38.69798651639366,0,FREE_FLOW,Right Bank
2024-01-03 16:00:00,51.09202009123179,71.43847470697595,road_0002,arterial,2326,55.413343871690294,60,86.42844804186495,0,FREE_FLOW,Left Bank
2024-01-03 16:00:00,51.19057683736238,71.4135219694281,road_0003,collector,1468,38.577635014417616,45,89.0668305184469,0,FREE_FLOW,Right Bank
2024-01-03 16:00:00,51.16991099020425,71.48953431403665,road_0004,collector,1260,45.0,45,87.24223651616359,0,FREE_FLOW,Right Bank
2024-01-03 16:00:00,51.160352110793035,71.43655906544681,road_0005,collector,1500,37.875855275057646,45,98.75292605315204,0,FREE_FLOW,Left Bank
2024-01-03 16:00:00,51.197010226921215,71.45590960880924,road_0006,arterial,1659,56.62779831253371,60,61.357752128618,0,FREE_FLOW,Right Bank
2024-01-03 16:00:00,51.11464444065831,71.472169515803,road_0007,collector,552,44.72287645628075,45,39.12481298661224,0,FREE_FLOW,Esil District
2024-01-03 16:00:00,51.12044326025239,71.43375018852568,road_0008,collector,1426,42.246019164302616,45,85.64914236644877,0,FREE_FLOW,Left Bank
2024-01-03 16:00:00,51.11541119500996,71.39497674159925,road_0009,arterial,2500,56.8117950039865,60,100.0,0,FREE_FLOW,Left Bank
2024-01-03 16:00:00,51.11078369535379,71.44797551413016,road_0010,collector,540,42.71790930490075,45,35.49442254256426,0,FREE_FLOW,Esil District
2024-01-03 16:00:00,51.08154293158093,71.50410393821133,road_0011,arterial,1809,54.11877744749192,60,77.99865159576417,0,FREE_FLOW,Esil District
2024-01-03 16:00:00,51.19411054283802,71.48338375455349,road_0012,collector,590,45.0,45,30.475228543531006,0,FREE_FLOW,Right Bank
2024-01-03 16:00:00,51.11540059978571,71.41954819303338,road_0013,arterial,2483,51.54835879150911,60,100.0,0,FREE_FLOW,Left Bank
2024-01-03 16:00:00,51.153146942289446,71.41898050602991,road_0014,collector,914,45.0,45,61.42334481771286,0,FREE_FLOW,Left Bank
2024-01-03 16:00:00,51.09379597309867,71.3747399226662,road_0015,collector,1500,37.454411337365826,45,100.0,0,FREE_FLOW,Left Bank
2024-01-03 16:00:00,51.10200587058781,71.4105255768849,road_0016,collector,779,43.96330850067405,45,56.79922283781487,0,FREE_FLOW,Left Bank
2024-01-03 16:00:00,51.14997939524811,71.48471150021103,road_0017,local,636,35.0,35,88.09583445261006,0,FREE_FLOW,Right Bank
2024-01-03 16:00:00,51.12597404841841,71.5114357036669,road_0018,local,231,33.25642972087709,35,31.068781224991362,0,FREE_FLOW,Esil District
2024-01-03 16:00:00,51.15469379256984,71.44515988046629,road_0019,collector,1500,39.928549718930505,45,94.53468453796722,0,FREE_FLOW,City Center
2024-01-03 16:00:00,51.16857999845184,71.4595019477238,road_0020,arterial,2500,49.70170466007852,60,99.95058632054905,0,FREE_FLOW,City Center
2024-01-03 16:00:00,51.15694799555623,71.45525725431128,road_0021,collector,765,43.93265219482334,45,58.84475831076213,0,FREE_FLOW,Esil District
2024-01-03 16:00:00,51.15037767188937,71.47600489108373,road_0022,arterial,1926,56.17859468089224,60,75.21487525617054,0,FREE_FLOW,City Center
2024-01-03 16:00:00,51.179136852536935,71.44184452872075,road_0023,arterial,1315,54.16500240857555,60,45.59554263361805,0,FREE_FLOW,Esil District
2024-01-03 16:00:00,51.08968684609002,71.45590858984447,road_0024,local,479,35.0,35,57.055015361585276,0,FREE_FLOW,Esil District
2024-01-03 17:00:00,51.20721558440182,71.41748061169966,road_0000,arterial,2500,47.716646583080355,60,96.11512255024749,1,LIGHT,Right Bank
2024-01-03 17:00:00,51.213488841961706,71.4551094605174,road_0001,local,800,29.090442550048813,35,100.0,0,FREE_FLOW,Right Bank
2024-01-03 17:00:00,51.09202009123179,71.43847470697595,road_0002,arterial,2500,55.624025370637455,60,90.8328804467996,0,FREE_FLOW,Left Bank
2024-01-03 17:00:00,51.19057683736238,71.4135219694281,road_0003,collector,1500,42.061109503958946,45,100.0,0,FREE_FLOW,Right Bank
2024-01-03 17:00:00,51.16991099020425,71.48953431403665,road_0004,collector,1021,45.0,45,75.58191744384976,0,FREE_FLOW,Right Bank
2024-01-03 17:00:00,51.160352110793035,71.43655906544681,road_0005,collector,1500,38.35472975317496,45,100.0,0,FREE_FLOW,Left Bank
2024-01-03 17:00:00,51.197010226921215,71.45590960880924,road_0006,arterial,2500,55.29337629987867,60,94.15580929409508,0,FREE_FLOW,Right Bank
2024-01-03 17:00:00,51.11464444065831,71.472169515803,road_0007,collector,1500,37.43904663853603,45,95.67096021819296,0,FREE_FLOW,Esil District
2024-01-03 17:00:00,51.12044326025239,71.43375018852568,road_0008,collector,1500,39.991643573147634,45,97.17737381987718,0,FREE_FLOW,Left Bank
2024-01-03 17:00:00,51.11541119500996,71.39497674159925,road_0009,arterial,2500,46.997364581586694,60,90.49719031831589,1,LIGHT,Left Bank
2024-01-03 17:00:00,51.11078369535379,71.44797551413016,road_0010,collector,931,45.0,45,69.09189001390787,0,FREE_FLOW,Esil District
2024-01-03 17:00:00,51.08154293158093,71.50410393821133,road_0011,arterial,1518,56.910441289861474,60,55.26644142140055,0,FREE_FLOW,Esil District
2024-01-03 17:00:00,51.19411054283802,71.48338375455349,road_0012,collector,1500,36.23831538216746,45,94.36546397562988,0,FREE_FLOW,Right Bank
2024-01-03 17:00:00,51.11540059978571,71.41954819303338,road_0013,arterial,2500,49.498837245345214,60,100.0,0,FREE_FLOW,Left Bank
2024-01-03 17:00:00,51.153146942289446,71.41898050602991,road_0014,collector,1500,42.173648596122426,45,100.0,0,FREE_FLOW,Left Bank
2024-01-03 17:00:00,51.09379597309867,71.3747399226662,road_0015,collector,1500,41.37326194563789,45,100.0,0,FREE_FLOW,Left Bank
2024-01-03 17:00:00,51.10200587058781,71.4105255768849,road_0016,collector,1500,38.92775537615688,45,100.0,0,FREE_FLOW,Left Bank
2024-01-03 17:00:00,51.14997939524811,71.48471150021103,road_0017,local,454,32.08586764497055,35,55.08272074827501,0,FREE_FLOW,Right Bank
2024-01-03 17:00:00,51.12597404841841,71.5114357036669,road_0018,local,800,32.79976784319252,35,93.55759590921257,0,FREE_FLOW,Esil District
2024-01-03 17:00:00,51.15469379256984,71.44515988046629,road_0019,collector,1500,41.399800434913885,45,100.0,0,FREE_FLOW,City Center
2024-01-03 17:00:00,51.16857999845184,71.4595019477238,road_0020,arterial,2500,56.16214682323817,60,100.0,0,FREE_FLOW,City Center
2024-01-03 17:00:00,51.15694799555623,71.45525725431128,road_0021,collector,1329,43.04555889681159,45,98.59503126858088,0,FREE_FLOW,Esil District
2024-01-03 17:00:00,51.15037767188937,71.47600489108373,road_0022,arterial,2500,48.77437226161452,60,100.0,0,FREE_FLOW,City Center
2024-01-03 17:00:00,51.179136852536935,71.44184452872075,road_0023,arterial,2500,56.50609187451711,60,93.55115839426446,0,FREE_FLOW,Esil District
2024-01-03 17:00:00,51.08968684609002,71.45590858984447,road_0024,local,548,34.57104742071747,35,70.46374999877057,0,FREE_FLOW,Esil District
2024-01-03 18:00:00,51.20721558440182,71.41748061169966,road_0000,arterial,2133,56.24668355985689,60,86.2005993058915,0,FREE_FLOW,Right Bank
2024-01-03 18:00:00,51.213488841961706,71.4551094605174,road_0001,local,800,29.139729944194688,35,95.2859950554751,0,FREE_FLOW,Right Bank
2024-01-03 18:00:00,51.09202009123179,71.43847470697595,road_0002,arterial,2500,53.252913518819966,60,90.99729152988358,0,FREE_FLOW,Left Bank
2024-01-03 18:00:00,51.19057683736238,71.4135219694281,road_0003,collector,1500,37.66471274458533,45,90.30045083961133,0,FREE_FLOW,Right Bank
2024-01-03 18:00:00,51.16991099020425,71.48953431403665,road_0004,collector,1500,39.53990737075522,45,98.5224474194497,0,FREE_FLOW,Right Bank
2024-01-03 18:00:00,51.160352110793035,71.43655906544681,road_0005,collector,1500,41.30874179270264,45,98.00059271972583,0,FREE_FLOW,Left Bank
2024-01-03 18:00:00,51.197010226921215,71.45590960880924,road_0006,arterial,2500,51.237837943762926,60,100.0,0,FREE_FLOW,Right Bank
2024-01-03 18:00:00,51.11464444065831,71.472169515803,road_0007,collector,856,45.0,45,49.197691610988926,0,FREE_FLOW,Esil District
2024-01-03 18:00:00,51.12044326025239,71.43375018852568,road_0008,collector,1500,36.688116192055794,45,100.0,0,FREE_FLOW,Left Bank
2024-01-03 18:00:00,51.11541119500996,71.39497674159925,road_0009,arterial,2500,53.50814427132628,60,100.0,0,FREE_FLOW,Left Bank
2024-01-03 18:00:00,51.11078369535379,71.44797551413016,road_0010,collector,1057,45.0,45,76.23465728556492,0,FREE_FLOW,Esil District
2024-01-03 18:00:00,51.08154293158093,71.50410393821133,road_0011,arterial,2500,48.831203121775786,60,100.0,0,FREE_FLOW,Esil District
2024-01-03 18:00:00,51.19411054283802,71.48338375455349,road_0012,collector,931,45.0,45,65.39718330237434,0,FREE_FLOW,Right Bank
2024-01-03 18:00:00,51.11540059978571,71.41954819303338,road_0013,arterial,2500,56.72086185938662,60,100.0,0,FREE_FLOW,Left Bank
2024-01-03 18:00:00,51.153146942289446,71.41898050602991,road_0014,collector,1500,42.51231469393556,45,100.0,0,FREE_FLOW,Left Bank
2024-01-03 18:00:00,51.09379597309867,71.3747399226662,road_0015,collector,1500,35.68637078077369,45,94.68205329941281,1,LIGHT,Left Bank
2024-01-03 18:00:00,51.10200587058781,71.4105255768849,road_0016,collector,1500,37.48636770756284,45,100.0,0,FREE_FLOW,Left Bank
2024-01-03 18:00:00,51.14997939524811,71.48471150021103,road_0017,local,800,33.083573918814224,35,96.46388499714755,0,FREE_FLOW,Right Bank
2024-01-03 18:00:00,51.12597404841841,71.5114357036669,road_0018,local,530,35.0,35,58.37183559225818,0,FREE_FLOW,Esil District
2024-01-03 18:00:00,51.15469379256984,71.44515988046629,road_0019,collector,1500,40.84591066118428,45,100.0,0,FREE_FLOW,City Center
2024-01-03 18:00:00,51.16857999845184,71.4595019477238,road_0020,arterial,2500,55.69513977218854,60,96.61983895206806,0,FREE_FLOW,City Center
2024-01-03 18:00:00,51.15694799555623,71.45525725431128,road_0021,collector,985,45.0,45,63.69171833074122,0,FREE_FLOW,Esil District
2024-01-03 18:00:00,51.15037767188937,71.47600489108373,road_0022,arterial,2500,53.24286375507593,60,100.0,0,FREE_FLOW,City Center
2024-01-03 18:00:00,51.179136852536935,71.44184452872075,road_0023,arterial,1277,60.0,60,55.78956776666496,0,FREE_FLOW,Esil District
2024-01-03 18:00:00,51.08968684609002,71.45590858984447,road_0024,local,671,35.0,35,78.39803199604236,0,FREE_FLOW,Esil District
2024-01-03 19:00:00,51.20721558440182,71.41748061169966,road_0000,arterial,2500,54.418818540638355,60,94.01264180293147,0,FREE_FLOW,Right Bank
2024-01-03 19:00:00,51.213488841961706,71.4551094605174,road_0001,local,546,32.29669024239514,35,61.295804941353104,0,FREE_FLOW,Right Bank
2024-01-03 19:00:00,51.09202009123179,71.43847470697595,road_0002,arterial,2500,50.385436585876626,60,96.726161888275,0,FREE_FLOW,Left Bank
2024-01-03 19:00:00,51.19057683736238,71.4135219694281,road_0003,collector,1065,43.22311845912634,45,64.61273395882631,0,FREE_FLOW,Right Bank
2024-01-03 19:00:00,51.16991099020425,71.48953431403665,road_0004,collector,1286,38.089406997659204,45,75.92892093944857,0,FREE_FLOW,Right Bank
2024-01-03 19:00:00,51.160352110793035,71.43655906544681,road_0005,collector,1500,42.547784122836646,45,90.09768932040504,0,FREE_FLOW,Left Bank
2024-01-03 19:00:00,51.197010226921215,71.45590960880924,road_0006,arterial,1625,60.0,60,64.65709529965893,0,FREE_FLOW,Right Bank
2024-01-03 19:00:00,51.11464444065831,71.472169515803,road_0007,collector,891,45.0,45,66.09798856728783,0,FREE_FLOW,Esil District
2024-01-03 19:00:00,51.12044326025239,71.43375018852568,road_0008,collector,1500,41.490308823018864,45,92.30805918628816,0,FREE_FLOW,Left Bank
2024-01-03 19:00:00,51.11541119500996,71.39497674159925,road_0009,arterial,2500,55.91834695736621,60,100.0,0,FREE_FLOW,Left Bank
2024-01-03 19:00:00,51.11078369535379,71.44797551413016,road_0010,collector,1100,41.889169823191885,45,78.63874381567247,0,FREE_FLOW,Esil District
2024-01-03 19:00:00,51.08154293158093,71.50410393821133,road_0011,arterial,1322,60.0,60,50.42357583568487,0,FREE_FLOW,Esil District
2024-01-03 19:00:00,51.19411054283802,71.48338375455349,road_0012,collector,669,45.0,45,53.140083202028165,0,FREE_FLOW,Right Bank
2024-01-03 19:00:00,51.11540059978571,71.41954819303338,road_0013,arterial,2500,52.49948918420449,60,100.0,0,FREE_FLOW,Left Bank
2024-01-03 19:00:00,51.153146942289446,71.41898050602991,road_0014,collector,1500,36.56479843215117,45,100.0,0,FREE_FLOW,Left Bank
2024-01-03 19:00:00,51.09379597309867,71.3747399226662,road_0015,collector,1500,40.35270550087321,45,100.0,0,FREE_FLOW,Left Bank
2024-01-03 19:00:00,51.10200587058781,71.4105255768849,road_0016,collector,1500,41.962501166210686,45,100.0,0,FREE_FLOW,Left Bank
2024-01-03 19:00:00,51.14997939524811,71.48471150021103,road_0017,local,800,27.716705207159766,35,93.17849533688343,1,LIGHT,Right Bank
2024-01-03 19:00:00,51.12597404841841,71.5114357036669,road_0018,local,370,33.94611913687691,35,47.6366926381445,0,FREE_FLOW,Esil District
2024-01-03 19:00:00,51.15469379256984,71.44515988046629,road_0019,collector,1500,39.4253493006921,45,100.0,0,FREE_FLOW,City Center
2024-01-03 19:00:00,51.16857999845184,71.4595019477238,road_0020,arterial,2500,56.16245301934712,60,95.80736424972041,0,FREE_FLOW,City Center
2024-01-03 19:00:00,51.15694799555623,71.45525725431128,road_0021,collector,656,45.0,45,53.20066465637908,0,FREE_FLOW,Esil District
2024-01-03 19:00:00,51.15037767188937,71.47600489108373,road_0022,arterial,2500,51.841481132564205,60,91.8621431301678,0,FREE_FLOW,City Center
2024-01-03 19:00:00,51.179136852536935,71.44184452872075,road_0023,arterial,2121,53.36648278661428,60,83.11289129455398,0,FREE_FLOW,Esil District
2024-01-03 19:00:00,51.08968684609002,71.45590858984447,road_0024,local,422,35.0,35,49.130878597456146,0,FREE_FLOW,Esil District
2024-01-03 20:00:00,51.20721558440182,71.41748061169966,road_0000,arterial,1540,60.0,60,60.03659671045307,0,FREE_FLOW,Right Bank
2024-01-03 20:00:00,51.213488841961706,71.4551094605174,road_0001,local,479,31.676035715009405,35,58.161540280404154,0,FREE_FLOW,Right Bank
2024-01-03 20:00:00,51.09202009123179,71.43847470697595,road_0002,arterial,914,60.0,60,39.412558704218625,0,FREE_FLOW,Left Bank
2024-01-03 20:00:00,51.19057683736238,71.4135219694281,road_0003,collector,406,43.64703745814051,45,24.646783330230654,0,FREE_FLOW,Right Bank
2024-01-03 20:00:00,51.16991099020425,71.48953431403665,road_0004,collector,411,45.0,45,27.57383881458752,0,FREE_FLOW,Right Bank
2024-01-03 20:00:00,51.160352110793035,71.43655906544681,road_0005,collector,697,45.0,45,45.91818372754378,0,FREE_FLOW,Left Bank
2024-01-03 20:00:00,51.197010226921215,71.45590960880924,road_0006,arterial,628,60.0,60,22.499752253155126,0,FREE_FLOW,Right Bank
2024-01-03 20:00:00,51.11464444065831,71.472169515803,road_0007,collector,553,41.82081195006995,45,40.744197373098984,0,FREE_FLOW,Esil District
2024-01-03 20:00:00,51.12044326025239,71.43375018852568,road_0008,collector,1133,44.67076330942223,45,74.64584564043733,0,FREE_FLOW,Left Bank
2024-01-03 20:00:00,51.11541119500996,71.39497674159925,road_0009,arterial,1668,57.00939737181729,60,69.94700279753991,0,FREE_FLOW,Left Bank
2024-01-03 20:00:00,51.11078369535379,71.44797551413016,road_0010,collector,437,43.56789843884966,45,26.87699881645202,0,FREE_FLOW,Esil District
2024-01-03 20:00:00,51.08154293158093,71.50410393821133,road_0011,arterial,844,56.873885805704006,60,37.27785245660421,0,FREE_FLOW,Esil District
2024-01-03 20:00:00,51.19411054283802,71.48338375455349,road_0012,collector,280,45.0,45,20.79989726218402,0,FREE_FLOW,Right Bank
2024-01-03 20:00:00,51.11540059978571,71.41954819303338,road_0013,arterial,663,54.83898103303358,60,34.57084229685906,0,FREE_FLOW,Left Bank
2024-01-03 20:00:00,51.153146942289446,71.41898050602991,road_0014,collector,1048,41.793829956786176,45,74.66702266983091,0,FREE_FLOW,Left Bank
2024-01-03 20:00:00,51.09379597309867,71.3747399226662,road_0015,collector,1240,38.490437025518034,45,80.70293583870057,0,FREE_FLOW,Left Bank
2024-01-03 20:00:00,51.10200587058781,71.4105255768849,road_0016,collector,1098,38.9091147282919,45,63.25823435667578,0,FREE_FLOW,Left Bank
2024-01-03 20:00:00,51.14997939524811,71.48471150021103,road_0017,local,356,34.47670601979609,35,47.222673354561316,0,FREE_FLOW,Right Bank
2024-01-03 20:00:00,51.12597404841841,71.5114357036669,road_0018,local,382,32.323727633473,35,57.68615425357708,0,FREE_FLOW,Esil District
2024-01-03 20:00:00,51.15469379256984,71.44515988046629,road_0019,collector,1253,41.98554494898154,45,85.34965083124348,0,FREE_FLOW,City Center
2024-01-03 20:00:00,51.16857999845184,71.4595019477238,road_0020,arterial,1141,60.0,60,37.20654110298437,0,FREE_FLOW,City Center
2024-01-03 20:00:00,51.15694799555623,71.45525725431128,road_0021,collector,650,44.29385606879751,45,36.04322371191023,0,FREE_FLOW,Esil District
2024-01-03 20:00:00,51.15037767188937,71.47600489108373,road_0022,arterial,2073,53.481005679067145,60,82.27497350749327,0,FREE_FLOW,City Center
2024-01-03 20:00:00,51.179136852536935,71.44184452872075,road_0023,arterial,859,60.0,60,33.46248462065539,0,FREE_FLOW,Esil District
2024-01-03 20:00:00,51.08968684609002,71.45590858984447,road_0024,local,221,33.456991364430436,35,17.928483980928434,0,FREE_FLOW,Esil District
2024-01-03 21:00:00,51.20721558440182,71.41748061169966,road_0000,arterial,819,57.953678296115186,60,31.76103861107784,0,FREE_FLOW,Right Bank
2024-01-03 21:00:00,51.213488841961706,71.4551094605174,road_0001,local,212,35.0,35,34.98988565548106,0,FREE_FLOW,Right Bank
2024-01-03 21:00:00,51.09202009123179,71.43847470697595,road_0002,arterial,557,56.63647688855647,60,31.739232699040834,0,FREE_FLOW,Left Bank
2024-01-03 21:00:00,51.19057683736238,71.4135219694281,road_0003,collector,520,45.0,45,43.08992140055766,0,FREE_FLOW,Right Bank
2024-01-03 21:00:00,51.16991099020425,71.48953431403665,road_0004,collector,423,44.11955157936251,45,23.356217480466746,0,FREE_FLOW,Right Bank
2024-01-03 21:00:00,51.160352110793035,71.43655906544681,road_0005,collector,657,45.0,45,34.458957364910596,0,FREE_FLOW,Left Bank
2024-01-03 21:00:00,51.197010226921215,71.45590960880924,road_0006,arterial,769,60.0,60,21.519519351392127,0,FREE_FLOW,Right Bank
2024-01-03 21:00:00,51.11464444065831,71.472169515803,road_0007,collector,429,40.84753852471111,45,27.646280701026708,0,FREE_FLOW,Esil District
2024-01-03 21:00:00,51.12044326025239,71.43375018852568,road_0008,collector,569,45.0,45,44.70039141431366,0,FREE_FLOW,Left Bank
2024-01-03 21:00:00,51.11541119500996,71.39497674159925,road_0009,arterial,1169,60.0,60,43.19083664795743,0,FREE_FLOW,Left Bank
2024-01-03 21:00:00,51.11078369535379,71.44797551413016,road_0010,collector,503,44.789445738745435,45,29.788155657101335,0,FREE_FLOW,Esil District
2024-01-03 21:00:00,51.08154293158093,71.50410393821133,road_0011,arterial,766,60.0,60,40.028829382645135,0,FREE_FLOW,Esil District
2024-01-03 21:00:00,51.19411054283802,71.48338375455349,road_0012,collector,307,41.915040079559496,45,24.234692480853802,0,FREE_FLOW,Right Bank
2024-01-03 21:00:00,51.11540059978571,71.41954819303338,road_0013,arterial,1443,53.24311888613039,60,54.25786526111214,0,FREE_FLOW,Left Bank
2024-01-03 21:00:00,51.153146942289446,71.41898050602991,road_0014,collector,742,44.526898531845646,45,54.92427821593702,0,FREE_FLOW,Left Bank
2024-01-03 21:00:00,51.09379597309867,71.3747399226662,road_0015,collector,965,45.0,45,55.981998773713144,0,FREE_FLOW,Left Bank
2024-01-03 21:00:00,51.10200587058781,71.4105255768849,road_0016,collector,448,45.0,45,23.313650949565936,0,FREE_FLOW,Left Bank
2024-01-03 21:00:00,51.14997939524811,71.48471150021103,road_0017,local,370,35.0,35,46.79294588598361,0,FREE_FLOW,Right Bank
2024-01-03 21:00:00,51.12597404841841,71.5114357036669,road_0018,local,135,35.0,35,10.823976341822634,0,FREE_FLOW,Esil District
2024-01-03 21:00:00,51.15469379256984,71.44515988046629,road_0019,collector,1201,42.14682523710729,45,83.1907262741388,0,FREE_FLOW,City Center
2024-01-03 21:00:00,51.16857999845184,71.4595019477238,road_0020,arterial,1294,60.0,60,54.23919018864028,0,FREE_FLOW,City Center
2024-01-03 21:00:00,51.15694799555623,71.45525725431128,road_0021,collector,538,43.14865511675888,45,27.409554148387887,0,FREE_FLOW,Esil District
2024-01-03 21:00:00,51.15037767188937,71.47600489108373,road_0022,arterial,1518,60.0,60,56.330556437108015,0,FREE_FLOW,City Center
2024-01-03 21:00:00,51.179136852536935,71.44184452872075,road_0023,arterial,713,60.0,60,24.889039336116085,0,FREE_FLOW,Esil District
2024-01-03 21:00:00,51.08968684609002,71.45590858984447,road_0024,local,186,35.0,35,14.65202960534884,0,FREE_FLOW,Esil District
2024-01-03 22:00:00,51.20721558440182,71.41748061169966,road_0000,arterial,536,60.0,60,23.66046823083849,0,FREE_FLOW,Right Bank
2024-01-03 22:00:00,51.213488841961706,71.4551094605174,road_0001,local,129,35.0,35,11.643565959001258,0,FREE_FLOW,Right Bank
2024-01-03 22:00:00,51.09202009123179,71.43847470697595,road_0002,arterial,997,58.05641259221837,60,46.03478586401428,0,FREE_FLOW,Left Bank
2024-01-03 22:00:00,51.19057683736238,71.4135219694281,road_0003,collector,249,44.59981582226133,45,19.6520403043088,0,FREE_FLOW,Right Bank
2024-01-03 22:00:00,51.16991099020425,71.48953431403665,road_0004,collector,278,41.70534469351358,45,28.162285241915917,0,FREE_FLOW,Right Bank
2024-01-03 22:00:00,51.160352110793035,71.43655906544681,road_0005,collector,409,44.705232181444245,45,26.826657567752896,0,FREE_FLOW,Left Bank
2024-01-03 22:00:00,51.197010226921215,71.45590960880924,road_0006,arterial,332,60.0,60,8.3753517265724,0,FREE_FLOW,Right Bank
2024-01-03 22:00:00,51.11464444065831,71.472169515803,road_0007,collector,188,45.0,45,17.68430119600076,0,FREE_FLOW,Esil District
2024-01-03 22:00:00,51.12044326025239,71.43375018852568,road_0008,collector,605,44.512852383431934,45,34.82452271871126,0,FREE_FLOW,Left Bank
2024-01-03 22:00:00,51.11541119500996,71.39497674159925,road_0009,arterial,709,60.0,60,31.078791534828675,0,FREE_FLOW,Left Bank
2024-01-03 22:00:00,51.11078369535379,71.44797551413016,road_0010,collector,191,44.91447800124952,45,8.600305866735123,0,FREE_FLOW,Esil District
2024-01-03 22:00:00,51.08154293158093,71.50410393821133,road_0011,arterial,458,60.0,60,16.72666618863685,0,FREE_FLOW,Esil District
2024-01-03 22:00:00,51.19411054283802,71.48338375455349,road_0012,collector,517,45.0,45,25.891833319631225,0,FREE_FLOW,Right Bank
2024-01-03 22:00:00,51.11540059978571,71.41954819303338,road_0013,arterial,871,55.092208713080005,60,26.988286508724435,0,FREE_FLOW,Left Bank
2024-01-03 22:00:00,51.153146942289446,71.41898050602991,road_0014,collector,280,44.44006888758491,45,28.134552495387535,0,FREE_FLOW,Left Bank
2024-01-03 22:00:00,51.09379597309867,71.3747399226662,road_0015,collector,609,45.0,45,35.70364457548462,0,FREE_FLOW,Left Bank
2024-01-03 22:00:00,51.10200587058781,71.4105255768849,road_0016,collector,530,45.0,45,32.196810477479005,0,FREE_FLOW,Left Bank
2024-01-03 22:00:00,51.14997939524811,71.48471150021103,road_0017,local,119,35.0,35,10.568755230885433,0,FREE_FLOW,Right Bank
2024-01-03 22:00:00,51.12597404841841,71.5114357036669,road_0018,local,106,32.650537471321336,35,17.1676314873697,0,FREE_FLOW,Esil District
2024-01-03 22:00:00,51.15469379256984,71.44515988046629,road_0019,collector,867,40.031837503855314,45,63.391057375905234,0,FREE_FLOW,City Center
2024-01-03 22:00:00,51.16857999845184,71.4595019477238,road_0020,arterial,1164,54.28932845367306,60,53.0691665159257,0,FREE_FLOW,City Center
2024-01-03 22:00:00,51.15694799555623,71.45525725431128,road_0021,collector,262,43.395989565974155,45,10.849163919550225,0,FREE_FLOW,Esil District
2024-01-03 22:00:00,51.15037767188937,71.47600489108373,road_0022,arterial,1060,60.0,60,50.98815132140413,0,FREE_FLOW,City Center
2024-01-03 22:00:00,51.179136852536935,71.44184452872075,road_0023,arterial,358,60.0,60,23.96270368872301,0,FREE_FLOW,Esil District
2024-01-03 22:00:00,51.08968684609002,71.45590858984447,road_0024,local,217,35.0,35,23.640590874912363,0,FREE_FLOW,Esil District
2024-01-03 23:00:00,51.20721558440182,71.41748061169966,road_0000,arterial,352,54.95260754044998,60,18.97730716932559,0,FREE_FLOW,Right Bank
2024-01-03 23:00:00,51.213488841961706,71.4551094605174,road_0001,local,76,35.0,35,8.412776016443239,0,FREE_FLOW,Right Bank
2024-01-03 23:00:00,51.09202009123179,71.43847470697595,road_0002,arterial,346,54.35384379482503,60,6.789052009498024,0,FREE_FLOW,Left Bank
2024-01-03 23:00:00,51.19057683736238,71.4135219694281,road_0003,collector,160,45.0,45,9.298353249016852,0,FREE_FLOW,Right Bank
2024-01-03 23:00:00,51.16991099020425,71.48953431403665,road_0004,collector,381,41.415208315990746,45,16.409111412402474,0,FREE_FLOW,Right Bank
2024-01-03 23:00:00,51.160352110793035,71.43655906544681,road_0005,collector,505,45.0,45,40.16340985458146,0,FREE_FLOW,Left Bank
2024-01-03 23:00:00,51.197010226921215,71.45590960880924,road_0006,arterial,675,58.045970054514804,60,28.096515930066126,0,FREE_FLOW,Right Bank
2024-01-03 23:00:00,51.11464444065831,71.472169515803,road_0007,collector,286,45.0,45,10.351721125758887,0,FREE_FLOW,Esil District
2024-01-03 23:00:00,51.12044326025239,71.43375018852568,road_0008,collector,464,43.581616675932864,45,33.997077116489585,0,FREE_FLOW,Left Bank
2024-01-03 23:00:00,51.11541119500996,71.39497674159925,road_0009,arterial,987,57.30626807774203,60,42.08835236762708,0,FREE_FLOW,Left Bank
2024-01-03 23:00:00,51.11078369535379,71.44797551413016,road_0010,collector,187,42.80857428337,45,3.906283035933102,0,FREE_FLOW,Esil District
2024-01-03 23:00:00,51.08154293158093,71.50410393821133,road_0011,arterial,391,55.812482254731115,60,13.687871296288602,0,FREE_FLOW,Esil District
2024-01-03 23:00:00,51.19411054283802,71.48338375455349,road_0012,collector,259,40.54318128965302,45,12.546923588104526,0,FREE_FLOW,Right Bank
2024-01-03 23:00:00,51.11540059978571,71.41954819303338,road_0013,arterial,848,55.329194872498974,60,36.05653127177166,0,FREE_FLOW,Left Bank
2024-01-03 23:00:00,51.153146942289446,71.41898050602991,road_0014,collector,356,45.0,45,18.384694818469907,0,FREE_FLOW,Left Bank
2024-01-03 23:00:00,51.09379597309867,71.3747399226662,road_0015,collector,298,45.0,45,26.13480453796026,0,FREE_FLOW,Left Bank
2024-01-03 23:00:00,51.10200587058781,71.4105255768849,road_0016,collector,380,45.0,45,17.290473387662338,0,FREE_FLOW,Left Bank
2024-01-03 23:00:00,51.14997939524811,71.48471150021103,road_0017,local,121,32.062442259468426,35,6.249933886303449,0,FREE_FLOW,Right Bank
2024-01-03 23:00:00,51.12597404841841,71.5114357036669,road_0018,local,170,32.85533382346606,35,29.68974951930345,0,FREE_FLOW,Esil District
2024-01-03 23:00:00,51.15469379256984,71.44515988046629,road_0019,collector,541,45.0,45,36.24830323799609,0,FREE_FLOW,City Center
2024-01-03 23:00:00,51.16857999845184,71.4595019477238,road_0020,arterial,621,55.44339989402101,60,17.403702205981958,0,FREE_FLOW,City Center
2024-01-03 23:00:00,51.15694799555623,71.45525725431128,road_0021,collector,234,45.0,45,21.146650281643865,0,FREE_FLOW,Esil District
2024-01-03 23:00:00,51.15037767188937,71.47600489108373,road_0022,arterial,677,60.0,60,20.32341454274376,0,FREE_FLOW,City Center
2024-01-03 23:00:00,51.179136852536935,71.44184452872075,road_0023,arterial,217,60.0,60,2.2016526606343243,0,FREE_FLOW,Esil District
2024-01-03 23:00:00,51.08968684609002,71.45590858984447,road_0024,local,112,35.0,35,9.392687984384086,0,FREE_FLOW,Esil District
2024-01-04 00:00:00,51.20721558440182,71.41748061169966,road_0000,arterial,217,55.849294751160414,60,13.313591975749635,0,FREE_FLOW,Right Bank
2024-01-04 00:00:00,51.213488841961706,71.4551094605174,road_0001,local,117,35.0,35,6.739012077586014,0,FREE_FLOW,Right Bank
2024-01-04 00:00:00,51.09202009123179,71.43847470697595,road_0002,arterial,385,57.575195459354234,60,13.850787604477096,0,FREE_FLOW,Left Bank
2024-01-04 00:00:00,51.19057683736238,71.4135219694281,road_0003,collector,112,42.75868550389812,45,4.722009329416186,0,FREE_FLOW,Right Bank
2024-01-04 00:00:00,51.16991099020425,71.48953431403665,road_0004,collector,206,45.0,45,13.770138184446102,0,FREE_FLOW,Right Bank
2024-01-04 00:00:00,51.160352110793035,71.43655906544681,road_0005,collector,334,43.03010656475128,45,24.645369921935345,0,FREE_FLOW,Left Bank
2024-01-04 00:00:00,51.197010226921215,71.45590960880924,road_0006,arterial,302,60.0,60,9.052049388856913,0,FREE_FLOW,Right Bank
2024-01-04 00:00:00,51.11464444065831,71.472169515803,road_0007,collector,71,45.0,45,6.519047890590357,0,FREE_FLOW,Esil District
2024-01-04 00:00:00,51.12044326025239,71.43375018852568,road_0008,collector,338,40.64970898315714,45,15.104924903566713,0,FREE_FLOW,Left Bank
2024-01-04 00:00:00,51.11541119500996,71.39497674159925,road_0009,arterial,445,55.79813289698292,60,20.31967827835907,0,FREE_FLOW,Left Bank
2024-01-04 00:00:00,51.11078369535379,71.44797551413016,road_0010,collector,128,45.0,45,10.234889660797656,0,FREE_FLOW,Esil District
2024-01-04 00:00:00,51.08154293158093,71.50410393821133,road_0011,arterial,204,55.07387609477635,60,0.0,0,FREE_FLOW,Esil District
2024-01-04 00:00:00,51.19411054283802,71.48338375455349,road_0012,collector,146,43.242961348947674,45,10.056029426823288,0,FREE_FLOW,Right Bank
2024-01-04 00:00:00,51.11540059978571,71.41954819303338,road_0013,arterial,553,56.29559158750521,60,18.097263775737353,0,FREE_FLOW,Left Bank
2024-01-04 00:00:00,51.153146942289446,71.41898050602991,road_0014,collector,168,42.19114562599966,45,10.077119822811389,0,FREE_FLOW,Left Bank
2024-01-04 00:00:00,51.09379597309867,71.3747399226662,road_0015,collector,242,45.0,45,17.219347450292382,0,FREE_FLOW,Left Bank
2024-01-04 00:00:00,51.10200587058781,71.4105255768849,road_0016,collector,246,45.0,45,24.157458637026608,0,FREE_FLOW,Left Bank
2024-01-04 00:00:00,51.14997939524811,71.48471150021103,road_0017,local,57,35.0,35,5.758204282875668,0,FREE_FLOW,Right Bank
2024-01-04 00:00:00,51.12597404841841,71.5114357036669,road_0018,local,93,31.53724201790819,35,18.841217253734747,0,FREE_FLOW,Esil District
2024-01-04 00:00:00,51.15469379256984,71.44515988046629,road_0019,collector,199,44.55428424943473,45,18.773305264384987,0,FREE_FLOW,City Center
2024-01-04 00:00:00,51.16857999845184,71.4595019477238,road_0020,arterial,720,60.0,60,34.2417904776257,0,FREE_FLOW,City Center
2024-01-04 00:00:00,51.15694799555623,71.45525725431128,road_0021,collector,141,42.25548451633403,45,16.071482192914736,0,FREE_FLOW,Esil District
2024-01-04 00:00:00,51.15037767188937,71.47600489108373,road_0022,arterial,660,59.923228320961655,60,29.93953504622057,0,FREE_FLOW,City Center
2024-01-04 00:00:00,51.179136852536935,71.44184452872075,road_0023,arterial,127,60.0,60,14.75463707994012,0,FREE_FLOW,Esil District
2024-01-04 00:00:00,51.08968684609002,71.45590858984447,road_0024,local,70,35.0,35,15.661023909937992,0,FREE_FLOW,Esil District
2024-01-04 01:00:00,51.20721558440182,71.41748061169966,road_0000,arterial,139,60.0,60,6.708585585286394,0,FREE_FLOW,Right Bank
2024-01-04 01:00:00,51.213488841961706,71.4551094605174,road_0001,local,97,33.53881862911901,35,16.088477214298102,0,FREE_FLOW,Right Bank
2024-01-04 01:00:00,51.09202009123179,71.43847470697595,road_0002,arterial,243,60.0,60,0.12091999065129322,0,FREE_FLOW,Left Bank
2024-01-04 01:00:00,51.19057683736238,71.4135219694281,road_0003,collector,166,45.0,45,3.869975334321273,0,FREE_FLOW,Right Bank
2024-01-04 01:00:00,51.16991099020425,71.48953431403665,road_0004,collector,57,45.0,45,0.0,0,FREE_FLOW,Right Bank
2024-01-04 01:00:00,51.160352110793035,71.43655906544681,road_0005,collector,124,45.0,45,3.2591607548783337,0,FREE_FLOW,Left Bank
2024-01-04 01:00:00,51.197010226921215,71.45590960880924,road_0006,arterial,313,60.0,60,20.19524030916064,0,FREE_FLOW,Right Bank
2024-01-04 01:00:00,51.11464444065831,71.472169515803,road_0007,collector,141,42.944864732309675,45,2.8051830425087196,0,FREE_FLOW,Esil District
2024-01-04 01:00:00,51.12044326025239,71.43375018852568,road_0008,collector,142,45.0,45,9.539065426138695,0,FREE_FLOW,Left Bank
2024-01-04 01:00:00,51.11541119500996,71.39497674159925,road_0009,arterial,420,60.0,60,16.92701106561625,0,FREE_FLOW,Left Bank
2024-01-04 01:00:00,51.11078369535379,71.44797551413016,road_0010,collector,88,45.0,45,0.3714647133715916,0,FREE_FLOW,Esil District
2024-01-04 01:00:00,51.08154293158093,71.50410393821133,road_0011,arterial,147,56.231102863418464,60,7.109558874733536,0,FREE_FLOW,Esil District
2024-01-04 01:00:00,51.19411054283802,71.48338375455349,road_0012,collector,92,45.0,45,15.36537384483091,0,FREE_FLOW,Right Bank
2024-01-04 01:00:00,51.11540059978571,71.41954819303338,road_0013,arterial,286,60.0,60,12.425369866968852,0,FREE_FLOW,Left Bank
2024-01-04 01:00:00,51.153146942289446,71.41898050602991,road_0014,collector,217,45.0,45,18.889852030944212,0,FREE_FLOW,Left Bank
2024-01-04 01:00:00,51.09379597309867,71.3747399226662,road_0015,collector,308,45.0,45,26.320919845404877,0,FREE_FLOW,Left Bank
2024-01-04 01:00:00,51.10200587058781,71.4105255768849,road_0016,collector,167,42.94917508372862,45,9.683447407600658,0,FREE_FLOW,Left Bank
2024-01-04 01:00:00,51.14997939524811,71.48471150021103,road_0017,local,66,34.69287011555426,35,1.2226643115577005,0,FREE_FLOW,Right Bank
2024-01-04 01:00:00,51.12597404841841,71.5114357036669,road_0018,local,42,35.0,35,0.0,0,FREE_FLOW,Esil District
2024-01-04 01:00:00,51.15469379256984,71.44515988046629,road_0019,collector,265,45.0,45,25.16461135862519,0,FREE_FLOW,City Center
2024-01-04 01:00:00,51.16857999845184,71.4595019477238,road_0020,arterial,377,59.503020937333126,60,24.306692623896122,0,FREE_FLOW,City Center
2024-01-04 01:00:00,51.15694799555623,71.45525725431128,road_0021,collector,88,41.44731281562403,45,7.941552437931796,0,FREE_FLOW,Esil District
2024-01-04 01:00:00,51.15037767188937,71.47600489108373,road_0022,arterial,395,60.0,60,22.911777881511266,0,FREE_FLOW,City Center
2024-01-04 01:00:00,51.179136852536935,71.44184452872075,road_0023,arterial,137,56.79645870850936,60,6.3315090507116025,0,FREE_FLOW,Esil District
2024-01-04 01:00:00,51.08968684609002,71.45590858984447,road_0024,local,63,35.0,35,0.0,0,FREE_FLOW,Esil District
2024-01-04 02:00:00,51.20721558440182,71.41748061169966,road_0000,arterial,108,58.104241615706954,60,2.1717550072222256,0,FREE_FLOW,Right Bank
2024-01-04 02:00:00,51.213488841961706,71.4551094605174,road_0001,local,52,32.158332634649646,35,11.163060462131707,0,FREE_FLOW,Right Bank
2024-01-04 02:00:00,51.09202009123179,71.43847470697595,road_0002,arterial,305,57.574558781485734,60,16.3343715408912,0,FREE_FLOW,Left Bank
2024-01-04 02:00:00,51.19057683736238,71.4135219694281,road_0003,collector,67,44.8929132196894,45,13.117388382711146,0,FREE_FLOW,Right Bank
2024-01-04 02:00:00,51.16991099020425,71.48953431403665,road_0004,collector,100,45.0,45,4.088788488657446,0,FREE_FLOW,Right Bank
2024-01-04 02:00:00,51.160352110793035,71.43655906544681,road_0005,collector,155,43.94568487094237,45,10.117931337425592,0,FREE_FLOW,Left Bank
2024-01-04 02:00:00,51.197010226921215,71.45590960880924,road_0006,arterial,116,59.33218510036111,60,6.807000930633573,0,FREE_FLOW,Right Bank
2024-01-04 02:00:00,51.11464444065831,71.472169515803,road_0007,collector,75,45.0,45,12.003438904100953,0,FREE_FLOW,Esil District
2024-01-04 02:00:00,51.12044326025239,71.43375018852568,road_0008,collector,188,42.58025160541392,45,10.019453201459825,0,FREE_FLOW,Left Bank
2024-01-04 02:00:00,51.11541119500996,71.39497674159925,road_0009,arterial,230,60.0,60,2.7207936430994124,0,FREE_FLOW,Left Bank
2024-01-04 02:00:00,51.11078369535379,71.44797551413016,road_0010,collector,63,45.0,45,11.012652896382505,0,FREE_FLOW,Esil District
2024-01-04 02:00:00,51.08154293158093,71.50410393821133,road_0011,arterial,158,60.0,60,12.434937843562402,0,FREE_FLOW,Esil District
2024-01-04 02:00:00,51.19411054283802,71.48338375455349,road_0012,collector,77,44.75586728345528,45,11.94540578879717,0,FREE_FLOW,Right Bank
2024-01-04 02:00:00,51.11540059978571,71.41954819303338,road_0013,arterial,126,60.0,60,0.0,0,FREE_FLOW,Left Bank
2024-01-04 02:00:00,51.153146942289446,71.41898050602991,road_0014,collector,153,41.32974999130654,45,13.727787561098198,0,FREE_FLOW,Left Bank
2024-01-04 02:00:00,51.09379597309867,71.3747399226662,road_0015,collector,140,43.85538939803764,45,12.95433556794224,0,FREE_FLOW,Left Bank
2024-01-04 02:00:00,51.10200587058781,71.4105255768849,road_0016,collector,80,45.0,45,0.0,0,FREE_FLOW,Left Bank
2024-01-04 02:00:00,51.14997939524811,71.48471150021103,road_0017,local,25,35.0,35,10.852372941910819,0,FREE_FLOW,Right Bank
2024-01-04 02:00:00,51.12597404841841,71.5114357036669,road_0018,local,55,32.401121842060334,35,0.0,0,FREE_FLOW,Esil District
2024-01-04 02:00:00,51.15469379256984,71.44515988046629,road_0019,collector,180,40.91508463326756,45,21.486989130480616,0,FREE_FLOW,City Center
2024-01-04 02:00:00,51.16857999845184,71.4595019477238,road_0020,arterial,190,60.0,60,12.719316978624962,0,FREE_FLOW,City Center
2024-01-04 02:00:00,51.15694799555623,71.45525725431128,road_0021,collector,42,45.0,45,6.508810447425828,0,FREE_FLOW,Esil District
2024-01-04 02:00:00,51.15037767188937,71.47600489108373,road_0022,arterial,161,60.0,60,7.825627659010488,0,FREE_FLOW,City Center
2024-01-04 02:00:00,51.179136852536935,71.44184452872075,road_0023,arterial,123,60.0,60,0.0,0,FREE_FLOW,Esil District
2024-01-04 02:00:00,51.08968684609002,71.45590858984447,road_0024,local,27,35.0,35,7.898789677242103,0,FREE_FLOW,Esil District
2024-01-04 03:00:00,51.20721558440182,71.41748061169966,road_0000,arterial,104,54.37732703301528,60,7.5844311269263525,0,FREE_FLOW,Right Bank
2024-01-04 03:00:00,51.213488841961706,71.4551094605174,road_0001,local,60,35.0,35,5.803271732082081,0,FREE_FLOW,Right Bank
2024-01-04 03:00:00,51.09202009123179,71.43847470697595,road_0002,arterial,134,60.0,60,14.846099262209549,0,FREE_FLOW,Left Bank
2024-01-04 03:00:00,51.19057683736238,71.4135219694281,road_0003,collector,97,43.12418003485332,45,6.9212802278037575,0,FREE_FLOW,Right Bank
2024-01-04 03:00:00,51.16991099020425,71.48953431403665,road_0004,collector,76,45.0,45,0.0,0,FREE_FLOW,Right Bank
2024-01-04 03:00:00,51.160352110793035,71.43655906544681,road_0005,collector,142,42.95005352625628,45,9.451524817162161,0,FREE_FLOW,Left Bank
2024-01-04 03:00:00,51.197010226921215,71.45590960880924,road_0006,arterial,100,60.0,60,8.379815137064663,0,FREE_FLOW,Right Bank
2024-01-04 03:00:00,51.11464444065831,71.472169515803,road_0007,collector,68,45.0,45,12.182737232196041,0,FREE_FLOW,Esil District
2024-01-04 03:00:00,51.12044326025239,71.43375018852568,road_0008,collector,80,45.0,45,12.229168090651564,0,FREE_FLOW,Left Bank
2024-01-04 03:00:00,51.11541119500996,71.39497674159925,road_0009,arterial,175,54.40235452686606,60,0.0,0,FREE_FLOW,Left Bank
2024-01-04 03:00:00,51.11078369535379,71.44797551413016,road_0010,collector,75,43.56190530681178,45,10.91573462353004,0,FREE_FLOW,Esil District
2024-01-04 03:00:00,51.08154293158093,71.50410393821133,road_0011,arterial,60,55.103811385731284,60,0.0,0,FREE_FLOW,Esil District
2024-01-04 03:00:00,51.19411054283802,71.48338375455349,road_0012,collector,67,45.0,45,0.056055491259638046,0,FREE_FLOW,Right Bank
2024-01-04 03:00:00,51.11540059978571,71.41954819303338,road_0013,arterial,105,55.70566424231112,60,8.10516801510867,0,FREE_FLOW,Left Bank
2024-01-04 03:00:00,51.153146942289446,71.41898050602991,road_0014,collector,114,42.09647456659163,45,5.747645582382807,0,FREE_FLOW,Left Bank
2024-01-04 03:00:00,51.09379597309867,71.3747399226662,road_0015,collector,81,40.993031146406025,45,13.966715440112436,0,FREE_FLOW,Left Bank
2024-01-04 03:00:00,51.10200587058781,71.4105255768849,road_0016,collector,124,45.0,45,7.5204233004232055,0,FREE_FLOW,Left Bank
2024-01-04 03:00:00,51.14997939524811,71.48471150021103,road_0017,local,36,33.8909665844882,35,2.20325255545081,0,FREE_FLOW,Right Bank
2024-01-04 03:00:00,51.12597404841841,71.5114357036669,road_0018,local,48,35.0,35,6.32888683805643,0,FREE_FLOW,Esil District
2024-01-04 03:00:00,51.15469379256984,71.44515988046629,road_0019,collector,137,41.70078464956979,45,12.617285790631927,0,FREE_FLOW,City Center
2024-01-04 03:00:00,51.16857999845184,71.4595019477238,road_0020,arterial,378,59.33241930567503,60,12.667752499495528,0,FREE_FLOW,City Center
2024-01-04 03:00:00,51.15694799555623,71.45525725431128,road_0021,collector,31,41.65761540405102,45,10.495053364193218,0,FREE_FLOW,Esil District
2024-01-04 03:00:00,51.15037767188937,71.47600489108373,road_0022,arterial,264,60.0,60,18.346375198566392,0,FREE_FLOW,City Center
2024-01-04 03:00:00,51.179136852536935,71.44184452872075,road_0023,arterial,124,60.0,60,14.187649402874307,0,FREE_FLOW,Esil District
2024-01-04 03:00:00,51.08968684609002,71.45590858984447,road_0024,local,29,35.0,35,0.0,0,FREE_FLOW,Esil District
2024-01-04 04:00:00,51.20721558440182,71.41748061169966,road_0000,arterial,330,60.0,60,22.85157845984409,0,FREE_FLOW,Right Bank
2024-01-04 04:00:00,51.213488841961706,71.4551094605174,road_0001,local,94,33.87028091446497,35,14.710633146617235,0,FREE_FLOW,Right Bank
2024-01-04 04:00:00,51.09202009123179,71.43847470697595,road_0002,arterial,344,60.0,60,9.730958519643279,0,FREE_FLOW,Left Bank
2024-01-04 04:00:00,51.19057683736238,71.4135219694281,road_0003,collector,102,45.0,45,9.411184686914767,0,FREE_FLOW,Right Bank
2024-01-04 04:00:00,51.16991099020425,71.48953431403665,road_0004,collector,136,43.094225422576606,45,11.716110714896214,0,FREE_FLOW,Right Bank
2024-01-04 04:00:00,51.160352110793035,71.43655906544681,road_0005,collector,191,44.09464782084853,45,8.605981168530818,0,FREE_FLOW,Left Bank
2024-01-04 04:00:00,51.197010226921215,71.45590960880924,road_0006,arterial,272,58.70237903278971,60,14.458016844604147,0,FREE_FLOW,Right Bank
2024-01-04 04:00:00,51.11464444065831,71.472169515803,road_0007,collector,91,45.0,45,8.138291609127918,0,FREE_FLOW,Esil District
2024-01-04 04:00:00,51.12044326025239,71.43375018852568,road_0008,collector,116,45.0,45,14.849791475811408,0,FREE_FLOW,Left Bank
2024-01-04 04:00:00,51.11541119500996,71.39497674159925,road_0009,arterial,200,59.446058203369624,60,14.013278830506223,0,FREE_FLOW,Left Bank
2024-01-04 04:00:00,51.11078369535379,71.44797551413016,road_0010,collector,106,45.0,45,4.691265722164201,0,FREE_FLOW,Esil District
2024-01-04 04:00:00,51.08154293158093,71.50410393821133,road_0011,arterial,127,56.87062175277437,60,11.968046863810644,0,FREE_FLOW,Esil District
2024-01-04 04:00:00,51.19411054283802,71.48338375455349,road_0012,collector,119,44.63525518779249,45,7.557096362835384,0,FREE_FLOW,Right Bank
2024-01-04 04:00:00,51.11540059978571,71.41954819303338,road_0013,arterial,280,60.0,60,13.687453958472206,0,FREE_FLOW,Left Bank
2024-01-04 04:00:00,51.153146942289446,71.41898050602991,road_0014,collector,119,45.0,45,16.99807690895799,0,FREE_FLOW,Left Bank
2024-01-04 04:00:00,51.09379597309867,71.3747399226662,road_0015,collector,226,45.0,45,22.16147903850624,0,FREE_FLOW,Left Bank
2024-01-04 04:00:00,51.10200587058781,71.4105255768849,road_0016,collector,128,44.14658498351067,45,6.380975351987759,0,FREE_FLOW,Left Bank
2024-01-04 04:00:00,51.14997939524811,71.48471150021103,road_0017,local,48,35.0,35,0.0,0,FREE_FLOW,Right Bank
2024-01-04 04:00:00,51.12597404841841,71.5114357036669,road_0018,local,53,35.0,35,14.742003841975912,0,FREE_FLOW,Esil District
2024-01-04 04:00:00,51.15469379256984,71.44515988046629,road_0019,collector,209,45.0,45,8.664691837555335,0,FREE_FLOW,City Center
2024-01-04 04:00:00,51.16857999845184,71.4595019477238,road_0020,arterial,264,56.74060053286774,60,17.409139722368273,0,FREE_FLOW,City Center
2024-01-04 04:00:00,51.15694799555623,71.45525725431128,road_0021,collector,107,41.565098618467836,45,15.38908104106384,0,FREE_FLOW,Esil District
2024-01-04 04:00:00,51.15037767188937,71.47600489108373,road_0022,arterial,378,60.0,60,21.851047823392275,0,FREE_FLOW,City Center
2024-01-04 04:00:00,51.179136852536935,71.44184452872075,road_0023,arterial,113,60.0,60,2.6776522039396617,0,FREE_FLOW,Esil District
2024-01-04 04:00:00,51.08968684609002,71.45590858984447,road_0024,local,68,31.601358220095772,35,4.297613590677193,0,FREE_FLOW,Esil District
2024-01-04 05:00:00,51.20721558440182,71.41748061169966,road_0000,arterial,423,56.18831607202281,60,14.412984380296573,0,FREE_FLOW,Right Bank
2024-01-04 05:00:00,51.213488841961706,71.4551094605174,road_0001,local,147,35.0,35,14.330083073444886,0,FREE_FLOW,Right Bank
2024-01-04 05:00:00,51.09202009123179,71.43847470697595,road_0002,arterial,851,60.0,60,30.615485749851814,0,FREE_FLOW,Left Bank
2024-01-04 05:00:00,51.19057683736238,71.4135219694281,road_0003,collector,266,42.51215459110559,45,16.448020470199488,0,FREE_FLOW,Right Bank
2024-01-04 05:00:00,51.16991099020425,71.48953431403665,road_0004,collector,214,41.341827810827,45,19.200085962399406,0,FREE_FLOW,Right Bank
2024-01-04 05:00:00,51.160352110793035,71.43655906544681,road_0005,collector,385,45.0,45,25.54981873770275,0,FREE_FLOW,Left Bank
2024-01-04 05:00:00,51.197010226921215,71.45590960880924,road_0006,arterial,434,60.0,60,16.996068850778826,0,FREE_FLOW,Right Bank
2024-01-04 05:00:00,51.11464444065831,71.472169515803,road_0007,collector,233,45.0,45,7.03737390858938,0,FREE_FLOW,Esil District
2024-01-04 05:00:00,51.12044326025239,71.43375018852568,road_0008,collector,423,44.050197697733594,45,37.85360097444868,0,FREE_FLOW,Left Bank
2024-01-04 05:00:00,51.11541119500996,71.39497674159925,road_0009,arterial,550,60.0,60,18.49108219461852,0,FREE_FLOW,Left Bank
2024-01-04 05:00:00,51.11078369535379,71.44797551413016,road_0010,collector,242,43.28163534778845,45,7.026557660911308,0,FREE_FLOW,Esil District
2024-01-04 05:00:00,51.08154293158093,71.50410393821133,road_0011,arterial,301,60.0,60,3.7915114683234936,0,FREE_FLOW,Esil District
2024-01-04 05:00:00,51.19411054283802,71.48338375455349,road_0012,collector,312,45.0,45,19.44426375170047,0,FREE_FLOW,Right Bank
2024-01-04 05:00:00,51.11540059978571,71.41954819303338,road_0013,arterial,753,59.60032750013754,60,29.055396689365043,0,FREE_FLOW,Left Bank
2024-01-04 05:00:00,51.153146942289446,71.41898050602991,road_0014,collector,353,45.0,45,22.258222300619682,0,FREE_FLOW,Left Bank
2024-01-04 05:00:00,51.09379597309867,71.3747399226662,road_0015,collector,199,45.0,45,9.54886304845408,0,FREE_FLOW,Left Bank
2024-01-04 05:00:00,51.10200587058781,71.4105255768849,road_0016,collector,250,41.34979697063412,45,8.567471479699053,0,FREE_FLOW,Left Bank
2024-01-04 05:00:00,51.14997939524811,71.48471150021103,road_0017,local,148,31.755890962639906,35,28.048458954274956,0,FREE_FLOW,Right Bank
2024-01-04 05:00:00,51.12597404841841,71.5114357036669,road_0018,local,84,35.0,35,7.527579335162173,0,FREE_FLOW,Esil District
2024-01-04 05:00:00,51.15469379256984,71.44515988046629,road_0019,collector,494,45.0,45,34.198450209846996,0,FREE_FLOW,City Center
2024-01-04 05:00:00,51.16857999845184,71.4595019477238,road_0020,arterial,468,60.0,60,26.807622693310467,0,FREE_FLOW,City Center
2024-01-04 05:00:00,51.15694799555623,71.45525725431128,road_0021,collector,319,43.59819530852951,45,24.536708054771807,0,FREE_FLOW,Esil District
2024-01-04 05:00:00,51.15037767188937,71.47600489108373,road_0022,arterial,433,60.0,60,21.185949371029842,0,FREE_FLOW,City Center
2024-01-04 05:00:00,51.179136852536935,71.44184452872075,road_0023,arterial,498,60.0,60,27.51859127276747,0,FREE_FLOW,Esil District
2024-01-04 05:00:00,51.08968684609002,71.45590858984447,road_0024,local,89,33.32795015436724,35,12.854190247495954,0,FREE_FLOW,Esil District
2024-01-04 06:00:00,51.20721558440182,71.41748061169966,road_0000,arterial,1375,53.578485169105214,60,47.57031336888234,0,FREE_FLOW,Right Bank
2024-01-04 06:00:00,51.213488841961706,71.4551094605174,road_0001,local,322,33.00808734707217,35,48.96631248222292,0,FREE_FLOW,Right Bank
2024-01-04 06:00:00,51.09202009123179,71.43847470697595,road_0002,arterial,695,54.38199096505382,60,18.178552810229274,0,FREE_FLOW,Left Bank
2024-01-04 06:00:00,51.19057683736238,71.4135219694281,road_0003,collector,641,40.46294242370079,45,40.949513353526946,0,FREE_FLOW,Right Bank
2024-01-04 06:00:00,51.16991099020425,71.48953431403665,road_0004,collector,439,45.0,45,31.576485860001053,0,FREE_FLOW,Right Bank
2024-01-04 06:00:00,51.160352110793035,71.43655906544681,road_0005,collector,653,43.17503855967086,45,43.18953519990074,0,FREE_FLOW,Left Bank
2024-01-04 06:00:00,51.197010226921215,71.45590960880924,road_0006,arterial,991,55.43846393734284,60,42.83527280906168,0,FREE_FLOW,Right Bank
2024-01-04 06:00:00,51.11464444065831,71.472169515803,road_0007,collector,539,45.0,45,38.10499642613151,0,FREE_FLOW,Esil District
2024-01-04 06:00:00,51.12044326025239,71.43375018852568,road_0008,collector,1107,41.29411434771237,45,68.99100866546165,0,FREE_FLOW,Left Bank
2024-01-04 06:00:00,51.11541119500996,71.39497674159925,road_0009,arterial,1606,56.69580836209451,60,60.3099246357803,0,FREE_FLOW,Left Bank
2024-01-04 06:00:00,51.11078369535379,71.44797551413016,road_0010,collector,481,40.997006028359515,45,30.15956723546865,0,FREE_FLOW,Esil District
2024-01-04 06:00:00,51.08154293158093,71.50410393821133,road_0011,arterial,713,54.62359231197553,60,32.00014712925422,0,FREE_FLOW,Esil District
2024-01-04 06:00:00,51.19411054283802,71.48338375455349,road_0012,collector,651,44.9598755874042,45,41.376430538481145,0,FREE_FLOW,Right Bank
2024-01-04 06:00:00,51.11540059978571,71.41954819303338,road_0013,arterial,1036,57.011836578383836,60,47.50526801254256,0,FREE_FLOW,Left Bank
2024-01-04 06:00:00,51.153146942289446,71.41898050602991,road_0014,collector,788,43.036487033350625,45,47.53040925489992,0,FREE_FLOW,Left Bank
2024-01-04 06:00:00,51.09379597309867,71.3747399226662,road_0015,collector,788,41.942935378322815,45,57.436229529889744,0,FREE_FLOW,Left Bank
2024-01-04 06:00:00,51.10200587058781,71.4105255768849,road_0016,collector,457,40.98235659306005,45,36.89965334426812,0,FREE_FLOW,Left Bank
2024-01-04 06:00:00,51.14997939524811,71.48471150021103,road_0017,local,276,35.0,35,40.377913103890336,0,FREE_FLOW,Right Bank
2024-01-04 06:00:00,51.12597404841841,71.5114357036669,road_0018,local,309,35.0,35,34.00604457484326,0,FREE_FLOW,Esil District
2024-01-04 06:00:00,51.15469379256984,71.44515988046629,road_0019,collector,753,45.0,45,49.338776997964985,0,FREE_FLOW,City Center
2024-01-04 06:00:00,51.16857999845184,71.4595019477238,road_0020,arterial,1689,60.0,60,72.4425337142874,0,FREE_FLOW,City Center
2024-01-04 06:00:00,51.15694799555623,71.45525725431128,road_0021,collector,310,44.43921323742049,45,24.886425495940326,0,FREE_FLOW,Esil District
2024-01-04 06:00:00,51.15037767188937,71.47600489108373,road_0022,arterial,1041,60.0,60,49.87277379470607,0,FREE_FLOW,City Center
2024-01-04 06:00:00,51.179136852536935,71.44184452872075,road_0023,arterial,777,60.0,60,24.7439649025327,0,FREE_FLOW,Esil District
2024-01-04 06:00:00,51.08968684609002,71.45590858984447,road_0024,local,203,34.51278265035702,35,17.827560999560127,0,FREE_FLOW,Esil District
2024-01-04 07:00:00,51.20721558440182,71.41748061169966,road_0000,arterial,2372,48.252587232226404,60,87.94269601208808,0,FREE_FLOW,Right Bank
2024-01-04 07:00:00,51.213488841961706,71.4551094605174,road_0001,local,612,31.564571954633678,35,70.68643632094035,0,FREE_FLOW,Right Bank
2024-01-04 07:00:00,51.09202009123179,71.43847470697595,road_0002,arterial,2500,50.412608372123714,60,91.38348381010834,0,FREE_FLOW,Left Bank
2024-01-04 07:00:00,51.19057683736238,71.4135219694281,road_0003,collector,1095,43.44523550980686,45,77.60832530039471,0,FREE_FLOW,Right Bank
2024-01-04 07:00:00,51.16991099020425,71.48953431403665,road_0004,collector,1500,41.3035855534557,45,97.2293065699703,0,FREE_FLOW,Right Bank
2024-01-04 07:00:00,51.160352110793035,71.43655906544681,road_0005,collector,1500,39.36892059546099,45,98.95887280415407,0,FREE_FLOW,Left Bank
2024-01-04 07:00:00,51.197010226921215,71.45590960880924,road_0006,arterial,2345,50.95918815948706,60,88.39404630724269,0,FREE_FLOW,Right Bank
2024-01-04 07:00:00,51.11464444065831,71.472169515803,road_0007,collector,702,41.41241850519087,45,48.02013672829842,0,FREE_FLOW,Esil District
2024-01-04 07:00:00,51.12044326025239,71.43375018852568,road_0008,collector,1500,41.07313343342748,45,98.18450960383592,0,FREE_FLOW,Left Bank
2024-01-04 07:00:00,51.11541119500996,71.39497674159925,road_0009,arterial,2381,56.21778374104705,60,100.0,0,FREE_FLOW,Left Bank
2024-01-04 07:00:00,51.11078369535379,71.44797551413016,road_0010,collector,943,45.0,45,71.07952698335758,0,FREE_FLOW,Esil District
2024-01-04 07:00:00,51.08154293158093,71.50410393821133,road_0011,arterial,1219,60.0,60,51.29317278182682,0,FREE_FLOW,Esil District
2024-01-04 07:00:00,51.19411054283802,71.48338375455349,road_0012,collector,982,43.642076273164044,45,55.82787106186588,0,FREE_FLOW,Right Bank
2024-01-04 07:00:00,51.11540059978571,71.41954819303338,road_0013,arterial,2500,55.584074220323835,60,96.25521454843631,0,FREE_FLOW,Left Bank
2024-01-04 07:00:00,51.153146942289446,71.41898050602991,road_0014,collector,1500,40.53254357538437,45,100.0,0,FREE_FLOW,Left Bank
2024-01-04 07:00:00,51.09379597309867,71.3747399226662,road_0015,collector,1500,36.06146033135721,45,96.76279976967616,0,FREE_FLOW,Left Bank
2024-01-04 07:00:00,51.10200587058781,71.4105255768849,road_0016,collector,1500,39.2883881926883,45,90.6464653065218,0,FREE_FLOW,Left Bank
2024-01-04 07:00:00,51.14997939524811,71.48471150021103,road_0017,local,774,32.73221883375074,35,96.25594147646511,0,FREE_FLOW,Right Bank
2024-01-04 07:00:00,51.12597404841841,71.5114357036669,road_0018,local,292,35.0,35,38.81452106890345,0,FREE_FLOW,Esil District
2024-01-04 07:00:00,51.15469379256984,71.44515988046629,road_0019,collector,1500,38.36955235576957,45,98.30986793391828,0,FREE_FLOW,City Center
2024-01-04 07:00:00,51.16857999845184,71.4595019477238,road_0020,arterial,2500,48.150659097567114,60,100.0,0,FREE_FLOW,City Center
2024-01-04 07:00:00,51.15694799555623,71.45525725431128,road_0021,collector,815,42.123761808760975,45,51.65172204160484,0,FREE_FLOW,Esil District
2024-01-04 07:00:00,51.15037767188937,71.47600489108373,road_0022,arterial,2500,48.05841804549017,60,100.0,0,FREE_FLOW,City Center
2024-01-04 07:00:00,51.179136852536935,71.44184452872075,road_0023,arterial,1763,53.52858353137176,60,77.91859124793989,0,FREE_FLOW,Esil District
2024-01-04 07:00:00,51.08968684609002,71.45590858984447,road_0024,local,567,33.66561420379887,35,70.47680284480093,0,FREE_FLOW,Esil District
2024-01-04 08:00:00,51.20721558440182,71.41748061169966,road_0000,arterial,2500,47.16002762724022,60,91.82503318238096,1,LIGHT,Right Bank
2024-01-04 08:00:00,51.213488841961706,71.4551094605174,road_0001,local,800,31.161250211053794,35,100.0,0,FREE_FLOW,Right Bank
2024-01-04 08:00:00,51.09202009123179,71.43847470697595,road_0002,arterial,2500,53.836698814948704,60,94.80624620593349,0,FREE_FLOW,Left Bank
2024-01-04 08:00:00,51.19057683736238,71.4135219694281,road_0003,collector,1500,36.267023134250536,45,93.96061893262187,0,FREE_FLOW,Right Bank
2024-01-04 08:00:00,51.16991099020425,71.48953431403665,road_0004,collector,1220,38.02065021824129,45,77.2276302704627,0,FREE_FLOW,Right Bank
2024-01-04 08:00:00,51.160352110793035,71.43655906544681,road_0005,collector,1500,39.31467334322934,45,100.0,0,FREE_FLOW,Left Bank
2024-01-04 08:00:00,51.197010226921215,71.45590960880924,road_0006,arterial,2029,50.922577075381426,60,77.76615375113757,0,FREE_FLOW,Right Bank
2024-01-04 08:00:00,51.11464444065831,71.472169515803,road_0007,collector,855,41.912958639487975,45,49.40501973141468,0,FREE_FLOW,Esil District
2024-01-04 08:00:00,51.12044326025239,71.43375018852568,road_0008,collector,1500,40.60956509991054,45,100.0,0,FREE_FLOW,Left Bank
2024-01-04 08:00:00,51.11541119500996,71.39497674159925,road_0009,arterial,2500,56.670241506484494,60,90.05684307327945,0,FREE_FLOW,Left Bank
2024-01-04 08:00:00,51.11078369535379,71.44797551413016,road_0010,collector,739,44.028001797304,45,54.68743407156376,0,FREE_FLOW,Esil District
2024-01-04 08:00:00,51.08154293158093,71.50410393821133,road_0011,arterial,2500,55.417336835084576,60,100.0,0,FREE_FLOW,Esil District
2024-01-04 08:00:00,51.19411054283802,71.48338375455349,road_0012,collector,1500,40.94299049102194,45,100.0,0,FREE_FLOW,Right Bank
2024-01-04 08:00:00,51.11540059978571,71.41954819303338,road_0013,arterial,2500,57.168564327004866,60,100.0,0,FREE_FLOW,Left Bank
2024-01-04 08:00:00,51.153146942289446,71.41898050602991,road_0014,collector,1500,36.493940935695754,45,100.0,0,FREE_FLOW,Left Bank
2024-01-04 08:00:00,51.09379597309867,71.3747399226662,road_0015,collector,1500,39.769445212223545,45,93.36520888676009,0,FREE_FLOW,Left Bank
2024-01-04 08:00:00,51.10200587058781,71.4105255768849,road_0016,collector,1500,35.25264376419357,45,98.46773498134924,1,LIGHT,Left Bank
2024-01-04 08:00:00,51.14997939524811,71.48471150021103,road_0017,local,797,28.121881448542506,35,96.1100174770394,0,FREE_FLOW,Right Bank
2024-01-04 08:00:00,51.12597404841841,71.5114357036669,road_0018,local,541,31.232504819344417,35,75.80964752923003,0,FREE_FLOW,Esil District
2024-01-04 08:00:00,51.15469379256984,71.44515988046629,road_0019,collector,1500,40.38563612505044,45,96.56139368971316,0,FREE_FLOW,City Center
2024-01-04 08:00:00,51.16857999845184,71.4595019477238,road_0020,arterial,2500,50.71214646485597,60,100.0,0,FREE_FLOW,City Center
2024-01-04 08:00:00,51.15694799555623,71.45525725431128,road_0021,collector,1117,45.0,45,72.28172635800675,0,FREE_FLOW,Esil District
2024-01-04 08:00:00,51.15037767188937,71.47600489108373,road_0022,arterial,2500,49.536053414928354,60,94.0847724113973,0,FREE_FLOW,City Center
2024-01-04 08:00:00,51.179136852536935,71.44184452872075,road_0023,arterial,2417,49.12276486344615,60,90.29325397804818,0,FREE_FLOW,Esil District
2024-01-04 08:00:00,51.08968684609002,71.45590858984447,road_0024,local,472,34.21033645306104,35,58.95375919095544,0,FREE_FLOW,Esil District
2024-01-04 09:00:00,51.20721558440182,71.41748061169966,road_0000,arterial,2500,53.18251713388269,60,96.39759153335527,0,FREE_FLOW,Right Bank
2024-01-04 09:00:00,51.213488841961706,71.4551094605174,road_0001,local,800,27.77309147817497,35,100.0,1,LIGHT,Right Bank
2024-01-04 09:00:00,51.09202009123179,71.43847470697595,road_0002,arterial,2500,56.19862866303108,60,92.67521390154005,0,FREE_FLOW,Left Bank
2024-01-04 09:00:00,51.19057683736238,71.4135219694281,road_0003,collector,1459,36.82575275899176,45,87.9396611346472,0,FREE_FLOW,Right Bank
2024-01-04 09:00:00,51.16991099020425,71.48953431403665,road_0004,collector,1422,36.32542074999731,45,89.31526149750056,0,FREE_FLOW,Right Bank
2024-01-04 09:00:00,51.160352110793035,71.43655906544681,road_0005,collector,1500,36.21575074980745,45,100.0,0,FREE_FLOW,Left Bank
2024-01-04 09:00:00,51.197010226921215,71.45590960880924,road_0006,arterial,2500,51.62254439510259,60,100.0,0,FREE_FLOW,Right Bank
2024-01-04 09:00:00,51.11464444065831,71.472169515803,road_0007,collector,1039,43.67963682697511,45,61.132623776201534,0,FREE_FLOW,Esil District
2024-01-04 09:00:00,51.12044326025239,71.43375018852568,road_0008,collector,1500,40.68213334067385,45,100.0,0,FREE_FLOW,Left Bank
2024-01-04 09:00:00,51.11541119500996,71.39497674159925,road_0009,arterial,2500,52.31690990214842,60,99.58831597254203,0,FREE_FLOW,Left Bank
2024-01-04 09:00:00,51.11078369535379,71.44797551413016,road_0010,collector,642,45.0,45,44.52416332381018,0,FREE_FLOW,Esil District
2024-01-04 09:00:00,51.08154293158093,71.50410393821133,road_0011,arterial,2500,53.38915699021355,60,100.0,0,FREE_FLOW,Esil District
2024-01-04 09:00:00,51.19411054283802,71.48338375455349,road_0012,collector,1500,42.619184187972714,45,100.0,0,FREE_FLOW,Right Bank
2024-01-04 09:00:00,51.11540059978571,71.41954819303338,road_0013,arterial,2500,48.74998646127911,60,91.57324116628517,0,FREE_FLOW,Left Bank
2024-01-04 09:00:00,51.153146942289446,71.41898050602991,road_0014,collector,1374,39.40824923240576,45,85.29302491787396,0,FREE_FLOW,Left Bank
2024-01-04 09:00:00,51.09379597309867,71.3747399226662,road_0015,collector,1500,40.48061012012458,45,94.21854672213024,0,FREE_FLOW,Left Bank
2024-01-04 09:00:00,51.10200587058781,71.4105255768849,road_0016,collector,1500,36.086046369822874,45,100.0,0,FREE_FLOW,Left Bank
2024-01-04 09:00:00,51.14997939524811,71.48471150021103,road_0017,local,543,34.36984407957349,35,60.40925470468478,0,FREE_FLOW,Right Bank
2024-01-04 09:00:00,51.12597404841841,71.5114357036669,road_0018,local,437,33.401280049434654,35,48.024796260352744,0,FREE_FLOW,Esil District
2024-01-04 09:00:00,51.15469379256984,71.44515988046629,road_0019,collector,1500,36.19502460579627,45,93.27248000420468,0,FREE_FLOW,City Center
2024-01-04 09:00:00,51.16857999845184,71.4595019477238,road_0020,arterial,2500,47.42701414962146,60,100.0,1,LIGHT,City Center
2024-01-04 09:00:00,51.15694799555623,71.45525725431128,road_0021,collector,1376,40.160885787562336,45,83.69449030458249,0,FREE_FLOW,Esil District
2024-01-04 09:00:00,51.15037767188937,71.47600489108373,road_0022,arterial,2500,54.91378552478143,60,99.7940806371571,0,FREE_FLOW,City Center
2024-01-04 09:00:00,51.179136852536935,71.44184452872075,road_0023,arterial,2019,56.06807672830573,60,88.60305833739922,0,FREE_FLOW,Esil District
2024-01-04 09:00:00,51.08968684609002,71.45590858984447,road_0024,local,649,31.95620841468532,35,87.99105932304323,0,FREE_FLOW,Esil District
2024-01-04 10:00:00,51.20721558440182,71.41748061169966,road_0000,arterial,641,60.0,60,29.718268522562155,0,FREE_FLOW,Right Bank
2024-01-04 10:00:00,51.213488841961706,71.4551094605174,road_0001,local,574,30.718812241274723,35,70.72663386361297,0,FREE_FLOW,Right Bank
2024-01-04 10:00:00,51.09202009123179,71.43847470697595,road_0002,arterial,1736,58.42016693775077,60,71.5941961645401,0,FREE_FLOW,Left Bank
2024-01-04 10:00:00,51.19057683736238,71.4135219694281,road_0003,collector,588,44.84325327253611,45,34.74693523449259,0,FREE_FLOW,Right Bank
2024-01-04 10:00:00,51.16991099020425,71.48953431403665,road_0004,collector,427,45.0,45,24.94625216086866,0,FREE_FLOW,Right Bank
2024-01-04 10:00:00,51.160352110793035,71.43655906544681,road_0005,collector,679,45.0,45,46.514234274354706,0,FREE_FLOW,Left Bank
2024-01-04 10:00:00,51.197010226921215,71.45590960880924,road_0006,arterial,1194,60.0,60,47.16743134769733,0,FREE_FLOW,Right Bank
2024-01-04 10:00:00,51.11464444065831,71.472169515803,road_0007,collector,779,41.62620570249522,45,56.85842023625909,0,FREE_FLOW,Esil District
2024-01-04 10:00:00,51.12044326025239,71.43375018852568,road_0008,collector,616,42.7965392908751,45,38.22293226071886,0,FREE_FLOW,Left Bank
2024-01-04 10:00:00,51.11541119500996,71.39497674159925,road_0009,arterial,1998,60.0,60,76.26001939468608,0,FREE_FLOW,Left Bank
2024-01-04 10:00:00,51.11078369535379,71.44797551413016,road_0010,collector,654,45.0,45,50.249974019719325,0,FREE_FLOW,Esil District
2024-01-04 10:00:00,51.08154293158093,71.50410393821133,road_0011,arterial,677,60.0,60,17.1116928893268,0,FREE_FLOW,Esil District
2024-01-04 10:00:00,51.19411054283802,71.48338375455349,road_0012,collector,679,45.0,45,50.714886659212354,0,FREE_FLOW,Right Bank
2024-01-04 10:00:00,51.11540059978571,71.41954819303338,road_0013,arterial,2500,48.688562312388285,60,96.36374958912778,0,FREE_FLOW,Left Bank
2024-01-04 10:00:00,51.153146942289446,71.41898050602991,road_0014,collector,1152,43.883566037760396,45,76.26345303261913,0,FREE_FLOW,Left Bank
2024-01-04 10:00:00,51.09379597309867,71.3747399226662,road_0015,collector,1313,39.441764763970575,45,93.19967113772056,0,FREE_FLOW,Left Bank
2024-01-04 10:00:00,51.10200587058781,71.4105255768849,road_0016,collector,935,39.87054697381995,45,69.76347760314601,0,FREE_FLOW,Left Bank
2024-01-04 10:00:00,51.14997939524811,71.48471150021103,road_0017,local,343,34.804001232803394,35,38.199913987880066,0,FREE_FLOW,Right Bank
2024-01-04 10:00:00,51.12597404841841,71.5114357036669,road_0018,local,228,35.0,35,25.176298234184742,0,FREE_FLOW,Esil District
2024-01-04 10:00:00,51.15469379256984,71.44515988046629,road_0019,collector,1136,39.05048284961811,45,80.67964984479106,0,FREE_FLOW,City Center
2024-01-04 10:00:00,51.16857999845184,71.4595019477238,road_0020,arterial,1859,54.63050098280395,60,76.11380255119637,0,FREE_FLOW,City Center
2024-01-04 10:00:00,51.15694799555623,71.45525725431128,road_0021,collector,702,42.69893772403655,45,41.639212713489925,0,FREE_FLOW,Esil District
2024-01-04 10:00:00,51.15037767188937,71.47600489108373,road_0022,arterial,2500,56.5357618444628,60,100.0,0,FREE_FLOW,City Center
2024-01-04 10:00:00,51.179136852536935,71.44184452872075,road_0023,arterial,1325,60.0,60,46.95648857682646,0,FREE_FLOW,Esil District
2024-01-04 10:00:00,51.08968684609002,71.45590858984447,road_0024,local,225,35.0,35,31.837061330897487,0,FREE_FLOW,Esil District
2024-01-04 11:00:00,51.20721558440182,71.41748061169966,road_0000,arterial,1344,54.52984005914202,60,62.8264016086851,0,FREE_FLOW,Right Bank
2024-01-04 11:00:00,51.213488841961706,71.4551094605174,road_0001,local,341,32.010516664853874,35,51.90608260262979,0,FREE_FLOW,Right Bank
2024-01-04 11:00:00,51.09202009123179,71.43847470697595,road_0002,arterial,863,60.0,60,25.56811372922398,0,FREE_FLOW,Left Bank
2024-01-04 11:00:00,51.19057683736238,71.4135219694281,road_0003,collector,955,45.0,45,64.11812307190286,0,FREE_FLOW,Right Bank
2024-01-04 11:00:00,51.16991099020425,71.48953431403665,road_0004,collector,488,41.42407760700412,45,32.3334183486202,0,FREE_FLOW,Right Bank
2024-01-04 11:00:00,51.160352110793035,71.43655906544681,road_0005,collector,956,40.722770462150166,45,54.44497624920258,0,FREE_FLOW,Left Bank
2024-01-04 11:00:00,51.197010226921215,71.45590960880924,road_0006,arterial,1238,54.54509064082194,60,58.20506598192722,0,FREE_FLOW,Right Bank
2024-01-04 11:00:00,51.11464444065831,71.472169515803,road_0007,collector,876,45.0,45,67.22271169700895,0,FREE_FLOW,Esil District
2024-01-04 11:00:00,51.12044326025239,71.43375018852568,road_0008,collector,838,41.15236208885712,45,54.397580638868185,0,FREE_FLOW,Left Bank
2024-01-04 11:00:00,51.11541119500996,71.39497674159925,road_0009,arterial,1205,60.0,60,49.28257432420912,0,FREE_FLOW,Left Bank
2024-01-04 11:00:00,51.11078369535379,71.44797551413016,road_0010,collector,879,45.0,45,62.41707008679626,0,FREE_FLOW,Esil District
2024-01-04 11:00:00,51.08154293158093,71.50410393821133,road_0011,arterial,608,60.0,60,33.684158554067324,0,FREE_FLOW,Esil District
2024-01-04 11:00:00,51.19411054283802,71.48338375455349,road_0012,collector,982,39.8379009579011,45,72.61052573840279,0,FREE_FLOW,Right Bank
2024-01-04 11:00:00,51.11540059978571,71.41954819303338,road_0013,arterial,1219,56.68148199432857,60,48.427841333642526,0,FREE_FLOW,Left Bank
2024-01-04 11:00:00,51.153146942289446,71.41898050602991,road_0014,collector,837,45.0,45,55.58268063431815,0,FREE_FLOW,Left Bank
2024-01-04 11:00:00,51.09379597309867,71.3747399226662,road_0015,collector,1076,44.991879606929544,45,71.48496540126766,0,FREE_FLOW,Left Bank
2024-01-04 11:00:00,51.10200587058781,71.4105255768849,road_0016,collector,1094,45.0,45,75.37162175901089,0,FREE_FLOW,Left Bank
2024-01-04 11:00:00,51.14997939524811,71.48471150021103,road_0017,local,239,35.0,35,28.007117060921914,0,FREE_FLOW,Right Bank
2024-01-04 11:00:00,51.12597404841841,71.5114357036669,road_0018,local,188,35.0,35,19.207227719957093,0,FREE_FLOW,Esil District
2024-01-04 11:00:00,51.15469379256984,71.44515988046629,road_0019,collector,1500,36.215815843695864,45,100.0,0,FREE_FLOW,City Center
2024-01-04 11:00:00,51.16857999845184,71.4595019477238,road_0020,arterial,2500,55.46979397299852,60,96.7065801491787,0,FREE_FLOW,City Center
2024-01-04 11:00:00,51.15694799555623,71.45525725431128,road_0021,collector,862,45.0,45,49.77702466880631,0,FREE_FLOW,Esil District
2024-01-04 11:00:00,51.15037767188937,71.47600489108373,road_0022,arterial,2500,48.69971133358734,60,91.31788036423839,0,FREE_FLOW,City Center
2024-01-04 11:00:00,51.179136852536935,71.44184452872075,road_0023,arterial,1469,56.44900581881832,60,55.89243597652104,0,FREE_FLOW,Esil District
2024-01-04 11:00:00,51.08968684609002,71.45590858984447,road_0024,local,263,35.0,35,31.262756630393717,0,FREE_FLOW,Esil District
2024-01-04 12:00:00,51.20721558440182,71.41748061169966,road_0000,arterial,1792,52.8571512661021,60,67.5348309716632,0,FREE_FLOW,Right Bank
2024-01-04 12:00:00,51.213488841961706,71.4551094605174,road_0001,local,402,35.0,35,44.29166330015847,0,FREE_FLOW,Right Bank
2024-01-04 12:00:00,51.09202009123179,71.43847470697595,road_0002,arterial,1702,55.577624772432394,60,62.05301305362278,0,FREE_FLOW,Left Bank
2024-01-04 12:00:00,51.19057683736238,71.4135219694281,road_0003,collector,1088,44.58293589066119,45,69.10936942490241,0,FREE_FLOW,Right Bank
2024-01-04 12:00:00,51.16991099020425,71.48953431403665,road_0004,collector,594,43.15495877739115,45,32.77274373299198,0,FREE_FLOW,Right Bank
2024-01-04 12:00:00,51.160352110793035,71.43655906544681,road_0005,collector,641,41.53329791576831,45,48.82616728002688,0,FREE_FLOW,Left Bank
2024-01-04 12:00:00,51.197010226921215,71.45590960880924,road_0006,arterial,1924,54.83097335415857,60,77.71839052658486,0,FREE_FLOW,Right Bank
2024-01-04 12:00:00,51.11464444065831,71.472169515803,road_0007,collector,489,45.0,45,34.62773971963572,0,FREE_FLOW,Esil District
2024-01-04 12:00:00,51.12044326025239,71.43375018852568,road_0008,collector,801,43.27344281817839,45,44.725803748931014,0,FREE_FLOW,Left Bank
2024-01-04 12:00:00,51.11541119500996,71.39497674159925,road_0009,arterial,1505,60.0,60,60.14178618701594,0,FREE_FLOW,Left Bank
2024-01-04 12:00:00,51.11078369535379,71.44797551413016,road_0010,collector,983,44.93263678405389,45,65.28771069964073,0,FREE_FLOW,Esil District
2024-01-04 12:00:00,51.08154293158093,71.50410393821133,road_0011,arterial,676,58.38889559385478,60,20.136315097434704,0,FREE_FLOW,Esil District
2024-01-04 12:00:00,51.19411054283802,71.48338375455349,road_0012,collector,675,45.0,45,46.43273235948265,0,FREE_FLOW,Right Bank
2024-01-04 12:00:00,51.11540059978571,71.41954819303338,road_0013,arterial,2223,54.98182788025278,60,94.10056096102406,0,FREE_FLOW,Left Bank
2024-01-04 12:00:00,51.153146942289446,71.41898050602991,road_0014,collector,1176,43.28806923633643,45,85.2904306262731,0,FREE_FLOW,Left Bank
2024-01-04 12:00:00,51.09379597309867,71.3747399226662,road_0015,collector,1500,41.47640407404971,45,100.0,0,FREE_FLOW,Left Bank
2024-01-04 12:00:00,51.10200587058781,71.4105255768849,road_0016,collector,961,43.603280336652624,45,62.676538335296875,0,FREE_FLOW,Left Bank
2024-01-04 12:00:00,51.14997939524811,71.48471150021103,road_0017,local,389,35.0,35,49.47595724601292,0,FREE_FLOW,Right Bank
2024-01-04 12:00:00,51.12597404841841,71.5114357036669,road_0018,local,461,34.46408833119478,35,66.56580556288719,0,FREE_FLOW,Esil District
2024-01-04 12:00:00,51.15469379256984,71.44515988046629,road_0019,collector,1500,38.48971838846817,45,97.57284766808188,0,FREE_FLOW,City Center
2024-01-04 12:00:00,51.16857999845184,71.4595019477238,road_0020,arterial,2500,50.14957537652001,60,99.92797843354168,0,FREE_FLOW,City Center
2024-01-04 12:00:00,51.15694799555623,71.45525725431128,road_0021,collector,948,45.0,45,61.3547843238319,0,FREE_FLOW,Esil District
2024-01-04 12:00:00,51.15037767188937,71.47600489108373,road_0022,arterial,2500,48.126245325399225,60,99.99098324535166,0,FREE_FLOW,City Center
2024-01-04 12:00:00,51.179136852536935,71.44184452872075,road_0023,arterial,1032,58.48288000203996,60,49.21988156371348,0,FREE_FLOW,Esil District
2024-01-04 12:00:00,51.08968684609002,71.45590858984447,road_0024,local,494,30.883837435116938,35,71.22561001957858,0,FREE_FLOW,Esil District
2024-01-04 13:00:00,51.20721558440182,71.41748061169966,road_0000,arterial,1976,51.1617296074327,60,88.26041871530425,0,FREE_FLOW,Right Bank
2024-01-04 13:00:00,51.213488841961706,71.4551094605174,road_0001,local,294,31.858098305143464,35,27.259453834702143,0,FREE_FLOW,Right Bank
2024-01-04 13:00:00,51.09202009123179,71.43847470697595,road_0002,arterial,1392,53.63781349305095,60,56.598051185336146,0,FREE_FLOW,Left Bank
2024-01-04 13:00:00,51.19057683736238,71.4135219694281,road_0003,collector,519,41.7458704928331,45,36.4788124188681,0,FREE_FLOW,Right Bank
2024-01-04 13:00:00,51.16991099020425,71.48953431403665,road_0004,collector,783,45.0,45,62.17798574092345,0,FREE_FLOW,Right Bank
2024-01-04 13:00:00,51.160352110793035,71.43655906544681,road_0005,collector,1436,39.298075392395155,45,99.46481917482902,0,FREE_FLOW,Left Bank
2024-01-04 13:00:00,51.197010226921215,71.45590960880924,road_0006,arterial,1297,59.63705375870743,60,54.004045072206644,0,FREE_FLOW,Right Bank
2024-01-04 13:00:00,51.11464444065831,71.472169515803,road_0007,collector,376,43.11287149695092,45,15.30462331156978,0,FREE_FLOW,Esil District
2024-01-04 13:00:00,51.12044326025239,71.43375018852568,road_0008,collector,583,45.0,45,30.129877229949454,0,FREE_FLOW,Left Bank
2024-01-04 13:00:00,51.11541119500996,71.39497674159925,road_0009,arterial,1686,59.6783413473448,60,64.43700472181709,0,FREE_FLOW,Left Bank
2024-01-04 13:00:00,51.11078369535379,71.44797551413016,road_0010,collector,791,45.0,45,57.69747570123589,0,FREE_FLOW,Esil District
2024-01-04 13:00:00,51.08154293158093,71.50410393821133,road_0011,arterial,1408,60.0,60,50.61275925808857,0,FREE_FLOW,Esil District
2024-01-04 13:00:00,51.19411054283802,71.48338375455349,road_0012,collector,811,45.0,45,60.72529963452496,0,FREE_FLOW,Right Bank
2024-01-04 13:00:00,51.11540059978571,71.41954819303338,road_0013,arterial,2015,53.70242627794413,60,71.23240076474929,0,FREE_FLOW,Left Bank
2024-01-04 13:00:00,51.153146942289446,71.41898050602991,road_0014,collector,1500,40.701589571267355,45,100.0,0,FREE_FLOW,Left Bank
2024-01-04 13:00:00,51.09379597309867,71.3747399226662,road_0015,collector,1500,40.09609868108125,45,100.0,0,FREE_FLOW,Left Bank
2024-01-04 13:00:00,51.10200587058781,71.4105255768849,road_0016,collector,1134,42.25185433500291,45,78.74637650312545,0,FREE_FLOW,Left Bank
2024-01-04 13:00:00,51.14997939524811,71.48471150021103,road_0017,local,304,35.0,35,38.204941996062914,0,FREE_FLOW,Right Bank
2024-01-04 13:00:00,51.12597404841841,71.5114357036669,road_0018,local,251,32.29850956689786,35,30.33490909337736,0,FREE_FLOW,Esil District
2024-01-04 13:00:00,51.15469379256984,71.44515988046629,road_0019,collector,1140,40.98821613537369,45,69.20640942733868,0,FREE_FLOW,City Center
2024-01-04 13:00:00,51.16857999845184,71.4595019477238,road_0020,arterial,1845,58.7935029594254,60,64.4155035651832,0,FREE_FLOW,City Center
2024-01-04 13:00:00,51.15694799555623,71.45525725431128,road_0021,collector,729,45.0,45,57.231299600158366,0,FREE_FLOW,Esil District
2024-01-04 13:00:00,51.15037767188937,71.47600489108373,road_0022,arterial,2398,56.77586061592532,60,100.0,0,FREE_FLOW,City Center
2024-01-04 13:00:00,51.179136852536935,71.44184452872075,road_0023,arterial,765,60.0,60,28.30101358407233,0,FREE_FLOW,Esil District
2024-01-04 13:00:00,51.08968684609002,71.45590858984447,road_0024,local,320,35.0,35,32.27129081955076,0,FREE_FLOW,Esil District
2024-01-04 14:00:00,51.20721558440182,71.41748061169966,road_0000,arterial,767,54.76863109980672,60,32.487619304077214,0,FREE_FLOW,Right Bank
2024-01-04 14:00:00,51.213488841961706,71.4551094605174,road_0001,local,181,35.0,35,23.386351014696455,0,FREE_FLOW,Right Bank
2024-01-04 14:00:00,51.09202009123179,71.43847470697595,road_0002,arterial,2161,55.754005988423295,60,77.18103987386985,0,FREE_FLOW,Left Bank
2024-01-04 14:00:00,51.19057683736238,71.4135219694281,road_0003,collector,732,42.644341085684054,45,41.02126606563309,0,FREE_FLOW,Right Bank
2024-01-04 14:00:00,51.16991099020425,71.48953431403665,road_0004,collector,773,42.921625626449924,45,57.772963147047534,0,FREE_FLOW,Right Bank
2024-01-04 14:00:00,51.160352110793035,71.43655906544681,road_0005,collector,669,40.405163814164005,45,43.64549024578278,0,FREE_FLOW,Left Bank
2024-01-04 14:00:00,51.197010226921215,71.45590960880924,road_0006,arterial,626,58.06407272403761,60,17.3117463475735,0,FREE_FLOW,Right Bank
2024-01-04 14:00:00,51.11464444065831,71.472169515803,road_0007,collector,753,43.295053849232815,45,52.75112047741293,0,FREE_FLOW,Esil District
2024-01-04 14:00:00,51.12044326025239,71.43375018852568,road_0008,collector,672,44.58309598049347,45,44.80667311352045,0,FREE_FLOW,Left Bank
2024-01-04 14:00:00,51.11541119500996,71.39497674159925,road_0009,arterial,1256,57.518265829440075,60,50.093486606220054,0,FREE_FLOW,Left Bank
2024-01-04 14:00:00,51.11078369535379,71.44797551413016,road_0010,collector,365,43.01537267564719,45,29.38967385510953,0,FREE_FLOW,Esil District
2024-01-04 14:00:00,51.08154293158093,71.50410393821133,road_0011,arterial,660,60.0,60,19.50686605020034,0,FREE_FLOW,Esil District
2024-01-04 14:00:00,51.19411054283802,71.48338375455349,road_0012,collector,603,45.0,45,30.930407587627478,0,FREE_FLOW,Right Bank
2024-01-04 14:00:00,51.11540059978571,71.41954819303338,road_0013,arterial,1119,57.42279894240541,60,49.94857409912973,0,FREE_FLOW,Left Bank
2024-01-04 14:00:00,51.153146942289446,71.41898050602991,road_0014,collector,853,42.54600354915707,45,59.41300823382596,0,FREE_FLOW,Left Bank
2024-01-04 14:00:00,51.09379597309867,71.3747399226662,road_0015,collector,1500,38.478481353966274,45,92.73444552746932,0,FREE_FLOW,Left Bank
2024-01-04 14:00:00,51.10200587058781,71.4105255768849,road_0016,collector,899,44.882160300804394,45,66.77194682291841,0,FREE_FLOW,Left Bank
2024-01-04 14:00:00,51.14997939524811,71.48471150021103,road_0017,local,224,35.0,35,18.165305958917173,0,FREE_FLOW,Right Bank
2024-01-04 14:00:00,51.12597404841841,71.5114357036669,road_0018,local,299,35.0,35,33.22383609179032,0,FREE_FLOW,Esil District
2024-01-04 14:00:00,51.15469379256984,71.44515988046629,road_0019,collector,1405,40.82479287654972,45,89.64562122826227,0,FREE_FLOW,City Center
2024-01-04 14:00:00,51.16857999845184,71.4595019477238,road_0020,arterial,912,56.07597572460816,60,29.00339180297474,0,FREE_FLOW,City Center
2024-01-04 14:00:00,51.15694799555623,71.45525725431128,road_0021,collector,638,40.85114354174106,45,45.5856013682804,0,FREE_FLOW,Esil District
2024-01-04 14:00:00,51.15037767188937,71.47600489108373,road_0022,arterial,2023,60.0,60,73.80335631636099,0,FREE_FLOW,City Center
2024-01-04 14:00:00,51.179136852536935,71.44184452872075,road_0023,arterial,997,60.0,60,38.281445905043284,0,FREE_FLOW,Esil District
2024-01-04 14:00:00,51.08968684609002,71.45590858984447,road_0024,local,177,35.0,35,16.900317880079466,0,FREE_FLOW,Esil District
2024-01-04 15:00:00,51.20721558440182,71.41748061169966,road_0000,arterial,1758,60.0,60,74.79218875515903,0,FREE_FLOW,Right Bank
2024-01-04 15:00:00,51.213488841961706,71.4551094605174,road_0001,local,282,35.0,35,39.08693759891936,0,FREE_FLOW,Right Bank
2024-01-04 15:00:00,51.09202009123179,71.43847470697595,road_0002,arterial,1976,60.0,60,71.0086941808998,0,FREE_FLOW,Left Bank
2024-01-04 15:00:00,51.19057683736238,71.4135219694281,road_0003,collector,674,45.0,45,50.80206497108056,0,FREE_FLOW,Right Bank
2024-01-04 15:00:00,51.16991099020425,71.48953431403665,road_0004,collector,585,45.0,45,47.66450122638257,0,FREE_FLOW,Right Bank
2024-01-04 15:00:00,51.160352110793035,71.43655906544681,road_0005,collector,1500,35.27430892977921,45,97.12422634507739,1,LIGHT,Left Bank
2024-01-04 15:00:00,51.197010226921215,71.45590960880924,road_0006,arterial,722,56.15796775386719,60,26.866522927830204,0,FREE_FLOW,Right Bank
2024-01-04 15:00:00,51.11464444065831,71.472169515803,road_0007,collector,467,43.12298204060573,45,38.10915838885015,0,FREE_FLOW,Esil District
2024-01-04 15:00:00,51.12044326025239,71.43375018852568,road_0008,collector,1214,45.0,45,71.97097488521318,0,FREE_FLOW,Left Bank
2024-01-04 15:00:00,51.11541119500996,71.39497674159925,road_0009,arterial,1769,55.95803251910515,60,63.92253139266137,0,FREE_FLOW,Left Bank
2024-01-04 15:00:00,51.11078369535379,71.44797551413016,road_0010,collector,316,45.0,45,21.696385212756763,0,FREE_FLOW,Esil District
2024-01-04 15:00:00,51.08154293158093,71.50410393821133,road_0011,arterial,978,58.930453681147384,60,32.07492648875922,0,FREE_FLOW,Esil District
2024-01-04 15:00:00,51.19411054283802,71.48338375455349,road_0012,collector,435,40.63259514249448,45,35.1002976023614,0,FREE_FLOW,Right Bank
2024-01-04 15:00:00,51.11540059978571,71.41954819303338,road_0013,arterial,2070,57.21276859464281,60,92.29356821614232,0,FREE_FLOW,Left Bank
2024-01-04 15:00:00,51.153146942289446,71.41898050602991,road_0014,collector,1141,45.0,45,83.30874813569628,0,FREE_FLOW,Left Bank
2024-01-04 15:00:00,51.09379597309867,71.3747399226662,road_0015,collector,1269,37.659681585094454,45,89.02978346263345,0,FREE_FLOW,Left Bank
2024-01-04 15:00:00,51.10200587058781,71.4105255768849,road_0016,collector,1375,37.5026935051562,45,88.80466441016175,0,FREE_FLOW,Left Bank
2024-01-04 15:00:00,51.14997939524811,71.48471150021103,road_0017,local,400,32.63637391602747,35,42.14602420741345,0,FREE_FLOW,Right Bank
2024-01-04 15:00:00,51.12597404841841,71.5114357036669,road_0018,local,240,35.0,35,21.257852449049736,0,FREE_FLOW,Esil District
2024-01-04 15:00:00,51.15469379256984,71.44515988046629,road_0019,collector,1294,38.34541393771725,45,95.55433504234742,0,FREE_FLOW,City Center
2024-01-04 15:00:00,51.16857999845184,71.4595019477238,road_0020,arterial,2081,52.78049010036904,60,78.56316772102353,0,FREE_FLOW,City Center
2024-01-04 15:00:00,51.15694799555623,71.45525725431128,road_0021,collector,919,42.11242136740676,45,62.40427846962598,0,FREE_FLOW,Esil District
2024-01-04 15:00:00,51.15037767188937,71.47600489108373,road_0022,arterial,1755,60.0,60,75.43774557781504,0,FREE_FLOW,City Center
2024-01-04 15:00:00,51.179136852536935,71.44184452872075,road_0023,arterial,1076,56.281367575992206,60,44.27962683252758,0,FREE_FLOW,Esil District
2024-01-04 15:00:00,51.08968684609002,71.45590858984447,road_0024,local,301,35.0,35,31.465673047229924,0,FREE_FLOW,Esil District
2024-01-04 16:00:00,51.20721558440182,71.41748061169966,road_0000,arterial,2038,59.689535480620734,60,87.02321857057875,0,FREE_FLOW,Right Bank
2024-01-04 16:00:00,51.213488841961706,71.4551094605174,road_0001,local,435,34.88894276337958,35,52.886267314367025,0,FREE_FLOW,Right Bank
2024-01-04 16:00:00,51.09202009123179,71.43847470697595,road_0002,arterial,2500,49.72500633386966,60,97.87955657834488,0,FREE_FLOW,Left Bank
2024-01-04 16:00:00,51.19057683736238,71.4135219694281,road_0003,collector,682,45.0,45,48.37464015291637,0,FREE_FLOW,Right Bank
2024-01-04 16:00:00,51.16991099020425,71.48953431403665,road_0004,collector,726,45.0,45,53.594426573618506,0,FREE_FLOW,Right Bank
2024-01-04 16:00:00,51.160352110793035,71.43655906544681,road_0005,collector,1364,42.46251244729767,45,88.40372661796816,0,FREE_FLOW,Left Bank
2024-01-04 16:00:00,51.197010226921215,71.45590960880924,road_0006,arterial,2122,55.205603613762754,60,85.13165253694272,0,FREE_FLOW,Right Bank
2024-01-04 16:00:00,51.11464444065831,71.472169515803,road_0007,collector,878,45.0,45,59.70792220382412,0,FREE_FLOW,Esil District
2024-01-04 16:00:00,51.12044326025239,71.43375018852568,road_0008,collector,1017,42.517692734660685,45,73.6154612746407,0,FREE_FLOW,Left Bank
2024-01-04 16:00:00,51.11541119500996,71.39497674159925,road_0009,arterial,1964,53.92841597009276,60,69.38455627998121,0,FREE_FLOW,Left Bank
2024-01-04 16:00:00,51.11078369535379,71.44797551413016,road_0010,collector,971,44.12692524165713,45,65.9170509329303,0,FREE_FLOW,Esil District
2024-01-04 16:00:00,51.08154293158093,71.50410393821133,road_0011,arterial,953,60.0,60,30.48708202653175,0,FREE_FLOW,Esil District
2024-01-04 16:00:00,51.19411054283802,71.48338375455349,road_0012,collector,1239,45.0,45,85.78891317431275,0,FREE_FLOW,Right Bank
2024-01-04 16:00:00,51.11540059978571,71.41954819303338,road_0013,arterial,1577,59.76426324930519,60,65.41633768751151,0,FREE_FLOW,Left Bank
2024-01-04 16:00:00,51.153146942289446,71.41898050602991,road_0014,collector,1185,39.22405339893785,45,84.89595509641553,0,FREE_FLOW,Left Bank
2024-01-04 16:00:00,51.09379597309867,71.3747399226662,road_0015,collector,1179,42.62823084037813,45,86.0514803859529,0,FREE_FLOW,Left Bank
2024-01-04 16:00:00,51.10200587058781,71.4105255768849,road_0016,collector,1500,35.542168469105576,45,92.50156453632651,1,LIGHT,Left Bank
2024-01-04 16:00:00,51.14997939524811,71.48471150021103,road_0017,local,348,31.4830789226625,35,44.70703948039924,0,FREE_FLOW,Right Bank
2024-01-04 16:00:00,51.12597404841841,71.5114357036669,road_0018,local,377,35.0,35,48.66744539828884,0,FREE_FLOW,Esil District
2024-01-04 16:00:00,51.15469379256984,71.44515988046629,road_0019,collector,1500,38.58055050466784,45,92.76530687753743,0,FREE_FLOW,City Center
2024-01-04 16:00:00,51.16857999845184,71.4595019477238,road_0020,arterial,2452,52.579504539536735,60,100.0,0,FREE_FLOW,City Center
2024-01-04 16:00:00,51.15694799555623,71.45525725431128,road_0021,collector,717,45.0,45,57.63398922037125,0,FREE_FLOW,Esil District
2024-01-04 16:00:00,51.15037767188937,71.47600489108373,road_0022,arterial,1897,60.0,60,82.67529448077207,0,FREE_FLOW,City Center
2024-01-04 16:00:00,51.179136852536935,71.44184452872075,road_0023,arterial,926,60.0,60,45.87266362970406,0,FREE_FLOW,Esil District
2024-01-04 16:00:00,51.08968684609002,71.45590858984447,road_0024,local,325,35.0,35,49.50959158728512,0,FREE_FLOW,Esil District
2024-01-04 17:00:00,51.20721558440182,71.41748061169966,road_0000,arterial,2500,55.5618911919437,60,93.5604064858454,0,FREE_FLOW,Right Bank
2024-01-04 17:00:00,51.213488841961706,71.4551094605174,road_0001,local,800,32.61184589503983,35,97.29279982027566,0,FREE_FLOW,Right Bank
2024-01-04 17:00:00,51.09202009123179,71.43847470697595,road_0002,arterial,2500,53.84471898778617,60,92.1377059097812,0,FREE_FLOW,Left Bank
2024-01-04 17:00:00,51.19057683736238,71.4135219694281,road_0003,collector,1500,35.570472093402735,45,100.0,1,LIGHT,Right Bank
2024-01-04 17:00:00,51.16991099020425,71.48953431403665,road_0004,collector,1500,41.43663059095415,45,100.0,0,FREE_FLOW,Right Bank
2024-01-04 17:00:00,51.160352110793035,71.43655906544681,road_0005,collector,1500,40.108905295906936,45,100.0,0,FREE_FLOW,Left Bank
2024-01-04 17:00:00,51.197010226921215,71.45590960880924,road_0006,arterial,2500,50.91012615999241,60,90.8274876493452,0,FREE_FLOW,Right Bank
2024-01-04 17:00:00,51.11464444065831,71.472169515803,road_0007,collector,624,45.0,45,43.62821444007223,0,FREE_FLOW,Esil District
2024-01-04 17:00:00,51.12044326025239,71.43375018852568,road_0008,collector,1500,41.59018161134287,45,100.0,0,FREE_FLOW,Left Bank
2024-01-04 17:00:00,51.11541119500996,71.39497674159925,road_0009,arterial,2500,48.60618091077755,60,100.0,0,FREE_FLOW,Left Bank
2024-01-04 17:00:00,51.11078369535379,71.44797551413016,road_0010,collector,742,45.0,45,46.485108565980255,0,FREE_FLOW,Esil District
2024-01-04 17:00:00,51.08154293158093,71.50410393821133,road_0011,arterial,2500,49.72809868869303,60,99.86153419575147,0,FREE_FLOW,Esil District
2024-01-04 17:00:00,51.19411054283802,71.48338375455349,road_0012,collector,1500,35.54469096876365,45,94.77809391335153,1,LIGHT,Right Bank
2024-01-04 17:00:00,51.11540059978571,71.41954819303338,road_0013,arterial,2500,53.67541504459002,60,98.04262310057753,0,FREE_FLOW,Left Bank
2024-01-04 17:00:00,51.153146942289446,71.41898050602991,road_0014,collector,1500,38.567845328456684,45,97.95457951245444,0,FREE_FLOW,Left Bank
2024-01-04 17:00:00,51.09379597309867,71.3747399226662,road_0015,collector,1500,40.845741057798115,45,100.0,0,FREE_FLOW,Left Bank
2024-01-04 17:00:00,51.10200587058781,71.4105255768849,road_0016,collector,1500,37.17390314523,45,100.0,0,FREE_FLOW,Left Bank
2024-01-04 17:00:00,51.14997939524811,71.48471150021103,road_0017,local,800,28.92691540611988,35,100.0,0,FREE_FLOW,Right Bank
2024-01-04 17:00:00,51.12597404841841,71.5114357036669,road_0018,local,800,32.22007524947057,35,99.50157960100488,0,FREE_FLOW,Esil District
2024-01-04 17:00:00,51.15469379256984,71.44515988046629,road_0019,collector,1500,39.88133178881177,45,100.0,0,FREE_FLOW,City Center
2024-01-04 17:00:00,51.16857999845184,71.4595019477238,road_0020,arterial,2500,51.337777792510664,60,100.0,0,FREE_FLOW,City Center
2024-01-04 17:00:00,51.15694799555623,71.45525725431128,road_0021,collector,1069,45.0,45,77.94937143487435,0,FREE_FLOW,Esil District
2024-01-04 17:00:00,51.15037767188937,71.47600489108373,road_0022,arterial,2500,53.64369533651062,60,100.0,0,FREE_FLOW,City Center
2024-01-04 17:00:00,51.179136852536935,71.44184452872075,road_0023,arterial,1886,55.14010409718015,60,69.64923495366425,0,FREE_FLOW,Esil District
2024-01-04 17:00:00,51.08968684609002,71.45590858984447,road_0024,local,536,35.0,35,59.16453293531097,0,FREE_FLOW,Esil District
2024-01-04 18:00:00,51.20721558440182,71.41748061169966,road_0000,arterial,2237,52.29525401907182,60,89.41099627203663,0,FREE_FLOW,Right Bank
2024-01-04 18:00:00,51.213488841961706,71.4551094605174,road_0001,local,800,29.009797125383336,35,92.64133621538082,0,FREE_FLOW,Right Bank
2024-01-04 18:00:00,51.09202009123179,71.43847470697595,road_0002,arterial,2500,53.445125891378254,60,100.0,0,FREE_FLOW,Left Bank
2024-01-04 18:00:00,51.19057683736238,71.4135219694281,road_0003,collector,1500,42.53205876031739,45,100.0,0,FREE_FLOW,Right Bank
2024-01-04 18:00:00,51.16991099020425,71.48953431403665,road_0004,collector,807,41.48439157950455,45,47.62986819861605,0,FREE_FLOW,Right Bank
2024-01-04 18:00:00,51.160352110793035,71.43655906544681,road_0005,collector,1500,42.97913904783674,45,99.1896660210033,0,FREE_FLOW,Left Bank
2024-01-04 18:00:00,51.197010226921215,71.45590960880924,road_0006,arterial,2063,59.82029889516702,60,92.204814336033,0,FREE_FLOW,Right Bank
2024-01-04 18:00:00,51.11464444065831,71.472169515803,road_0007,collector,1180,42.39351540450659,45,85.53022507972346,0,FREE_FLOW,Esil District
2024-01-04 18:00:00,51.12044326025239,71.43375018852568,road_0008,collector,1500,36.41511597780382,45,100.0,0,FREE_FLOW,Left Bank
2024-01-04 18:00:00,51.11541119500996,71.39497674159925,road_0009,arterial,2500,48.27188276202473,60,100.0,0,FREE_FLOW,Left Bank
2024-01-04 18:00:00,51.11078369535379,71.44797551413016,road_0010,collector,1500,36.48496057358823,45,98.08728859962295,0,FREE_FLOW,Esil District
2024-01-04 18:00:00,51.08154293158093,71.50410393821133,road_0011,arterial,2500,49.477408702652184,60,97.5075470779864,0,FREE_FLOW,Esil District
2024-01-04 18:00:00,51.19411054283802,71.48338375455349,road_0012,collector,1500,40.15860602396424,45,90.07535389101066,0,FREE_FLOW,Right Bank
2024-01-04 18:00:00,51.11540059978571,71.41954819303338,road_0013,arterial,2500,49.53352929560161,60,99.0284600720994,0,FREE_FLOW,Left Bank
2024-01-04 18:00:00,51.153146942289446,71.41898050602991,road_0014,collector,1500,38.28933546587866,45,100.0,0,FREE_FLOW,Left Bank
2024-01-04 18:00:00,51.09379597309867,71.3747399226662,road_0015,collector,1500,39.141762416152226,45,99.02815340867139,0,FREE_FLOW,Left Bank
2024-01-04 18:00:00,51.10200587058781,71.4105255768849,road_0016,collector,1500,36.159186054076066,45,95.12176852476847,0,FREE_FLOW,Left Bank
2024-01-04 18:00:00,51.14997939524811,71.48471150021103,road_0017,local,665,29.758487435731773,35,77.59555644603023,0,FREE_FLOW,Right Bank
2024-01-04 18:00:00,51.12597404841841,71.5114357036669,road_0018,local,693,31.232523919422057,35,89.12792183466708,0,FREE_FLOW,Esil District
2024-01-04 18:00:00,51.15469379256984,71.44515988046629,road_0019,collector,1500,41.799482471837436,45,90.2961772226525,0,FREE_FLOW,City Center
2024-01-04 18:00:00,51.16857999845184,71.4595019477238,road_0020,arterial,2500,51.63104548318463,60,94.7396063677797,0,FREE_FLOW,City Center
2024-01-04 18:00:00,51.15694799555623,71.45525725431128,road_0021,collector,773,45.0,45,52.2210446180386,0,FREE_FLOW,Esil District
2024-01-04 18:00:00,51.15037767188937,71.47600489108373,road_0022,arterial,2500,49.21357502917735,60,100.0,0,FREE_FLOW,City Center
2024-01-04 18:00:00,51.179136852536935,71.44184452872075,road_0023,arterial,2500,57.28194740348732,60,97.1387459589627,0,FREE_FLOW,Esil District
2024-01-04 18:00:00,51.08968684609002,71.45590858984447,road_0024,local,448,34.04044529176743,35,61.44518329306396,0,FREE_FLOW,Esil District
2024-01-04 19:00:00,51.20721558440182,71.41748061169966,road_0000,arterial,1642,60.0,60,70.9866486186909,0,FREE_FLOW,Right Bank
2024-01-04 19:00:00,51.213488841961706,71.4551094605174,road_0001,local,800,28.728115929004666,35,96.36326540845309,0,FREE_FLOW,Right Bank
2024-01-04 19:00:00,51.09202009123179,71.43847470697595,road_0002,arterial,2500,47.755938409681185,60,94.49811941103644,1,LIGHT,Left Bank
2024-01-04 19:00:00,51.19057683736238,71.4135219694281,road_0003,collector,1500,37.39200182721309,45,100.0,0,FREE_FLOW,Right Bank
2024-01-04 19:00:00,51.16991099020425,71.48953431403665,road_0004,collector,1500,41.67642744658827,45,100.0,0,FREE_FLOW,Right Bank
2024-01-04 19:00:00,51.160352110793035,71.43655906544681,road_0005,collector,1500,40.25488097705608,45,100.0,0,FREE_FLOW,Left Bank
2024-01-04 19:00:00,51.197010226921215,71.45590960880924,road_0006,arterial,2416,56.19094172546936,60,99.16971279941515,0,FREE_FLOW,Right Bank
2024-01-04 19:00:00,51.11464444065831,71.472169515803,road_0007,collector,1254,41.46516549486381,45,85.07306405977513,0,FREE_FLOW,Esil District
2024-01-04 19:00:00,51.12044326025239,71.43375018852568,road_0008,collector,1500,39.45256872339647,45,90.35667580387246,0,FREE_FLOW,Left Bank
2024-01-04 19:00:00,51.11541119500996,71.39497674159925,road_0009,arterial,2071,53.33612632001551,60,88.66394324169397,0,FREE_FLOW,Left Bank
2024-01-04 19:00:00,51.11078369535379,71.44797551413016,road_0010,collector,629,45.0,45,35.52333854322035,0,FREE_FLOW,Esil District
2024-01-04 19:00:00,51.08154293158093,71.50410393821133,road_0011,arterial,1701,55.44207935524955,60,65.98484262933671,0,FREE_FLOW,Esil District
2024-01-04 19:00:00,51.19411054283802,71.48338375455349,road_0012,collector,1249,45.0,45,84.36678011335638,0,FREE_FLOW,Right Bank
2024-01-04 19:00:00,51.11540059978571,71.41954819303338,road_0013,arterial,2500,56.84383148591422,60,100.0,0,FREE_FLOW,Left Bank
2024-01-04 19:00:00,51.153146942289446,71.41898050602991,road_0014,collector,1500,39.12161338294342,45,100.0,0,FREE_FLOW,Left Bank
2024-01-04 19:00:00,51.09379597309867,71.3747399226662,road_0015,collector,1500,42.866366562607595,45,91.48663102720691,0,FREE_FLOW,Left Bank
2024-01-04 19:00:00,51.10200587058781,71.4105255768849,road_0016,collector,1500,37.88347946730062,45,100.0,0,FREE_FLOW,Left Bank
2024-01-04 19:00:00,51.14997939524811,71.48471150021103,road_0017,local,736,29.314260977054907,35,92.6023113007063,0,FREE_FLOW,Right Bank
2024-01-04 19:00:00,51.12597404841841,71.5114357036669,road_0018,local,455,35.0,35,50.35868376136033,0,FREE_FLOW,Esil District
2024-01-04 19:00:00,51.15469379256984,71.44515988046629,road_0019,collector,1500,42.13727492735989,45,100.0,0,FREE_FLOW,City Center
2024-01-04 19:00:00,51.16857999845184,71.4595019477238,road_0020,arterial,2500,53.261274572486656,60,95.02316802716571,0,FREE_FLOW,City Center
2024-01-04 19:00:00,51.15694799555623,71.45525725431128,road_0021,collector,1114,42.23248794014591,45,72.19137715741273,0,FREE_FLOW,Esil District
2024-01-04 19:00:00,51.15037767188937,71.47600489108373,road_0022,arterial,2500,50.04106724352232,60,100.0,0,FREE_FLOW,City Center
2024-01-04 19:00:00,51.179136852536935,71.44184452872075,road_0023,arterial,1771,54.11124779224259,60,72.55795206705514,0,FREE_FLOW,Esil District
2024-01-04 19:00:00,51.08968684609002,71.45590858984447,road_0024,local,504,34.511274360626636,35,55.26947275254878,0,FREE_FLOW,Esil District
2024-01-04 20:00:00,51.20721558440182,71.41748061169966,road_0000,arterial,939,60.0,60,28.947906298810842,0,FREE_FLOW,Right Bank
2024-01-04 20:00:00,51.213488841961706,71.4551094605174,road_0001,local,354,34.40440036773841,35,46.55456405600407,0,FREE_FLOW,Right Bank
2024-01-04 20:00:00,51.09202009123179,71.43847470697595,road_0002,arterial,1852,60.0,60,65.67712849164513,0,FREE_FLOW,Left Bank
2024-01-04 20:00:00,51.19057683736238,71.4135219694281,road_0003,collector,588,45.0,45,42.278627200342406,0,FREE_FLOW,Right Bank
2024-01-04 20:00:00,51.16991099020425,71.48953431403665,road_0004,collector,279,45.0,45,12.16523562977547,0,FREE_FLOW,Right Bank
2024-01-04 20:00:00,51.160352110793035,71.43655906544681,road_0005,collector,1083,45.0,45,63.14078106829496,0,FREE_FLOW,Left Bank
2024-01-04 20:00:00,51.197010226921215,71.45590960880924,road_0006,arterial,1317,54.21968889490558,60,49.46261630969406,0,FREE_FLOW,Right Bank
2024-01-04 20:00:00,51.11464444065831,71.472169515803,road_0007,collector,539,45.0,45,27.818140342878287,0,FREE_FLOW,Esil District
2024-01-04 20:00:00,51.12044326025239,71.43375018852568,road_0008,collector,771,41.22965948434886,45,52.19231701203674,0,FREE_FLOW,Left Bank
2024-01-04 20:00:00,51.11541119500996,71.39497674159925,road_0009,arterial,1416,60.0,60,50.24711936563304,0,FREE_FLOW,Left Bank
2024-01-04 20:00:00,51.11078369535379,71.44797551413016,road_0010,collector,237,41.36019615937798,45,6.051900763388536,0,FREE_FLOW,Esil District
2024-01-04 20:00:00,51.08154293158093,71.50410393821133,road_0011,arterial,516,55.02737499884879,60,22.572610647142824,0,FREE_FLOW,Esil District
2024-01-04 20:00:00,51.19411054283802,71.48338375455349,road_0012,collector,561,43.12138070871137,45,28.586177896021937,0,FREE_FLOW,Right Bank
2024-01-04 20:00:00,51.11540059978571,71.41954819303338,road_0013,arterial,2075,51.99708386783016,60,88.40262583857839,0,FREE_FLOW,Left Bank
2024-01-04 20:00:00,51.153146942289446,71.41898050602991,road_0014,collector,907,45.0,45,54.72781368132679,0,FREE_FLOW,Left Bank
2024-01-04 20:00:00,51.09379597309867,71.3747399226662,road_0015,collector,916,45.0,45,51.67345160303304,0,FREE_FLOW,Left Bank
2024-01-04 20:00:00,51.10200587058781,71.4105255768849,road_0016,collector,986,41.78964543557934,45,56.923582184612826,0,FREE_FLOW,Left Bank
2024-01-04 20:00:00,51.14997939524811,71.48471150021103,road_0017,local,402,35.0,35,53.483064009345014,0,FREE_FLOW,Right Bank
2024-01-04 20:00:00,51.12597404841841,71.5114357036669,road_0018,local,199,32.63364901416994,35,28.80375585404426,0,FREE_FLOW,Esil District
2024-01-04 20:00:00,51.15469379256984,71.44515988046629,road_0019,collector,695,45.0,45,44.04958376851911,0,FREE_FLOW,City Center
2024-01-04 20:00:00,51.16857999845184,71.4595019477238,road_0020,arterial,1253,60.0,60,40.40553963371664,0,FREE_FLOW,City Center
2024-01-04 20:00:00,51.15694799555623,71.45525725431128,road_0021,collector,416,45.0,45,20.751652987603926,0,FREE_FLOW,Esil District
2024-01-04 20:00:00,51.15037767188937,71.47600489108373,road_0022,arterial,2139,53.92517205868218,60,84.31927927925138,0,FREE_FLOW,City Center
2024-01-04 20:00:00,51.179136852536935,71.44184452872075,road_0023,arterial,503,57.644382604969636,60,26.6238586961138,0,FREE_FLOW,Esil District
2024-01-04 20:00:00,51.08968684609002,71.45590858984447,road_0024,local,295,34.54179636958148,35,40.11081427629042,0,FREE_FLOW,Esil District
2024-01-04 21:00:00,51.20721558440182,71.41748061169966,road_0000,arterial,771,60.0,60,26.01363547602857,0,FREE_FLOW,Right Bank
2024-01-04 21:00:00,51.213488841961706,71.4551094605174,road_0001,local,289,33.631998347229654,35,42.83112921716901,0,FREE_FLOW,Right Bank
2024-01-04 21:00:00,51.09202009123179,71.43847470697595,road_0002,arterial,1264,57.22858689701474,60,43.934032856074914,0,FREE_FLOW,Left Bank
2024-01-04 21:00:00,51.19057683736238,71.4135219694281,road_0003,collector,568,41.07387901947122,45,35.79379010601616,0,FREE_FLOW,Right Bank
2024-01-04 21:00:00,51.16991099020425,71.48953431403665,road_0004,collector,471,41.88069830302159,45,34.81990922260631,0,FREE_FLOW,Right Bank
2024-01-04 21:00:00,51.160352110793035,71.43655906544681,road_0005,collector,451,41.190649312689644,45,22.194029994371544,0,FREE_FLOW,Left Bank
2024-01-04 21:00:00,51.197010226921215,71.45590960880924,road_0006,arterial,439,60.0,60,17.62527801801629,0,FREE_FLOW,Right Bank
2024-01-04 21:00:00,51.11464444065831,71.472169515803,road_0007,collector,349,45.0,45,16.653303814805497,0,FREE_FLOW,Esil District
2024-01-04 21:00:00,51.12044326025239,71.43375018852568,road_0008,collector,817,40.630604722375494,45,48.662174942248825,0,FREE_FLOW,Left Bank
2024-01-04 21:00:00,51.11541119500996,71.39497674159925,road_0009,arterial,1253,60.0,60,42.02092917323371,0,FREE_FLOW,Left Bank
2024-01-04 21:00:00,51.11078369535379,71.44797551413016,road_0010,collector,579,41.975230828355166,45,47.60138310546812,0,FREE_FLOW,Esil District
2024-01-04 21:00:00,51.08154293158093,71.50410393821133,road_0011,arterial,306,54.73785968862924,60,13.990249588535582,0,FREE_FLOW,Esil District
2024-01-04 21:00:00,51.19411054283802,71.48338375455349,road_0012,collector,600,45.0,45,36.09445612105957,0,FREE_FLOW,Right Bank
2024-01-04 21:00:00,51.11540059978571,71.41954819303338,road_0013,arterial,826,57.21076755198572,60,35.88617911582037,0,FREE_FLOW,Left Bank
2024-01-04 21:00:00,51.153146942289446,71.41898050602991,road_0014,collector,497,45.0,45,32.94628332014787,0,FREE_FLOW,Left Bank
2024-01-04 21:00:00,51.09379597309867,71.3747399226662,road_0015,collector,883,43.890049756160465,45,56.13413083662862,0,FREE_FLOW,Left Bank
2024-01-04 21:00:00,51.10200587058781,71.4105255768849,road_0016,collector,926,45.0,45,58.88299540317098,0,FREE_FLOW,Left Bank
2024-01-04 21:00:00,51.14997939524811,71.48471150021103,road_0017,local,323,32.948528643863185,35,34.922599083886915,0,FREE_FLOW,Right Bank
2024-01-04 21:00:00,51.12597404841841,71.5114357036669,road_0018,local,124,35.0,35,18.914061482917877,0,FREE_FLOW,Esil District
2024-01-04 21:00:00,51.15469379256984,71.44515988046629,road_0019,collector,450,43.06033233750017,45,24.20773108988248,0,FREE_FLOW,City Center
2024-01-04 21:00:00,51.16857999845184,71.4595019477238,road_0020,arterial,1616,57.22915265138375,60,55.521844327950646,0,FREE_FLOW,City Center
2024-01-04 21:00:00,51.15694799555623,71.45525725431128,road_0021,collector,358,41.36191802817299,45,30.40473754720604,0,FREE_FLOW,Esil District
2024-01-04 21:00:00,51.15037767188937,71.47600489108373,road_0022,arterial,1646,60.0,60,62.039602728709404,0,FREE_FLOW,City Center
2024-01-04 21:00:00,51.179136852536935,71.44184452872075,road_0023,arterial,538,60.0,60,17.022555147521842,0,FREE_FLOW,Esil District
2024-01-04 21:00:00,51.08968684609002,71.45590858984447,road_0024,local,306,35.0,35,45.02394480590101,0,FREE_FLOW,Esil District
2024-01-04 22:00:00,51.20721558440182,71.41748061169966,road_0000,arterial,451,54.11970597283548,60,22.23810091559216,0,FREE_FLOW,Right Bank
2024-01-04 22:00:00,51.213488841961706,71.4551094605174,road_0001,local,189,33.66389758074329,35,23.416751924860947,0,FREE_FLOW,Right Bank
2024-01-04 22:00:00,51.09202009123179,71.43847470697595,road_0002,arterial,951,60.0,60,32.16890464832401,0,FREE_FLOW,Left Bank
2024-01-04 22:00:00,51.19057683736238,71.4135219694281,road_0003,collector,310,42.758721487229366,45,13.820739091856506,0,FREE_FLOW,Right Bank
2024-01-04 22:00:00,51.16991099020425,71.48953431403665,road_0004,collector,268,43.528325885256294,45,15.974745883685149,0,FREE_FLOW,Right Bank
2024-01-04 22:00:00,51.160352110793035,71.43655906544681,road_0005,collector,238,41.11261664166605,45,14.289383791516657,0,FREE_FLOW,Left Bank
2024-01-04 22:00:00,51.197010226921215,71.45590960880924,road_0006,arterial,545,60.0,60,27.14336280688704,0,FREE_FLOW,Right Bank
2024-01-04 22:00:00,51.11464444065831,71.472169515803,road_0007,collector,223,45.0,45,19.403937987022793,0,FREE_FLOW,Esil District
2024-01-04 22:00:00,51.12044326025239,71.43375018852568,road_0008,collector,395,40.965790845374144,45,17.621435653634194,0,FREE_FLOW,Left Bank
2024-01-04 22:00:00,51.11541119500996,71.39497674159925,road_0009,arterial,687,60.0,60,27.879962480738435,0,FREE_FLOW,Left Bank
2024-01-04 22:00:00,51.11078369535379,71.44797551413016,road_0010,collector,197,45.0,45,10.299122605810979,0,FREE_FLOW,Esil District
2024-01-04 22:00:00,51.08154293158093,71.50410393821133,road_0011,arterial,223,60.0,60,1.9714844860475758,0,FREE_FLOW,Esil District
2024-01-04 22:00:00,51.19411054283802,71.48338375455349,road_0012,collector,307,45.0,45,19.45632190868826,0,FREE_FLOW,Right Bank
2024-01-04 22:00:00,51.11540059978571,71.41954819303338,road_0013,arterial,1177,55.57253509032148,60,42.88957918446509,0,FREE_FLOW,Left Bank
2024-01-04 22:00:00,51.153146942289446,71.41898050602991,road_0014,collector,663,44.48361589539333,45,39.77511598937259,0,FREE_FLOW,Left Bank
2024-01-04 22:00:00,51.09379597309867,71.3747399226662,road_0015,collector,652,45.0,45,44.71948661162865,0,FREE_FLOW,Left Bank
2024-01-04 22:00:00,51.10200587058781,71.4105255768849,road_0016,collector,412,45.0,45,37.35718163432733,0,FREE_FLOW,Left Bank
2024-01-04 22:00:00,51.14997939524811,71.48471150021103,road_0017,local,248,35.0,35,26.89731256139394,0,FREE_FLOW,Right Bank
2024-01-04 22:00:00,51.12597404841841,71.5114357036669,road_0018,local,125,35.0,35,23.990163358826127,0,FREE_FLOW,Esil District
2024-01-04 22:00:00,51.15469379256984,71.44515988046629,road_0019,collector,846,45.0,45,50.26315502241959,0,FREE_FLOW,City Center
2024-01-04 22:00:00,51.16857999845184,71.4595019477238,road_0020,arterial,626,58.96142463924614,60,18.284710962811552,0,FREE_FLOW,City Center
2024-01-04 22:00:00,51.15694799555623,71.45525725431128,road_0021,collector,410,45.0,45,23.692529966525687,0,FREE_FLOW,Esil District
2024-01-04 22:00:00,51.15037767188937,71.47600489108373,road_0022,arterial,1181,60.0,60,46.81167464865547,0,FREE_FLOW,City Center
2024-01-04 22:00:00,51.179136852536935,71.44184452872075,road_0023,arterial,577,60.0,60,31.122444764907755,0,FREE_FLOW,Esil District
2024-01-04 22:00:00,51.08968684609002,71.45590858984447,road_0024,local,177,35.0,35,20.13211188539917,0,FREE_FLOW,Esil District
2024-01-04 23:00:00,51.20721558440182,71.41748061169966,road_0000,arterial,374,54.671192370510106,60,7.32109014520104,0,FREE_FLOW,Right Bank
2024-01-04 23:00:00,51.213488841961706,71.4551094605174,road_0001,local,125,35.0,35,13.478982267178827,0,FREE_FLOW,Right Bank
2024-01-04 23:00:00,51.09202009123179,71.43847470697595,road_0002,arterial,673,59.04443585540293,60,29.910648621307793,0,FREE_FLOW,Left Bank
2024-01-04 23:00:00,51.19057683736238,71.4135219694281,road_0003,collector,197,45.0,45,13.398104775262517,0,FREE_FLOW,Right Bank
2024-01-04 23:00:00,51.16991099020425,71.48953431403665,road_0004,collector,225,41.168828543889475,45,19.432970885034717,0,FREE_FLOW,Right Bank
2024-01-04 23:00:00,51.160352110793035,71.43655906544681,road_0005,collector,413,44.62273391444658,45,36.78033600209889,0,FREE_FLOW,Left Bank
2024-01-04 23:00:00,51.197010226921215,71.45590960880924,road_0006,arterial,342,57.29447329861451,60,3.8814226966456626,0,FREE_FLOW,Right Bank
2024-01-04 23:00:00,51.11464444065831,71.472169515803,road_0007,collector,135,45.0,45,5.381499446414525,0,FREE_FLOW,Esil District
2024-01-04 23:00:00,51.12044326025239,71.43375018852568,road_0008,collector,315,41.51844394547539,45,21.45963030211665,0,FREE_FLOW,Left Bank
2024-01-04 23:00:00,51.11541119500996,71.39497674159925,road_0009,arterial,496,60.0,60,13.833708523363583,0,FREE_FLOW,Left Bank
2024-01-04 23:00:00,51.11078369535379,71.44797551413016,road_0010,collector,266,45.0,45,17.7765735486064,0,FREE_FLOW,Esil District
2024-01-04 23:00:00,51.08154293158093,71.50410393821133,road_0011,arterial,530,55.673978416650385,60,21.19954529924837,0,FREE_FLOW,Esil District
2024-01-04 23:00:00,51.19411054283802,71.48338375455349,road_0012,collector,194,41.819459546616564,45,11.368432939017255,0,FREE_FLOW,Right Bank
2024-01-04 23:00:00,51.11540059978571,71.41954819303338,road_0013,arterial,489,54.8709277001896,60,24.237907417991863,0,FREE_FLOW,Left Bank
2024-01-04 23:00:00,51.153146942289446,71.41898050602991,road_0014,collector,463,45.0,45,23.519544155745976,0,FREE_FLOW,Left Bank
2024-01-04 23:00:00,51.09379597309867,71.3747399226662,road_0015,collector,420,43.49127374017905,45,21.258331860032385,0,FREE_FLOW,Left Bank
2024-01-04 23:00:00,51.10200587058781,71.4105255768849,road_0016,collector,401,44.58396242004899,45,19.35086000248707,0,FREE_FLOW,Left Bank
2024-01-04 23:00:00,51.14997939524811,71.48471150021103,road_0017,local,118,35.0,35,11.021502641280616,0,FREE_FLOW,Right Bank
2024-01-04 23:00:00,51.12597404841841,71.5114357036669,road_0018,local,107,35.0,35,13.576204570882874,0,FREE_FLOW,Esil District
2024-01-04 23:00:00,51.15469379256984,71.44515988046629,road_0019,collector,446,44.564908142301014,45,28.2371210048065,0,FREE_FLOW,City Center
2024-01-04 23:00:00,51.16857999845184,71.4595019477238,road_0020,arterial,854,58.07131380502686,60,37.3475785720293,0,FREE_FLOW,City Center
2024-01-04 23:00:00,51.15694799555623,71.45525725431128,road_0021,collector,241,45.0,45,24.687052184260754,0,FREE_FLOW,Esil District
2024-01-04 23:00:00,51.15037767188937,71.47600489108373,road_0022,arterial,788,60.0,60,37.11152897722539,0,FREE_FLOW,City Center
2024-01-04 23:00:00,51.179136852536935,71.44184452872075,road_0023,arterial,427,54.83170212283532,60,8.673116818617741,0,FREE_FLOW,Esil District
2024-01-04 23:00:00,51.08968684609002,71.45590858984447,road_0024,local,139,35.0,35,7.413638285830103,0,FREE_FLOW,Esil District
2024-01-05 00:00:00,51.20721558440182,71.41748061169966,road_0000,arterial,343,60.0,60,10.82810813524671,0,FREE_FLOW,Right Bank
2024-01-05 00:00:00,51.213488841961706,71.4551094605174,road_0001,local,56,34.83773895588965,35,2.341438826981755,0,FREE_FLOW,Right Bank
2024-01-05 00:00:00,51.09202009123179,71.43847470697595,road_0002,arterial,484,60.0,60,13.06415023287787,0,FREE_FLOW,Left Bank
2024-01-05 00:00:00,51.19057683736238,71.4135219694281,road_0003,collector,170,40.81291275673984,45,6.468723644091595,0,FREE_FLOW,Right Bank
2024-01-05 00:00:00,51.16991099020425,71.48953431403665,road_0004,collector,127,40.870937878491155,45,16.586449679650713,0,FREE_FLOW,Right Bank
2024-01-05 00:00:00,51.160352110793035,71.43655906544681,road_0005,collector,190,45.0,45,4.577544157961995,0,FREE_FLOW,Left Bank
2024-01-05 00:00:00,51.197010226921215,71.45590960880924,road_0006,arterial,253,54.944952474460145,60,0.14262950241740313,0,FREE_FLOW,Right Bank
2024-01-05 00:00:00,51.11464444065831,71.472169515803,road_0007,collector,169,44.891788117353585,45,2.029031570436498,0,FREE_FLOW,Esil District
2024-01-05 00:00:00,51.12044326025239,71.43375018852568,road_0008,collector,338,43.430169890860036,45,31.214063146513542,0,FREE_FLOW,Left Bank
2024-01-05 00:00:00,51.11541119500996,71.39497674159925,road_0009,arterial,246,60.0,60,15.363429840804475,0,FREE_FLOW,Left Bank
2024-01-05 00:00:00,51.11078369535379,71.44797551413016,road_0010,collector,118,43.24306989083677,45,6.450478305867356,0,FREE_FLOW,Esil District
2024-01-05 00:00:00,51.08154293158093,71.50410393821133,road_0011,arterial,177,57.11441172067789,60,0.0,0,FREE_FLOW,Esil District
2024-01-05 00:00:00,51.19411054283802,71.48338375455349,road_0012,collector,153,43.139864863415475,45,1.864036330178699,0,FREE_FLOW,Right Bank
2024-01-05 00:00:00,51.11540059978571,71.41954819303338,road_0013,arterial,612,59.98823888471944,60,14.92313258832487,0,FREE_FLOW,Left Bank
2024-01-05 00:00:00,51.153146942289446,71.41898050602991,road_0014,collector,208,45.0,45,18.29774431853589,0,FREE_FLOW,Left Bank
2024-01-05 00:00:00,51.09379597309867,71.3747399226662,road_0015,collector,289,45.0,45,28.866388812408857,0,FREE_FLOW,Left Bank
2024-01-05 00:00:00,51.10200587058781,71.4105255768849,road_0016,collector,253,40.604193519501536,45,14.154392869462367,0,FREE_FLOW,Left Bank
2024-01-05 00:00:00,51.14997939524811,71.48471150021103,road_0017,local,73,35.0,35,11.19764199786133,0,FREE_FLOW,Right Bank
2024-01-05 00:00:00,51.12597404841841,71.5114357036669,road_0018,local,35,34.009534728587774,35,10.159875787042603,0,FREE_FLOW,Esil District
2024-01-05 00:00:00,51.15469379256984,71.44515988046629,road_0019,collector,232,44.174877460157504,45,21.211672720053926,0,FREE_FLOW,City Center
2024-01-05 00:00:00,51.16857999845184,71.4595019477238,road_0020,arterial,686,60.0,60,33.239495191396664,0,FREE_FLOW,City Center
2024-01-05 00:00:00,51.15694799555623,71.45525725431128,road_0021,collector,86,40.89103994194752,45,0.0,0,FREE_FLOW,Esil District
2024-01-05 00:00:00,51.15037767188937,71.47600489108373,road_0022,arterial,684,60.0,60,32.078039717370494,0,FREE_FLOW,City Center
2024-01-05 00:00:00,51.179136852536935,71.44184452872075,road_0023,arterial,355,58.028104668522445,60,13.866228973945878,0,FREE_FLOW,Esil District
2024-01-05 00:00:00,51.08968684609002,71.45590858984447,road_0024,local,46,35.0,35,3.0798715832232686,0,FREE_FLOW,Esil District
2024-01-05 01:00:00,51.20721558440182,71.41748061169966,road_0000,arterial,282,60.0,60,15.84772372201465,0,FREE_FLOW,Right Bank
2024-01-05 01:00:00,51.213488841961706,71.4551094605174,road_0001,local,45,35.0,35,1.3875025770938354,0,FREE_FLOW,Right Bank
2024-01-05 01:00:00,51.09202009123179,71.43847470697595,road_0002,arterial,245,56.06150679677251,60,11.395596851388317,0,FREE_FLOW,Left Bank
2024-01-05 01:00:00,51.19057683736238,71.4135219694281,road_0003,collector,96,45.0,45,4.767494102156951,0,FREE_FLOW,Right Bank
2024-01-05 01:00:00,51.16991099020425,71.48953431403665,road_0004,collector,154,45.0,45,16.71216089612517,0,FREE_FLOW,Right Bank
2024-01-05 01:00:00,51.160352110793035,71.43655906544681,road_0005,collector,234,43.82560389125277,45,19.882639872043054,0,FREE_FLOW,Left Bank
2024-01-05 01:00:00,51.197010226921215,71.45590960880924,road_0006,arterial,143,56.58554233129079,60,6.770069525230876,0,FREE_FLOW,Right Bank
2024-01-05 01:00:00,51.11464444065831,71.472169515803,road_0007,collector,86,45.0,45,11.768281670248548,0,FREE_FLOW,Esil District
2024-01-05 01:00:00,51.12044326025239,71.43375018852568,road_0008,collector,279,42.474569331754736,45,20.065533775064072,0,FREE_FLOW,Left Bank
2024-01-05 01:00:00,51.11541119500996,71.39497674159925,road_0009,arterial,451,59.67335377549236,60,16.32616624668346,0,FREE_FLOW,Left Bank
2024-01-05 01:00:00,51.11078369535379,71.44797551413016,road_0010,collector,106,45.0,45,3.9372988966325506,0,FREE_FLOW,Esil District
2024-01-05 01:00:00,51.08154293158093,71.50410393821133,road_0011,arterial,238,58.44035132871903,60,11.116435462001494,0,FREE_FLOW,Esil District
2024-01-05 01:00:00,51.19411054283802,71.48338375455349,road_0012,collector,59,44.743845074780204,45,9.017959800324308,0,FREE_FLOW,Right Bank
2024-01-05 01:00:00,51.11540059978571,71.41954819303338,road_0013,arterial,190,58.40530174452977,60,16.556737996939994,0,FREE_FLOW,Left Bank
2024-01-05 01:00:00,51.153146942289446,71.41898050602991,road_0014,collector,234,40.6806798359184,45,16.464401887343218,0,FREE_FLOW,Left Bank
2024-01-05 01:00:00,51.09379597309867,71.3747399226662,road_0015,collector,199,45.0,45,7.952768653410224,0,FREE_FLOW,Left Bank
2024-01-05 01:00:00,51.10200587058781,71.4105255768849,road_0016,collector,226,43.298706346753704,45,20.59473310710873,0,FREE_FLOW,Left Bank
2024-01-05 01:00:00,51.14997939524811,71.48471150021103,road_0017,local,83,35.0,35,18.337883413303143,0,FREE_FLOW,Right Bank
2024-01-05 01:00:00,51.12597404841841,71.5114357036669,road_0018,local,52,32.079059686745964,35,8.897959035206956,0,FREE_FLOW,Esil District
2024-01-05 01:00:00,51.15469379256984,71.44515988046629,road_0019,collector,308,41.20665957731671,45,14.51168052363867,0,FREE_FLOW,City Center
2024-01-05 01:00:00,51.16857999845184,71.4595019477238,road_0020,arterial,403,59.12291110425654,60,7.947077307328733,0,FREE_FLOW,City Center
2024-01-05 01:00:00,51.15694799555623,71.45525725431128,road_0021,collector,77,45.0,45,4.539012058598069,0,FREE_FLOW,Esil District
2024-01-05 01:00:00,51.15037767188937,71.47600489108373,road_0022,arterial,521,60.0,60,17.91182291914637,0,FREE_FLOW,City Center
2024-01-05 01:00:00,51.179136852536935,71.44184452872075,road_0023,arterial,145,60.0,60,10.264589172110693,0,FREE_FLOW,Esil District
2024-01-05 01:00:00,51.08968684609002,71.45590858984447,road_0024,local,79,35.0,35,15.608338977499255,0,FREE_FLOW,Esil District
2024-01-05 02:00:00,51.20721558440182,71.41748061169966,road_0000,arterial,145,60.0,60,3.048628223755414,0,FREE_FLOW,Right Bank
2024-01-05 02:00:00,51.213488841961706,71.4551094605174,road_0001,local,41,33.857513240987664,35,1.1996617817709065,0,FREE_FLOW,Right Bank
2024-01-05 02:00:00,51.09202009123179,71.43847470697595,road_0002,arterial,248,60.0,60,18.5698355955536,0,FREE_FLOW,Left Bank
2024-01-05 02:00:00,51.19057683736238,71.4135219694281,road_0003,collector,106,44.034212071732945,45,4.862173059112416,0,FREE_FLOW,Right Bank
2024-01-05 02:00:00,51.16991099020425,71.48953431403665,road_0004,collector,77,45.0,45,6.723216989138558,0,FREE_FLOW,Right Bank
2024-01-05 02:00:00,51.160352110793035,71.43655906544681,road_0005,collector,138,42.479538769491846,45,11.364265447591503,0,FREE_FLOW,Left Bank
2024-01-05 02:00:00,51.197010226921215,71.45590960880924,road_0006,arterial,144,54.955608536630145,60,2.2325824916095796,0,FREE_FLOW,Right Bank
2024-01-05 02:00:00,51.11464444065831,71.472169515803,road_0007,collector,83,45.0,45,5.234773044596809,0,FREE_FLOW,Esil District
2024-01-05 02:00:00,51.12044326025239,71.43375018852568,road_0008,collector,138,44.418712406854894,45,13.363398436711416,0,FREE_FLOW,Left Bank
2024-01-05 02:00:00,51.11541119500996,71.39497674159925,road_0009,arterial,171,56.1585714372155,60,11.693214373128427,0,FREE_FLOW,Left Bank
2024-01-05 02:00:00,51.11078369535379,71.44797551413016,road_0010,collector,99,43.35353557558938,45,15.267509982839375,0,FREE_FLOW,Esil District
2024-01-05 02:00:00,51.08154293158093,71.50410393821133,road_0011,arterial,145,60.0,60,0.0,0,FREE_FLOW,Esil District
2024-01-05 02:00:00,51.19411054283802,71.48338375455349,road_0012,collector,101,40.789361668242,45,6.531208221016813,0,FREE_FLOW,Right Bank
2024-01-05 02:00:00,51.11540059978571,71.41954819303338,road_0013,arterial,221,59.1513142715277,60,10.0441880548189,0,FREE_FLOW,Left Bank
2024-01-05 02:00:00,51.153146942289446,71.41898050602991,road_0014,collector,183,45.0,45,17.184726612049342,0,FREE_FLOW,Left Bank
2024-01-05 02:00:00,51.09379597309867,71.3747399226662,road_0015,collector,107,45.0,45,0.0,0,FREE_FLOW,Left Bank
2024-01-05 02:00:00,51.10200587058781,71.4105255768849,road_0016,collector,102,42.93210218344254,45,0.8455436218133796,0,FREE_FLOW,Left Bank
2024-01-05 02:00:00,51.14997939524811,71.48471150021103,road_0017,local,52,35.0,35,8.825409784183831,0,FREE_FLOW,Right Bank
2024-01-05 02:00:00,51.12597404841841,71.5114357036669,road_0018,local,44,35.0,35,1.7238720493788886,0,FREE_FLOW,Esil District
2024-01-05 02:00:00,51.15469379256984,71.44515988046629,road_0019,collector,199,40.60226314996125,45,23.13118801227765,0,FREE_FLOW,City Center
2024-01-05 02:00:00,51.16857999845184,71.4595019477238,road_0020,arterial,212,55.398805887530244,60,7.8657982187496565,0,FREE_FLOW,City Center
2024-01-05 02:00:00,51.15694799555623,71.45525725431128,road_0021,collector,47,45.0,45,5.988254254838921,0,FREE_FLOW,Esil District
2024-01-05 02:00:00,51.15037767188937,71.47600489108373,road_0022,arterial,360,60.0,60,13.71540390995855,0,FREE_FLOW,City Center
2024-01-05 02:00:00,51.179136852536935,71.44184452872075,road_0023,arterial,69,60.0,60,0.0,0,FREE_FLOW,Esil District
2024-01-05 02:00:00,51.08968684609002,71.45590858984447,road_0024,local,49,32.350185100800786,35,10.680280810258882,0,FREE_FLOW,Esil District
2024-01-05 03:00:00,51.20721558440182,71.41748061169966,road_0000,arterial,163,56.91912272291627,60,5.575362590228014,0,FREE_FLOW,Right Bank
2024-01-05 03:00:00,51.213488841961706,71.4551094605174,road_0001,local,64,35.0,35,15.997145636983902,0,FREE_FLOW,Right Bank
2024-01-05 03:00:00,51.09202009123179,71.43847470697595,road_0002,arterial,261,58.04299920420561,60,2.174955356079483,0,FREE_FLOW,Left Bank
2024-01-05 03:00:00,51.19057683736238,71.4135219694281,road_0003,collector,55,45.0,45,6.327244774821516,0,FREE_FLOW,Right Bank
2024-01-05 03:00:00,51.16991099020425,71.48953431403665,road_0004,collector,74,43.63208141715365,45,0.0,0,FREE_FLOW,Right Bank
2024-01-05 03:00:00,51.160352110793035,71.43655906544681,road_0005,collector,164,40.65131700221151,45,9.255704221970532,0,FREE_FLOW,Left Bank
2024-01-05 03:00:00,51.197010226921215,71.45590960880924,road_0006,arterial,125,60.0,60,0.0,0,FREE_FLOW,Right Bank
2024-01-05 03:00:00,51.11464444065831,71.472169515803,road_0007,collector,51,45.0,45,3.1361415396648695,0,FREE_FLOW,Esil District
2024-01-05 03:00:00,51.12044326025239,71.43375018852568,road_0008,collector,170,43.22225975431572,45,6.643317677698976,0,FREE_FLOW,Left Bank
2024-01-05 03:00:00,51.11541119500996,71.39497674159925,road_0009,arterial,164,59.865186363080575,60,8.69719615601857,0,FREE_FLOW,Left Bank
2024-01-05 03:00:00,51.11078369535379,71.44797551413016,road_0010,collector,53,43.569914237923435,45,3.1834451609756003,0,FREE_FLOW,Esil District
2024-01-05 03:00:00,51.08154293158093,71.50410393821133,road_0011,arterial,122,59.5498318665117,60,7.546243488732212,0,FREE_FLOW,Esil District
2024-01-05 03:00:00,51.19411054283802,71.48338375455349,road_0012,collector,79,45.0,45,0.0,0,FREE_FLOW,Right Bank
2024-01-05 03:00:00,51.11540059978571,71.41954819303338,road_0013,arterial,170,60.0,60,11.740169991939188,0,FREE_FLOW,Left Bank
2024-01-05 03:00:00,51.153146942289446,71.41898050602991,road_0014,collector,140,45.0,45,19.140817520426083,0,FREE_FLOW,Left Bank
2024-01-05 03:00:00,51.09379597309867,71.3747399226662,road_0015,collector,112,41.809228098919796,45,14.691334904401419,0,FREE_FLOW,Left Bank
2024-01-05 03:00:00,51.10200587058781,71.4105255768849,road_0016,collector,130,44.41283795946475,45,11.585951916649893,0,FREE_FLOW,Left Bank
2024-01-05 03:00:00,51.14997939524811,71.48471150021103,road_0017,local,27,32.36313433875274,35,2.1775539309265284,0,FREE_FLOW,Right Bank
2024-01-05 03:00:00,51.12597404841841,71.5114357036669,road_0018,local,36,35.0,35,11.047683872147164,0,FREE_FLOW,Esil District
2024-01-05 03:00:00,51.15469379256984,71.44515988046629,road_0019,collector,82,45.0,45,1.226238825316675,0,FREE_FLOW,City Center
2024-01-05 03:00:00,51.16857999845184,71.4595019477238,road_0020,arterial,313,60.0,60,3.9431051176516227,0,FREE_FLOW,City Center
2024-01-05 03:00:00,51.15694799555623,71.45525725431128,road_0021,collector,101,44.82214781094058,45,13.634966088043365,0,FREE_FLOW,Esil District
2024-01-05 03:00:00,51.15037767188937,71.47600489108373,road_0022,arterial,173,59.87897507556559,60,6.811955413389297,0,FREE_FLOW,City Center
2024-01-05 03:00:00,51.179136852536935,71.44184452872075,road_0023,arterial,102,59.210214492602134,60,1.4048236226723008,0,FREE_FLOW,Esil District
2024-01-05 03:00:00,51.08968684609002,71.45590858984447,road_0024,local,22,35.0,35,8.959392341391858,0,FREE_FLOW,Esil District
2024-01-05 04:00:00,51.20721558440182,71.41748061169966,road_0000,arterial,191,60.0,60,0.0,0,FREE_FLOW,Right Bank
2024-01-05 04:00:00,51.213488841961706,71.4551094605174,road_0001,local,58,34.732697101826176,35,14.723454543595295,0,FREE_FLOW,Right Bank
2024-01-05 04:00:00,51.09202009123179,71.43847470697595,road_0002,arterial,155,59.092624537111135,60,5.71241228616518,0,FREE_FLOW,Left Bank
2024-01-05 04:00:00,51.19057683736238,71.4135219694281,road_0003,collector,167,44.72287899810976,45,14.926048171635754,0,FREE_FLOW,Right Bank
2024-01-05 04:00:00,51.16991099020425,71.48953431403665,road_0004,collector,114,45.0,45,5.818431393876777,0,FREE_FLOW,Right Bank
2024-01-05 04:00:00,51.160352110793035,71.43655906544681,road_0005,collector,165,41.82679592841735,45,7.661710961877459,0,FREE_FLOW,Left Bank
2024-01-05 04:00:00,51.197010226921215,71.45590960880924,road_0006,arterial,105,56.251305607000695,60,2.657121571337229,0,FREE_FLOW,Right Bank
2024-01-05 04:00:00,51.11464444065831,71.472169515803,road_0007,collector,56,41.271747431923345,45,7.3329043063485635,0,FREE_FLOW,Esil District
2024-01-05 04:00:00,51.12044326025239,71.43375018852568,road_0008,collector,196,45.0,45,22.782803086835166,0,FREE_FLOW,Left Bank
2024-01-05 04:00:00,51.11541119500996,71.39497674159925,road_0009,arterial,258,56.54062947269078,60,12.2785885363966,0,FREE_FLOW,Left Bank
2024-01-05 04:00:00,51.11078369535379,71.44797551413016,road_0010,collector,126,45.0,45,17.63955309468252,0,FREE_FLOW,Esil District
2024-01-05 04:00:00,51.08154293158093,71.50410393821133,road_0011,arterial,203,60.0,60,7.68194037636443,0,FREE_FLOW,Esil District
2024-01-05 04:00:00,51.19411054283802,71.48338375455349,road_0012,collector,175,45.0,45,19.6115331704995,0,FREE_FLOW,Right Bank
2024-01-05 04:00:00,51.11540059978571,71.41954819303338,road_0013,arterial,478,55.98451735634497,60,19.166034353234842,0,FREE_FLOW,Left Bank
2024-01-05 04:00:00,51.153146942289446,71.41898050602991,road_0014,collector,201,42.64252768066852,45,9.058951360746626,0,FREE_FLOW,Left Bank
2024-01-05 04:00:00,51.09379597309867,71.3747399226662,road_0015,collector,285,44.74808141026042,45,21.619408897401165,0,FREE_FLOW,Left Bank
2024-01-05 04:00:00,51.10200587058781,71.4105255768849,road_0016,collector,223,43.91346012379772,45,13.181351633134414,0,FREE_FLOW,Left Bank
2024-01-05 04:00:00,51.14997939524811,71.48471150021103,road_0017,local,61,34.66201652090833,35,10.578387122416517,0,FREE_FLOW,Right Bank
2024-01-05 04:00:00,51.12597404841841,71.5114357036669,road_0018,local,62,34.433336454284444,35,4.69094051907554,0,FREE_FLOW,Esil District
2024-01-05 04:00:00,51.15469379256984,71.44515988046629,road_0019,collector,118,45.0,45,3.340865010123517,0,FREE_FLOW,City Center
2024-01-05 04:00:00,51.16857999845184,71.4595019477238,road_0020,arterial,344,55.554159483128494,60,13.95864990815297,0,FREE_FLOW,City Center
2024-01-05 04:00:00,51.15694799555623,71.45525725431128,road_0021,collector,102,45.0,45,13.580983361587148,0,FREE_FLOW,Esil District
2024-01-05 04:00:00,51.15037767188937,71.47600489108373,road_0022,arterial,364,60.0,60,20.420163182450764,0,FREE_FLOW,City Center
2024-01-05 04:00:00,51.179136852536935,71.44184452872075,road_0023,arterial,169,56.211004838361866,60,14.65046473821945,0,FREE_FLOW,Esil District
2024-01-05 04:00:00,51.08968684609002,71.45590858984447,road_0024,local,35,35.0,35,0.4599262297316926,0,FREE_FLOW,Esil District
2024-01-05 05:00:00,51.20721558440182,71.41748061169966,road_0000,arterial,576,60.0,60,14.808751746710048,0,FREE_FLOW,Right Bank
2024-01-05 05:00:00,51.213488841961706,71.4551094605174,road_0001,local,149,35.0,35,15.831422753831255,0,FREE_FLOW,Right Bank
2024-01-05 05:00:00,51.09202009123179,71.43847470697595,road_0002,arterial,757,59.885725517499395,60,34.66066677579775,0,FREE_FLOW,Left Bank
2024-01-05 05:00:00,51.19057683736238,71.4135219694281,road_0003,collector,149,45.0,45,0.9046663945192535,0,FREE_FLOW,Right Bank
2024-01-05 05:00:00,51.16991099020425,71.48953431403665,road_0004,collector,325,44.588059154893315,45,31.60710275790061,0,FREE_FLOW,Right Bank
2024-01-05 05:00:00,51.160352110793035,71.43655906544681,road_0005,collector,485,45.0,45,42.16196716449509,0,FREE_FLOW,Left Bank
2024-01-05 05:00:00,51.197010226921215,71.45590960880924,road_0006,arterial,338,54.70931682102788,60,16.875544528915228,0,FREE_FLOW,Right Bank
2024-01-05 05:00:00,51.11464444065831,71.472169515803,road_0007,collector,261,43.68017091856244,45,18.9408372398005,0,FREE_FLOW,Esil District
2024-01-05 05:00:00,51.12044326025239,71.43375018852568,road_0008,collector,533,41.789324887490054,45,36.41697641795935,0,FREE_FLOW,Left Bank
2024-01-05 05:00:00,51.11541119500996,71.39497674159925,road_0009,arterial,524,57.33458467595419,60,27.081643307898553,0,FREE_FLOW,Left Bank
2024-01-05 05:00:00,51.11078369535379,71.44797551413016,road_0010,collector,144,40.53168151973624,45,13.869238967329995,0,FREE_FLOW,Esil District
2024-01-05 05:00:00,51.08154293158093,71.50410393821133,road_0011,arterial,155,59.00851474296044,60,9.106391666752334,0,FREE_FLOW,Esil District
2024-01-05 05:00:00,51.19411054283802,71.48338375455349,road_0012,collector,235,44.00033602669736,45,9.522722560198801,0,FREE_FLOW,Right Bank
2024-01-05 05:00:00,51.11540059978571,71.41954819303338,road_0013,arterial,841,54.858661859384256,60,34.733873712941154,0,FREE_FLOW,Left Bank
2024-01-05 05:00:00,51.153146942289446,71.41898050602991,road_0014,collector,454,42.730390646610175,45,36.276969158636334,0,FREE_FLOW,Left Bank
2024-01-05 05:00:00,51.09379597309867,71.3747399226662,road_0015,collector,384,41.010209093456645,45,35.07755534087279,0,FREE_FLOW,Left Bank
2024-01-05 05:00:00,51.10200587058781,71.4105255768849,road_0016,collector,438,43.06386955974457,45,30.21486561782144,0,FREE_FLOW,Left Bank
2024-01-05 05:00:00,51.14997939524811,71.48471150021103,road_0017,local,137,31.761470735631157,35,13.79729781955363,0,FREE_FLOW,Right Bank
2024-01-05 05:00:00,51.12597404841841,71.5114357036669,road_0018,local,83,35.0,35,20.340548577464926,0,FREE_FLOW,Esil District
2024-01-05 05:00:00,51.15469379256984,71.44515988046629,road_0019,collector,345,45.0,45,27.790069098121656,0,FREE_FLOW,City Center
2024-01-05 05:00:00,51.16857999845184,71.4595019477238,road_0020,arterial,806,60.0,60,41.74137845197434,0,FREE_FLOW,City Center
2024-01-05 05:00:00,51.15694799555623,71.45525725431128,road_0021,collector,119,45.0,45,7.774967441101635,0,FREE_FLOW,Esil District
2024-01-05 05:00:00,51.15037767188937,71.47600489108373,road_0022,arterial,494,59.63053045459568,60,25.063063216970935,0,FREE_FLOW,City Center
2024-01-05 05:00:00,51.179136852536935,71.44184452872075,road_0023,arterial,288,60.0,60,14.575195119522506,0,FREE_FLOW,Esil District
2024-01-05 05:00:00,51.08968684609002,71.45590858984447,road_0024,local,79,31.902548000907892,35,11.86356784220837,0,FREE_FLOW,Esil District
2024-01-05 06:00:00,51.20721558440182,71.41748061169966,road_0000,arterial,984,59.1639072813304,60,35.96761868659275,0,FREE_FLOW,Right Bank
2024-01-05 06:00:00,51.213488841961706,71.4551094605174,road_0001,local,212,32.34760820044413,35,32.66155335401251,0,FREE_FLOW,Right Bank
2024-01-05 06:00:00,51.09202009123179,71.43847470697595,road_0002,arterial,1805,53.398051766900856,60,65.85847996842627,0,FREE_FLOW,Left Bank
2024-01-05 06:00:00,51.19057683736238,71.4135219694281,road_0003,collector,564,42.55942084866641,45,28.660515420596216,0,FREE_FLOW,Right Bank
2024-01-05 06:00:00,51.16991099020425,71.48953431403665,road_0004,collector,514,45.0,45,41.36843994478738,0,FREE_FLOW,Right Bank
2024-01-05 06:00:00,51.160352110793035,71.43655906544681,road_0005,collector,655,45.0,45,34.051645943644544,0,FREE_FLOW,Left Bank
2024-01-05 06:00:00,51.197010226921215,71.45590960880924,road_0006,arterial,514,56.93665046010179,60,21.94213960725608,0,FREE_FLOW,Right Bank
2024-01-05 06:00:00,51.11464444065831,71.472169515803,road_0007,collector,443,45.0,45,28.94409202913883,0,FREE_FLOW,Esil District
2024-01-05 06:00:00,51.12044326025239,71.43375018852568,road_0008,collector,911,43.42375010969207,45,58.732575825012084,0,FREE_FLOW,Left Bank
2024-01-05 06:00:00,51.11541119500996,71.39497674159925,road_0009,arterial,1261,60.0,60,59.82498277645017,0,FREE_FLOW,Left Bank
2024-01-05 06:00:00,51.11078369535379,71.44797551413016,road_0010,collector,380,45.0,45,23.24143354392749,0,FREE_FLOW,Esil District
2024-01-05 06:00:00,51.08154293158093,71.50410393821133,road_0011,arterial,572,60.0,60,16.415137348469216,0,FREE_FLOW,Esil District
2024-01-05 06:00:00,51.19411054283802,71.48338375455349,road_0012,collector,617,42.972818332878695,45,32.58177959054703,0,FREE_FLOW,Right Bank
2024-01-05 06:00:00,51.11540059978571,71.41954819303338,road_0013,arterial,911,55.73985759539831,60,34.09585662159819,0,FREE_FLOW,Left Bank
2024-01-05 06:00:00,51.153146942289446,71.41898050602991,road_0014,collector,851,44.13213912342013,45,52.22805835925935,0,FREE_FLOW,Left Bank
2024-01-05 06:00:00,51.09379597309867,71.3747399226662,road_0015,collector,801,43.08943311893165,45,49.25811493403459,0,FREE_FLOW,Left Bank
2024-01-05 06:00:00,51.10200587058781,71.4105255768849,road_0016,collector,1035,41.750057353811584,45,66.52776992883221,0,FREE_FLOW,Left Bank
2024-01-05 06:00:00,51.14997939524811,71.48471150021103,road_0017,local,428,35.0,35,56.90707279323598,0,FREE_FLOW,Right Bank
2024-01-05 06:00:00,51.12597404841841,71.5114357036669,road_0018,local,264,34.46945575184136,35,30.773120030870274,0,FREE_FLOW,Esil District
2024-01-05 06:00:00,51.15469379256984,71.44515988046629,road_0019,collector,680,45.0,45,53.95451395107733,0,FREE_FLOW,City Center
2024-01-05 06:00:00,51.16857999845184,71.4595019477238,road_0020,arterial,1097,56.74933846229275,60,39.1831245941063,0,FREE_FLOW,City Center
2024-01-05 06:00:00,51.15694799555623,71.45525725431128,road_0021,collector,514,40.425595143872194,45,25.232104405826295,0,FREE_FLOW,Esil District
2024-01-05 06:00:00,51.15037767188937,71.47600489108373,road_0022,arterial,1480,56.87907765737636,60,66.81096684677914,0,FREE_FLOW,City Center
2024-01-05 06:00:00,51.179136852536935,71.44184452872075,road_0023,arterial,484,60.0,60,12.257056545364883,0,FREE_FLOW,Esil District
2024-01-05 06:00:00,51.08968684609002,71.45590858984447,road_0024,local,143,31.638599340101344,35,17.094441045112976,0,FREE_FLOW,Esil District
2024-01-05 07:00:00,51.20721558440182,71.41748061169966,road_0000,arterial,1259,60.0,60,54.28069464458265,0,FREE_FLOW,Right Bank
2024-01-05 07:00:00,51.213488841961706,71.4551094605174,road_0001,local,424,34.148123402056285,35,44.04175813854302,0,FREE_FLOW,Right Bank
2024-01-05 07:00:00,51.09202009123179,71.43847470697595,road_0002,arterial,2500,49.13072127730286,60,100.0,0,FREE_FLOW,Left Bank
2024-01-05 07:00:00,51.19057683736238,71.4135219694281,road_0003,collector,1500,39.12049850941513,45,96.53482124954742,0,FREE_FLOW,Right Bank
2024-01-05 07:00:00,51.16991099020425,71.48953431403665,road_0004,collector,1500,37.19217916497309,45,100.0,0,FREE_FLOW,Right Bank
2024-01-05 07:00:00,51.160352110793035,71.43655906544681,road_0005,collector,1500,36.0291925920717,45,100.0,0,FREE_FLOW,Left Bank
2024-01-05 07:00:00,51.197010226921215,71.45590960880924,road_0006,arterial,2500,48.429558607273364,60,100.0,0,FREE_FLOW,Right Bank
2024-01-05 07:00:00,51.11464444065831,71.472169515803,road_0007,collector,566,45.0,45,39.736142997601874,0,FREE_FLOW,Esil District
2024-01-05 07:00:00,51.12044326025239,71.43375018852568,road_0008,collector,1500,38.83745197810801,45,100.0,0,FREE_FLOW,Left Bank
2024-01-05 07:00:00,51.11541119500996,71.39497674159925,road_0009,arterial,2500,47.644475367208514,60,94.30441290532758,1,LIGHT,Left Bank
2024-01-05 07:00:00,51.11078369535379,71.44797551413016,road_0010,collector,756,45.0,45,55.73114588733506,0,FREE_FLOW,Esil District
2024-01-05 07:00:00,51.08154293158093,71.50410393821133,road_0011,arterial,2111,52.99643502687357,60,75.78395141504747,0,FREE_FLOW,Esil District
2024-01-05 07:00:00,51.19411054283802,71.48338375455349,road_0012,collector,1482,41.57944370197677,45,100.0,0,FREE_FLOW,Right Bank
2024-01-05 07:00:00,51.11540059978571,71.41954819303338,road_0013,arterial,2500,55.94385738526711,60,100.0,0,FREE_FLOW,Left Bank
2024-01-05 07:00:00,51.153146942289446,71.41898050602991,road_0014,collector,1500,42.981859341017824,45,100.0,0,FREE_FLOW,Left Bank
2024-01-05 07:00:00,51.09379597309867,71.3747399226662,road_0015,collector,1306,44.451184496244714,45,93.59950274093632,0,FREE_FLOW,Left Bank
2024-01-05 07:00:00,51.10200587058781,71.4105255768849,road_0016,collector,1500,35.554913125190836,45,100.0,1,LIGHT,Left Bank
2024-01-05 07:00:00,51.14997939524811,71.48471150021103,road_0017,local,800,29.231900211119125,35,97.9630988916955,0,FREE_FLOW,Right Bank
2024-01-05 07:00:00,51.12597404841841,71.5114357036669,road_0018,local,563,35.0,35,60.43848596369006,0,FREE_FLOW,Esil District
2024-01-05 07:00:00,51.15469379256984,71.44515988046629,road_0019,collector,1500,35.737125029004005,45,100.0,1,LIGHT,City Center
2024-01-05 07:00:00,51.16857999845184,71.4595019477238,road_0020,arterial,2500,53.83081166275736,60,96.41398570082646,0,FREE_FLOW,City Center
2024-01-05 07:00:00,51.15694799555623,71.45525725431128,road_0021,collector,988,42.731423360099306,45,60.09194131284202,0,FREE_FLOW,Esil District
2024-01-05 07:00:00,51.15037767188937,71.47600489108373,road_0022,arterial,2500,53.73402254088965,60,92.54585066190157,0,FREE_FLOW,City Center
2024-01-05 07:00:00,51.179136852536935,71.44184452872075,road_0023,arterial,864,54.124463417627,60,38.760586953504585,0,FREE_FLOW,Esil District
2024-01-05 07:00:00,51.08968684609002,71.45590858984447,road_0024,local,471,32.251431598051184,35,49.05163686845469,0,FREE_FLOW,Esil District
2024-01-05 08:00:00,51.20721558440182,71.41748061169966,road_0000,arterial,2500,52.43287043858861,60,100.0,0,FREE_FLOW,Right Bank
2024-01-05 08:00:00,51.213488841961706,71.4551094605174,road_0001,local,800,28.922451192983146,35,96.20080837462828,0,FREE_FLOW,Right Bank
2024-01-05 08:00:00,51.09202009123179,71.43847470697595,road_0002,arterial,2500,49.30304443623335,60,93.8398390046158,0,FREE_FLOW,Left Bank
2024-01-05 08:00:00,51.19057683736238,71.4135219694281,road_0003,collector,1383,43.491042046622326,45,95.25626733628486,0,FREE_FLOW,Right Bank
2024-01-05 08:00:00,51.16991099020425,71.48953431403665,road_0004,collector,1255,45.0,45,81.24361596367777,0,FREE_FLOW,Right Bank
2024-01-05 08:00:00,51.160352110793035,71.43655906544681,road_0005,collector,1500,36.47775298664881,45,99.54320092823163,0,FREE_FLOW,Left Bank
2024-01-05 08:00:00,51.197010226921215,71.45590960880924,road_0006,arterial,2213,54.74087769692934,60,96.07664335780244,0,FREE_FLOW,Right Bank
2024-01-05 08:00:00,51.11464444065831,71.472169515803,road_0007,collector,1303,41.422172828591826,45,89.6590091587138,0,FREE_FLOW,Esil District
2024-01-05 08:00:00,51.12044326025239,71.43375018852568,road_0008,collector,1500,40.54024833583052,45,93.67746481441982,0,FREE_FLOW,Left Bank
2024-01-05 08:00:00,51.11541119500996,71.39497674159925,road_0009,arterial,2500,56.85752179269978,60,94.21263444548602,0,FREE_FLOW,Left Bank
2024-01-05 08:00:00,51.11078369535379,71.44797551413016,road_0010,collector,939,43.25964451029875,45,71.06769335981448,0,FREE_FLOW,Esil District
2024-01-05 08:00:00,51.08154293158093,71.50410393821133,road_0011,arterial,2277,56.19373759205684,60,87.20689150404294,0,FREE_FLOW,Esil District
2024-01-05 08:00:00,51.19411054283802,71.48338375455349,road_0012,collector,1500,39.8670375639067,45,100.0,0,FREE_FLOW,Right Bank
2024-01-05 08:00:00,51.11540059978571,71.41954819303338,road_0013,arterial,2500,56.46506520467159,60,94.24360765133747,0,FREE_FLOW,Left Bank
2024-01-05 08:00:00,51.153146942289446,71.41898050602991,road_0014,collector,1500,36.07656224611621,45,90.12990031998513,0,FREE_FLOW,Left Bank
2024-01-05 08:00:00,51.09379597309867,71.3747399226662,road_0015,collector,1500,37.591590878389674,45,97.93823847973391,0,FREE_FLOW,Left Bank
2024-01-05 08:00:00,51.10200587058781,71.4105255768849,road_0016,collector,1500,39.749589938156916,45,99.77462537954575,0,FREE_FLOW,Left Bank
2024-01-05 08:00:00,51.14997939524811,71.48471150021103,road_0017,local,800,31.545609770573954,35,96.08735566859102,0,FREE_FLOW,Right Bank
2024-01-05 08:00:00,51.12597404841841,71.5114357036669,road_0018,local,800,31.757256241309125,35,100.0,0,FREE_FLOW,Esil District
2024-01-05 08:00:00,51.15469379256984,71.44515988046629,road_0019,collector,1500,39.013476503133646,45,98.39079289053424,0,FREE_FLOW,City Center
2024-01-05 08:00:00,51.16857999845184,71.4595019477238,road_0020,arterial,2500,54.130456620567834,60,95.81583888443694,0,FREE_FLOW,City Center
2024-01-05 08:00:00,51.15694799555623,71.45525725431128,road_0021,collector,1136,41.961433869953694,45,85.40618395398957,0,FREE_FLOW,Esil District
2024-01-05 08:00:00,51.15037767188937,71.47600489108373,road_0022,arterial,2500,52.13972688102447,60,100.0,0,FREE_FLOW,City Center
2024-01-05 08:00:00,51.179136852536935,71.44184452872075,road_0023,arterial,1884,54.651791871589666,60,76.17884720009855,0,FREE_FLOW,Esil District
2024-01-05 08:00:00,51.08968684609002,71.45590858984447,road_0024,local,800,31.83626883816679,35,100.0,0,FREE_FLOW,Esil District
2024-01-05 09:00:00,51.20721558440182,71.41748061169966,road_0000,arterial,2500,53.7546694281351,60,98.45373871016321,0,FREE_FLOW,Right Bank
2024-01-05 09:00:00,51.213488841961706,71.4551094605174,road_0001,local,512,33.8798331717147,35,62.26946528243937,0,FREE_FLOW,Right Bank
2024-01-05 09:00:00,51.09202009123179,71.43847470697595,road_0002,arterial,2500,49.280852080478496,60,91.47100957952559,0,FREE_FLOW,Left Bank
2024-01-05 09:00:00,51.19057683736238,71.4135219694281,road_0003,collector,1500,39.658585130480326,45,100.0,0,FREE_FLOW,Right Bank
2024-01-05 09:00:00,51.16991099020425,71.48953431403665,road_0004,collector,1500,37.979040134381755,45,90.29737948691039,0,FREE_FLOW,Right Bank
2024-01-05 09:00:00,51.160352110793035,71.43655906544681,road_0005,collector,1500,38.25161736363461,45,92.08024908570161,0,FREE_FLOW,Left Bank
2024-01-05 09:00:00,51.197010226921215,71.45590960880924,road_0006,arterial,2116,60.0,60,80.81132995177833,0,FREE_FLOW,Right Bank
2024-01-05 09:00:00,51.11464444065831,71.472169515803,road_0007,collector,489,45.0,45,27.092775528582184,0,FREE_FLOW,Esil District
2024-01-05 09:00:00,51.12044326025239,71.43375018852568,road_0008,collector,1500,41.04435801212281,45,90.64920283524553,0,FREE_FLOW,Left Bank
2024-01-05 09:00:00,51.11541119500996,71.39497674159925,road_0009,arterial,2500,47.476256113913976,60,90.44733068988859,1,LIGHT,Left Bank
2024-01-05 09:00:00,51.11078369535379,71.44797551413016,road_0010,collector,642,45.0,45,40.177581833185506,0,FREE_FLOW,Esil District
2024-01-05 09:00:00,51.08154293158093,71.50410393821133,road_0011,arterial,1516,60.0,60,52.51819929662061,0,FREE_FLOW,Esil District
2024-01-05 09:00:00,51.19411054283802,71.48338375455349,road_0012,collector,1361,44.09787179084914,45,83.45837361446097,0,FREE_FLOW,Right Bank
2024-01-05 09:00:00,51.11540059978571,71.41954819303338,road_0013,arterial,2500,52.99285940588723,60,100.0,0,FREE_FLOW,Left Bank
2024-01-05 09:00:00,51.153146942289446,71.41898050602991,road_0014,collector,1500,35.959857751370976,45,96.58154833780064,1,LIGHT,Left Bank
2024-01-05 09:00:00,51.09379597309867,71.3747399226662,road_0015,collector,1500,36.51292795948504,45,100.0,0,FREE_FLOW,Left Bank
2024-01-05 09:00:00,51.10200587058781,71.4105255768849,road_0016,collector,1500,39.543889743331825,45,100.0,0,FREE_FLOW,Left Bank
2024-01-05 09:00:00,51.14997939524811,71.48471150021103,road_0017,local,468,35.0,35,51.40632912673252,0,FREE_FLOW,Right Bank
2024-01-05 09:00:00,51.12597404841841,71.5114357036669,road_0018,local,694,29.969806065091213,35,92.41442914104597,0,FREE_FLOW,Esil District
2024-01-05 09:00:00,51.15469379256984,71.44515988046629,road_0019,collector,1500,35.565473651503,45,100.0,1,LIGHT,City Center
2024-01-05 09:00:00,51.16857999845184,71.4595019477238,road_0020,arterial,2500,47.14911887519942,60,100.0,1,LIGHT,City Center
2024-01-05 09:00:00,51.15694799555623,71.45525725431128,road_0021,collector,1121,40.93796789841852,45,75.04328285287315,0,FREE_FLOW,Esil District
2024-01-05 09:00:00,51.15037767188937,71.47600489108373,road_0022,arterial,2500,49.92909085393541,60,100.0,0,FREE_FLOW,City Center
2024-01-05 09:00:00,51.179136852536935,71.44184452872075,road_0023,arterial,1647,58.33529907448722,60,61.546226707476976,0,FREE_FLOW,Esil District
2024-01-05 09:00:00,51.08968684609002,71.45590858984447,road_0024,local,270,35.0,35,42.44073963282406,0,FREE_FLOW,Esil District
2024-01-05 10:00:00,51.20721558440182,71.41748061169966,road_0000,arterial,1206,60.0,60,43.450348908719384,0,FREE_FLOW,Right Bank
2024-01-05 10:00:00,51.213488841961706,71.4551094605174,road_0001,local,270,35.0,35,28.24625799020369,0,FREE_FLOW,Right Bank
2024-01-05 10:00:00,51.09202009123179,71.43847470697595,road_0002,arterial,1822,60.0,60,62.92368189011114,0,FREE_FLOW,Left Bank
2024-01-05 10:00:00,51.19057683736238,71.4135219694281,road_0003,collector,557,41.85795147946182,45,43.260438949205124,0,FREE_FLOW,Right Bank
2024-01-05 10:00:00,51.16991099020425,71.48953431403665,road_0004,collector,623,44.636565839137994,45,37.77572264011742,0,FREE_FLOW,Right Bank
2024-01-05 10:00:00,51.160352110793035,71.43655906544681,road_0005,collector,779,45.0,45,55.31995690738811,0,FREE_FLOW,Left Bank
2024-01-05 10:00:00,51.197010226921215,71.45590960880924,road_0006,arterial,964,59.910325678123904,60,45.81577091342781,0,FREE_FLOW,Right Bank
2024-01-05 10:00:00,51.11464444065831,71.472169515803,road_0007,collector,471,45.0,45,35.54535837332878,0,FREE_FLOW,Esil District
2024-01-05 10:00:00,51.12044326025239,71.43375018852568,road_0008,collector,765,40.25848986487323,45,46.0486238820408,0,FREE_FLOW,Left Bank
2024-01-05 10:00:00,51.11541119500996,71.39497674159925,road_0009,arterial,2061,56.40048906310946,60,80.65618524748683,0,FREE_FLOW,Left Bank
2024-01-05 10:00:00,51.11078369535379,71.44797551413016,road_0010,collector,770,40.65178445281106,45,54.49101204006396,0,FREE_FLOW,Esil District
2024-01-05 10:00:00,51.08154293158093,71.50410393821133,road_0011,arterial,564,60.0,60,23.34758636056286,0,FREE_FLOW,Esil District
2024-01-05 10:00:00,51.19411054283802,71.48338375455349,road_0012,collector,520,42.69898068946729,45,29.78968437014165,0,FREE_FLOW,Right Bank
2024-01-05 10:00:00,51.11540059978571,71.41954819303338,road_0013,arterial,2449,55.061382952093595,60,91.07802487079894,0,FREE_FLOW,Left Bank
2024-01-05 10:00:00,51.153146942289446,71.41898050602991,road_0014,collector,1269,41.02004906795908,45,77.29440890181327,0,FREE_FLOW,Left Bank
2024-01-05 10:00:00,51.09379597309867,71.3747399226662,road_0015,collector,716,44.7166205820038,45,50.83677619689172,0,FREE_FLOW,Left Bank
2024-01-05 10:00:00,51.10200587058781,71.4105255768849,road_0016,collector,741,45.0,45,41.528951776662154,0,FREE_FLOW,Left Bank
2024-01-05 10:00:00,51.14997939524811,71.48471150021103,road_0017,local,210,35.0,35,35.48333544364993,0,FREE_FLOW,Right Bank
2024-01-05 10:00:00,51.12597404841841,71.5114357036669,road_0018,local,292,34.196427400077866,35,37.838917149593094,0,FREE_FLOW,Esil District
2024-01-05 10:00:00,51.15469379256984,71.44515988046629,road_0019,collector,1208,44.86115275986702,45,78.56714470456562,0,FREE_FLOW,City Center
2024-01-05 10:00:00,51.16857999845184,71.4595019477238,road_0020,arterial,2061,51.98607831052779,60,74.3832936393193,0,FREE_FLOW,City Center
2024-01-05 10:00:00,51.15694799555623,71.45525725431128,road_0021,collector,655,45.0,45,53.24873455171213,0,FREE_FLOW,Esil District
2024-01-05 10:00:00,51.15037767188937,71.47600489108373,road_0022,arterial,2249,54.07883648539014,60,82.04945971631872,0,FREE_FLOW,City Center
2024-01-05 10:00:00,51.179136852536935,71.44184452872075,road_0023,arterial,597,60.0,60,29.150041694407328,0,FREE_FLOW,Esil District
2024-01-05 10:00:00,51.08968684609002,71.45590858984447,road_0024,local,285,32.234241304409764,35,34.83174463205471,0,FREE_FLOW,Esil District
2024-01-05 11:00:00,51.20721558440182,71.41748061169966,road_0000,arterial,1393,55.55222157879369,60,62.05535146259167,0,FREE_FLOW,Right Bank
2024-01-05 11:00:00,51.213488841961706,71.4551094605174,road_0001,local,306,34.69398844709147,35,45.17006846794794,0,FREE_FLOW,Right Bank
2024-01-05 11:00:00,51.09202009123179,71.43847470697595,road_0002,arterial,2500,54.72351488161775,60,100.0,0,FREE_FLOW,Left Bank
2024-01-05 11:00:00,51.19057683736238,71.4135219694281,road_0003,collector,812,43.584506137968496,45,60.80412596420881,0,FREE_FLOW,Right Bank
2024-01-05 11:00:00,51.16991099020425,71.48953431403665,road_0004,collector,877,44.718748191157,45,57.18347404412119,0,FREE_FLOW,Right Bank
2024-01-05 11:00:00,51.160352110793035,71.43655906544681,road_0005,collector,899,45.0,45,61.79310310898353,0,FREE_FLOW,Left Bank
2024-01-05 11:00:00,51.197010226921215,71.45590960880924,road_0006,arterial,1251,56.5509103240186,60,54.67215888737047,0,FREE_FLOW,Right Bank
2024-01-05 11:00:00,51.11464444065831,71.472169515803,road_0007,collector,450,44.779447999949234,45,36.85574492227858,0,FREE_FLOW,Esil District
2024-01-05 11:00:00,51.12044326025239,71.43375018852568,road_0008,collector,1055,40.21183476996665,45,70.22569363553399,0,FREE_FLOW,Left Bank
2024-01-05 11:00:00,51.11541119500996,71.39497674159925,road_0009,arterial,2500,52.57246300888074,60,100.0,0,FREE_FLOW,Left Bank
2024-01-05 11:00:00,51.11078369535379,71.44797551413016,road_0010,collector,750,41.55380122996909,45,45.99947816309065,0,FREE_FLOW,Esil District
2024-01-05 11:00:00,51.08154293158093,71.50410393821133,road_0011,arterial,1315,55.522680617029735,60,45.672371070087024,0,FREE_FLOW,Esil District
2024-01-05 11:00:00,51.19411054283802,71.48338375455349,road_0012,collector,783,42.3139602652732,45,48.078454579430094,0,FREE_FLOW,Right Bank
2024-01-05 11:00:00,51.11540059978571,71.41954819303338,road_0013,arterial,2088,51.2380984306132,60,74.72440728890473,0,FREE_FLOW,Left Bank
2024-01-05 11:00:00,51.153146942289446,71.41898050602991,road_0014,collector,1240,43.55567385358626,45,92.08621049844962,0,FREE_FLOW,Left Bank
2024-01-05 11:00:00,51.09379597309867,71.3747399226662,road_0015,collector,613,41.28768642903551,45,39.15562536737626,0,FREE_FLOW,Left Bank
2024-01-05 11:00:00,51.10200587058781,71.4105255768849,road_0016,collector,1500,37.22071898224955,45,94.60171816840004,0,FREE_FLOW,Left Bank
2024-01-05 11:00:00,51.14997939524811,71.48471150021103,road_0017,local,209,34.42185174694329,35,27.81744017826707,0,FREE_FLOW,Right Bank
2024-01-05 11:00:00,51.12597404841841,71.5114357036669,road_0018,local,371,35.0,35,48.20360317798021,0,FREE_FLOW,Esil District
2024-01-05 11:00:00,51.15469379256984,71.44515988046629,road_0019,collector,1052,41.89359448693228,45,64.98936332985885,0,FREE_FLOW,City Center
2024-01-05 11:00:00,51.16857999845184,71.4595019477238,road_0020,arterial,2500,55.57313173165534,60,100.0,0,FREE_FLOW,City Center
2024-01-05 11:00:00,51.15694799555623,71.45525725431128,road_0021,collector,597,43.48696669231585,45,49.433690118740984,0,FREE_FLOW,Esil District
2024-01-05 11:00:00,51.15037767188937,71.47600489108373,road_0022,arterial,1775,52.39434797159097,60,64.7430438519786,0,FREE_FLOW,City Center
2024-01-05 11:00:00,51.179136852536935,71.44184452872075,road_0023,arterial,1628,57.34601907317742,60,58.37307707524243,0,FREE_FLOW,Esil District
2024-01-05 11:00:00,51.08968684609002,71.45590858984447,road_0024,local,438,35.0,35,52.64575018341428,0,FREE_FLOW,Esil District
2024-01-05 12:00:00,51.20721558440182,71.41748061169966,road_0000,arterial,2190,51.53100060716079,60,85.17699223844377,0,FREE_FLOW,Right Bank
2024-01-05 12:00:00,51.213488841961706,71.4551094605174,road_0001,local,506,31.721940494015378,35,67.68376782456326,0,FREE_FLOW,Right Bank
2024-01-05 12:00:00,51.09202009123179,71.43847470697595,road_0002,arterial,1789,60.0,60,64.73515830224167,0,FREE_FLOW,Left Bank
2024-01-05 12:00:00,51.19057683736238,71.4135219694281,road_0003,collector,523,43.25677982617298,45,42.543253136176375,0,FREE_FLOW,Right Bank
2024-01-05 12:00:00,51.16991099020425,71.48953431403665,road_0004,collector,881,44.751282664467226,45,63.9088045784121,0,FREE_FLOW,Right Bank
2024-01-05 12:00:00,51.160352110793035,71.43655906544681,road_0005,collector,972,45.0,45,68.59777464476807,0,FREE_FLOW,Left Bank
2024-01-05 12:00:00,51.197010226921215,71.45590960880924,road_0006,arterial,939,60.0,60,32.63458398914235,0,FREE_FLOW,Right Bank
2024-01-05 12:00:00,51.11464444065831,71.472169515803,road_0007,collector,432,45.0,45,22.298920273820592,0,FREE_FLOW,Esil District
2024-01-05 12:00:00,51.12044326025239,71.43375018852568,road_0008,collector,1500,39.27009374754971,45,100.0,0,FREE_FLOW,Left Bank
2024-01-05 12:00:00,51.11541119500996,71.39497674159925,road_0009,arterial,2500,52.659364777381754,60,100.0,0,FREE_FLOW,Left Bank
2024-01-05 12:00:00,51.11078369535379,71.44797551413016,road_0010,collector,589,41.61685570191527,45,40.16239974727077,0,FREE_FLOW,Esil District
2024-01-05 12:00:00,51.08154293158093,71.50410393821133,road_0011,arterial,1573,53.83942327810248,60,72.79270896985884,0,FREE_FLOW,Esil District
2024-01-05 12:00:00,51.19411054283802,71.48338375455349,road_0012,collector,725,44.33380494346878,45,46.23841532871169,0,FREE_FLOW,Right Bank
2024-01-05 12:00:00,51.11540059978571,71.41954819303338,road_0013,arterial,2500,56.2646620738412,60,93.86951698828736,0,FREE_FLOW,Left Bank
2024-01-05 12:00:00,51.153146942289446,71.41898050602991,road_0014,collector,822,45.0,45,45.8104045334467,0,FREE_FLOW,Left Bank
2024-01-05 12:00:00,51.09379597309867,71.3747399226662,road_0015,collector,817,45.0,45,45.146093093325675,0,FREE_FLOW,Left Bank
2024-01-05 12:00:00,51.10200587058781,71.4105255768849,road_0016,collector,1004,43.59122963277941,45,71.06972223353621,0,FREE_FLOW,Left Bank
2024-01-05 12:00:00,51.14997939524811,71.48471150021103,road_0017,local,255,32.04977772568335,35,30.23496519451074,0,FREE_FLOW,Right Bank
2024-01-05 12:00:00,51.12597404841841,71.5114357036669,road_0018,local,201,35.0,35,27.734165944848485,0,FREE_FLOW,Esil District
2024-01-05 12:00:00,51.15469379256984,71.44515988046629,road_0019,collector,1072,41.220103390511994,45,79.21004043255849,0,FREE_FLOW,City Center
2024-01-05 12:00:00,51.16857999845184,71.4595019477238,road_0020,arterial,1912,54.91575229334491,60,75.70283555761401,0,FREE_FLOW,City Center
2024-01-05 12:00:00,51.15694799555623,71.45525725431128,road_0021,collector,725,45.0,45,41.701039299394424,0,FREE_FLOW,Esil District
2024-01-05 12:00:00,51.15037767188937,71.47600489108373,road_0022,arterial,2500,48.33540916351159,60,100.0,0,FREE_FLOW,City Center
2024-01-05 12:00:00,51.179136852536935,71.44184452872075,road_0023,arterial,1171,56.62190238035605,60,45.285842256716634,0,FREE_FLOW,Esil District
2024-01-05 12:00:00,51.08968684609002,71.45590858984447,road_0024,local,262,33.346214011914405,35,27.781979395296503,0,FREE_FLOW,Esil District
2024-01-05 13:00:00,51.20721558440182,71.41748061169966,road_0000,arterial,1217,56.1836548578558,60,51.70384616301722,0,FREE_FLOW,Right Bank
2024-01-05 13:00:00,51.213488841961706,71.4551094605174,road_0001,local,225,35.0,35,22.614457388572056,0,FREE_FLOW,Right Bank
2024-01-05 13:00:00,51.09202009123179,71.43847470697595,road_0002,arterial,1916,56.40557528915873,60,85.91099198781701,0,FREE_FLOW,Left Bank
2024-01-05 13:00:00,51.19057683736238,71.4135219694281,road_0003,collector,758,45.0,45,51.489565027829386,0,FREE_FLOW,Right Bank
2024-01-05 13:00:00,51.16991099020425,71.48953431403665,road_0004,collector,454,44.42071690026822,45,23.385045384795784,0,FREE_FLOW,Right Bank
2024-01-05 13:00:00,51.160352110793035,71.43655906544681,road_0005,collector,1066,43.08369425051735,45,69.86614200751427,0,FREE_FLOW,Left Bank
2024-01-05 13:00:00,51.197010226921215,71.45590960880924,road_0006,arterial,1297,60.0,60,57.25900934318792,0,FREE_FLOW,Right Bank
2024-01-05 13:00:00,51.11464444065831,71.472169515803,road_0007,collector,792,41.913965391672534,45,52.21183631603568,0,FREE_FLOW,Esil District
2024-01-05 13:00:00,51.12044326025239,71.43375018852568,road_0008,collector,1361,36.8528856091097,45,92.50384696120061,0,FREE_FLOW,Left Bank
2024-01-05 13:00:00,51.11541119500996,71.39497674159925,road_0009,arterial,1332,53.90099617183787,60,44.71892718478882,0,FREE_FLOW,Left Bank
2024-01-05 13:00:00,51.11078369535379,71.44797551413016,road_0010,collector,611,44.00723199415948,45,37.10683640799065,0,FREE_FLOW,Esil District
2024-01-05 13:00:00,51.08154293158093,71.50410393821133,road_0011,arterial,899,60.0,60,43.915271550383764,0,FREE_FLOW,Esil District
2024-01-05 13:00:00,51.19411054283802,71.48338375455349,road_0012,collector,824,43.71371917051814,45,63.994865120493756,0,FREE_FLOW,Right Bank
2024-01-05 13:00:00,51.11540059978571,71.41954819303338,road_0013,arterial,1468,60.0,60,56.78520842444975,0,FREE_FLOW,Left Bank
2024-01-05 13:00:00,51.153146942289446,71.41898050602991,road_0014,collector,1327,40.127602781480626,45,97.5977460133237,0,FREE_FLOW,Left Bank
2024-01-05 13:00:00,51.09379597309867,71.3747399226662,road_0015,collector,1027,44.79777074168973,45,76.24435214834332,0,FREE_FLOW,Left Bank
2024-01-05 13:00:00,51.10200587058781,71.4105255768849,road_0016,collector,1461,38.93808866939226,45,97.56694349814686,0,FREE_FLOW,Left Bank
2024-01-05 13:00:00,51.14997939524811,71.48471150021103,road_0017,local,578,35.0,35,81.22951329929802,0,FREE_FLOW,Right Bank
2024-01-05 13:00:00,51.12597404841841,71.5114357036669,road_0018,local,276,35.0,35,29.619699075815568,0,FREE_FLOW,Esil District
2024-01-05 13:00:00,51.15469379256984,71.44515988046629,road_0019,collector,1306,38.250496171561814,45,79.49768188128488,0,FREE_FLOW,City Center
2024-01-05 13:00:00,51.16857999845184,71.4595019477238,road_0020,arterial,1358,55.04931050667307,60,56.720632153564694,0,FREE_FLOW,City Center
2024-01-05 13:00:00,51.15694799555623,71.45525725431128,road_0021,collector,330,45.0,45,27.641800292472197,0,FREE_FLOW,Esil District
2024-01-05 13:00:00,51.15037767188937,71.47600489108373,road_0022,arterial,1690,55.14768909093328,60,66.2709024631472,0,FREE_FLOW,City Center
2024-01-05 13:00:00,51.179136852536935,71.44184452872075,road_0023,arterial,957,54.39617738354037,60,43.41767215306071,0,FREE_FLOW,Esil District
2024-01-05 13:00:00,51.08968684609002,71.45590858984447,road_0024,local,372,35.0,35,48.088968384973796,0,FREE_FLOW,Esil District
2024-01-05 14:00:00,51.20721558440182,71.41748061169966,road_0000,arterial,611,60.0,60,21.4401392862136,0,FREE_FLOW,Right Bank
2024-01-05 14:00:00,51.213488841961706,71.4551094605174,road_0001,local,218,34.38950116819634,35,29.76866073697414,0,FREE_FLOW,Right Bank
2024-01-05 14:00:00,51.09202009123179,71.43847470697595,road_0002,arterial,1621,59.17135071348739,60,61.61482525906964,0,FREE_FLOW,Left Bank
2024-01-05 14:00:00,51.19057683736238,71.4135219694281,road_0003,collector,679,42.69441459310783,45,40.867730778997796,0,FREE_FLOW,Right Bank
2024-01-05 14:00:00,51.16991099020425,71.48953431403665,road_0004,collector,432,45.0,45,22.7888067402644,0,FREE_FLOW,Right Bank
2024-01-05 14:00:00,51.160352110793035,71.43655906544681,road_0005,collector,1002,41.4019597887267,45,63.31660039874789,0,FREE_FLOW,Left Bank
2024-01-05 14:00:00,51.197010226921215,71.45590960880924,road_0006,arterial,1325,60.0,60,56.71406102777874,0,FREE_FLOW,Right Bank
2024-01-05 14:00:00,51.11464444065831,71.472169515803,road_0007,collector,647,45.0,45,34.390848975623086,0,FREE_FLOW,Esil District
2024-01-05 14:00:00,51.12044326025239,71.43375018852568,road_0008,collector,729,45.0,45,53.3902046631413,0,FREE_FLOW,Left Bank
2024-01-05 14:00:00,51.11541119500996,71.39497674159925,road_0009,arterial,1359,60.0,60,56.77930192554385,0,FREE_FLOW,Left Bank
2024-01-05 14:00:00,51.11078369535379,71.44797551413016,road_0010,collector,781,43.952878306823855,45,42.22836019726689,0,FREE_FLOW,Esil District
2024-01-05 14:00:00,51.08154293158093,71.50410393821133,road_0011,arterial,580,60.0,60,31.430306563343695,0,FREE_FLOW,Esil District
2024-01-05 14:00:00,51.19411054283802,71.48338375455349,road_0012,collector,381,45.0,45,20.901088953610007,0,FREE_FLOW,Right Bank
2024-01-05 14:00:00,51.11540059978571,71.41954819303338,road_0013,arterial,1103,58.79489942161694,60,35.16984367906059,0,FREE_FLOW,Left Bank
2024-01-05 14:00:00,51.153146942289446,71.41898050602991,road_0014,collector,1260,38.53926482004043,45,82.54315361402088,0,FREE_FLOW,Left Bank
2024-01-05 14:00:00,51.09379597309867,71.3747399226662,road_0015,collector,1061,41.60809751646006,45,66.15634055687772,0,FREE_FLOW,Left Bank
2024-01-05 14:00:00,51.10200587058781,71.4105255768849,road_0016,collector,1043,42.55288064023648,45,72.26274750433527,0,FREE_FLOW,Left Bank
2024-01-05 14:00:00,51.14997939524811,71.48471150021103,road_0017,local,305,35.0,35,44.81837043579411,0,FREE_FLOW,Right Bank
2024-01-05 14:00:00,51.12597404841841,71.5114357036669,road_0018,local,159,35.0,35,19.13019881787946,0,FREE_FLOW,Esil District
2024-01-05 14:00:00,51.15469379256984,71.44515988046629,road_0019,collector,1108,43.83715345496614,45,73.90691915466168,0,FREE_FLOW,City Center
2024-01-05 14:00:00,51.16857999845184,71.4595019477238,road_0020,arterial,1812,55.51052458745357,60,67.04355434258343,0,FREE_FLOW,City Center
2024-01-05 14:00:00,51.15694799555623,71.45525725431128,road_0021,collector,704,45.0,45,43.86335108064823,0,FREE_FLOW,Esil District
2024-01-05 14:00:00,51.15037767188937,71.47600489108373,road_0022,arterial,2500,46.967864554486255,60,100.0,1,LIGHT,City Center
2024-01-05 14:00:00,51.179136852536935,71.44184452872075,road_0023,arterial,1234,60.0,60,46.679928165798714,0,FREE_FLOW,Esil District
2024-01-05 14:00:00,51.08968684609002,71.45590858984447,road_0024,local,208,35.0,35,32.421444461140375,0,FREE_FLOW,Esil District
2024-01-05 15:00:00,51.20721558440182,71.41748061169966,road_0000,arterial,950,56.320440910384036,60,39.87594918830851,0,FREE_FLOW,Right Bank
2024-01-05 15:00:00,51.213488841961706,71.4551094605174,road_0001,local,350,35.0,35,51.38088900811864,0,FREE_FLOW,Right Bank
2024-01-05 15:00:00,51.09202009123179,71.43847470697595,road_0002,arterial,2500,49.52179134970976,60,100.0,0,FREE_FLOW,Left Bank
2024-01-05 15:00:00,51.19057683736238,71.4135219694281,road_0003,collector,964,41.63613351235308,45,55.15088154538068,0,FREE_FLOW,Right Bank
2024-01-05 15:00:00,51.16991099020425,71.48953431403665,road_0004,collector,762,45.0,45,43.74728804309822,0,FREE_FLOW,Right Bank
2024-01-05 15:00:00,51.160352110793035,71.43655906544681,road_0005,collector,1500,35.635412060213866,45,94.44582107659109,1,LIGHT,Left Bank
2024-01-05 15:00:00,51.197010226921215,71.45590960880924,road_0006,arterial,1119,56.36758343914776,60,47.01444103883514,0,FREE_FLOW,Right Bank
2024-01-05 15:00:00,51.11464444065831,71.472169515803,road_0007,collector,804,45.0,45,48.078768666193916,0,FREE_FLOW,Esil District
2024-01-05 15:00:00,51.12044326025239,71.43375018852568,road_0008,collector,797,42.767827205759176,45,59.818891314442446,0,FREE_FLOW,Left Bank
2024-01-05 15:00:00,51.11541119500996,71.39497674159925,road_0009,arterial,1600,53.1296971395741,60,56.32800635660752,0,FREE_FLOW,Left Bank
2024-01-05 15:00:00,51.11078369535379,71.44797551413016,road_0010,collector,756,42.746663445661326,45,46.04732135104114,0,FREE_FLOW,Esil District
2024-01-05 15:00:00,51.08154293158093,71.50410393821133,road_0011,arterial,1661,60.0,60,65.90869806467387,0,FREE_FLOW,Esil District
2024-01-05 15:00:00,51.19411054283802,71.48338375455349,road_0012,collector,829,41.206361208620656,45,46.43792087707623,0,FREE_FLOW,Right Bank
2024-01-05 15:00:00,51.11540059978571,71.41954819303338,road_0013,arterial,2500,48.31981389596503,60,100.0,0,FREE_FLOW,Left Bank
2024-01-05 15:00:00,51.153146942289446,71.41898050602991,road_0014,collector,1392,36.552746310303576,45,100.0,0,FREE_FLOW,Left Bank
2024-01-05 15:00:00,51.09379597309867,71.3747399226662,road_0015,collector,1050,44.61382536216951,45,74.13745691086876,0,FREE_FLOW,Left Bank
2024-01-05 15:00:00,51.10200587058781,71.4105255768849,road_0016,collector,838,45.0,45,47.23361903046049,0,FREE_FLOW,Left Bank
2024-01-05 15:00:00,51.14997939524811,71.48471150021103,road_0017,local,333,33.72691467346741,35,50.098786820437404,0,FREE_FLOW,Right Bank
2024-01-05 15:00:00,51.12597404841841,71.5114357036669,road_0018,local,312,35.0,35,32.152226981257364,0,FREE_FLOW,Esil District
2024-01-05 15:00:00,51.15469379256984,71.44515988046629,road_0019,collector,1500,39.2088473196107,45,100.0,0,FREE_FLOW,City Center
2024-01-05 15:00:00,51.16857999845184,71.4595019477238,road_0020,arterial,2500,48.16098324213149,60,99.86977427476697,0,FREE_FLOW,City Center
2024-01-05 15:00:00,51.15694799555623,71.45525725431128,road_0021,collector,637,45.0,45,44.39949477454137,0,FREE_FLOW,Esil District
2024-01-05 15:00:00,51.15037767188937,71.47600489108373,road_0022,arterial,1885,58.983990046280475,60,73.4816105898662,0,FREE_FLOW,City Center
2024-01-05 15:00:00,51.179136852536935,71.44184452872075,road_0023,arterial,473,60.0,60,24.560685397698382,0,FREE_FLOW,Esil District
2024-01-05 15:00:00,51.08968684609002,71.45590858984447,road_0024,local,215,31.59755178188036,35,24.092332039602752,0,FREE_FLOW,Esil District
2024-01-05 16:00:00,51.20721558440182,71.41748061169966,road_0000,arterial,1199,54.61595054375306,60,56.70176796212992,0,FREE_FLOW,Right Bank
2024-01-05 16:00:00,51.213488841961706,71.4551094605174,road_0001,local,459,32.504506836946916,35,50.15618251587859,0,FREE_FLOW,Right Bank
2024-01-05 16:00:00,51.09202009123179,71.43847470697595,road_0002,arterial,2006,52.36655045387116,60,78.92437192336834,0,FREE_FLOW,Left Bank
2024-01-05 16:00:00,51.19057683736238,71.4135219694281,road_0003,collector,630,45.0,45,49.65950999661794,0,FREE_FLOW,Right Bank
2024-01-05 16:00:00,51.16991099020425,71.48953431403665,road_0004,collector,1155,41.725136597752794,45,73.26826729707341,0,FREE_FLOW,Right Bank
2024-01-05 16:00:00,51.160352110793035,71.43655906544681,road_0005,collector,834,42.707709467912196,45,52.595449137901575,0,FREE_FLOW,Left Bank
2024-01-05 16:00:00,51.197010226921215,71.45590960880924,road_0006,arterial,1605,56.82697858207094,60,73.81686736447797,0,FREE_FLOW,Right Bank
2024-01-05 16:00:00,51.11464444065831,71.472169515803,road_0007,collector,740,44.114049887409564,45,59.14523293754647,0,FREE_FLOW,Esil District
2024-01-05 16:00:00,51.12044326025239,71.43375018852568,road_0008,collector,1299,39.583430441818514,45,91.26048429727315,0,FREE_FLOW,Left Bank
2024-01-05 16:00:00,51.11541119500996,71.39497674159925,road_0009,arterial,2494,51.45103340393756,60,100.0,0,FREE_FLOW,Left Bank
2024-01-05 16:00:00,51.11078369535379,71.44797551413016,road_0010,collector,777,45.0,45,58.751480595805255,0,FREE_FLOW,Esil District
2024-01-05 16:00:00,51.08154293158093,71.50410393821133,road_0011,arterial,1384,56.76360713234389,60,62.26674445012827,0,FREE_FLOW,Esil District
2024-01-05 16:00:00,51.19411054283802,71.48338375455349,road_0012,collector,964,45.0,45,70.72194537601408,0,FREE_FLOW,Right Bank
2024-01-05 16:00:00,51.11540059978571,71.41954819303338,road_0013,arterial,1522,59.90030647292674,60,62.4903855335274,0,FREE_FLOW,Left Bank
2024-01-05 16:00:00,51.153146942289446,71.41898050602991,road_0014,collector,999,41.58412034537959,45,71.85070224108041,0,FREE_FLOW,Left Bank
2024-01-05 16:00:00,51.09379597309867,71.3747399226662,road_0015,collector,1395,41.22515179417658,45,84.59232502654875,0,FREE_FLOW,Left Bank
2024-01-05 16:00:00,51.10200587058781,71.4105255768849,road_0016,collector,1500,38.731146057890925,45,97.39856190611317,0,FREE_FLOW,Left Bank
2024-01-05 16:00:00,51.14997939524811,71.48471150021103,road_0017,local,459,35.0,35,49.98721520072265,0,FREE_FLOW,Right Bank
2024-01-05 16:00:00,51.12597404841841,71.5114357036669,road_0018,local,501,33.06312636081758,35,61.14962916529529,0,FREE_FLOW,Esil District
2024-01-05 16:00:00,51.15469379256984,71.44515988046629,road_0019,collector,1500,37.5601052072714,45,92.34214463010555,0,FREE_FLOW,City Center
2024-01-05 16:00:00,51.16857999845184,71.4595019477238,road_0020,arterial,2500,54.316761770665266,60,100.0,0,FREE_FLOW,City Center
2024-01-05 16:00:00,51.15694799555623,71.45525725431128,road_0021,collector,740,45.0,45,47.197947292790886,0,FREE_FLOW,Esil District
2024-01-05 16:00:00,51.15037767188937,71.47600489108373,road_0022,arterial,1955,56.02637684937306,60,78.64766610853471,0,FREE_FLOW,City Center
2024-01-05 16:00:00,51.179136852536935,71.44184452872075,road_0023,arterial,1298,58.994655829232805,60,46.531012981407336,0,FREE_FLOW,Esil District
2024-01-05 16:00:00,51.08968684609002,71.45590858984447,road_0024,local,350,33.55042217255307,35,44.884372514663305,0,FREE_FLOW,Esil District
2024-01-05 17:00:00,51.20721558440182,71.41748061169966,road_0000,arterial,2500,54.08698728292398,60,100.0,0,FREE_FLOW,Right Bank
2024-01-05 17:00:00,51.213488841961706,71.4551094605174,road_0001,local,800,29.836009963764685,35,100.0,0,FREE_FLOW,Right Bank
2024-01-05 17:00:00,51.09202009123179,71.43847470697595,road_0002,arterial,2500,52.59437470614643,60,100.0,0,FREE_FLOW,Left Bank
2024-01-05 17:00:00,51.19057683736238,71.4135219694281,road_0003,collector,1390,42.816201860536125,45,100.0,0,FREE_FLOW,Right Bank
2024-01-05 17:00:00,51.16991099020425,71.48953431403665,road_0004,collector,1500,37.27605532704995,45,98.35623165803,0,FREE_FLOW,Right Bank
2024-01-05 17:00:00,51.160352110793035,71.43655906544681,road_0005,collector,1500,40.50469462049316,45,100.0,0,FREE_FLOW,Left Bank
2024-01-05 17:00:00,51.197010226921215,71.45590960880924,road_0006,arterial,2500,54.49998316093499,60,100.0,0,FREE_FLOW,Right Bank
2024-01-05 17:00:00,51.11464444065831,71.472169515803,road_0007,collector,1500,36.28661903294677,45,100.0,0,FREE_FLOW,Esil District
2024-01-05 17:00:00,51.12044326025239,71.43375018852568,road_0008,collector,1500,36.09107565903537,45,99.79410788395995,0,FREE_FLOW,Left Bank
2024-01-05 17:00:00,51.11541119500996,71.39497674159925,road_0009,arterial,2500,50.3364033032682,60,100.0,0,FREE_FLOW,Left Bank
2024-01-05 17:00:00,51.11078369535379,71.44797551413016,road_0010,collector,1500,36.0724817472328,45,97.10534436114668,0,FREE_FLOW,Esil District
2024-01-05 17:00:00,51.08154293158093,71.50410393821133,road_0011,arterial,2500,53.438610204565386,60,100.0,0,FREE_FLOW,Esil District
2024-01-05 17:00:00,51.19411054283802,71.48338375455349,road_0012,collector,1241,41.178485441412505,45,79.96235502882416,0,FREE_FLOW,Right Bank
2024-01-05 17:00:00,51.11540059978571,71.41954819303338,road_0013,arterial,2500,55.304260931014284,60,100.0,0,FREE_FLOW,Left Bank
2024-01-05 17:00:00,51.153146942289446,71.41898050602991,road_0014,collector,1500,39.187076519015676,45,100.0,0,FREE_FLOW,Left Bank
2024-01-05 17:00:00,51.09379597309867,71.3747399226662,road_0015,collector,1500,37.85223000720282,45,97.35805850572551,0,FREE_FLOW,Left Bank
2024-01-05 17:00:00,51.10200587058781,71.4105255768849,road_0016,collector,1500,36.78313099005052,45,100.0,0,FREE_FLOW,Left Bank
2024-01-05 17:00:00,51.14997939524811,71.48471150021103,road_0017,local,551,32.84214796147904,35,74.53697352500299,0,FREE_FLOW,Right Bank
2024-01-05 17:00:00,51.12597404841841,71.5114357036669,road_0018,local,484,34.63154923553925,35,63.40661625659044,0,FREE_FLOW,Esil District
2024-01-05 17:00:00,51.15469379256984,71.44515988046629,road_0019,collector,1500,36.01540462666637,45,99.04057146929371,0,FREE_FLOW,City Center
2024-01-05 17:00:00,51.16857999845184,71.4595019477238,road_0020,arterial,2500,53.35096249185529,60,96.03193214891847,0,FREE_FLOW,City Center
2024-01-05 17:00:00,51.15694799555623,71.45525725431128,road_0021,collector,638,45.0,45,49.83714955546124,0,FREE_FLOW,Esil District
2024-01-05 17:00:00,51.15037767188937,71.47600489108373,road_0022,arterial,2500,54.8980213979215,60,99.27668685900105,0,FREE_FLOW,City Center
2024-01-05 17:00:00,51.179136852536935,71.44184452872075,road_0023,arterial,1949,56.74029483036322,60,74.71312337601879,0,FREE_FLOW,Esil District
2024-01-05 17:00:00,51.08968684609002,71.45590858984447,road_0024,local,534,31.42413034550974,35,63.49785662497533,0,FREE_FLOW,Esil District
2024-01-05 18:00:00,51.20721558440182,71.41748061169966,road_0000,arterial,1513,56.97793343886877,60,52.73912522068673,0,FREE_FLOW,Right Bank
2024-01-05 18:00:00,51.213488841961706,71.4551094605174,road_0001,local,800,32.31189305971839,35,100.0,0,FREE_FLOW,Right Bank
2024-01-05 18:00:00,51.09202009123179,71.43847470697595,road_0002,arterial,2500,47.3402900111279,60,97.32657049397517,1,LIGHT,Left Bank
2024-01-05 18:00:00,51.19057683736238,71.4135219694281,road_0003,collector,1500,39.69299416903913,45,100.0,0,FREE_FLOW,Right Bank
2024-01-05 18:00:00,51.16991099020425,71.48953431403665,road_0004,collector,1464,35.83242656769866,45,97.63259617846188,1,LIGHT,Right Bank
2024-01-05 18:00:00,51.160352110793035,71.43655906544681,road_0005,collector,1500,37.12875743746632,45,100.0,0,FREE_FLOW,Left Bank
2024-01-05 18:00:00,51.197010226921215,71.45590960880924,road_0006,arterial,2500,52.46976127879551,60,100.0,0,FREE_FLOW,Right Bank
2024-01-05 18:00:00,51.11464444065831,71.472169515803,road_0007,collector,1500,41.56993250390219,45,99.59082250212457,0,FREE_FLOW,Esil District
2024-01-05 18:00:00,51.12044326025239,71.43375018852568,road_0008,collector,1500,40.701166248422886,45,93.02182095210772,0,FREE_FLOW,Left Bank
2024-01-05 18:00:00,51.11541119500996,71.39497674159925,road_0009,arterial,2500,50.278071653580284,60,92.58495387978452,0,FREE_FLOW,Left Bank
2024-01-05 18:00:00,51.11078369535379,71.44797551413016,road_0010,collector,764,45.0,45,58.758586311641295,0,FREE_FLOW,Esil District
2024-01-05 18:00:00,51.08154293158093,71.50410393821133,road_0011,arterial,2356,57.283563994116754,60,85.99467854525398,0,FREE_FLOW,Esil District
2024-01-05 18:00:00,51.19411054283802,71.48338375455349,road_0012,collector,1500,38.052221978650394,45,100.0,0,FREE_FLOW,Right Bank
2024-01-05 18:00:00,51.11540059978571,71.41954819303338,road_0013,arterial,2500,51.11381929214643,60,96.14000365696668,0,FREE_FLOW,Left Bank
2024-01-05 18:00:00,51.153146942289446,71.41898050602991,road_0014,collector,1500,35.765488358857425,45,100.0,1,LIGHT,Left Bank
2024-01-05 18:00:00,51.09379597309867,71.3747399226662,road_0015,collector,1500,38.80468987151996,45,100.0,0,FREE_FLOW,Left Bank
2024-01-05 18:00:00,51.10200587058781,71.4105255768849,road_0016,collector,1500,39.78590234699795,45,99.00057024037375,0,FREE_FLOW,Left Bank
2024-01-05 18:00:00,51.14997939524811,71.48471150021103,road_0017,local,632,34.38527797663485,35,71.90178893278276,0,FREE_FLOW,Right Bank
2024-01-05 18:00:00,51.12597404841841,71.5114357036669,road_0018,local,409,35.0,35,55.01294654959827,0,FREE_FLOW,Esil District
2024-01-05 18:00:00,51.15469379256984,71.44515988046629,road_0019,collector,1500,39.16676690341871,45,100.0,0,FREE_FLOW,City Center
2024-01-05 18:00:00,51.16857999845184,71.4595019477238,road_0020,arterial,2500,50.951637031132584,60,90.4835608750834,0,FREE_FLOW,City Center
2024-01-05 18:00:00,51.15694799555623,71.45525725431128,road_0021,collector,1303,39.40383617512894,45,82.59039160034935,0,FREE_FLOW,Esil District
2024-01-05 18:00:00,51.15037767188937,71.47600489108373,road_0022,arterial,2500,54.908957913364574,60,100.0,0,FREE_FLOW,City Center
2024-01-05 18:00:00,51.179136852536935,71.44184452872075,road_0023,arterial,1522,58.270384230135235,60,54.25041184287519,0,FREE_FLOW,Esil District
2024-01-05 18:00:00,51.08968684609002,71.45590858984447,road_0024,local,775,33.33828830572365,35,97.6449330149012,0,FREE_FLOW,Esil District
2024-01-05 19:00:00,51.20721558440182,71.41748061169966,road_0000,arterial,2500,50.14341423622451,60,90.87189843585189,0,FREE_FLOW,Right Bank
2024-01-05 19:00:00,51.213488841961706,71.4551094605174,road_0001,local,800,27.56468406421296,35,91.54063999968228,1,LIGHT,Right Bank
2024-01-05 19:00:00,51.09202009123179,71.43847470697595,road_0002,arterial,2500,51.096969197902474,60,100.0,0,FREE_FLOW,Left Bank
2024-01-05 19:00:00,51.19057683736238,71.4135219694281,road_0003,collector,1072,43.98725844220541,45,63.783609718613434,0,FREE_FLOW,Right Bank
2024-01-05 19:00:00,51.16991099020425,71.48953431403665,road_0004,collector,974,41.18690757710916,45,72.67307472379973,0,FREE_FLOW,Right Bank
2024-01-05 19:00:00,51.160352110793035,71.43655906544681,road_0005,collector,1500,36.14397528073817,45,100.0,0,FREE_FLOW,Left Bank
2024-01-05 19:00:00,51.197010226921215,71.45590960880924,road_0006,arterial,2304,56.67530594322121,60,91.09831575713886,0,FREE_FLOW,Right Bank
2024-01-05 19:00:00,51.11464444065831,71.472169515803,road_0007,collector,572,45.0,45,45.42867317517729,0,FREE_FLOW,Esil District
2024-01-05 19:00:00,51.12044326025239,71.43375018852568,road_0008,collector,1245,39.31826928455542,45,75.34943880545718,0,FREE_FLOW,Left Bank
2024-01-05 19:00:00,51.11541119500996,71.39497674159925,road_0009,arterial,2500,57.22922476270556,60,99.36224780909853,0,FREE_FLOW,Left Bank
2024-01-05 19:00:00,51.11078369535379,71.44797551413016,road_0010,collector,997,42.68927656977418,45,63.122077587650274,0,FREE_FLOW,Esil District
2024-01-05 19:00:00,51.08154293158093,71.50410393821133,road_0011,arterial,1334,55.68458376258482,60,48.4776577208955,0,FREE_FLOW,Esil District
2024-01-05 19:00:00,51.19411054283802,71.48338375455349,road_0012,collector,759,43.52744050308457,45,51.821056790477584,0,FREE_FLOW,Right Bank
2024-01-05 19:00:00,51.11540059978571,71.41954819303338,road_0013,arterial,2500,52.36815685184697,60,92.69318322768913,0,FREE_FLOW,Left Bank
2024-01-05 19:00:00,51.153146942289446,71.41898050602991,road_0014,collector,1500,41.171435289026604,45,100.0,0,FREE_FLOW,Left Bank
2024-01-05 19:00:00,51.09379597309867,71.3747399226662,road_0015,collector,1187,39.89386477281845,45,88.61204145309723,0,FREE_FLOW,Left Bank
2024-01-05 19:00:00,51.10200587058781,71.4105255768849,road_0016,collector,1500,36.23455124310376,45,95.28944315073994,0,FREE_FLOW,Left Bank
2024-01-05 19:00:00,51.14997939524811,71.48471150021103,road_0017,local,684,35.0,35,89.47772170234136,0,FREE_FLOW,Right Bank
2024-01-05 19:00:00,51.12597404841841,71.5114357036669,road_0018,local,552,35.0,35,76.57866436904612,0,FREE_FLOW,Esil District
2024-01-05 19:00:00,51.15469379256984,71.44515988046629,road_0019,collector,1500,39.84775877366352,45,100.0,0,FREE_FLOW,City Center
2024-01-05 19:00:00,51.16857999845184,71.4595019477238,road_0020,arterial,2500,48.64980075713817,60,90.76614933679323,0,FREE_FLOW,City Center
2024-01-05 19:00:00,51.15694799555623,71.45525725431128,road_0021,collector,996,45.0,45,74.13641334687044,0,FREE_FLOW,Esil District
2024-01-05 19:00:00,51.15037767188937,71.47600489108373,road_0022,arterial,2500,53.0410464483214,60,100.0,0,FREE_FLOW,City Center
2024-01-05 19:00:00,51.179136852536935,71.44184452872075,road_0023,arterial,2378,48.998752984629604,60,91.77295270668293,0,FREE_FLOW,Esil District
2024-01-05 19:00:00,51.08968684609002,71.45590858984447,road_0024,local,671,34.64414602990544,35,75.36295248743897,0,FREE_FLOW,Esil District
2024-01-05 20:00:00,51.20721558440182,71.41748061169966,road_0000,arterial,1356,60.0,60,53.1901793137268,0,FREE_FLOW,Right Bank
2024-01-05 20:00:00,51.213488841961706,71.4551094605174,road_0001,local,423,34.69348422306243,35,61.99223360749477,0,FREE_FLOW,Right Bank
2024-01-05 20:00:00,51.09202009123179,71.43847470697595,road_0002,arterial,2176,49.92134761990604,60,80.06486676293932,0,FREE_FLOW,Left Bank
2024-01-05 20:00:00,51.19057683736238,71.4135219694281,road_0003,collector,677,41.681433240182756,45,35.98290866596935,0,FREE_FLOW,Right Bank
2024-01-05 20:00:00,51.16991099020425,71.48953431403665,road_0004,collector,458,45.0,45,26.638405915342197,0,FREE_FLOW,Right Bank
2024-01-05 20:00:00,51.160352110793035,71.43655906544681,road_0005,collector,1114,45.0,45,66.16037416122512,0,FREE_FLOW,Left Bank
2024-01-05 20:00:00,51.197010226921215,71.45590960880924,road_0006,arterial,1246,58.53466220617253,60,44.408725919957504,0,FREE_FLOW,Right Bank
2024-01-05 20:00:00,51.11464444065831,71.472169515803,road_0007,collector,648,45.0,45,47.85537669999805,0,FREE_FLOW,Esil District
2024-01-05 20:00:00,51.12044326025239,71.43375018852568,road_0008,collector,912,45.0,45,52.158516287326094,0,FREE_FLOW,Left Bank
2024-01-05 20:00:00,51.11541119500996,71.39497674159925,road_0009,arterial,2331,51.49573344122302,60,89.0512702315491,0,FREE_FLOW,Left Bank
2024-01-05 20:00:00,51.11078369535379,71.44797551413016,road_0010,collector,616,45.0,45,42.62566148362353,0,FREE_FLOW,Esil District
2024-01-05 20:00:00,51.08154293158093,71.50410393821133,road_0011,arterial,578,60.0,60,27.165972392757812,0,FREE_FLOW,Esil District
2024-01-05 20:00:00,51.19411054283802,71.48338375455349,road_0012,collector,521,45.0,45,33.41463855728591,0,FREE_FLOW,Right Bank
2024-01-05 20:00:00,51.11540059978571,71.41954819303338,road_0013,arterial,1652,60.0,60,62.93737479054831,0,FREE_FLOW,Left Bank
2024-01-05 20:00:00,51.153146942289446,71.41898050602991,road_0014,collector,771,45.0,45,50.00371733557026,0,FREE_FLOW,Left Bank
2024-01-05 20:00:00,51.09379597309867,71.3747399226662,road_0015,collector,1040,40.279435391118454,45,75.452392700883,0,FREE_FLOW,Left Bank
2024-01-05 20:00:00,51.10200587058781,71.4105255768849,road_0016,collector,595,42.13468822369766,45,47.216250584843316,0,FREE_FLOW,Left Bank
2024-01-05 20:00:00,51.14997939524811,71.48471150021103,road_0017,local,382,35.0,35,57.73181535594621,0,FREE_FLOW,Right Bank
2024-01-05 20:00:00,51.12597404841841,71.5114357036669,road_0018,local,344,35.0,35,45.68060785210067,0,FREE_FLOW,Esil District
2024-01-05 20:00:00,51.15469379256984,71.44515988046629,road_0019,collector,682,44.12934075239318,45,47.785306808400044,0,FREE_FLOW,City Center
2024-01-05 20:00:00,51.16857999845184,71.4595019477238,road_0020,arterial,1633,59.87762854646162,60,62.54765223131084,0,FREE_FLOW,City Center
2024-01-05 20:00:00,51.15694799555623,71.45525725431128,road_0021,collector,314,45.0,45,29.42751317424474,0,FREE_FLOW,Esil District
2024-01-05 20:00:00,51.15037767188937,71.47600489108373,road_0022,arterial,1539,60.0,60,70.64261206115151,0,FREE_FLOW,City Center
2024-01-05 20:00:00,51.179136852536935,71.44184452872075,road_0023,arterial,937,60.0,60,38.766784463643475,0,FREE_FLOW,Esil District
2024-01-05 20:00:00,51.08968684609002,71.45590858984447,road_0024,local,205,35.0,35,32.18368649703713,0,FREE_FLOW,Esil District
2024-01-05 21:00:00,51.20721558440182,71.41748061169966,road_0000,arterial,837,60.0,60,43.253510862915874,0,FREE_FLOW,Right Bank
2024-01-05 21:00:00,51.213488841961706,71.4551094605174,road_0001,local,362,35.0,35,49.27981231058726,0,FREE_FLOW,Right Bank
2024-01-05 21:00:00,51.09202009123179,71.43847470697595,road_0002,arterial,1173,54.006438547590584,60,46.27725474721565,0,FREE_FLOW,Left Bank
2024-01-05 21:00:00,51.19057683736238,71.4135219694281,road_0003,collector,326,42.960347426015076,45,29.462233561278477,0,FREE_FLOW,Right Bank
2024-01-05 21:00:00,51.16991099020425,71.48953431403665,road_0004,collector,281,40.54725926032339,45,22.733130024376504,0,FREE_FLOW,Right Bank
2024-01-05 21:00:00,51.160352110793035,71.43655906544681,road_0005,collector,612,45.0,45,47.7932675527181,0,FREE_FLOW,Left Bank
2024-01-05 21:00:00,51.197010226921215,71.45590960880924,road_0006,arterial,1141,60.0,60,48.53029648869593,0,FREE_FLOW,Right Bank
2024-01-05 21:00:00,51.11464444065831,71.472169515803,road_0007,collector,334,45.0,45,13.553140611332383,0,FREE_FLOW,Esil District
2024-01-05 21:00:00,51.12044326025239,71.43375018852568,road_0008,collector,558,45.0,45,36.81241467233288,0,FREE_FLOW,Left Bank
2024-01-05 21:00:00,51.11541119500996,71.39497674159925,road_0009,arterial,1717,58.372793744889215,60,71.94126098258383,0,FREE_FLOW,Left Bank
2024-01-05 21:00:00,51.11078369535379,71.44797551413016,road_0010,collector,240,45.0,45,25.146337025811043,0,FREE_FLOW,Esil District
2024-01-05 21:00:00,51.08154293158093,71.50410393821133,road_0011,arterial,711,58.91935370455538,60,20.477812920067915,0,FREE_FLOW,Esil District
2024-01-05 21:00:00,51.19411054283802,71.48338375455349,road_0012,collector,713,45.0,45,55.21117808415543,0,FREE_FLOW,Right Bank
2024-01-05 21:00:00,51.11540059978571,71.41954819303338,road_0013,arterial,695,60.0,60,18.76004605260259,0,FREE_FLOW,Left Bank
2024-01-05 21:00:00,51.153146942289446,71.41898050602991,road_0014,collector,622,43.17153351512735,45,45.19166538381681,0,FREE_FLOW,Left Bank
2024-01-05 21:00:00,51.09379597309867,71.3747399226662,road_0015,collector,440,44.50454457202089,45,34.079638809595274,0,FREE_FLOW,Left Bank
2024-01-05 21:00:00,51.10200587058781,71.4105255768849,road_0016,collector,712,44.820729803407104,45,49.33893099805435,0,FREE_FLOW,Left Bank
2024-01-05 21:00:00,51.14997939524811,71.48471150021103,road_0017,local,363,34.36155470710056,35,49.09646310845439,0,FREE_FLOW,Right Bank
2024-01-05 21:00:00,51.12597404841841,71.5114357036669,road_0018,local,208,35.0,35,26.35814321280572,0,FREE_FLOW,Esil District
2024-01-05 21:00:00,51.15469379256984,71.44515988046629,road_0019,collector,1408,37.790350139229,45,89.42097945147812,0,FREE_FLOW,City Center
2024-01-05 21:00:00,51.16857999845184,71.4595019477238,road_0020,arterial,1279,55.5102619631054,60,48.561160720923205,0,FREE_FLOW,City Center
2024-01-05 21:00:00,51.15694799555623,71.45525725431128,road_0021,collector,234,41.903639955408835,45,8.322728807010225,0,FREE_FLOW,Esil District
2024-01-05 21:00:00,51.15037767188937,71.47600489108373,road_0022,arterial,1400,60.0,60,48.351065232508766,0,FREE_FLOW,City Center
2024-01-05 21:00:00,51.179136852536935,71.44184452872075,road_0023,arterial,807,60.0,60,24.03906016737458,0,FREE_FLOW,Esil District
2024-01-05 21:00:00,51.08968684609002,71.45590858984447,road_0024,local,150,32.454486807303034,35,11.906539625995972,0,FREE_FLOW,Esil District
2024-01-05 22:00:00,51.20721558440182,71.41748061169966,road_0000,arterial,689,60.0,60,33.42144066646915,0,FREE_FLOW,Right Bank
2024-01-05 22:00:00,51.213488841961706,71.4551094605174,road_0001,local,171,33.21229430604528,35,20.251254819601616,0,FREE_FLOW,Right Bank
2024-01-05 22:00:00,51.09202009123179,71.43847470697595,road_0002,arterial,1102,60.0,60,41.537406613617215,0,FREE_FLOW,Left Bank
2024-01-05 22:00:00,51.19057683736238,71.4135219694281,road_0003,collector,297,45.0,45,10.366487150940554,0,FREE_FLOW,Right Bank
2024-01-05 22:00:00,51.16991099020425,71.48953431403665,road_0004,collector,449,41.37981015311993,45,22.960552361172205,0,FREE_FLOW,Right Bank
2024-01-05 22:00:00,51.160352110793035,71.43655906544681,road_0005,collector,506,45.0,45,32.31528900304512,0,FREE_FLOW,Left Bank
2024-01-05 22:00:00,51.197010226921215,71.45590960880924,road_0006,arterial,638,54.37455366822374,60,15.901985596834297,0,FREE_FLOW,Right Bank
2024-01-05 22:00:00,51.11464444065831,71.472169515803,road_0007,collector,350,44.133366770920865,45,27.487385924327008,0,FREE_FLOW,Esil District
2024-01-05 22:00:00,51.12044326025239,71.43375018852568,road_0008,collector,337,45.0,45,32.1933879098284,0,FREE_FLOW,Left Bank
2024-01-05 22:00:00,51.11541119500996,71.39497674159925,road_0009,arterial,511,60.0,60,28.28676940441617,0,FREE_FLOW,Left Bank
2024-01-05 22:00:00,51.11078369535379,71.44797551413016,road_0010,collector,264,41.640145850841414,45,9.730232740636026,0,FREE_FLOW,Esil District
2024-01-05 22:00:00,51.08154293158093,71.50410393821133,road_0011,arterial,607,55.354638860729274,60,30.11150192785982,0,FREE_FLOW,Esil District
2024-01-05 22:00:00,51.19411054283802,71.48338375455349,road_0012,collector,517,45.0,45,28.961949562173793,0,FREE_FLOW,Right Bank
2024-01-05 22:00:00,51.11540059978571,71.41954819303338,road_0013,arterial,571,60.0,60,18.12487873624425,0,FREE_FLOW,Left Bank
2024-01-05 22:00:00,51.153146942289446,71.41898050602991,road_0014,collector,635,45.0,45,46.44201703522436,0,FREE_FLOW,Left Bank
2024-01-05 22:00:00,51.09379597309867,71.3747399226662,road_0015,collector,581,45.0,45,38.93610417154137,0,FREE_FLOW,Left Bank
2024-01-05 22:00:00,51.10200587058781,71.4105255768849,road_0016,collector,267,42.766915936920505,45,21.71776715357138,0,FREE_FLOW,Left Bank
2024-01-05 22:00:00,51.14997939524811,71.48471150021103,road_0017,local,202,32.99722771231714,35,34.41174375174846,0,FREE_FLOW,Right Bank
2024-01-05 22:00:00,51.12597404841841,71.5114357036669,road_0018,local,76,35.0,35,15.225646145804506,0,FREE_FLOW,Esil District
2024-01-05 22:00:00,51.15469379256984,71.44515988046629,road_0019,collector,383,44.59431264030621,45,28.38493164942415,0,FREE_FLOW,City Center
2024-01-05 22:00:00,51.16857999845184,71.4595019477238,road_0020,arterial,1014,60.0,60,42.76823721521143,0,FREE_FLOW,City Center
2024-01-05 22:00:00,51.15694799555623,71.45525725431128,road_0021,collector,409,41.439317423804205,45,21.90356979766599,0,FREE_FLOW,Esil District
2024-01-05 22:00:00,51.15037767188937,71.47600489108373,road_0022,arterial,1127,60.0,60,53.06290576890032,0,FREE_FLOW,City Center
2024-01-05 22:00:00,51.179136852536935,71.44184452872075,road_0023,arterial,426,56.70847980793063,60,15.127493991416404,0,FREE_FLOW,Esil District
2024-01-05 22:00:00,51.08968684609002,71.45590858984447,road_0024,local,81,32.95776887189363,35,4.373294650464304,0,FREE_FLOW,Esil District
2024-01-05 23:00:00,51.20721558440182,71.41748061169966,road_0000,arterial,238,60.0,60,0.15578299110275573,0,FREE_FLOW,Right Bank
2024-01-05 23:00:00,51.213488841961706,71.4551094605174,road_0001,local,123,35.0,35,18.114152360415993,0,FREE_FLOW,Right Bank
2024-01-05 23:00:00,51.09202009123179,71.43847470697595,road_0002,arterial,363,59.71656162912376,60,9.437958670529621,0,FREE_FLOW,Left Bank
2024-01-05 23:00:00,51.19057683736238,71.4135219694281,road_0003,collector,372,44.44599372869255,45,28.038991729597868,0,FREE_FLOW,Right Bank
2024-01-05 23:00:00,51.16991099020425,71.48953431403665,road_0004,collector,232,45.0,45,17.191440107264555,0,FREE_FLOW,Right Bank
2024-01-05 23:00:00,51.160352110793035,71.43655906544681,road_0005,collector,281,40.97718906867765,45,24.88444435331935,0,FREE_FLOW,Left Bank
2024-01-05 23:00:00,51.197010226921215,71.45590960880924,road_0006,arterial,245,60.0,60,4.851090948172102,0,FREE_FLOW,Right Bank
2024-01-05 23:00:00,51.11464444065831,71.472169515803,road_0007,collector,246,45.0,45,12.893579126756023,0,FREE_FLOW,Esil District
2024-01-05 23:00:00,51.12044326025239,71.43375018852568,road_0008,collector,462,45.0,45,27.59791642323667,0,FREE_FLOW,Left Bank
2024-01-05 23:00:00,51.11541119500996,71.39497674159925,road_0009,arterial,343,54.344878623199676,60,6.0934498414360805,0,FREE_FLOW,Left Bank
2024-01-05 23:00:00,51.11078369535379,71.44797551413016,road_0010,collector,124,43.10323987842857,45,12.005788051222481,0,FREE_FLOW,Esil District
2024-01-05 23:00:00,51.08154293158093,71.50410393821133,road_0011,arterial,424,60.0,60,26.32456101923487,0,FREE_FLOW,Esil District
2024-01-05 23:00:00,51.19411054283802,71.48338375455349,road_0012,collector,362,45.0,45,28.275254856555563,0,FREE_FLOW,Right Bank
2024-01-05 23:00:00,51.11540059978571,71.41954819303338,road_0013,arterial,441,59.08615319859026,60,22.698601320097232,0,FREE_FLOW,Left Bank
2024-01-05 23:00:00,51.153146942289446,71.41898050602991,road_0014,collector,558,45.0,45,33.1945896944185,0,FREE_FLOW,Left Bank
2024-01-05 23:00:00,51.09379597309867,71.3747399226662,road_0015,collector,237,42.53401777068522,45,16.15929902242778,0,FREE_FLOW,Left Bank
2024-01-05 23:00:00,51.10200587058781,71.4105255768849,road_0016,collector,410,45.0,45,21.471391230351447,0,FREE_FLOW,Left Bank
2024-01-05 23:00:00,51.14997939524811,71.48471150021103,road_0017,local,137,35.0,35,11.768695669405838,0,FREE_FLOW,Right Bank
2024-01-05 23:00:00,51.12597404841841,71.5114357036669,road_0018,local,122,35.0,35,5.962104530330176,0,FREE_FLOW,Esil District
2024-01-05 23:00:00,51.15469379256984,71.44515988046629,road_0019,collector,413,44.53125653127372,45,29.280497457711235,0,FREE_FLOW,City Center
2024-01-05 23:00:00,51.16857999845184,71.4595019477238,road_0020,arterial,819,55.77856108429088,60,31.823134886100526,0,FREE_FLOW,City Center
2024-01-05 23:00:00,51.15694799555623,71.45525725431128,road_0021,collector,311,45.0,45,25.467781863361264,0,FREE_FLOW,Esil District
2024-01-05 23:00:00,51.15037767188937,71.47600489108373,road_0022,arterial,807,60.0,60,23.73834023854011,0,FREE_FLOW,City Center
2024-01-05 23:00:00,51.179136852536935,71.44184452872075,road_0023,arterial,227,60.0,60,9.468594579346167,0,FREE_FLOW,Esil District
2024-01-05 23:00:00,51.08968684609002,71.45590858984447,road_0024,local,142,35.0,35,15.810709778693704,0,FREE_FLOW,Esil District
2024-01-06 00:00:00,51.20721558440182,71.41748061169966,road_0000,arterial,189,58.522453454247234,60,9.800992428963065,0,FREE_FLOW,Right Bank
2024-01-06 00:00:00,51.213488841961706,71.4551094605174,road_0001,local,37,32.2304041723195,35,0.15939995084598557,0,FREE_FLOW,Right Bank
2024-01-06 00:00:00,51.09202009123179,71.43847470697595,road_0002,arterial,166,60.0,60,8.935147774812972,0,FREE_FLOW,Left Bank
2024-01-06 00:00:00,51.19057683736238,71.4135219694281,road_0003,collector,91,45.0,45,3.9057894695097097,0,FREE_FLOW,Right Bank
2024-01-06 00:00:00,51.16991099020425,71.48953431403665,road_0004,collector,172,45.0,45,18.39976493671255,0,FREE_FLOW,Right Bank
2024-01-06 00:00:00,51.160352110793035,71.43655906544681,road_0005,collector,184,45.0,45,18.72857827257934,0,FREE_FLOW,Left Bank
2024-01-06 00:00:00,51.197010226921215,71.45590960880924,road_0006,arterial,279,60.0,60,2.340066679982005,0,FREE_FLOW,Right Bank
2024-01-06 00:00:00,51.11464444065831,71.472169515803,road_0007,collector,76,45.0,45,0.0,0,FREE_FLOW,Esil District
2024-01-06 00:00:00,51.12044326025239,71.43375018852568,road_0008,collector,266,44.80912807269305,45,24.677656688533634,0,FREE_FLOW,Left Bank
2024-01-06 00:00:00,51.11541119500996,71.39497674159925,road_0009,arterial,475,56.096531541815466,60,19.051339535787953,0,FREE_FLOW,Left Bank
2024-01-06 00:00:00,51.11078369535379,71.44797551413016,road_0010,collector,161,45.0,45,18.176270530510834,0,FREE_FLOW,Esil District
2024-01-06 00:00:00,51.08154293158093,71.50410393821133,road_0011,arterial,319,60.0,60,18.285633280365857,0,FREE_FLOW,Esil District
2024-01-06 00:00:00,51.19411054283802,71.48338375455349,road_0012,collector,108,45.0,45,7.62977243411779,0,FREE_FLOW,Right Bank
2024-01-06 00:00:00,51.11540059978571,71.41954819303338,road_0013,arterial,243,60.0,60,0.0,0,FREE_FLOW,Left Bank
2024-01-06 00:00:00,51.153146942289446,71.41898050602991,road_0014,collector,168,44.6993828714702,45,4.5794430007578075,0,FREE_FLOW,Left Bank
2024-01-06 00:00:00,51.09379597309867,71.3747399226662,road_0015,collector,103,44.69041921810299,45,4.4509047913793545,0,FREE_FLOW,Left Bank
2024-01-06 00:00:00,51.10200587058781,71.4105255768849,road_0016,collector,151,43.69921841277212,45,17.07088629870642,0,FREE_FLOW,Left Bank
2024-01-06 00:00:00,51.14997939524811,71.48471150021103,road_0017,local,46,31.97281775522579,35,2.2015678900667117,0,FREE_FLOW,Right Bank
2024-01-06 00:00:00,51.12597404841841,71.5114357036669,road_0018,local,37,35.0,35,7.0079427209838006,0,FREE_FLOW,Esil District
2024-01-06 00:00:00,51.15469379256984,71.44515988046629,road_0019,collector,180,41.35429982517178,45,20.719462164189352,0,FREE_FLOW,City Center
2024-01-06 00:00:00,51.16857999845184,71.4595019477238,road_0020,arterial,293,60.0,60,19.31810866615585,0,FREE_FLOW,City Center
2024-01-06 00:00:00,51.15694799555623,71.45525725431128,road_0021,collector,77,45.0,45,0.0,0,FREE_FLOW,Esil District
2024-01-06 00:00:00,51.15037767188937,71.47600489108373,road_0022,arterial,298,54.09204227441701,60,9.415018323521874,0,FREE_FLOW,City Center
2024-01-06 00:00:00,51.179136852536935,71.44184452872075,road_0023,arterial,216,60.0,60,10.071778305934384,0,FREE_FLOW,Esil District
2024-01-06 00:00:00,51.08968684609002,71.45590858984447,road_0024,local,61,33.194452351580566,35,10.279567720151329,0,FREE_FLOW,Esil District
2024-01-06 01:00:00,51.20721558440182,71.41748061169966,road_0000,arterial,170,54.82191498290204,60,5.7295581536616265,0,FREE_FLOW,Right Bank
2024-01-06 01:00:00,51.213488841961706,71.4551094605174,road_0001,local,41,35.0,35,8.092461514361228,0,FREE_FLOW,Right Bank
2024-01-06 01:00:00,51.09202009123179,71.43847470697595,road_0002,arterial,171,54.490466259239504,60,16.054802191725003,0,FREE_FLOW,Left Bank
2024-01-06 01:00:00,51.19057683736238,71.4135219694281,road_0003,collector,70,45.0,45,10.977711747309232,0,FREE_FLOW,Right Bank
2024-01-06 01:00:00,51.16991099020425,71.48953431403665,road_0004,collector,147,45.0,45,4.119705514590067,0,FREE_FLOW,Right Bank
2024-01-06 01:00:00,51.160352110793035,71.43655906544681,road_0005,collector,175,45.0,45,5.944581394162501,0,FREE_FLOW,Left Bank
2024-01-06 01:00:00,51.197010226921215,71.45590960880924,road_0006,arterial,193,60.0,60,5.313591661964754,0,FREE_FLOW,Right Bank
2024-01-06 01:00:00,51.11464444065831,71.472169515803,road_0007,collector,85,42.388373686345446,45,13.451429417203178,0,FREE_FLOW,Esil District
2024-01-06 01:00:00,51.12044326025239,71.43375018852568,road_0008,collector,201,44.376138929690775,45,13.322433882828896,0,FREE_FLOW,Left Bank
2024-01-06 01:00:00,51.11541119500996,71.39497674159925,road_0009,arterial,269,57.69235306495169,60,6.993665136919226,0,FREE_FLOW,Left Bank
2024-01-06 01:00:00,51.11078369535379,71.44797551413016,road_0010,collector,71,45.0,45,14.516917998689998,0,FREE_FLOW,Esil District
2024-01-06 01:00:00,51.08154293158093,71.50410393821133,road_0011,arterial,121,54.20577554952011,60,8.229614927718627,0,FREE_FLOW,Esil District
2024-01-06 01:00:00,51.19411054283802,71.48338375455349,road_0012,collector,147,43.87488245005089,45,16.94400668649068,0,FREE_FLOW,Right Bank
2024-01-06 01:00:00,51.11540059978571,71.41954819303338,road_0013,arterial,168,59.52493978627304,60,4.707906960871016,0,FREE_FLOW,Left Bank
2024-01-06 01:00:00,51.153146942289446,71.41898050602991,road_0014,collector,206,45.0,45,23.055274615091523,0,FREE_FLOW,Left Bank
2024-01-06 01:00:00,51.09379597309867,71.3747399226662,road_0015,collector,75,42.95330830869332,45,0.0,0,FREE_FLOW,Left Bank
2024-01-06 01:00:00,51.10200587058781,71.4105255768849,road_0016,collector,150,40.94091119300989,45,13.092640518341906,0,FREE_FLOW,Left Bank
2024-01-06 01:00:00,51.14997939524811,71.48471150021103,road_0017,local,28,32.747633591597605,35,0.0,0,FREE_FLOW,Right Bank
2024-01-06 01:00:00,51.12597404841841,71.5114357036669,road_0018,local,63,35.0,35,6.051277801468206,0,FREE_FLOW,Esil District
2024-01-06 01:00:00,51.15469379256984,71.44515988046629,road_0019,collector,115,45.0,45,4.666617123819032,0,FREE_FLOW,City Center
2024-01-06 01:00:00,51.16857999845184,71.4595019477238,road_0020,arterial,358,60.0,60,5.661353030805779,0,FREE_FLOW,City Center
2024-01-06 01:00:00,51.15694799555623,71.45525725431128,road_0021,collector,46,45.0,45,0.0,0,FREE_FLOW,Esil District
2024-01-06 01:00:00,51.15037767188937,71.47600489108373,road_0022,arterial,271,60.0,60,11.781224295972525,0,FREE_FLOW,City Center
2024-01-06 01:00:00,51.179136852536935,71.44184452872075,road_0023,arterial,141,60.0,60,5.304973880892491,0,FREE_FLOW,Esil District
2024-01-06 01:00:00,51.08968684609002,71.45590858984447,road_0024,local,51,33.26395728733816,35,5.008948912818658,0,FREE_FLOW,Esil District
2024-01-06 02:00:00,51.20721558440182,71.41748061169966,road_0000,arterial,77,55.77732356941691,60,3.027622888185528,0,FREE_FLOW,Right Bank
2024-01-06 02:00:00,51.213488841961706,71.4551094605174,road_0001,local,43,35.0,35,10.675046479834462,0,FREE_FLOW,Right Bank
2024-01-06 02:00:00,51.09202009123179,71.43847470697595,road_0002,arterial,224,55.98335197734957,60,10.318730537414604,0,FREE_FLOW,Left Bank
2024-01-06 02:00:00,51.19057683736238,71.4135219694281,road_0003,collector,105,45.0,45,14.28825982133857,0,FREE_FLOW,Right Bank
2024-01-06 02:00:00,51.16991099020425,71.48953431403665,road_0004,collector,59,41.32380122074029,45,8.894414715095659,0,FREE_FLOW,Right Bank
2024-01-06 02:00:00,51.160352110793035,71.43655906544681,road_0005,collector,69,40.64194221206681,45,3.634651697520832,0,FREE_FLOW,Left Bank
2024-01-06 02:00:00,51.197010226921215,71.45590960880924,road_0006,arterial,163,60.0,60,10.157458869935336,0,FREE_FLOW,Right Bank
2024-01-06 02:00:00,51.11464444065831,71.472169515803,road_0007,collector,71,41.655214152234144,45,9.491534406633114,0,FREE_FLOW,Esil District
2024-01-06 02:00:00,51.12044326025239,71.43375018852568,road_0008,collector,79,40.53339812380666,45,10.008420476753713,0,FREE_FLOW,Left Bank
2024-01-06 02:00:00,51.11541119500996,71.39497674159925,road_0009,arterial,114,60.0,60,5.21747358323014,0,FREE_FLOW,Left Bank
2024-01-06 02:00:00,51.11078369535379,71.44797551413016,road_0010,collector,49,42.18184272459616,45,0.0,0,FREE_FLOW,Esil District
2024-01-06 02:00:00,51.08154293158093,71.50410393821133,road_0011,arterial,113,55.47344409082382,60,0.0,0,FREE_FLOW,Esil District
2024-01-06 02:00:00,51.19411054283802,71.48338375455349,road_0012,collector,63,44.1067154418247,45,2.0479820448222883,0,FREE_FLOW,Right Bank
2024-01-06 02:00:00,51.11540059978571,71.41954819303338,road_0013,arterial,81,60.0,60,10.303036199380147,0,FREE_FLOW,Left Bank
2024-01-06 02:00:00,51.153146942289446,71.41898050602991,road_0014,collector,103,45.0,45,10.886059758229075,0,FREE_FLOW,Left Bank
2024-01-06 02:00:00,51.09379597309867,71.3747399226662,road_0015,collector,90,44.48083315955623,45,7.41120103481796,0,FREE_FLOW,Left Bank
2024-01-06 02:00:00,51.10200587058781,71.4105255768849,road_0016,collector,91,45.0,45,13.242172371235963,0,FREE_FLOW,Left Bank
2024-01-06 02:00:00,51.14997939524811,71.48471150021103,road_0017,local,20,31.60927250369829,35,0.9872757736269389,0,FREE_FLOW,Right Bank
2024-01-06 02:00:00,51.12597404841841,71.5114357036669,road_0018,local,25,35.0,35,0.6367774801984787,0,FREE_FLOW,Esil District
2024-01-06 02:00:00,51.15469379256984,71.44515988046629,road_0019,collector,66,45.0,45,0.0,0,FREE_FLOW,City Center
2024-01-06 02:00:00,51.16857999845184,71.4595019477238,road_0020,arterial,106,60.0,60,0.0,0,FREE_FLOW,City Center
2024-01-06 02:00:00,51.15694799555623,71.45525725431128,road_0021,collector,62,44.64942115667769,45,2.52827283169745,0,FREE_FLOW,Esil District
2024-01-06 02:00:00,51.15037767188937,71.47600489108373,road_0022,arterial,185,60.0,60,8.750715729126401,0,FREE_FLOW,City Center
2024-01-06 02:00:00,51.179136852536935,71.44184452872075,road_0023,arterial,98,60.0,60,0.0,0,FREE_FLOW,Esil District
2024-01-06 02:00:00,51.08968684609002,71.45590858984447,road_0024,local,50,35.0,35,14.781997615431365,0,FREE_FLOW,Esil District
2024-01-06 03:00:00,51.20721558440182,71.41748061169966,road_0000,arterial,138,60.0,60,4.1616742570413585,0,FREE_FLOW,Right Bank
2024-01-06 03:00:00,51.213488841961706,71.4551094605174,road_0001,local,28,34.67752167043153,35,8.633835465520676,0,FREE_FLOW,Right Bank
2024-01-06 03:00:00,51.09202009123179,71.43847470697595,road_0002,arterial,93,60.0,60,10.903447231398673,0,FREE_FLOW,Left Bank
2024-01-06 03:00:00,51.19057683736238,71.4135219694281,road_0003,collector,66,41.01689368746622,45,3.016347815742514,0,FREE_FLOW,Right Bank
2024-01-06 03:00:00,51.16991099020425,71.48953431403665,road_0004,collector,70,43.95220000496867,45,2.4263962685731135,0,FREE_FLOW,Right Bank
2024-01-06 03:00:00,51.160352110793035,71.43655906544681,road_0005,collector,47,45.0,45,0.0,0,FREE_FLOW,Left Bank
2024-01-06 03:00:00,51.197010226921215,71.45590960880924,road_0006,arterial,125,57.88107400035971,60,6.635612218514424,0,FREE_FLOW,Right Bank
2024-01-06 03:00:00,51.11464444065831,71.472169515803,road_0007,collector,65,45.0,45,0.0,0,FREE_FLOW,Esil District
2024-01-06 03:00:00,51.12044326025239,71.43375018852568,road_0008,collector,109,45.0,45,9.799168564194913,0,FREE_FLOW,Left Bank
2024-01-06 03:00:00,51.11541119500996,71.39497674159925,road_0009,arterial,158,57.67256341929527,60,2.540206769785202,0,FREE_FLOW,Left Bank
2024-01-06 03:00:00,51.11078369535379,71.44797551413016,road_0010,collector,74,42.52350939070041,45,13.67352732357621,0,FREE_FLOW,Esil District
2024-01-06 03:00:00,51.08154293158093,71.50410393821133,road_0011,arterial,86,58.8387539762229,60,0.0,0,FREE_FLOW,Esil District
2024-01-06 03:00:00,51.19411054283802,71.48338375455349,road_0012,collector,53,43.74369603023402,45,0.0,0,FREE_FLOW,Right Bank
2024-01-06 03:00:00,51.11540059978571,71.41954819303338,road_0013,arterial,232,60.0,60,0.7080240217381384,0,FREE_FLOW,Left Bank
2024-01-06 03:00:00,51.153146942289446,71.41898050602991,road_0014,collector,112,44.680461470502095,45,4.300860409271231,0,FREE_FLOW,Left Bank
2024-01-06 03:00:00,51.09379597309867,71.3747399226662,road_0015,collector,107,45.0,45,15.44335085824164,0,FREE_FLOW,Left Bank
2024-01-06 03:00:00,51.10200587058781,71.4105255768849,road_0016,collector,115,43.47757676214195,45,2.381730266762334,0,FREE_FLOW,Left Bank
2024-01-06 03:00:00,51.14997939524811,71.48471150021103,road_0017,local,46,34.325698694485396,35,7.054236399144763,0,FREE_FLOW,Right Bank
2024-01-06 03:00:00,51.12597404841841,71.5114357036669,road_0018,local,25,35.0,35,3.8665908159518008,0,FREE_FLOW,Esil District
2024-01-06 03:00:00,51.15469379256984,71.44515988046629,road_0019,collector,60,45.0,45,7.309459302745989,0,FREE_FLOW,City Center
2024-01-06 03:00:00,51.16857999845184,71.4595019477238,road_0020,arterial,152,60.0,60,4.382890077365754,0,FREE_FLOW,City Center
2024-01-06 03:00:00,51.15694799555623,71.45525725431128,road_0021,collector,48,45.0,45,0.0,0,FREE_FLOW,Esil District
2024-01-06 03:00:00,51.15037767188937,71.47600489108373,road_0022,arterial,138,60.0,60,0.0,0,FREE_FLOW,City Center
2024-01-06 03:00:00,51.179136852536935,71.44184452872075,road_0023,arterial,85,60.0,60,5.024726897089309,0,FREE_FLOW,Esil District
2024-01-06 03:00:00,51.08968684609002,71.45590858984447,road_0024,local,28,34.37811902262471,35,1.1500346137146873,0,FREE_FLOW,Esil District
2024-01-06 04:00:00,51.20721558440182,71.41748061169966,road_0000,arterial,212,60.0,60,11.817332722411182,0,FREE_FLOW,Right Bank
2024-01-06 04:00:00,51.213488841961706,71.4551094605174,road_0001,local,49,35.0,35,0.0,0,FREE_FLOW,Right Bank
2024-01-06 04:00:00,51.09202009123179,71.43847470697595,road_0002,arterial,225,60.0,60,5.218240577243566,0,FREE_FLOW,Left Bank
2024-01-06 04:00:00,51.19057683736238,71.4135219694281,road_0003,collector,64,45.0,45,0.0,0,FREE_FLOW,Right Bank
2024-01-06 04:00:00,51.16991099020425,71.48953431403665,road_0004,collector,54,43.93178469128943,45,0.0,0,FREE_FLOW,Right Bank
2024-01-06 04:00:00,51.160352110793035,71.43655906544681,road_0005,collector,198,45.0,45,4.6377890920002685,0,FREE_FLOW,Left Bank
2024-01-06 04:00:00,51.197010226921215,71.45590960880924,road_0006,arterial,195,56.803973194979825,60,11.139697229390919,0,FREE_FLOW,Right Bank
2024-01-06 04:00:00,51.11464444065831,71.472169515803,road_0007,collector,84,45.0,45,0.0,0,FREE_FLOW,Esil District
2024-01-06 04:00:00,51.12044326025239,71.43375018852568,road_0008,collector,117,45.0,45,7.273705208067429,0,FREE_FLOW,Left Bank
2024-01-06 04:00:00,51.11541119500996,71.39497674159925,road_0009,arterial,292,60.0,60,11.034956668003275,0,FREE_FLOW,Left Bank
2024-01-06 04:00:00,51.11078369535379,71.44797551413016,road_0010,collector,67,45.0,45,2.179078614388505,0,FREE_FLOW,Esil District
2024-01-06 04:00:00,51.08154293158093,71.50410393821133,road_0011,arterial,190,55.823631377663894,60,13.146668900612324,0,FREE_FLOW,Esil District
2024-01-06 04:00:00,51.19411054283802,71.48338375455349,road_0012,collector,58,45.0,45,8.630301211085023,0,FREE_FLOW,Right Bank
2024-01-06 04:00:00,51.11540059978571,71.41954819303338,road_0013,arterial,315,60.0,60,19.128298576977635,0,FREE_FLOW,Left Bank
2024-01-06 04:00:00,51.153146942289446,71.41898050602991,road_0014,collector,189,45.0,45,15.457680299825059,0,FREE_FLOW,Left Bank
2024-01-06 04:00:00,51.09379597309867,71.3747399226662,road_0015,collector,151,40.85924576263125,45,1.998198280779949,0,FREE_FLOW,Left Bank
2024-01-06 04:00:00,51.10200587058781,71.4105255768849,road_0016,collector,132,43.08174440137566,45,0.3769806114125078,0,FREE_FLOW,Left Bank
2024-01-06 04:00:00,51.14997939524811,71.48471150021103,road_0017,local,45,32.169491888167926,35,1.1946491208557823,0,FREE_FLOW,Right Bank
2024-01-06 04:00:00,51.12597404841841,71.5114357036669,road_0018,local,28,33.490230270406514,35,10.35389888445523,0,FREE_FLOW,Esil District
2024-01-06 04:00:00,51.15469379256984,71.44515988046629,road_0019,collector,164,42.95448333694197,45,20.474108405662175,0,FREE_FLOW,City Center
2024-01-06 04:00:00,51.16857999845184,71.4595019477238,road_0020,arterial,126,60.0,60,0.0,0,FREE_FLOW,City Center
2024-01-06 04:00:00,51.15694799555623,71.45525725431128,road_0021,collector,49,45.0,45,10.372834030346905,0,FREE_FLOW,Esil District
2024-01-06 04:00:00,51.15037767188937,71.47600489108373,road_0022,arterial,111,60.0,60,0.0,0,FREE_FLOW,City Center
2024-01-06 04:00:00,51.179136852536935,71.44184452872075,road_0023,arterial,222,60.0,60,17.364335244870915,0,FREE_FLOW,Esil District
2024-01-06 04:00:00,51.08968684609002,71.45590858984447,road_0024,local,35,35.0,35,8.752281457676217,0,FREE_FLOW,Esil District
2024-01-06 05:00:00,51.20721558440182,71.41748061169966,road_0000,arterial,314,55.28791978610899,60,21.195659865525062,0,FREE_FLOW,Right Bank
2024-01-06 05:00:00,51.213488841961706,71.4551094605174,road_0001,local,121,33.026369311931994,35,14.802227005812405,0,FREE_FLOW,Right Bank
2024-01-06 05:00:00,51.09202009123179,71.43847470697595,road_0002,arterial,484,60.0,60,16.960147284815037,0,FREE_FLOW,Left Bank
2024-01-06 05:00:00,51.19057683736238,71.4135219694281,road_0003,collector,246,45.0,45,9.413194764153372,0,FREE_FLOW,Right Bank
2024-01-06 05:00:00,51.16991099020425,71.48953431403665,road_0004,collector,122,44.46294101900858,45,0.6944361032709416,0,FREE_FLOW,Right Bank
2024-01-06 05:00:00,51.160352110793035,71.43655906544681,road_0005,collector,316,45.0,45,18.54173507512573,0,FREE_FLOW,Left Bank
2024-01-06 05:00:00,51.197010226921215,71.45590960880924,road_0006,arterial,402,60.0,60,10.360000988722295,0,FREE_FLOW,Right Bank
2024-01-06 05:00:00,51.11464444065831,71.472169515803,road_0007,collector,160,45.0,45,11.864389789201415,0,FREE_FLOW,Esil District
2024-01-06 05:00:00,51.12044326025239,71.43375018852568,road_0008,collector,152,44.010840355714265,45,2.92814652462042,0,FREE_FLOW,Left Bank
2024-01-06 05:00:00,51.11541119500996,71.39497674159925,road_0009,arterial,380,60.0,60,7.3741795925630225,0,FREE_FLOW,Left Bank
2024-01-06 05:00:00,51.11078369535379,71.44797551413016,road_0010,collector,92,45.0,45,11.972633172625391,0,FREE_FLOW,Esil District
2024-01-06 05:00:00,51.08154293158093,71.50410393821133,road_0011,arterial,238,58.87996379918943,60,11.717874833385988,0,FREE_FLOW,Esil District
2024-01-06 05:00:00,51.19411054283802,71.48338375455349,road_0012,collector,174,41.33066738008161,45,10.33229124403453,0,FREE_FLOW,Right Bank
2024-01-06 05:00:00,51.11540059978571,71.41954819303338,road_0013,arterial,663,60.0,60,17.647563825811048,0,FREE_FLOW,Left Bank
2024-01-06 05:00:00,51.153146942289446,71.41898050602991,road_0014,collector,183,42.050644858455236,45,14.460279221039436,0,FREE_FLOW,Left Bank
2024-01-06 05:00:00,51.09379597309867,71.3747399226662,road_0015,collector,119,45.0,45,8.08064277462993,0,FREE_FLOW,Left Bank
2024-01-06 05:00:00,51.10200587058781,71.4105255768849,road_0016,collector,151,42.46203695257702,45,6.6118655700573115,0,FREE_FLOW,Left Bank
2024-01-06 05:00:00,51.14997939524811,71.48471150021103,road_0017,local,97,35.0,35,15.823734964826185,0,FREE_FLOW,Right Bank
2024-01-06 05:00:00,51.12597404841841,71.5114357036669,road_0018,local,135,35.0,35,21.558001129127092,0,FREE_FLOW,Esil District
2024-01-06 05:00:00,51.15469379256984,71.44515988046629,road_0019,collector,133,45.0,45,0.0,0,FREE_FLOW,City Center
2024-01-06 05:00:00,51.16857999845184,71.4595019477238,road_0020,arterial,522,60.0,60,21.784783494552375,0,FREE_FLOW,City Center
2024-01-06 05:00:00,51.15694799555623,71.45525725431128,road_0021,collector,104,41.49620736313003,45,0.0,0,FREE_FLOW,Esil District
2024-01-06 05:00:00,51.15037767188937,71.47600489108373,road_0022,arterial,647,60.0,60,31.918926400901395,0,FREE_FLOW,City Center
2024-01-06 05:00:00,51.179136852536935,71.44184452872075,road_0023,arterial,401,60.0,60,19.436666776325772,0,FREE_FLOW,Esil District
2024-01-06 05:00:00,51.08968684609002,71.45590858984447,road_0024,local,90,33.589715031678274,35,15.8539053232311,0,FREE_FLOW,Esil District
2024-01-06 06:00:00,51.20721558440182,71.41748061169966,road_0000,arterial,667,60.0,60,22.212445541874022,0,FREE_FLOW,Right Bank
2024-01-06 06:00:00,51.213488841961706,71.4551094605174,road_0001,local,152,35.0,35,12.231750035161365,0,FREE_FLOW,Right Bank
2024-01-06 06:00:00,51.09202009123179,71.43847470697595,road_0002,arterial,976,57.913241846713035,60,45.45122823598196,0,FREE_FLOW,Left Bank
2024-01-06 06:00:00,51.19057683736238,71.4135219694281,road_0003,collector,251,45.0,45,21.38572976257852,0,FREE_FLOW,Right Bank
2024-01-06 06:00:00,51.16991099020425,71.48953431403665,road_0004,collector,249,45.0,45,9.013746103239457,0,FREE_FLOW,Right Bank
2024-01-06 06:00:00,51.160352110793035,71.43655906544681,road_0005,collector,228,45.0,45,12.991062712521906,0,FREE_FLOW,Left Bank
2024-01-06 06:00:00,51.197010226921215,71.45590960880924,road_0006,arterial,755,60.0,60,34.02147213209139,0,FREE_FLOW,Right Bank
2024-01-06 06:00:00,51.11464444065831,71.472169515803,road_0007,collector,441,44.870863225065165,45,31.41334535411211,0,FREE_FLOW,Esil District
2024-01-06 06:00:00,51.12044326025239,71.43375018852568,road_0008,collector,412,43.89791187833291,45,22.976827065306573,0,FREE_FLOW,Left Bank
2024-01-06 06:00:00,51.11541119500996,71.39497674159925,road_0009,arterial,689,59.628549067855715,60,26.17410663396811,0,FREE_FLOW,Left Bank
2024-01-06 06:00:00,51.11078369535379,71.44797551413016,road_0010,collector,481,45.0,45,25.237786032499905,0,FREE_FLOW,Esil District
2024-01-06 06:00:00,51.08154293158093,71.50410393821133,road_0011,arterial,681,60.0,60,26.698280890682767,0,FREE_FLOW,Esil District
2024-01-06 06:00:00,51.19411054283802,71.48338375455349,road_0012,collector,366,45.0,45,22.33212250701945,0,FREE_FLOW,Right Bank
2024-01-06 06:00:00,51.11540059978571,71.41954819303338,road_0013,arterial,1095,58.1925386315852,60,53.44847534320225,0,FREE_FLOW,Left Bank
2024-01-06 06:00:00,51.153146942289446,71.41898050602991,road_0014,collector,365,42.39917909878693,45,26.61323581402968,0,FREE_FLOW,Left Bank
2024-01-06 06:00:00,51.09379597309867,71.3747399226662,road_0015,collector,480,43.2954563588155,45,41.98018923337736,0,FREE_FLOW,Left Bank
2024-01-06 06:00:00,51.10200587058781,71.4105255768849,road_0016,collector,395,41.373767483070395,45,28.342447078836237,0,FREE_FLOW,Left Bank
2024-01-06 06:00:00,51.14997939524811,71.48471150021103,road_0017,local,246,34.42139713128687,35,33.257128032672824,0,FREE_FLOW,Right Bank
2024-01-06 06:00:00,51.12597404841841,71.5114357036669,road_0018,local,176,35.0,35,25.762207985013035,0,FREE_FLOW,Esil District
2024-01-06 06:00:00,51.15469379256984,71.44515988046629,road_0019,collector,519,45.0,45,29.396233411377622,0,FREE_FLOW,City Center
2024-01-06 06:00:00,51.16857999845184,71.4595019477238,road_0020,arterial,1418,60.0,60,57.575470043196084,0,FREE_FLOW,City Center
2024-01-06 06:00:00,51.15694799555623,71.45525725431128,road_0021,collector,242,44.922682645453335,45,16.885447467861596,0,FREE_FLOW,Esil District
2024-01-06 06:00:00,51.15037767188937,71.47600489108373,road_0022,arterial,1213,57.67792075329575,60,41.053169318365235,0,FREE_FLOW,City Center
2024-01-06 06:00:00,51.179136852536935,71.44184452872075,road_0023,arterial,520,55.39170912302998,60,16.62916835315794,0,FREE_FLOW,Esil District
2024-01-06 06:00:00,51.08968684609002,71.45590858984447,road_0024,local,247,35.0,35,39.507161909318484,0,FREE_FLOW,Esil District
2024-01-06 07:00:00,51.20721558440182,71.41748061169966,road_0000,arterial,1914,55.917818165848644,60,83.62223648473449,0,FREE_FLOW,Right Bank
2024-01-06 07:00:00,51.213488841961706,71.4551094605174,road_0001,local,698,31.721128337372154,35,93.82212267297567,0,FREE_FLOW,Right Bank
2024-01-06 07:00:00,51.09202009123179,71.43847470697595,road_0002,arterial,1758,60.0,60,63.74581109335347,0,FREE_FLOW,Left Bank
2024-01-06 07:00:00,51.19057683736238,71.4135219694281,road_0003,collector,1118,44.08074034125944,45,82.67864758962969,0,FREE_FLOW,Right Bank
2024-01-06 07:00:00,51.16991099020425,71.48953431403665,road_0004,collector,805,45.0,45,53.698239664795786,0,FREE_FLOW,Right Bank
2024-01-06 07:00:00,51.160352110793035,71.43655906544681,road_0005,collector,1500,37.3173344527644,45,91.43772245704407,0,FREE_FLOW,Left Bank
2024-01-06 07:00:00,51.197010226921215,71.45590960880924,road_0006,arterial,1212,54.74502193299556,60,41.29667378300768,0,FREE_FLOW,Right Bank
2024-01-06 07:00:00,51.11464444065831,71.472169515803,road_0007,collector,816,44.30116661830949,45,58.70202677524935,0,FREE_FLOW,Esil District
2024-01-06 07:00:00,51.12044326025239,71.43375018852568,road_0008,collector,1500,38.31046161434975,45,100.0,0,FREE_FLOW,Left Bank
2024-01-06 07:00:00,51.11541119500996,71.39497674159925,road_0009,arterial,2269,58.385679255088995,60,84.69201593629779,0,FREE_FLOW,Left Bank
2024-01-06 07:00:00,51.11078369535379,71.44797551413016,road_0010,collector,633,45.0,45,37.86935443822012,0,FREE_FLOW,Esil District
2024-01-06 07:00:00,51.08154293158093,71.50410393821133,road_0011,arterial,1745,55.91911984484192,60,73.18940007837197,0,FREE_FLOW,Esil District
2024-01-06 07:00:00,51.19411054283802,71.48338375455349,road_0012,collector,1046,45.0,45,67.77878961114257,0,FREE_FLOW,Right Bank
2024-01-06 07:00:00,51.11540059978571,71.41954819303338,road_0013,arterial,2490,52.61875552347009,60,97.11765707329992,0,FREE_FLOW,Left Bank
2024-01-06 07:00:00,51.153146942289446,71.41898050602991,road_0014,collector,1500,40.78649525951763,45,100.0,0,FREE_FLOW,Left Bank
2024-01-06 07:00:00,51.09379597309867,71.3747399226662,road_0015,collector,1500,38.3509084256112,45,100.0,0,FREE_FLOW,Left Bank
2024-01-06 07:00:00,51.10200587058781,71.4105255768849,road_0016,collector,811,45.0,45,50.56650457193843,0,FREE_FLOW,Left Bank
2024-01-06 07:00:00,51.14997939524811,71.48471150021103,road_0017,local,800,27.840950369871546,35,100.0,1,LIGHT,Right Bank
2024-01-06 07:00:00,51.12597404841841,71.5114357036669,road_0018,local,326,31.82283967650695,35,43.18434370407685,0,FREE_FLOW,Esil District
2024-01-06 07:00:00,51.15469379256984,71.44515988046629,road_0019,collector,1500,41.45538370353463,45,100.0,0,FREE_FLOW,City Center
2024-01-06 07:00:00,51.16857999845184,71.4595019477238,road_0020,arterial,2500,55.612076587877326,60,92.20967640132037,0,FREE_FLOW,City Center
2024-01-06 07:00:00,51.15694799555623,71.45525725431128,road_0021,collector,972,44.74664953473178,45,58.58565729936492,0,FREE_FLOW,Esil District
2024-01-06 07:00:00,51.15037767188937,71.47600489108373,road_0022,arterial,1625,57.777804448143264,60,61.23780299608849,0,FREE_FLOW,City Center
2024-01-06 07:00:00,51.179136852536935,71.44184452872075,road_0023,arterial,742,60.0,60,34.19787321167271,0,FREE_FLOW,Esil District
2024-01-06 07:00:00,51.08968684609002,71.45590858984447,road_0024,local,432,31.44750217221494,35,63.53086212689128,0,FREE_FLOW,Esil District
2024-01-06 08:00:00,51.20721558440182,71.41748061169966,road_0000,arterial,1785,58.78106241362755,60,64.12731307702482,0,FREE_FLOW,Right Bank
2024-01-06 08:00:00,51.213488841961706,71.4551094605174,road_0001,local,800,33.14684644032363,35,100.0,0,FREE_FLOW,Right Bank
2024-01-06 08:00:00,51.09202009123179,71.43847470697595,road_0002,arterial,2500,53.56103142828511,60,92.58181323456611,0,FREE_FLOW,Left Bank
2024-01-06 08:00:00,51.19057683736238,71.4135219694281,road_0003,collector,1478,35.89665487753057,45,100.0,1,LIGHT,Right Bank
2024-01-06 08:00:00,51.16991099020425,71.48953431403665,road_0004,collector,1352,37.3862135821952,45,83.56795659137072,0,FREE_FLOW,Right Bank
2024-01-06 08:00:00,51.160352110793035,71.43655906544681,road_0005,collector,1500,37.99984198875973,45,91.5334476393658,0,FREE_FLOW,Left Bank
2024-01-06 08:00:00,51.197010226921215,71.45590960880924,road_0006,arterial,2500,55.079171598633444,60,96.21337011823893,0,FREE_FLOW,Right Bank
2024-01-06 08:00:00,51.11464444065831,71.472169515803,road_0007,collector,1258,45.0,45,76.09857452764264,0,FREE_FLOW,Esil District
2024-01-06 08:00:00,51.12044326025239,71.43375018852568,road_0008,collector,1500,42.96397603269577,45,90.677509288135,0,FREE_FLOW,Left Bank
2024-01-06 08:00:00,51.11541119500996,71.39497674159925,road_0009,arterial,2500,55.19654048118787,60,100.0,0,FREE_FLOW,Left Bank
2024-01-06 08:00:00,51.11078369535379,71.44797551413016,road_0010,collector,1204,45.0,45,74.9994014793372,0,FREE_FLOW,Esil District
2024-01-06 08:00:00,51.08154293158093,71.50410393821133,road_0011,arterial,2407,55.64929895098959,60,100.0,0,FREE_FLOW,Esil District
2024-01-06 08:00:00,51.19411054283802,71.48338375455349,road_0012,collector,1203,38.439919114874364,45,78.49465272740281,0,FREE_FLOW,Right Bank
2024-01-06 08:00:00,51.11540059978571,71.41954819303338,road_0013,arterial,2500,49.83794521359855,60,100.0,0,FREE_FLOW,Left Bank
2024-01-06 08:00:00,51.153146942289446,71.41898050602991,road_0014,collector,1500,41.05976620821612,45,100.0,0,FREE_FLOW,Left Bank
2024-01-06 08:00:00,51.09379597309867,71.3747399226662,road_0015,collector,1500,38.60275511741754,45,94.84197914652688,0,FREE_FLOW,Left Bank
2024-01-06 08:00:00,51.10200587058781,71.4105255768849,road_0016,collector,1500,40.53710001800639,45,92.25109014731032,0,FREE_FLOW,Left Bank
2024-01-06 08:00:00,51.14997939524811,71.48471150021103,road_0017,local,588,32.346693560468424,35,69.48825560493266,0,FREE_FLOW,Right Bank
2024-01-06 08:00:00,51.12597404841841,71.5114357036669,road_0018,local,491,35.0,35,58.68931714358094,0,FREE_FLOW,Esil District
2024-01-06 08:00:00,51.15469379256984,71.44515988046629,road_0019,collector,1500,42.85449453399332,45,100.0,0,FREE_FLOW,City Center
2024-01-06 08:00:00,51.16857999845184,71.4595019477238,road_0020,arterial,2500,48.78093171459729,60,100.0,0,FREE_FLOW,City Center
2024-01-06 08:00:00,51.15694799555623,71.45525725431128,road_0021,collector,1199,39.43975588862051,45,83.10782001788147,0,FREE_FLOW,Esil District
2024-01-06 08:00:00,51.15037767188937,71.47600489108373,road_0022,arterial,2500,48.420759390924474,60,96.58547678280175,0,FREE_FLOW,City Center
2024-01-06 08:00:00,51.179136852536935,71.44184452872075,road_0023,arterial,1702,55.175204779232175,60,65.77901767857094,0,FREE_FLOW,Esil District
2024-01-06 08:00:00,51.08968684609002,71.45590858984447,road_0024,local,590,31.193692659675342,35,67.06612472060584,0,FREE_FLOW,Esil District
2024-01-06 09:00:00,51.20721558440182,71.41748061169966,road_0000,arterial,2500,55.02415931302425,60,94.66188141724113,0,FREE_FLOW,Right Bank
2024-01-06 09:00:00,51.213488841961706,71.4551094605174,road_0001,local,377,33.13609770893641,35,47.25876305616514,0,FREE_FLOW,Right Bank
2024-01-06 09:00:00,51.09202009123179,71.43847470697595,road_0002,arterial,2500,48.00581169780574,60,100.0,0,FREE_FLOW,Left Bank
2024-01-06 09:00:00,51.19057683736238,71.4135219694281,road_0003,collector,1122,44.63829856851099,45,70.20836820804487,0,FREE_FLOW,Right Bank
2024-01-06 09:00:00,51.16991099020425,71.48953431403665,road_0004,collector,868,45.0,45,51.69224642460462,0,FREE_FLOW,Right Bank
2024-01-06 09:00:00,51.160352110793035,71.43655906544681,road_0005,collector,1500,38.0210216089851,45,100.0,0,FREE_FLOW,Left Bank
2024-01-06 09:00:00,51.197010226921215,71.45590960880924,road_0006,arterial,1388,56.48750479688459,60,57.4489249779769,0,FREE_FLOW,Right Bank
2024-01-06 09:00:00,51.11464444065831,71.472169515803,road_0007,collector,822,45.0,45,62.050020817861835,0,FREE_FLOW,Esil District
2024-01-06 09:00:00,51.12044326025239,71.43375018852568,road_0008,collector,1390,44.38696020679368,45,86.95747109073238,0,FREE_FLOW,Left Bank
2024-01-06 09:00:00,51.11541119500996,71.39497674159925,road_0009,arterial,1771,60.0,60,69.4129568155743,0,FREE_FLOW,Left Bank
2024-01-06 09:00:00,51.11078369535379,71.44797551413016,road_0010,collector,1051,45.0,45,71.37787253582748,0,FREE_FLOW,Esil District
2024-01-06 09:00:00,51.08154293158093,71.50410393821133,road_0011,arterial,935,54.22563317829746,60,46.337920506840845,0,FREE_FLOW,Esil District
2024-01-06 09:00:00,51.19411054283802,71.48338375455349,road_0012,collector,653,44.573350406175216,45,35.28872460868682,0,FREE_FLOW,Right Bank
2024-01-06 09:00:00,51.11540059978571,71.41954819303338,road_0013,arterial,2500,53.789335304664604,60,93.9286381814548,0,FREE_FLOW,Left Bank
2024-01-06 09:00:00,51.153146942289446,71.41898050602991,road_0014,collector,1500,40.6356743340761,45,92.93593794754098,0,FREE_FLOW,Left Bank
2024-01-06 09:00:00,51.09379597309867,71.3747399226662,road_0015,collector,1500,36.553691693904725,45,97.23599359726113,0,FREE_FLOW,Left Bank
2024-01-06 09:00:00,51.10200587058781,71.4105255768849,road_0016,collector,1500,41.85202146363218,45,100.0,0,FREE_FLOW,Left Bank
2024-01-06 09:00:00,51.14997939524811,71.48471150021103,road_0017,local,579,32.024511375144534,35,62.918480725878425,0,FREE_FLOW,Right Bank
2024-01-06 09:00:00,51.12597404841841,71.5114357036669,road_0018,local,606,35.0,35,72.81738919083502,0,FREE_FLOW,Esil District
2024-01-06 09:00:00,51.15469379256984,71.44515988046629,road_0019,collector,1500,37.884652973765355,45,99.45061270621801,0,FREE_FLOW,City Center
2024-01-06 09:00:00,51.16857999845184,71.4595019477238,road_0020,arterial,2500,52.28363575709895,60,100.0,0,FREE_FLOW,City Center
2024-01-06 09:00:00,51.15694799555623,71.45525725431128,road_0021,collector,583,45.0,45,42.32213296124881,0,FREE_FLOW,Esil District
2024-01-06 09:00:00,51.15037767188937,71.47600489108373,road_0022,arterial,2500,47.82174804222047,60,98.67913251379866,1,LIGHT,City Center
2024-01-06 09:00:00,51.179136852536935,71.44184452872075,road_0023,arterial,936,57.000324118304334,60,38.044388136342,0,FREE_FLOW,Esil District
2024-01-06 09:00:00,51.08968684609002,71.45590858984447,road_0024,local,580,35.0,35,68.48232263223916,0,FREE_FLOW,Esil District
2024-01-06 10:00:00,51.20721558440182,71.41748061169966,road_0000,arterial,655,60.0,60,32.285621871243464,0,FREE_FLOW,Right Bank
2024-01-06 10:00:00,51.213488841961706,71.4551094605174,road_0001,local,317,35.0,35,41.391276909829436,0,FREE_FLOW,Right Bank
2024-01-06 10:00:00,51.09202009123179,71.43847470697595,road_0002,arterial,1499,60.0,60,64.4770616867679,0,FREE_FLOW,Left Bank
2024-01-06 10:00:00,51.19057683736238,71.4135219694281,road_0003,collector,407,45.0,45,29.668872814257938,0,FREE_FLOW,Right Bank
2024-01-06 10:00:00,51.16991099020425,71.48953431403665,road_0004,collector,655,45.0,45,40.6922341156895,0,FREE_FLOW,Right Bank
2024-01-06 10:00:00,51.160352110793035,71.43655906544681,road_0005,collector,1083,39.49417193268705,45,68.92072661655197,0,FREE_FLOW,Left Bank
2024-01-06 10:00:00,51.197010226921215,71.45590960880924,road_0006,arterial,782,59.08788398829937,60,41.00974135859379,0,FREE_FLOW,Right Bank
2024-01-06 10:00:00,51.11464444065831,71.472169515803,road_0007,collector,370,45.0,45,22.605192279142944,0,FREE_FLOW,Esil District
2024-01-06 10:00:00,51.12044326025239,71.43375018852568,road_0008,collector,397,41.84712232107934,45,35.793036504808654,0,FREE_FLOW,Left Bank
2024-01-06 10:00:00,51.11541119500996,71.39497674159925,road_0009,arterial,1328,54.54315245464073,60,54.75571052389051,0,FREE_FLOW,Left Bank
2024-01-06 10:00:00,51.11078369535379,71.44797551413016,road_0010,collector,391,45.0,45,20.700679830183834,0,FREE_FLOW,Esil District
2024-01-06 10:00:00,51.08154293158093,71.50410393821133,road_0011,arterial,625,54.99364081180569,60,33.08708680500629,0,FREE_FLOW,Esil District
2024-01-06 10:00:00,51.19411054283802,71.48338375455349,road_0012,collector,445,41.16055607781775,45,32.29773637550582,0,FREE_FLOW,Right Bank
2024-01-06 10:00:00,51.11540059978571,71.41954819303338,road_0013,arterial,1008,60.0,60,34.3019278814014,0,FREE_FLOW,Left Bank
2024-01-06 10:00:00,51.153146942289446,71.41898050602991,road_0014,collector,925,40.68464271818616,45,56.44524300822384,0,FREE_FLOW,Left Bank
2024-01-06 10:00:00,51.09379597309867,71.3747399226662,road_0015,collector,743,42.61371622670972,45,47.295261807353725,0,FREE_FLOW,Left Bank
2024-01-06 10:00:00,51.10200587058781,71.4105255768849,road_0016,collector,663,45.0,45,40.42410718656616,0,FREE_FLOW,Left Bank
2024-01-06 10:00:00,51.14997939524811,71.48471150021103,road_0017,local,264,32.893700415223975,35,37.52943086991663,0,FREE_FLOW,Right Bank
2024-01-06 10:00:00,51.12597404841841,71.5114357036669,road_0018,local,251,34.13912520901041,35,26.813590749149743,0,FREE_FLOW,Esil District
2024-01-06 10:00:00,51.15469379256984,71.44515988046629,road_0019,collector,1015,39.35219833081571,45,68.25156780585611,0,FREE_FLOW,City Center
2024-01-06 10:00:00,51.16857999845184,71.4595019477238,road_0020,arterial,972,59.032882360495904,60,35.663472400044874,0,FREE_FLOW,City Center
2024-01-06 10:00:00,51.15694799555623,71.45525725431128,road_0021,collector,451,45.0,45,25.51927684401678,0,FREE_FLOW,Esil District
2024-01-06 10:00:00,51.15037767188937,71.47600489108373,road_0022,arterial,1183,60.0,60,45.94862934074976,0,FREE_FLOW,City Center
2024-01-06 10:00:00,51.179136852536935,71.44184452872075,road_0023,arterial,1222,60.0,60,39.81796481890336,0,FREE_FLOW,Esil District
2024-01-06 10:00:00,51.08968684609002,71.45590858984447,road_0024,local,136,32.85832168947626,35,15.287392158131151,0,FREE_FLOW,Esil District
2024-01-06 11:00:00,51.20721558440182,71.41748061169966,road_0000,arterial,645,60.0,60,20.768112104937096,0,FREE_FLOW,Right Bank
2024-01-06 11:00:00,51.213488841961706,71.4551094605174,road_0001,local,230,34.49132994377851,35,38.47853092287059,0,FREE_FLOW,Right Bank
2024-01-06 11:00:00,51.09202009123179,71.43847470697595,road_0002,arterial,1742,57.007447076562876,60,62.432779960827276,0,FREE_FLOW,Left Bank
2024-01-06 11:00:00,51.19057683736238,71.4135219694281,road_0003,collector,918,40.92952662864674,45,63.2247211591781,0,FREE_FLOW,Right Bank
2024-01-06 11:00:00,51.16991099020425,71.48953431403665,road_0004,collector,705,43.5607281138752,45,44.05755696664237,0,FREE_FLOW,Right Bank
2024-01-06 11:00:00,51.160352110793035,71.43655906544681,road_0005,collector,828,45.0,45,61.242887562049695,0,FREE_FLOW,Left Bank
2024-01-06 11:00:00,51.197010226921215,71.45590960880924,road_0006,arterial,574,59.310779240016615,60,27.909859117628002,0,FREE_FLOW,Right Bank
2024-01-06 11:00:00,51.11464444065831,71.472169515803,road_0007,collector,848,40.44217988567048,45,59.29643464306996,0,FREE_FLOW,Esil District
2024-01-06 11:00:00,51.12044326025239,71.43375018852568,road_0008,collector,1033,45.0,45,66.45557440428568,0,FREE_FLOW,Left Bank
2024-01-06 11:00:00,51.11541119500996,71.39497674159925,road_0009,arterial,1108,60.0,60,47.288488367415646,0,FREE_FLOW,Left Bank
2024-01-06 11:00:00,51.11078369535379,71.44797551413016,road_0010,collector,644,45.0,45,38.18072503911283,0,FREE_FLOW,Esil District
2024-01-06 11:00:00,51.08154293158093,71.50410393821133,road_0011,arterial,620,55.660169834423826,60,15.200687681544304,0,FREE_FLOW,Esil District
2024-01-06 11:00:00,51.19411054283802,71.48338375455349,road_0012,collector,758,42.13722299784393,45,42.83971399809087,0,FREE_FLOW,Right Bank
2024-01-06 11:00:00,51.11540059978571,71.41954819303338,road_0013,arterial,803,59.15310894364723,60,24.642321414892663,0,FREE_FLOW,Left Bank
2024-01-06 11:00:00,51.153146942289446,71.41898050602991,road_0014,collector,1013,45.0,45,63.14254307037024,0,FREE_FLOW,Left Bank
2024-01-06 11:00:00,51.09379597309867,71.3747399226662,road_0015,collector,1016,44.24601599013815,45,64.31571640728546,0,FREE_FLOW,Left Bank
2024-01-06 11:00:00,51.10200587058781,71.4105255768849,road_0016,collector,635,44.41987409773177,45,48.978568746782955,0,FREE_FLOW,Left Bank
2024-01-06 11:00:00,51.14997939524811,71.48471150021103,road_0017,local,390,32.50849965237198,35,39.52331123695179,0,FREE_FLOW,Right Bank
2024-01-06 11:00:00,51.12597404841841,71.5114357036669,road_0018,local,455,35.0,35,62.48379279822355,0,FREE_FLOW,Esil District
2024-01-06 11:00:00,51.15469379256984,71.44515988046629,road_0019,collector,593,40.84841300941819,45,37.21933708454373,0,FREE_FLOW,City Center
2024-01-06 11:00:00,51.16857999845184,71.4595019477238,road_0020,arterial,2044,56.849226939416084,60,88.2405858487322,0,FREE_FLOW,City Center
2024-01-06 11:00:00,51.15694799555623,71.45525725431128,road_0021,collector,382,45.0,45,22.747924102599864,0,FREE_FLOW,Esil District
2024-01-06 11:00:00,51.15037767188937,71.47600489108373,road_0022,arterial,1493,54.19478965036963,60,66.80440685931464,0,FREE_FLOW,City Center
2024-01-06 11:00:00,51.179136852536935,71.44184452872075,road_0023,arterial,634,60.0,60,19.975367799607085,0,FREE_FLOW,Esil District
2024-01-06 11:00:00,51.08968684609002,71.45590858984447,road_0024,local,275,34.27075696706978,35,33.94873594961182,0,FREE_FLOW,Esil District
2024-01-06 12:00:00,51.20721558440182,71.41748061169966,road_0000,arterial,1197,60.0,60,55.7968778093358,0,FREE_FLOW,Right Bank
2024-01-06 12:00:00,51.213488841961706,71.4551094605174,road_0001,local,342,35.0,35,45.31478868074465,0,FREE_FLOW,Right Bank
2024-01-06 12:00:00,51.09202009123179,71.43847470697595,road_0002,arterial,1663,60.0,60,67.6374219279301,0,FREE_FLOW,Left Bank
2024-01-06 12:00:00,51.19057683736238,71.4135219694281,road_0003,collector,560,45.0,45,30.91958878982945,0,FREE_FLOW,Right Bank
2024-01-06 12:00:00,51.16991099020425,71.48953431403665,road_0004,collector,863,45.0,45,58.131059612937115,0,FREE_FLOW,Right Bank
2024-01-06 12:00:00,51.160352110793035,71.43655906544681,road_0005,collector,533,45.0,45,32.74503286509827,0,FREE_FLOW,Left Bank
2024-01-06 12:00:00,51.197010226921215,71.45590960880924,road_0006,arterial,1595,60.0,60,66.91448949184996,0,FREE_FLOW,Right Bank
2024-01-06 12:00:00,51.11464444065831,71.472169515803,road_0007,collector,501,45.0,45,34.4740944577741,0,FREE_FLOW,Esil District
2024-01-06 12:00:00,51.12044326025239,71.43375018852568,road_0008,collector,1063,42.239989597580724,45,76.27492696460095,0,FREE_FLOW,Left Bank
2024-01-06 12:00:00,51.11541119500996,71.39497674159925,road_0009,arterial,1683,59.48408522313869,60,62.91322814029973,0,FREE_FLOW,Left Bank
2024-01-06 12:00:00,51.11078369535379,71.44797551413016,road_0010,collector,683,45.0,45,46.84334796044336,0,FREE_FLOW,Esil District
2024-01-06 12:00:00,51.08154293158093,71.50410393821133,road_0011,arterial,1425,60.0,60,54.09088412528656,0,FREE_FLOW,Esil District
2024-01-06 12:00:00,51.19411054283802,71.48338375455349,road_0012,collector,827,41.77121642334104,45,59.1287142029621,0,FREE_FLOW,Right Bank
2024-01-06 12:00:00,51.11540059978571,71.41954819303338,road_0013,arterial,961,60.0,60,38.66105335589153,0,FREE_FLOW,Left Bank
2024-01-06 12:00:00,51.153146942289446,71.41898050602991,road_0014,collector,784,45.0,45,47.96702485185803,0,FREE_FLOW,Left Bank
2024-01-06 12:00:00,51.09379597309867,71.3747399226662,road_0015,collector,749,45.0,45,47.612535859680904,0,FREE_FLOW,Left Bank
2024-01-06 12:00:00,51.10200587058781,71.4105255768849,road_0016,collector,515,45.0,45,38.05156544773661,0,FREE_FLOW,Left Bank
2024-01-06 12:00:00,51.14997939524811,71.48471150021103,road_0017,local,298,34.34830207859348,35,32.76888294825292,0,FREE_FLOW,Right Bank
2024-01-06 12:00:00,51.12597404841841,71.5114357036669,road_0018,local,220,33.53795813676152,35,27.332935002229487,0,FREE_FLOW,Esil District
2024-01-06 12:00:00,51.15469379256984,71.44515988046629,road_0019,collector,1061,40.83054107142579,45,75.32353333250867,0,FREE_FLOW,City Center
2024-01-06 12:00:00,51.16857999845184,71.4595019477238,road_0020,arterial,1059,60.0,60,47.53275167827424,0,FREE_FLOW,City Center
2024-01-06 12:00:00,51.15694799555623,71.45525725431128,road_0021,collector,752,45.0,45,56.12814620759012,0,FREE_FLOW,Esil District
2024-01-06 12:00:00,51.15037767188937,71.47600489108373,road_0022,arterial,734,60.0,60,29.237827044124963,0,FREE_FLOW,City Center
2024-01-06 12:00:00,51.179136852536935,71.44184452872075,road_0023,arterial,648,60.0,60,26.790721952945194,0,FREE_FLOW,Esil District
2024-01-06 12:00:00,51.08968684609002,71.45590858984447,road_0024,local,266,31.894426986184993,35,23.799857792635493,0,FREE_FLOW,Esil District
2024-01-06 13:00:00,51.20721558440182,71.41748061169966,road_0000,arterial,1114,56.168449367598264,60,41.49934151248968,0,FREE_FLOW,Right Bank
2024-01-06 13:00:00,51.213488841961706,71.4551094605174,road_0001,local,247,35.0,35,26.882264471422275,0,FREE_FLOW,Right Bank
2024-01-06 13:00:00,51.09202009123179,71.43847470697595,road_0002,arterial,1510,57.49615800413947,60,58.1752930423382,0,FREE_FLOW,Left Bank
2024-01-06 13:00:00,51.19057683736238,71.4135219694281,road_0003,collector,522,45.0,45,42.326088459183154,0,FREE_FLOW,Right Bank
2024-01-06 13:00:00,51.16991099020425,71.48953431403665,road_0004,collector,477,45.0,45,22.486643422857064,0,FREE_FLOW,Right Bank
2024-01-06 13:00:00,51.160352110793035,71.43655906544681,road_0005,collector,1071,40.845155809722065,45,63.62591325514132,0,FREE_FLOW,Left Bank
2024-01-06 13:00:00,51.197010226921215,71.45590960880924,road_0006,arterial,709,60.0,60,28.310400209068916,0,FREE_FLOW,Right Bank
2024-01-06 13:00:00,51.11464444065831,71.472169515803,road_0007,collector,540,45.0,45,39.771664119576464,0,FREE_FLOW,Esil District
2024-01-06 13:00:00,51.12044326025239,71.43375018852568,road_0008,collector,432,45.0,45,34.494702281721985,0,FREE_FLOW,Left Bank
2024-01-06 13:00:00,51.11541119500996,71.39497674159925,road_0009,arterial,1950,56.90829341555097,60,72.90307892209486,0,FREE_FLOW,Left Bank
2024-01-06 13:00:00,51.11078369535379,71.44797551413016,road_0010,collector,325,45.0,45,22.752570896841803,0,FREE_FLOW,Esil District
2024-01-06 13:00:00,51.08154293158093,71.50410393821133,road_0011,arterial,1332,55.711410251199126,60,49.688998607495236,0,FREE_FLOW,Esil District
2024-01-06 13:00:00,51.19411054283802,71.48338375455349,road_0012,collector,689,42.07853627850707,45,39.165524945240605,0,FREE_FLOW,Right Bank
2024-01-06 13:00:00,51.11540059978571,71.41954819303338,road_0013,arterial,1112,60.0,60,53.242366611934045,0,FREE_FLOW,Left Bank
2024-01-06 13:00:00,51.153146942289446,71.41898050602991,road_0014,collector,909,45.0,45,69.52395052960064,0,FREE_FLOW,Left Bank
2024-01-06 13:00:00,51.09379597309867,71.3747399226662,road_0015,collector,1167,39.43321213658542,45,81.82460304817002,0,FREE_FLOW,Left Bank
2024-01-06 13:00:00,51.10200587058781,71.4105255768849,road_0016,collector,860,45.0,45,53.68794426568613,0,FREE_FLOW,Left Bank
2024-01-06 13:00:00,51.14997939524811,71.48471150021103,road_0017,local,250,35.0,35,40.6358932409816,0,FREE_FLOW,Right Bank
2024-01-06 13:00:00,51.12597404841841,71.5114357036669,road_0018,local,233,34.132738699202065,35,26.933466523877833,0,FREE_FLOW,Esil District
2024-01-06 13:00:00,51.15469379256984,71.44515988046629,road_0019,collector,514,40.899406689697145,45,29.626846340371138,0,FREE_FLOW,City Center
2024-01-06 13:00:00,51.16857999845184,71.4595019477238,road_0020,arterial,1971,59.17793509941122,60,86.57245300032784,0,FREE_FLOW,City Center
2024-01-06 13:00:00,51.15694799555623,71.45525725431128,road_0021,collector,418,43.59325253602842,45,35.86452773932201,0,FREE_FLOW,Esil District
2024-01-06 13:00:00,51.15037767188937,71.47600489108373,road_0022,arterial,935,60.0,60,41.96722605473445,0,FREE_FLOW,City Center
2024-01-06 13:00:00,51.179136852536935,71.44184452872075,road_0023,arterial,452,60.0,60,20.044975857583644,0,FREE_FLOW,Esil District
2024-01-06 13:00:00,51.08968684609002,71.45590858984447,road_0024,local,157,35.0,35,21.30823462552098,0,FREE_FLOW,Esil District
2024-01-06 14:00:00,51.20721558440182,71.41748061169966,road_0000,arterial,728,60.0,60,35.401097446240186,0,FREE_FLOW,Right Bank
2024-01-06 14:00:00,51.213488841961706,71.4551094605174,road_0001,local,191,34.25468312026527,35,32.67136374867751,0,FREE_FLOW,Right Bank
2024-01-06 14:00:00,51.09202009123179,71.43847470697595,road_0002,arterial,1446,60.0,60,53.55175359588113,0,FREE_FLOW,Left Bank
2024-01-06 14:00:00,51.19057683736238,71.4135219694281,road_0003,collector,624,45.0,45,33.59321649699026,0,FREE_FLOW,Right Bank
2024-01-06 14:00:00,51.16991099020425,71.48953431403665,road_0004,collector,506,44.223698337030754,45,41.44856721558572,0,FREE_FLOW,Right Bank
2024-01-06 14:00:00,51.160352110793035,71.43655906544681,road_0005,collector,1028,42.73337259982729,45,65.71202853839429,0,FREE_FLOW,Left Bank
2024-01-06 14:00:00,51.197010226921215,71.45590960880924,road_0006,arterial,1040,60.0,60,32.17189676718885,0,FREE_FLOW,Right Bank
2024-01-06 14:00:00,51.11464444065831,71.472169515803,road_0007,collector,730,41.55593215873234,45,39.831422320880236,0,FREE_FLOW,Esil District
2024-01-06 14:00:00,51.12044326025239,71.43375018852568,road_0008,collector,476,43.66759458723841,45,33.853534808276194,0,FREE_FLOW,Left Bank
2024-01-06 14:00:00,51.11541119500996,71.39497674159925,road_0009,arterial,728,55.2951976371477,60,30.522409702301132,0,FREE_FLOW,Left Bank
2024-01-06 14:00:00,51.11078369535379,71.44797551413016,road_0010,collector,573,45.0,45,43.07018304287713,0,FREE_FLOW,Esil District
2024-01-06 14:00:00,51.08154293158093,71.50410393821133,road_0011,arterial,763,60.0,60,26.70497035250283,0,FREE_FLOW,Esil District
2024-01-06 14:00:00,51.19411054283802,71.48338375455349,road_0012,collector,473,45.0,45,41.33663757844144,0,FREE_FLOW,Right Bank
2024-01-06 14:00:00,51.11540059978571,71.41954819303338,road_0013,arterial,1345,57.77009668472038,60,63.604997358423994,0,FREE_FLOW,Left Bank
2024-01-06 14:00:00,51.153146942289446,71.41898050602991,road_0014,collector,454,45.0,45,23.084659428129186,0,FREE_FLOW,Left Bank
2024-01-06 14:00:00,51.09379597309867,71.3747399226662,road_0015,collector,860,45.0,45,63.12243511397671,0,FREE_FLOW,Left Bank
2024-01-06 14:00:00,51.10200587058781,71.4105255768849,road_0016,collector,624,44.06263786742952,45,49.04550392006385,0,FREE_FLOW,Left Bank
2024-01-06 14:00:00,51.14997939524811,71.48471150021103,road_0017,local,240,35.0,35,38.72147003725574,0,FREE_FLOW,Right Bank
2024-01-06 14:00:00,51.12597404841841,71.5114357036669,road_0018,local,271,33.287115957585655,35,37.975344248069774,0,FREE_FLOW,Esil District
2024-01-06 14:00:00,51.15469379256984,71.44515988046629,road_0019,collector,569,44.44850928930844,45,30.0217822565115,0,FREE_FLOW,City Center
2024-01-06 14:00:00,51.16857999845184,71.4595019477238,road_0020,arterial,1124,57.908866134892946,60,38.665363513954695,0,FREE_FLOW,City Center
2024-01-06 14:00:00,51.15694799555623,71.45525725431128,road_0021,collector,404,45.0,45,30.426950164903715,0,FREE_FLOW,Esil District
2024-01-06 14:00:00,51.15037767188937,71.47600489108373,road_0022,arterial,923,60.0,60,32.60356000780524,0,FREE_FLOW,City Center
2024-01-06 14:00:00,51.179136852536935,71.44184452872075,road_0023,arterial,844,58.466337852099954,60,38.227172234376255,0,FREE_FLOW,Esil District
2024-01-06 14:00:00,51.08968684609002,71.45590858984447,road_0024,local,241,32.72129912363056,35,24.526900805485404,0,FREE_FLOW,Esil District
2024-01-06 15:00:00,51.20721558440182,71.41748061169966,road_0000,arterial,489,60.0,60,19.930628666334165,0,FREE_FLOW,Right Bank
2024-01-06 15:00:00,51.213488841961706,71.4551094605174,road_0001,local,203,35.0,35,30.26781592690412,0,FREE_FLOW,Right Bank
2024-01-06 15:00:00,51.09202009123179,71.43847470697595,road_0002,arterial,2189,58.4270140162947,60,96.08124129035285,0,FREE_FLOW,Left Bank
2024-01-06 15:00:00,51.19057683736238,71.4135219694281,road_0003,collector,558,40.886156453110495,45,39.646265949117556,0,FREE_FLOW,Right Bank
2024-01-06 15:00:00,51.16991099020425,71.48953431403665,road_0004,collector,796,40.48856590369139,45,57.016123306182664,0,FREE_FLOW,Right Bank
2024-01-06 15:00:00,51.160352110793035,71.43655906544681,road_0005,collector,739,43.62142151027574,45,44.966031981411575,0,FREE_FLOW,Left Bank
2024-01-06 15:00:00,51.197010226921215,71.45590960880924,road_0006,arterial,533,60.0,60,21.051333672158766,0,FREE_FLOW,Right Bank
2024-01-06 15:00:00,51.11464444065831,71.472169515803,road_0007,collector,481,45.0,45,41.96160769391593,0,FREE_FLOW,Esil District
2024-01-06 15:00:00,51.12044326025239,71.43375018852568,road_0008,collector,758,43.14407588806897,45,56.71695928350943,0,FREE_FLOW,Left Bank
2024-01-06 15:00:00,51.11541119500996,71.39497674159925,road_0009,arterial,1288,60.0,60,42.97967479227539,0,FREE_FLOW,Left Bank
2024-01-06 15:00:00,51.11078369535379,71.44797551413016,road_0010,collector,516,42.80455584723304,45,39.549523185196705,0,FREE_FLOW,Esil District
2024-01-06 15:00:00,51.08154293158093,71.50410393821133,road_0011,arterial,1438,60.0,60,57.405487228122496,0,FREE_FLOW,Esil District
2024-01-06 15:00:00,51.19411054283802,71.48338375455349,road_0012,collector,375,43.27810056050125,45,21.220906395026113,0,FREE_FLOW,Right Bank
2024-01-06 15:00:00,51.11540059978571,71.41954819303338,road_0013,arterial,906,60.0,60,30.509691673972704,0,FREE_FLOW,Left Bank
2024-01-06 15:00:00,51.153146942289446,71.41898050602991,road_0014,collector,893,45.0,45,52.39050191066319,0,FREE_FLOW,Left Bank
2024-01-06 15:00:00,51.09379597309867,71.3747399226662,road_0015,collector,614,44.064450865890066,45,41.146721382064676,0,FREE_FLOW,Left Bank
2024-01-06 15:00:00,51.10200587058781,71.4105255768849,road_0016,collector,631,41.20341180271972,45,44.69245291332129,0,FREE_FLOW,Left Bank
2024-01-06 15:00:00,51.14997939524811,71.48471150021103,road_0017,local,449,32.4608980215125,35,51.12908974127084,0,FREE_FLOW,Right Bank
2024-01-06 15:00:00,51.12597404841841,71.5114357036669,road_0018,local,185,34.395960348499216,35,15.835820261816735,0,FREE_FLOW,Esil District
2024-01-06 15:00:00,51.15469379256984,71.44515988046629,road_0019,collector,580,45.0,45,44.37150710039383,0,FREE_FLOW,City Center
2024-01-06 15:00:00,51.16857999845184,71.4595019477238,road_0020,arterial,1827,55.97504005179154,60,75.84743059141215,0,FREE_FLOW,City Center
2024-01-06 15:00:00,51.15694799555623,71.45525725431128,road_0021,collector,583,43.28347606635633,45,31.481073045668595,0,FREE_FLOW,Esil District
2024-01-06 15:00:00,51.15037767188937,71.47600489108373,road_0022,arterial,1531,56.62385700124372,60,66.50998150863411,0,FREE_FLOW,City Center
2024-01-06 15:00:00,51.179136852536935,71.44184452872075,road_0023,arterial,714,55.09468059732086,60,20.087844342640793,0,FREE_FLOW,Esil District
2024-01-06 15:00:00,51.08968684609002,71.45590858984447,road_0024,local,320,35.0,35,45.49008212710653,0,FREE_FLOW,Esil District
2024-01-06 16:00:00,51.20721558440182,71.41748061169966,road_0000,arterial,775,60.0,60,26.6428425744342,0,FREE_FLOW,Right Bank
2024-01-06 16:00:00,51.213488841961706,71.4551094605174,road_0001,local,310,34.10554055592969,35,42.90928813676793,0,FREE_FLOW,Right Bank
2024-01-06 16:00:00,51.09202009123179,71.43847470697595,road_0002,arterial,1890,54.226200212784406,60,70.73475549265623,0,FREE_FLOW,Left Bank
2024-01-06 16:00:00,51.19057683736238,71.4135219694281,road_0003,collector,532,45.0,45,27.61374615958866,0,FREE_FLOW,Right Bank
2024-01-06 16:00:00,51.16991099020425,71.48953431403665,road_0004,collector,623,42.61058466210722,45,35.847059611530746,0,FREE_FLOW,Right Bank
2024-01-06 16:00:00,51.160352110793035,71.43655906544681,road_0005,collector,860,45.0,45,55.88546308217393,0,FREE_FLOW,Left Bank
2024-01-06 16:00:00,51.197010226921215,71.45590960880924,road_0006,arterial,1785,52.5734225487688,60,76.53208310208109,0,FREE_FLOW,Right Bank
2024-01-06 16:00:00,51.11464444065831,71.472169515803,road_0007,collector,1003,40.41547796196367,45,76.74045051766004,0,FREE_FLOW,Esil District
2024-01-06 16:00:00,51.12044326025239,71.43375018852568,road_0008,collector,924,45.0,45,56.85019281825198,0,FREE_FLOW,Left Bank
2024-01-06 16:00:00,51.11541119500996,71.39497674159925,road_0009,arterial,2364,48.312568916163535,60,100.0,0,FREE_FLOW,Left Bank
2024-01-06 16:00:00,51.11078369535379,71.44797551413016,road_0010,collector,392,45.0,45,23.912995365342113,0,FREE_FLOW,Esil District
2024-01-06 16:00:00,51.08154293158093,71.50410393821133,road_0011,arterial,868,57.151888179973106,60,35.278183956631366,0,FREE_FLOW,Esil District
2024-01-06 16:00:00,51.19411054283802,71.48338375455349,road_0012,collector,981,45.0,45,63.883112182380344,0,FREE_FLOW,Right Bank
2024-01-06 16:00:00,51.11540059978571,71.41954819303338,road_0013,arterial,1483,55.16878015841833,60,51.76545705442698,0,FREE_FLOW,Left Bank
2024-01-06 16:00:00,51.153146942289446,71.41898050602991,road_0014,collector,1500,40.21400698995937,45,97.75797802912813,0,FREE_FLOW,Left Bank
2024-01-06 16:00:00,51.09379597309867,71.3747399226662,road_0015,collector,1182,42.85846263575863,45,69.98020940446001,0,FREE_FLOW,Left Bank
2024-01-06 16:00:00,51.10200587058781,71.4105255768849,road_0016,collector,562,40.44707863269616,45,45.297450461298254,0,FREE_FLOW,Left Bank
2024-01-06 16:00:00,51.14997939524811,71.48471150021103,road_0017,local,502,35.0,35,63.935887752906,0,FREE_FLOW,Right Bank
2024-01-06 16:00:00,51.12597404841841,71.5114357036669,road_0018,local,276,35.0,35,26.556404476096475,0,FREE_FLOW,Esil District
2024-01-06 16:00:00,51.15469379256984,71.44515988046629,road_0019,collector,593,45.0,45,49.125611115312154,0,FREE_FLOW,City Center
2024-01-06 16:00:00,51.16857999845184,71.4595019477238,road_0020,arterial,1176,60.0,60,51.58529317185499,0,FREE_FLOW,City Center
2024-01-06 16:00:00,51.15694799555623,71.45525725431128,road_0021,collector,367,45.0,45,30.91114666060248,0,FREE_FLOW,Esil District
2024-01-06 16:00:00,51.15037767188937,71.47600489108373,road_0022,arterial,1818,58.74586328140404,60,70.95042438868441,0,FREE_FLOW,City Center
2024-01-06 16:00:00,51.179136852536935,71.44184452872075,road_0023,arterial,665,60.0,60,22.257721441371103,0,FREE_FLOW,Esil District
2024-01-06 16:00:00,51.08968684609002,71.45590858984447,road_0024,local,396,35.0,35,54.56020401375251,0,FREE_FLOW,Esil District
2024-01-06 17:00:00,51.20721558440182,71.41748061169966,road_0000,arterial,2500,52.17832949877427,60,96.62593538608,0,FREE_FLOW,Right Bank
2024-01-06 17:00:00,51.213488841961706,71.4551094605174,road_0001,local,534,32.780936344496354,35,57.636884251246784,0,FREE_FLOW,Right Bank
2024-01-06 17:00:00,51.09202009123179,71.43847470697595,road_0002,arterial,2500,52.461080090026535,60,100.0,0,FREE_FLOW,Left Bank
2024-01-06 17:00:00,51.19057683736238,71.4135219694281,road_0003,collector,1024,41.52296054358749,45,76.41160804817665,0,FREE_FLOW,Right Bank
2024-01-06 17:00:00,51.16991099020425,71.48953431403665,road_0004,collector,1193,42.513822914002056,45,72.32209987633281,0,FREE_FLOW,Right Bank
2024-01-06 17:00:00,51.160352110793035,71.43655906544681,road_0005,collector,1500,36.3728031971499,45,100.0,0,FREE_FLOW,Left Bank
2024-01-06 17:00:00,51.197010226921215,71.45590960880924,road_0006,arterial,2015,55.75222400762071,60,70.955959934419,0,FREE_FLOW,Right Bank
2024-01-06 17:00:00,51.11464444065831,71.472169515803,road_0007,collector,964,45.0,45,68.75148240293491,0,FREE_FLOW,Esil District
2024-01-06 17:00:00,51.12044326025239,71.43375018852568,road_0008,collector,1500,37.35409579632096,45,97.43246020715536,0,FREE_FLOW,Left Bank
2024-01-06 17:00:00,51.11541119500996,71.39497674159925,road_0009,arterial,2500,52.39288218269636,60,91.95408207381186,0,FREE_FLOW,Left Bank
2024-01-06 17:00:00,51.11078369535379,71.44797551413016,road_0010,collector,1500,39.30479206660915,45,99.01888644352454,0,FREE_FLOW,Esil District
2024-01-06 17:00:00,51.08154293158093,71.50410393821133,road_0011,arterial,2109,58.10459389110397,60,75.31850351912048,0,FREE_FLOW,Esil District
2024-01-06 17:00:00,51.19411054283802,71.48338375455349,road_0012,collector,1459,36.567225913095534,45,88.24784374159195,0,FREE_FLOW,Right Bank
2024-01-06 17:00:00,51.11540059978571,71.41954819303338,road_0013,arterial,2500,50.91259732909797,60,96.69314574249002,0,FREE_FLOW,Left Bank
2024-01-06 17:00:00,51.153146942289446,71.41898050602991,road_0014,collector,1500,37.9049487166958,45,92.07498849150703,0,FREE_FLOW,Left Bank
2024-01-06 17:00:00,51.09379597309867,71.3747399226662,road_0015,collector,1500,42.76762851781434,45,98.31590878739138,0,FREE_FLOW,Left Bank
2024-01-06 17:00:00,51.10200587058781,71.4105255768849,road_0016,collector,1500,35.40551913317629,45,100.0,1,LIGHT,Left Bank
2024-01-06 17:00:00,51.14997939524811,71.48471150021103,road_0017,local,800,29.276919101334418,35,100.0,0,FREE_FLOW,Right Bank
2024-01-06 17:00:00,51.12597404841841,71.5114357036669,road_0018,local,773,29.627614612255286,35,99.01891710808594,0,FREE_FLOW,Esil District
2024-01-06 17:00:00,51.15469379256984,71.44515988046629,road_0019,collector,1500,42.64275688089387,45,94.86605752689206,0,FREE_FLOW,City Center
2024-01-06 17:00:00,51.16857999845184,71.4595019477238,road_0020,arterial,2500,47.195500815286046,60,100.0,1,LIGHT,City Center
2024-01-06 17:00:00,51.15694799555623,71.45525725431128,road_0021,collector,1500,41.87510445700565,45,93.79557786862449,0,FREE_FLOW,Esil District
2024-01-06 17:00:00,51.15037767188937,71.47600489108373,road_0022,arterial,2500,54.41939343290765,60,92.34089162753538,0,FREE_FLOW,City Center
2024-01-06 17:00:00,51.179136852536935,71.44184452872075,road_0023,arterial,1381,57.2266171465381,60,60.070802738952665,0,FREE_FLOW,Esil District
2024-01-06 17:00:00,51.08968684609002,71.45590858984447,road_0024,local,542,35.0,35,64.9693882729708,0,FREE_FLOW,Esil District
2024-01-06 18:00:00,51.20721558440182,71.41748061169966,road_0000,arterial,2500,49.281121463668356,60,98.92074655335058,0,FREE_FLOW,Right Bank
2024-01-06 18:00:00,51.213488841961706,71.4551094605174,road_0001,local,800,27.555561087895175,35,100.0,1,LIGHT,Right Bank
2024-01-06 18:00:00,51.09202009123179,71.43847470697595,road_0002,arterial,2500,54.8849416393077,60,100.0,0,FREE_FLOW,Left Bank
2024-01-06 18:00:00,51.19057683736238,71.4135219694281,road_0003,collector,1500,35.531989757670345,45,100.0,1,LIGHT,Right Bank
2024-01-06 18:00:00,51.16991099020425,71.48953431403665,road_0004,collector,1482,36.2512324131833,45,96.73501851599204,0,FREE_FLOW,Right Bank
2024-01-06 18:00:00,51.160352110793035,71.43655906544681,road_0005,collector,1500,40.55933872050741,45,100.0,0,FREE_FLOW,Left Bank
2024-01-06 18:00:00,51.197010226921215,71.45590960880924,road_0006,arterial,2500,52.95792056769035,60,100.0,0,FREE_FLOW,Right Bank
2024-01-06 18:00:00,51.11464444065831,71.472169515803,road_0007,collector,539,41.05034811919534,45,31.28476416089775,0,FREE_FLOW,Esil District
2024-01-06 18:00:00,51.12044326025239,71.43375018852568,road_0008,collector,1500,36.87261621323312,45,100.0,0,FREE_FLOW,Left Bank
2024-01-06 18:00:00,51.11541119500996,71.39497674159925,road_0009,arterial,2500,49.76362363037652,60,100.0,0,FREE_FLOW,Left Bank
2024-01-06 18:00:00,51.11078369535379,71.44797551413016,road_0010,collector,1025,39.399571847660106,45,59.821247048617025,0,FREE_FLOW,Esil District
2024-01-06 18:00:00,51.08154293158093,71.50410393821133,road_0011,arterial,2500,57.192184989692166,60,100.0,0,FREE_FLOW,Esil District
2024-01-06 18:00:00,51.19411054283802,71.48338375455349,road_0012,collector,1500,37.85360867166817,45,100.0,0,FREE_FLOW,Right Bank
2024-01-06 18:00:00,51.11540059978571,71.41954819303338,road_0013,arterial,2500,56.89291080433821,60,100.0,0,FREE_FLOW,Left Bank
2024-01-06 18:00:00,51.153146942289446,71.41898050602991,road_0014,collector,1500,36.60073222774735,45,100.0,0,FREE_FLOW,Left Bank
2024-01-06 18:00:00,51.09379597309867,71.3747399226662,road_0015,collector,1500,39.235483828553285,45,99.8781198781871,0,FREE_FLOW,Left Bank
2024-01-06 18:00:00,51.10200587058781,71.4105255768849,road_0016,collector,1500,39.04786329406075,45,100.0,0,FREE_FLOW,Left Bank
2024-01-06 18:00:00,51.14997939524811,71.48471150021103,road_0017,local,625,31.96085680276068,35,71.9404830403344,0,FREE_FLOW,Right Bank
2024-01-06 18:00:00,51.12597404841841,71.5114357036669,road_0018,local,548,31.571479328094778,35,75.76690209046122,0,FREE_FLOW,Esil District
2024-01-06 18:00:00,51.15469379256984,71.44515988046629,road_0019,collector,1464,40.01998463942366,45,96.24205794823256,0,FREE_FLOW,City Center
2024-01-06 18:00:00,51.16857999845184,71.4595019477238,road_0020,arterial,2500,56.702560347930515,60,92.00086568860023,0,FREE_FLOW,City Center
2024-01-06 18:00:00,51.15694799555623,71.45525725431128,road_0021,collector,727,45.0,45,51.91479253857818,0,FREE_FLOW,Esil District
2024-01-06 18:00:00,51.15037767188937,71.47600489108373,road_0022,arterial,2500,49.03917386921842,60,100.0,0,FREE_FLOW,City Center
2024-01-06 18:00:00,51.179136852536935,71.44184452872075,road_0023,arterial,1029,60.0,60,40.46557144024015,0,FREE_FLOW,Esil District
2024-01-06 18:00:00,51.08968684609002,71.45590858984447,road_0024,local,439,35.0,35,47.79942976921054,0,FREE_FLOW,Esil District
2024-01-06 19:00:00,51.20721558440182,71.41748061169966,road_0000,arterial,1734,55.66644939245782,60,77.29162671927978,0,FREE_FLOW,Right Bank
2024-01-06 19:00:00,51.213488841961706,71.4551094605174,road_0001,local,396,34.880785412411946,35,44.387344570554134,0,FREE_FLOW,Right Bank
2024-01-06 19:00:00,51.09202009123179,71.43847470697595,road_0002,arterial,2500,46.95903307557812,60,100.0,1,LIGHT,Left Bank
2024-01-06 19:00:00,51.19057683736238,71.4135219694281,road_0003,collector,1273,40.774842508091034,45,81.27082634976581,0,FREE_FLOW,Right Bank
2024-01-06 19:00:00,51.16991099020425,71.48953431403665,road_0004,collector,1168,39.635376663645424,45,80.4393775980607,0,FREE_FLOW,Right Bank
2024-01-06 19:00:00,51.160352110793035,71.43655906544681,road_0005,collector,1500,40.88480797623738,45,95.00414214356766,0,FREE_FLOW,Left Bank
2024-01-06 19:00:00,51.197010226921215,71.45590960880924,road_0006,arterial,1605,53.14155136395213,60,57.763928535762524,0,FREE_FLOW,Right Bank
2024-01-06 19:00:00,51.11464444065831,71.472169515803,road_0007,collector,1048,40.20029015105605,45,66.2016396396709,0,FREE_FLOW,Esil District
2024-01-06 19:00:00,51.12044326025239,71.43375018852568,road_0008,collector,1500,42.808204255672905,45,100.0,0,FREE_FLOW,Left Bank
2024-01-06 19:00:00,51.11541119500996,71.39497674159925,road_0009,arterial,2500,55.585292963132474,60,97.39860009180245,0,FREE_FLOW,Left Bank
2024-01-06 19:00:00,51.11078369535379,71.44797551413016,road_0010,collector,516,40.556065941892406,45,38.89941609750782,0,FREE_FLOW,Esil District
2024-01-06 19:00:00,51.08154293158093,71.50410393821133,road_0011,arterial,1141,57.259857147960325,60,39.35904196001609,0,FREE_FLOW,Esil District
2024-01-06 19:00:00,51.19411054283802,71.48338375455349,road_0012,collector,1022,45.0,45,60.25387713244092,0,FREE_FLOW,Right Bank
2024-01-06 19:00:00,51.11540059978571,71.41954819303338,road_0013,arterial,1841,57.08928713566972,60,65.06845542182315,0,FREE_FLOW,Left Bank
2024-01-06 19:00:00,51.153146942289446,71.41898050602991,road_0014,collector,1035,43.1093330282859,45,61.5179595308345,0,FREE_FLOW,Left Bank
2024-01-06 19:00:00,51.09379597309867,71.3747399226662,road_0015,collector,1484,37.43973971886893,45,100.0,0,FREE_FLOW,Left Bank
2024-01-06 19:00:00,51.10200587058781,71.4105255768849,road_0016,collector,1463,41.65055862029286,45,97.41178624232424,0,FREE_FLOW,Left Bank
2024-01-06 19:00:00,51.14997939524811,71.48471150021103,road_0017,local,531,35.0,35,61.342932174678765,0,FREE_FLOW,Right Bank
2024-01-06 19:00:00,51.12597404841841,71.5114357036669,road_0018,local,264,33.246688885267126,35,26.02965433307771,0,FREE_FLOW,Esil District
2024-01-06 19:00:00,51.15469379256984,71.44515988046629,road_0019,collector,1500,39.607256708172486,45,100.0,0,FREE_FLOW,City Center
2024-01-06 19:00:00,51.16857999845184,71.4595019477238,road_0020,arterial,2500,53.117256267692945,60,100.0,0,FREE_FLOW,City Center
2024-01-06 19:00:00,51.15694799555623,71.45525725431128,road_0021,collector,572,45.0,45,37.4421127453398,0,FREE_FLOW,Esil District
2024-01-06 19:00:00,51.15037767188937,71.47600489108373,road_0022,arterial,1665,60.0,60,58.67991140626672,0,FREE_FLOW,City Center
2024-01-06 19:00:00,51.179136852536935,71.44184452872075,road_0023,arterial,1270,60.0,60,57.447707314317135,0,FREE_FLOW,Esil District
2024-01-06 19:00:00,51.08968684609002,71.45590858984447,road_0024,local,531,33.24057563241016,35,69.85027669259549,0,FREE_FLOW,Esil District
2024-01-06 20:00:00,51.20721558440182,71.41748061169966,road_0000,arterial,1040,60.0,60,38.251469837532476,0,FREE_FLOW,Right Bank
2024-01-06 20:00:00,51.213488841961706,71.4551094605174,road_0001,local,129,32.383054766881465,35,8.766968034574804,0,FREE_FLOW,Right Bank
2024-01-06 20:00:00,51.09202009123179,71.43847470697595,road_0002,arterial,1518,60.0,60,66.2751650846597,0,FREE_FLOW,Left Bank
2024-01-06 20:00:00,51.19057683736238,71.4135219694281,road_0003,collector,293,45.0,45,19.9474089741256,0,FREE_FLOW,Right Bank
2024-01-06 20:00:00,51.16991099020425,71.48953431403665,road_0004,collector,322,45.0,45,23.511585250773123,0,FREE_FLOW,Right Bank
2024-01-06 20:00:00,51.160352110793035,71.43655906544681,road_0005,collector,523,45.0,45,39.91389551461451,0,FREE_FLOW,Left Bank
2024-01-06 20:00:00,51.197010226921215,71.45590960880924,road_0006,arterial,683,54.17319488873881,60,34.66846243669457,0,FREE_FLOW,Right Bank
2024-01-06 20:00:00,51.11464444065831,71.472169515803,road_0007,collector,274,45.0,45,17.48577694893032,0,FREE_FLOW,Esil District
2024-01-06 20:00:00,51.12044326025239,71.43375018852568,road_0008,collector,402,42.56963587238022,45,29.12739862269165,0,FREE_FLOW,Left Bank
2024-01-06 20:00:00,51.11541119500996,71.39497674159925,road_0009,arterial,932,60.0,60,30.218460542012128,0,FREE_FLOW,Left Bank
2024-01-06 20:00:00,51.11078369535379,71.44797551413016,road_0010,collector,533,42.70703347077391,45,32.64005632043637,0,FREE_FLOW,Esil District
2024-01-06 20:00:00,51.08154293158093,71.50410393821133,road_0011,arterial,524,54.44989076172898,60,24.997110213012405,0,FREE_FLOW,Esil District
2024-01-06 20:00:00,51.19411054283802,71.48338375455349,road_0012,collector,535,45.0,45,43.29173030555786,0,FREE_FLOW,Right Bank
2024-01-06 20:00:00,51.11540059978571,71.41954819303338,road_0013,arterial,883,60.0,60,36.62291941113888,0,FREE_FLOW,Left Bank
2024-01-06 20:00:00,51.153146942289446,71.41898050602991,road_0014,collector,819,45.0,45,52.814187918066764,0,FREE_FLOW,Left Bank
2024-01-06 20:00:00,51.09379597309867,71.3747399226662,road_0015,collector,922,44.92666254775297,45,68.95440741272286,0,FREE_FLOW,Left Bank
2024-01-06 20:00:00,51.10200587058781,71.4105255768849,road_0016,collector,764,42.95549196000233,45,55.02907307013864,0,FREE_FLOW,Left Bank
2024-01-06 20:00:00,51.14997939524811,71.48471150021103,road_0017,local,273,33.88004964165835,35,30.42643253426464,0,FREE_FLOW,Right Bank
2024-01-06 20:00:00,51.12597404841841,71.5114357036669,road_0018,local,283,35.0,35,28.35922295926337,0,FREE_FLOW,Esil District
2024-01-06 20:00:00,51.15469379256984,71.44515988046629,road_0019,collector,829,45.0,45,49.444815307125204,0,FREE_FLOW,City Center
2024-01-06 20:00:00,51.16857999845184,71.4595019477238,road_0020,arterial,1257,58.72486151503211,60,42.19187472605395,0,FREE_FLOW,City Center
2024-01-06 20:00:00,51.15694799555623,71.45525725431128,road_0021,collector,419,44.28829385010856,45,28.197586501968296,0,FREE_FLOW,Esil District
2024-01-06 20:00:00,51.15037767188937,71.47600489108373,road_0022,arterial,1368,60.0,60,55.39552787470075,0,FREE_FLOW,City Center
2024-01-06 20:00:00,51.179136852536935,71.44184452872075,road_0023,arterial,518,57.31462197806508,60,26.711901598840853,0,FREE_FLOW,Esil District
2024-01-06 20:00:00,51.08968684609002,71.45590858984447,road_0024,local,241,35.0,35,22.350224946189368,0,FREE_FLOW,Esil District
2024-01-06 21:00:00,51.20721558440182,71.41748061169966,road_0000,arterial,744,55.92948667714539,60,24.265777837250884,0,FREE_FLOW,Right Bank
2024-01-06 21:00:00,51.213488841961706,71.4551094605174,road_0001,local,259,31.643657755705096,35,31.47565238243989,0,FREE_FLOW,Right Bank
2024-01-06 21:00:00,51.09202009123179,71.43847470697595,road_0002,arterial,860,60.0,60,40.825503545723386,0,FREE_FLOW,Left Bank
2024-01-06 21:00:00,51.19057683736238,71.4135219694281,road_0003,collector,466,45.0,45,31.833253251863123,0,FREE_FLOW,Right Bank
2024-01-06 21:00:00,51.16991099020425,71.48953431403665,road_0004,collector,272,40.74260127663517,45,27.131829811614427,0,FREE_FLOW,Right Bank
2024-01-06 21:00:00,51.160352110793035,71.43655906544681,road_0005,collector,359,45.0,45,28.690030107300302,0,FREE_FLOW,Left Bank
2024-01-06 21:00:00,51.197010226921215,71.45590960880924,road_0006,arterial,682,60.0,60,31.357053702656913,0,FREE_FLOW,Right Bank
2024-01-06 21:00:00,51.11464444065831,71.472169515803,road_0007,collector,185,42.14194997534962,45,9.816755205164934,0,FREE_FLOW,Esil District
2024-01-06 21:00:00,51.12044326025239,71.43375018852568,road_0008,collector,282,45.0,45,19.47271262474085,0,FREE_FLOW,Left Bank
2024-01-06 21:00:00,51.11541119500996,71.39497674159925,road_0009,arterial,884,55.336775031273554,60,33.91972344425182,0,FREE_FLOW,Left Bank
2024-01-06 21:00:00,51.11078369535379,71.44797551413016,road_0010,collector,325,45.0,45,21.630900400911543,0,FREE_FLOW,Esil District
2024-01-06 21:00:00,51.08154293158093,71.50410393821133,road_0011,arterial,800,60.0,60,39.70814645867061,0,FREE_FLOW,Esil District
2024-01-06 21:00:00,51.19411054283802,71.48338375455349,road_0012,collector,523,45.0,45,35.37103169928468,0,FREE_FLOW,Right Bank
2024-01-06 21:00:00,51.11540059978571,71.41954819303338,road_0013,arterial,525,60.0,60,29.690364368087295,0,FREE_FLOW,Left Bank
2024-01-06 21:00:00,51.153146942289446,71.41898050602991,road_0014,collector,286,45.0,45,25.258292712092388,0,FREE_FLOW,Left Bank
2024-01-06 21:00:00,51.09379597309867,71.3747399226662,road_0015,collector,520,41.51962927224526,45,41.94286417269693,0,FREE_FLOW,Left Bank
2024-01-06 21:00:00,51.10200587058781,71.4105255768849,road_0016,collector,635,45.0,45,44.198087764641684,0,FREE_FLOW,Left Bank
2024-01-06 21:00:00,51.14997939524811,71.48471150021103,road_0017,local,265,35.0,35,31.942621952371603,0,FREE_FLOW,Right Bank
2024-01-06 21:00:00,51.12597404841841,71.5114357036669,road_0018,local,271,31.70039595401619,35,33.03993683868583,0,FREE_FLOW,Esil District
2024-01-06 21:00:00,51.15469379256984,71.44515988046629,road_0019,collector,615,45.0,45,34.80900311215038,0,FREE_FLOW,City Center
2024-01-06 21:00:00,51.16857999845184,71.4595019477238,road_0020,arterial,1235,60.0,60,52.94319915844641,0,FREE_FLOW,City Center
2024-01-06 21:00:00,51.15694799555623,71.45525725431128,road_0021,collector,414,45.0,45,34.5057621604026,0,FREE_FLOW,Esil District
2024-01-06 21:00:00,51.15037767188937,71.47600489108373,road_0022,arterial,1240,54.17584944359024,60,41.441400914178054,0,FREE_FLOW,City Center
2024-01-06 21:00:00,51.179136852536935,71.44184452872075,road_0023,arterial,683,59.2749982939929,60,28.959396150236287,0,FREE_FLOW,Esil District
2024-01-06 21:00:00,51.08968684609002,71.45590858984447,road_0024,local,87,35.0,35,17.417504845575912,0,FREE_FLOW,Esil District
2024-01-06 22:00:00,51.20721558440182,71.41748061169966,road_0000,arterial,529,57.07848576566435,60,14.622300518576898,0,FREE_FLOW,Right Bank
2024-01-06 22:00:00,51.213488841961706,71.4551094605174,road_0001,local,192,35.0,35,22.097943928783288,0,FREE_FLOW,Right Bank
2024-01-06 22:00:00,51.09202009123179,71.43847470697595,road_0002,arterial,650,60.0,60,19.446558046814502,0,FREE_FLOW,Left Bank
2024-01-06 22:00:00,51.19057683736238,71.4135219694281,road_0003,collector,188,44.58960114260503,45,18.233316821805005,0,FREE_FLOW,Right Bank
2024-01-06 22:00:00,51.16991099020425,71.48953431403665,road_0004,collector,229,45.0,45,18.484567745445226,0,FREE_FLOW,Right Bank
2024-01-06 22:00:00,51.160352110793035,71.43655906544681,road_0005,collector,237,45.0,45,17.73758574672344,0,FREE_FLOW,Left Bank
2024-01-06 22:00:00,51.197010226921215,71.45590960880924,road_0006,arterial,556,60.0,60,26.952419555197697,0,FREE_FLOW,Right Bank
2024-01-06 22:00:00,51.11464444065831,71.472169515803,road_0007,collector,312,45.0,45,11.010159961991757,0,FREE_FLOW,Esil District
2024-01-06 22:00:00,51.12044326025239,71.43375018852568,road_0008,collector,188,45.0,45,14.645829386256388,0,FREE_FLOW,Left Bank
2024-01-06 22:00:00,51.11541119500996,71.39497674159925,road_0009,arterial,468,60.0,60,14.793072914752019,0,FREE_FLOW,Left Bank
2024-01-06 22:00:00,51.11078369535379,71.44797551413016,road_0010,collector,227,44.38883433931404,45,10.375954342241899,0,FREE_FLOW,Esil District
2024-01-06 22:00:00,51.08154293158093,71.50410393821133,road_0011,arterial,216,58.885488530446935,60,12.241227914959122,0,FREE_FLOW,Esil District
2024-01-06 22:00:00,51.19411054283802,71.48338375455349,road_0012,collector,268,44.48296192028879,45,20.063977624688583,0,FREE_FLOW,Right Bank
2024-01-06 22:00:00,51.11540059978571,71.41954819303338,road_0013,arterial,351,60.0,60,5.696085494290914,0,FREE_FLOW,Left Bank
2024-01-06 22:00:00,51.153146942289446,71.41898050602991,road_0014,collector,396,43.05574232193319,45,19.069380089393185,0,FREE_FLOW,Left Bank
2024-01-06 22:00:00,51.09379597309867,71.3747399226662,road_0015,collector,362,40.55915936606505,45,17.797947708176444,0,FREE_FLOW,Left Bank
2024-01-06 22:00:00,51.10200587058781,71.4105255768849,road_0016,collector,295,44.919409835939646,45,13.355336778602725,0,FREE_FLOW,Left Bank
2024-01-06 22:00:00,51.14997939524811,71.48471150021103,road_0017,local,117,35.0,35,11.574155011571879,0,FREE_FLOW,Right Bank
2024-01-06 22:00:00,51.12597404841841,71.5114357036669,road_0018,local,64,33.993868150537075,35,6.655017382219992,0,FREE_FLOW,Esil District
2024-01-06 22:00:00,51.15469379256984,71.44515988046629,road_0019,collector,360,42.71676045760176,45,31.726633164947316,0,FREE_FLOW,City Center
2024-01-06 22:00:00,51.16857999845184,71.4595019477238,road_0020,arterial,762,60.0,60,25.956412385724416,0,FREE_FLOW,City Center
2024-01-06 22:00:00,51.15694799555623,71.45525725431128,road_0021,collector,368,41.77188533470878,45,17.897149021898425,0,FREE_FLOW,Esil District
2024-01-06 22:00:00,51.15037767188937,71.47600489108373,road_0022,arterial,628,60.0,60,18.54120185066703,0,FREE_FLOW,City Center
2024-01-06 22:00:00,51.179136852536935,71.44184452872075,road_0023,arterial,393,60.0,60,17.761073458540906,0,FREE_FLOW,Esil District
2024-01-06 22:00:00,51.08968684609002,71.45590858984447,road_0024,local,88,31.930097295537518,35,8.27839153608951,0,FREE_FLOW,Esil District
2024-01-06 23:00:00,51.20721558440182,71.41748061169966,road_0000,arterial,521,60.0,60,27.167170184321805,0,FREE_FLOW,Right Bank
2024-01-06 23:00:00,51.213488841961706,71.4551094605174,road_0001,local,137,35.0,35,7.839771034549351,0,FREE_FLOW,Right Bank
2024-01-06 23:00:00,51.09202009123179,71.43847470697595,road_0002,arterial,410,60.0,60,17.27947157952959,0,FREE_FLOW,Left Bank
2024-01-06 23:00:00,51.19057683736238,71.4135219694281,road_0003,collector,193,41.75291448424122,45,18.972242373234906,0,FREE_FLOW,Right Bank
2024-01-06 23:00:00,51.16991099020425,71.48953431403665,road_0004,collector,211,43.91373919338721,45,15.277298776576595,0,FREE_FLOW,Right Bank
2024-01-06 23:00:00,51.160352110793035,71.43655906544681,road_0005,collector,163,45.0,45,20.597601972802345,0,FREE_FLOW,Left Bank
2024-01-06 23:00:00,51.197010226921215,71.45590960880924,road_0006,arterial,332,56.23956446497491,60,8.068801868007883,0,FREE_FLOW,Right Bank
2024-01-06 23:00:00,51.11464444065831,71.472169515803,road_0007,collector,138,45.0,45,4.088788919433863,0,FREE_FLOW,Esil District
2024-01-06 23:00:00,51.12044326025239,71.43375018852568,road_0008,collector,232,45.0,45,24.424459849590278,0,FREE_FLOW,Left Bank
2024-01-06 23:00:00,51.11541119500996,71.39497674159925,road_0009,arterial,585,54.155140585049686,60,20.01405576798622,0,FREE_FLOW,Left Bank
2024-01-06 23:00:00,51.11078369535379,71.44797551413016,road_0010,collector,96,45.0,45,10.190863673151961,0,FREE_FLOW,Esil District
2024-01-06 23:00:00,51.08154293158093,71.50410393821133,road_0011,arterial,341,57.86696207036478,60,23.441744912655423,0,FREE_FLOW,Esil District
2024-01-06 23:00:00,51.19411054283802,71.48338375455349,road_0012,collector,226,43.901805359494205,45,6.32463181880385,0,FREE_FLOW,Right Bank
2024-01-06 23:00:00,51.11540059978571,71.41954819303338,road_0013,arterial,510,60.0,60,13.479146515036842,0,FREE_FLOW,Left Bank
2024-01-06 23:00:00,51.153146942289446,71.41898050602991,road_0014,collector,292,43.27354825042474,45,24.015381414976297,0,FREE_FLOW,Left Bank
2024-01-06 23:00:00,51.09379597309867,71.3747399226662,road_0015,collector,227,45.0,45,13.669152736823722,0,FREE_FLOW,Left Bank
2024-01-06 23:00:00,51.10200587058781,71.4105255768849,road_0016,collector,275,45.0,45,22.36460414312368,0,FREE_FLOW,Left Bank
2024-01-06 23:00:00,51.14997939524811,71.48471150021103,road_0017,local,85,35.0,35,13.437778426402453,0,FREE_FLOW,Right Bank
2024-01-06 23:00:00,51.12597404841841,71.5114357036669,road_0018,local,110,35.0,35,8.338239824692128,0,FREE_FLOW,Esil District
2024-01-06 23:00:00,51.15469379256984,71.44515988046629,road_0019,collector,265,42.99733431908778,45,20.741068521866282,0,FREE_FLOW,City Center
2024-01-06 23:00:00,51.16857999845184,71.4595019477238,road_0020,arterial,494,60.0,60,16.46927902365295,0,FREE_FLOW,City Center
2024-01-06 23:00:00,51.15694799555623,71.45525725431128,road_0021,collector,228,45.0,45,8.677843501294896,0,FREE_FLOW,Esil District
2024-01-06 23:00:00,51.15037767188937,71.47600489108373,road_0022,arterial,727,60.0,60,32.20290085118717,0,FREE_FLOW,City Center
2024-01-06 23:00:00,51.179136852536935,71.44184452872075,road_0023,arterial,308,55.38663474378683,60,13.35174917896492,0,FREE_FLOW,Esil District
2024-01-06 23:00:00,51.08968684609002,71.45590858984447,road_0024,local,85,35.0,35,17.597555974419564,0,FREE_FLOW,Esil District
2024-01-07 00:00:00,51.20721558440182,71.41748061169966,road_0000,arterial,225,58.172607745256414,60,2.740691713853142,0,FREE_FLOW,Right Bank
2024-01-07 00:00:00,51.213488841961706,71.4551094605174,road_0001,local,74,34.20701600283202,35,7.787733914183319,0,FREE_FLOW,Right Bank
2024-01-07 00:00:00,51.09202009123179,71.43847470697595,road_0002,arterial,413,58.09273700308715,60,20.507419136219543,0,FREE_FLOW,Left Bank
2024-01-07 00:00:00,51.19057683736238,71.4135219694281,road_0003,collector,106,41.97847608000866,45,0.4286156219988646,0,FREE_FLOW,Right Bank
2024-01-07 00:00:00,51.16991099020425,71.48953431403665,road_0004,collector,76,41.506572464561636,45,0.0,0,FREE_FLOW,Right Bank
2024-01-07 00:00:00,51.160352110793035,71.43655906544681,road_0005,collector,233,40.90685223051308,45,23.117068226378453,0,FREE_FLOW,Left Bank
2024-01-07 00:00:00,51.197010226921215,71.45590960880924,road_0006,arterial,234,60.0,60,2.0534963598399276,0,FREE_FLOW,Right Bank
2024-01-07 00:00:00,51.11464444065831,71.472169515803,road_0007,collector,151,45.0,45,17.58744895195517,0,FREE_FLOW,Esil District
2024-01-07 00:00:00,51.12044326025239,71.43375018852568,road_0008,collector,175,44.23731154350372,45,4.001726009826837,0,FREE_FLOW,Left Bank
2024-01-07 00:00:00,51.11541119500996,71.39497674159925,road_0009,arterial,173,60.0,60,2.9665346654578695,0,FREE_FLOW,Left Bank
2024-01-07 00:00:00,51.11078369535379,71.44797551413016,road_0010,collector,61,45.0,45,2.547710370956512,0,FREE_FLOW,Esil District
2024-01-07 00:00:00,51.08154293158093,71.50410393821133,road_0011,arterial,166,60.0,60,8.217460871443791,0,FREE_FLOW,Esil District
2024-01-07 00:00:00,51.19411054283802,71.48338375455349,road_0012,collector,72,42.4767670648087,45,11.553412589103683,0,FREE_FLOW,Right Bank
2024-01-07 00:00:00,51.11540059978571,71.41954819303338,road_0013,arterial,201,54.79947809311146,60,17.578550284675902,0,FREE_FLOW,Left Bank
2024-01-07 00:00:00,51.153146942289446,71.41898050602991,road_0014,collector,218,45.0,45,16.284461373050906,0,FREE_FLOW,Left Bank
2024-01-07 00:00:00,51.09379597309867,71.3747399226662,road_0015,collector,114,41.009216966942084,45,4.109322004932847,0,FREE_FLOW,Left Bank
2024-01-07 00:00:00,51.10200587058781,71.4105255768849,road_0016,collector,184,43.3252249620647,45,15.331825856344,0,FREE_FLOW,Left Bank
2024-01-07 00:00:00,51.14997939524811,71.48471150021103,road_0017,local,54,33.706688841957266,35,8.240754290524116,0,FREE_FLOW,Right Bank
2024-01-07 00:00:00,51.12597404841841,71.5114357036669,road_0018,local,57,33.696601200563094,35,14.398929180053845,0,FREE_FLOW,Esil District
2024-01-07 00:00:00,51.15469379256984,71.44515988046629,road_0019,collector,150,42.91146191684592,45,0.3518497598782986,0,FREE_FLOW,City Center
2024-01-07 00:00:00,51.16857999845184,71.4595019477238,road_0020,arterial,303,60.0,60,21.128836050966886,0,FREE_FLOW,City Center
2024-01-07 00:00:00,51.15694799555623,71.45525725431128,road_0021,collector,124,43.18912994342233,45,6.546687700293326,0,FREE_FLOW,Esil District
2024-01-07 00:00:00,51.15037767188937,71.47600489108373,road_0022,arterial,354,60.0,60,11.08787136100218,0,FREE_FLOW,City Center
2024-01-07 00:00:00,51.179136852536935,71.44184452872075,road_0023,arterial,193,60.0,60,0.0,0,FREE_FLOW,Esil District
2024-01-07 00:00:00,51.08968684609002,71.45590858984447,road_0024,local,61,35.0,35,3.6718752367801777,0,FREE_FLOW,Esil District
